scenario_id,model_label,parameter,true_value,n_reps,empirical_coverage,mean_bias,median_bias,rmse,mean_ci_width,mean_posterior_sd,max_rhat_worst,min_ess_worst,pct_rhat_bad,mean_n_divergent,max_n_divergent,pct_reps_with_divergence,pct_reps_many_divergence,mean_n_max_treedepth,min_ebfmi_worst
A1,default,time_trend_mean,-0.08998628257887518,25,0.96,-0.0015500326830248145,-0.0036414086951248176,0.010105454673444219,0.04211532759599999,0.01291683649098129,1.0082758148381437,490.6610679685805,0,0,0,0,0,0,0.582558017302093
A1,default,time_trend_sd,0.045528614603915496,25,0.84,0.005958369042024504,0.005974783891084502,0.010579351455191658,0.035337745749999996,0.011024317780808554,1.0082758148381437,490.6610679685805,0,0,0,0,0,0,0.582558017302093
A1,default,treatment_effect_mean,-0.3374485596707819,25,0.96,-0.0024627106652180954,-0.001520250734218076,0.01794500707465534,0.06832208974,0.02090177485481157,1.0082758148381437,490.6610679685805,0,0,0,0,0,0,0.582558017302093
A1,default,treatment_effect_sd,0.07626392697027408,25,0.92,0.00825744531140592,0.007295457205225925,0.0151104361944469,0.056078825006,0.017495268128759414,1.0082758148381437,490.6610679685805,0,0,0,0,0,0,0.582558017302093
A10,default,baseline_control_mean,0.45,25,0.96,-0.008073208350227002,-2.9382465499999677e-4,0.04510722616310524,0.05893490546386,0.021415906607494532,2.05595437911409,2.6767765037760496,0.04,0.2,5,0.04,0,40,0.6732754599972685
A10,default,time_trend_mean,-0.04,25,0.88,0.005672021603524402,0.0015133007164499987,0.03235417614764823,0.03457068073,0.012886117212931973,2.05595437911409,2.6767765037760496,0.04,0.2,5,0.04,0,40,0.6732754599972685
A10,default,time_trend_sd,0.02,25,0.8,0.003228288753690593,9.075806596499994e-4,0.016308737865938103,0.025538885086,0.008724676869789512,2.05595437911409,2.6767765037760496,0.04,0.2,5,0.04,0,40,0.6732754599972685
A10,default,treatment_effect_mean,-0.15,25,0.92,-0.004610131441000005,-3.229341650000106e-4,0.022737199395329966,0.03416089097999998,0.012022499479510548,2.05595437911409,2.6767765037760496,0.04,0.2,5,0.04,0,40,0.6732754599972685
A10,default,treatment_effect_sd,0.03,25,0.84,-0.001123683949706753,8.761770740000029e-4,0.007362442335735759,0.02032793856202,0.0062502590502711945,2.05595437911409,2.6767765037760496,0.04,0.2,5,0.04,0,40,0.6732754599972685
A11,default,time_trend_mean,-0.08998628257887518,15,0.8666666666666667,0.0010116558526751843,0.0012375071778751856,0.009948748282648218,0.03791437018333333,0.011593334374434607,1.0141757824742001,427.3378523970735,0,0,0,0,0,0,0.727231683130616
A11,default,time_trend_sd,0.045528614603915496,15,0.9333333333333333,-5.660999290901619e-4,-0.0019132278244154977,0.009374253907618998,0.032386165126666665,0.0100276062585224,1.0141757824742001,427.3378523970735,0,0,0,0,0,0,0.727231683130616
A11,default,treatment_effect_mean,-0.3374485596707819,15,0.8,0.008037865176115247,0.007302523880781897,0.018563682154638616,0.06480859463333333,0.019917069966614583,1.0141757824742001,427.3378523970735,0,0,0,0,0,0,0.727231683130616
A11,default,treatment_effect_sd,0.07626392697027408,15,0.7333333333333333,0.0018744661218592542,0.004297804427225924,0.021208460427296967,0.053299379259999995,0.016680965548305837,1.0141757824742001,427.3378523970735,0,0,0,0,0,0,0.727231683130616
A12,individual,time_trend_mean,-0.08998628257887518,15,0.8,0.001050577647208518,-0.0015179607166248138,0.011600163245093055,0.03579372739333333,0.010979662136352389,1.0068139162589922,422.8933909468401,0,0,0,0,0,0,0.5978858896317373
A12,individual,time_trend_sd,0.045528614603915496,15,1,-0.0025458751079854964,-0.005566307580915496,0.009331407992226126,0.03129907198333333,0.009767173071245258,1.0068139162589922,422.8933909468401,0,0,0,0,0,0,0.5978858896317373
A12,individual,treatment_effect_mean,-0.3374485596707819,15,0.7333333333333333,0.0027130972151152453,0.004006069050781935,0.02456790391716416,0.062209512933333336,0.019038973046089643,1.0068139162589922,422.8933909468401,0,0,0,0,0,0,0.5978858896317373
A12,individual,treatment_effect_sd,0.07626392697027408,15,0.9333333333333333,1.668094102592101e-5,9.415874022591919e-5,0.01405544636136784,0.05163005242333333,0.016089416994065468,1.0068139162589922,422.8933909468401,0,0,0,0,0,0,0.5978858896317373
A12,summary,time_trend_mean,-0.08998628257887518,15,0.8,0.0011473409432085162,-0.0012908182916248206,0.011660504012280302,0.036422139146666664,0.011168675315667308,1.0063505261448138,571.9430811322454,0,0,0,0,0,0,0.6378216701104471
A12,summary,time_trend_sd,0.045528614603915496,15,1,-0.00265019914757883,-0.005354016529415494,0.009222087905920526,0.031791543596666666,0.00987547664651348,1.0063505261448138,571.9430811322454,0,0,0,0,0,0,0.6378216701104471
A12,summary,treatment_effect_mean,-0.3374485596707819,15,0.8,0.0027282124407819073,0.0036266086357819027,0.024591282723798343,0.06352266016666668,0.01947553077586166,1.0063505261448138,571.9430811322454,0,0,0,0,0,0,0.6378216701104471
A12,summary,treatment_effect_sd,0.07626392697027408,15,0.9333333333333333,2.763302964592545e-4,5.613142012259181e-4,0.014253888866408854,0.051877707739999994,0.016315032876588524,1.0063505261448138,571.9430811322454,0,0,0,0,0,0,0.6378216701104471
A13,hierarchical_rho,time_trend_mean,-0.08998628257887518,25,0.8,-0.006254842484244814,-0.0032878006441248164,0.013644472026318974,0.038539162737999996,0.011840860652831636,1.0159141097032747,284.68009392741334,0,0,0,0,0,0,0.5991401940717033
A13,hierarchical_rho,time_trend_sd,0.045528614603915496,25,0.84,0.001009348166418504,4.176683340845061e-4,0.00953508282415316,0.03364430022,0.01044734290388182,1.0159141097032747,284.68009392741334,0,0,0,0,0,0,0.5991401940717033
A13,hierarchical_rho,treatment_effect_mean,-0.3374485596707819,25,0.8,0.012599973058381914,0.012128740420781936,0.020755871612774306,0.07153580904,0.021813443391733696,1.0159141097032747,284.68009392741334,0,0,0,0,0,0,0.5991401940717033
A13,hierarchical_rho,treatment_effect_sd,0.07626392697027408,25,0.76,0.01300103499226592,0.014139644041725921,0.023858053999608587,0.05774105133199999,0.018155110551450488,1.0159141097032747,284.68009392741334,0,0,0,0,0,0,0.5991401940717033
A13,known_rho,time_trend_mean,-0.08998628257887518,25,0.8,-0.006183075538284815,-0.0033028633586248135,0.01368163306870659,0.038475081391999996,0.011823617041545522,1.0118598578781488,334.4790168716962,0,0,0,0,0,0,0.5642687862865093
A13,known_rho,time_trend_sd,0.045528614603915496,25,0.88,9.620285058005037e-4,1.3068143008450328e-4,0.009375767908192556,0.03335003349,0.010398817230942306,1.0118598578781488,334.4790168716962,0,0,0,0,0,0,0.5642687862865093
A13,known_rho,treatment_effect_mean,-0.3374485596707819,25,0.8,0.011976258174581906,0.009892984420781903,0.0209422136986882,0.07176665080000001,0.022080800729470034,1.0118598578781488,334.4790168716962,0,0,0,0,0,0,0.5642687862865093
A13,known_rho,treatment_effect_sd,0.07626392697027408,25,0.76,0.013146793502125923,0.013330841111225927,0.02399252110686824,0.05881116371399999,0.018180883835202204,1.0118598578781488,334.4790168716962,0,0,0,0,0,0,0.5642687862865093
A14,default,time_trend_mean,-0.08998628257887518,25,0.92,-9.746314761928138e-4,0.002976028757875185,0.01130913434343928,0.041248778427999996,0.012620260148513756,1.0116099949342658,316.5586882470847,0,0,0,0,0,0,0.6116973371078889
A14,default,time_trend_sd,0.045528614603915496,25,0.8,0.0047164947774925034,0.0054605971070845055,0.013554836831459631,0.035059728522,0.010861391877182191,1.0116099949342658,316.5586882470847,0,0,0,0,0,0,0.6116973371078889
A14,default,treatment_effect_mean,0.3374485596707819,25,0.92,-0.0028917534245819156,-0.006908467390781936,0.021206191079943894,0.06390890372,0.019539755862121096,1.0116099949342658,316.5586882470847,0,0,0,0,0,0,0.6116973371078889
A14,default,treatment_effect_sd,0.07626392697027408,25,0.88,0.0014895715055459216,-0.00488323432177408,0.016814409809858166,0.052552009738,0.01640262635056755,1.0116099949342658,316.5586882470847,0,0,0,0,0,0,0.6116973371078889
A15,default,time_trend_mean,-0.08998628257887518,25,0.84,-0.0020111037071448147,-0.0012343670901248105,0.011531315223564422,0.040870365497999994,0.01253030717941693,1.0093091024519276,542.1544885398139,0,0,0,0,0,0,0.5751432581611237
A15,default,time_trend_sd,0.045528614603915496,25,0.84,0.004236179589102503,0.004257849426084502,0.012687271166242457,0.034882003291999995,0.0107644410696176,1.0093091024519276,542.1544885398139,0,0,0,0,0,0,0.5751432581611237
A15,default,treatment_effect_mean,0,25,0.88,0.002165294272069874,-0.0025264555361405,0.019566601430206894,0.058269289308285,0.017874995019886507,1.0093091024519276,542.1544885398139,0,0,0,0,0,0,0.5751432581611237
A15,default,treatment_effect_sd,0.06666666666666667,25,0.92,0.0024286152963711345,0.003756922498333329,0.015062866480639377,0.0497836077466,0.0153851360242646,1.0093091024519276,542.1544885398139,0,0,0,0,0,0,0.5751432581611237
A16,default,time_trend_mean,0.08998628257887518,25,0.96,-0.005508859413535186,-0.007082287526375186,0.009783802257776029,0.038710920377999995,0.011860084397826463,1.011340158098553,327.2314000683158,0,0,0,0,0,0,0.6006500191184053
A16,default,time_trend_sd,0.045528614603915496,25,0.88,0.0010038283411365034,0.004761966648084502,0.009693661945353349,0.033621357399999996,0.010402885101161979,1.011340158098553,327.2314000683158,0,0,0,0,0,0,0.6006500191184053
A16,default,treatment_effect_mean,-0.3374485596707819,25,1,0.009785914448381904,0.011736977350781885,0.016917236860870363,0.06672340364,0.02048031626279536,1.011340158098553,327.2314000683158,0,0,0,0,0,0,0.6006500191184053
A16,default,treatment_effect_sd,0.07626392697027408,25,1,0.006508437689505922,0.007486497571725925,0.015214680900682804,0.055054581763999993,0.01708487872412614,1.011340158098553,327.2314000683158,0,0,0,0,0,0,0.6006500191184053
A17,default,time_trend_mean,0.08998628257887518,25,0.92,-0.0028053613493971836,-0.002592884627875186,0.013991894398855058,0.052534347626,0.01603004964170829,1.0133397442021752,240.15387335153346,0,0,0,0,0,0,0.6371670421465022
A17,default,time_trend_sd,0.045528614603915496,25,1,0.003434350136769903,0.0024061790945845013,0.012623783611955286,0.04578395600699999,0.014148513280386648,1.0133397442021752,240.15387335153346,0,0,0,0,0,0,0.6371670421465022
A17,default,treatment_effect_mean,-0.3374485596707819,25,0.92,0.008352157215381916,0.008324260715781906,0.017107538417029004,0.06354890786,0.01933256492280891,1.0133397442021752,240.15387335153346,0,0,0,0,0,0,0.6371670421465022
A17,default,treatment_effect_sd,0.07626392697027408,25,0.8,-0.005141788529160679,-0.0047784047069740765,0.015972221680722147,0.051467640402,0.01577028308088475,1.0133397442021752,240.15387335153346,0,0,0,0,0,0,0.6371670421465022
A18,default,time_trend_mean,0.08998628257887518,25,0.96,0.0015674317246848152,0.0030739993361248164,0.011713978366006829,0.042101967858,0.012936339887904462,1.0091602193024016,321.3950880908106,0,0,0,0,0,0,0.6046206032279188
A18,default,time_trend_sd,0.045528614603915496,25,0.92,0.006303475320464504,0.005022718907584503,0.01185313559867086,0.035306064853999994,0.011034668682700536,1.0091602193024016,321.3950880908106,0,0,0,0,0,0,0.6046206032279188
A18,default,treatment_effect_mean,0.3374485596707819,25,0.88,-0.0036722108111819085,-0.0031490364507819057,0.02119343510554477,0.06811907027999999,0.02094682998725617,1.0091602193024016,321.3950880908106,0,0,0,0,0,0,0.6046206032279188
A18,default,treatment_effect_sd,0.07626392697027408,25,0.88,0.008810806607305922,0.009478752181225916,0.020801197900917133,0.056810908066,0.01760875442835525,1.0091602193024016,321.3950880908106,0,0,0,0,0,0,0.6046206032279188
A2,default,time_trend_mean,-0.08998628257887518,25,0.88,-0.0013583612615648167,-0.0012792469186248129,0.007165108305800009,0.022705928193999997,0.006890286717639848,1.0130223064419517,333.8306038269205,0,0,0,0,0,0,0.5643808463428494
A2,default,time_trend_sd,0.045528614603915496,25,0.88,0.0023420464350045037,0.0013105398560845014,0.006470322391157473,0.018110696808,0.005560003450912414,1.0130223064419517,333.8306038269205,0,0,0,0,0,0,0.5643808463428494
A2,default,treatment_effect_mean,-0.3374485596707819,25,0.88,0.0021957195275819075,0.0013168221457819373,0.012734716272175137,0.03866162637999999,0.011794890983229247,1.0130223064419517,333.8306038269205,0,0,0,0,0,0,0.5643808463428494
A2,default,treatment_effect_sd,0.07626392697027408,25,0.68,0.00778801207888592,0.008073733035725922,0.012378607842582426,0.03044909258,0.009314334608009452,1.0130223064419517,333.8306038269205,0,0,0,0,0,0,0.5643808463428494
A3,default,time_trend_mean,-0.08998628257887518,25,0.96,-4.12968299806315e-4,-6.991788799538129e-4,0.01839558608753057,0.10408172538379999,0.03379414128842075,1.018569030530304,95.28225814511075,0,5.68,31,0.96,0.12,0,0.5658574094887854
A3,default,time_trend_sd,0.045528614603915496,25,0.96,0.017101734714035487,0.016663434900734506,0.03123626844891263,0.12189808499679998,0.04328758140045841,1.018569030530304,95.28225814511075,0,5.68,31,0.96,0.12,0,0.5658574094887854
A3,default,treatment_effect_mean,-0.3374485596707819,25,0.88,2.4225875117589001e-4,0.009376093823781906,0.04253314021078704,0.17264148074,0.05502042012870664,1.018569030530304,95.28225814511075,0,5.68,31,0.96,0.12,0,0.5658574094887854
A3,default,treatment_effect_sd,0.07626392697027408,25,0.92,0.029635044376981952,0.030511297355725928,0.04980006991940712,0.21435628821979996,0.07094238540052644,1.018569030530304,95.28225814511075,0,5.68,31,0.96,0.12,0,0.5658574094887854
A4,default,time_trend_mean,-0.08998628257887518,25,0.96,-5.46814709624816e-4,-0.002035565490124819,0.004798756541029403,0.018003425094,0.005472131504943482,1.0100548757996908,398.8725811115507,0,0,0,0,0,0,0.5854941061031347
A4,default,time_trend_sd,0.045528614603915496,25,0.72,0.003765376404624505,0.0037199328800845075,0.006291677556667133,0.01419297476,0.004328048026060955,1.0100548757996908,398.8725811115507,0,0,0,0,0,0,0.5854941061031347
A4,default,treatment_effect_mean,-0.3374485596707819,25,0.88,-0.0014668998736180904,7.320947607818984e-4,0.009160841360879106,0.028660863499999988,0.00875139264267972,1.0100548757996908,398.8725811115507,0,0,0,0,0,0,0.5854941061031347
A4,default,treatment_effect_sd,0.07626392697027408,25,0.76,0.003907073547425921,0.0039894171712259174,0.008725997561484657,0.022417349253999998,0.006840889224210943,1.0100548757996908,398.8725811115507,0,0,0,0,0,0,0.5854941061031347
A5,default,time_trend_mean,-0.08998628257887518,25,0.92,0.003865864109575584,0.003204237362875187,0.01650104733181781,0.059076390879999996,0.018067590577177228,1.0098142987842376,175.58449820778287,0,1.04,19,0.2,0.04,0,0.7048644236982055
A5,default,time_trend_sd,0.045528614603915496,25,0.88,0.010332181794933623,0.008733237368084505,0.02036797681567651,0.054275431804759994,0.01698045834226442,1.0098142987842376,175.58449820778287,0,1.04,19,0.2,0.04,0,0.7048644236982055
A5,default,treatment_effect_mean,-0.3374485596707819,25,0.88,-0.001104103069618081,-6.285536442180994e-4,0.019993212522276347,0.06303816595999999,0.01928394167805177,1.0098142987842376,175.58449820778287,0,1.04,19,0.2,0.04,0,0.7048644236982055
A5,default,treatment_effect_sd,0.07626392697027408,25,0.92,-0.0011468083932120795,0.0031390016385759167,0.015041715588535806,0.05257976564999999,0.01612460857804515,1.0098142987842376,175.58449820778287,0,1.04,19,0.2,0.04,0,0.7048644236982055
A6,default,time_trend_mean,-0.22496570644718797,25,1,0.001702522759787971,0.003543914492187966,0.01565730743867751,0.07109063099999999,0.02175724763091905,1.2317552179070173,6.819743070821411,0.08,26.88,227,0.64,0.32,0,0.6941710097986976
A6,default,time_trend_sd,0.033218824807589406,25,0.8,0.015233200305638584,0.014874730178410595,0.02440715423282892,0.0676489420498,0.02099658515834062,1.2317552179070173,6.819743070821411,0.08,26.88,227,0.64,0.32,0,0.6941710097986976
A6,default,treatment_effect_mean,-0.3374485596707819,25,0.96,-0.0010829962024180872,0.0019624343607819172,0.019249877210727104,0.08278362355999999,0.025121271674620933,1.2317552179070173,6.819743070821411,0.08,26.88,227,0.64,0.32,0,0.6941710097986976
A6,default,treatment_effect_sd,0.07626392697027408,25,0.84,0.0031324012190813016,2.730363557259252e-4,0.019740029623356848,0.06444213406539999,0.019637516955572226,1.2317552179070173,6.819743070821411,0.08,26.88,227,0.64,0.32,0,0.6941710097986976
A7,default,beta_cov[dose],-0.08998628257887518,25,0.88,-0.0042478246142270155,5.812070433751787e-4,0.020204628390491475,0.074342877786,0.022748702843409362,1.0152242401821923,205.3202907240648,0,0,0,0,0,0,0.5040850457878211
A7,default,time_trend_mean,-0.08998628257887518,25,0.76,-0.0010850839246648158,-7.174825606248159e-4,0.010816045957891915,0.031897087905999995,0.009714175082308976,1.0152242401821923,205.3202907240648,0,0,0,0,0,0,0.5040850457878211
A7,default,time_trend_sd,0.045528614603915496,25,0.8,0.0017286914801839448,0.0037839863045845065,0.009656827609740513,0.026735947883999998,0.008264135533110657,1.0152242401821923,205.3202907240648,0,0,0,0,0,0,0.5040850457878211
A7,default,treatment_effect_mean,-0.5624142661179699,25,1,0.00114694058356986,5.106657829698769e-4,0.019822056224200565,0.06755479856000002,0.020592435352956313,1.0152242401821923,205.3202907240648,0,0,0,0,0,0,0.5040850457878211
A7,default,treatment_effect_sd,0.07626392697027408,25,0.48,0.029089862783265922,0.021596334465225922,0.03542371892358908,0.053626792475999996,0.016687417558234455,1.0152242401821923,205.3202907240648,0,0,0,0,0,0,0.5040850457878211
A8,default,time_trend_mean,-0.08888888888888889,25,1,0.0013123970262088923,5.788812843888907e-4,0.007822915884966019,0.03381105002799999,0.010332828480901413,1.012147108694667,408.38408704629836,0,2.12,9,0.52,0,0,0.5163345631870512
A8,default,time_trend_sd,0.044444444444444446,25,0.88,0.0059504281145755546,0.006563870161555553,0.00883639605630276,0.027026208687999997,0.008337013401758612,1.012147108694667,408.38408704629836,0,2.12,9,0.52,0,0,0.5163345631870512
A8,default,treatment_effect_mean,-0.3333333333333333,25,1,7.057399397333164e-4,0.0012726795083333187,0.008911252145371768,0.04854944586,0.014765355517727882,1.012147108694667,408.38408704629836,0,2.12,9,0.52,0,0,0.5163345631870512
A8,default,treatment_effect_sd,0.06666666666666667,25,0.84,0.0053612578534933345,0.005076153336333336,0.013147975279112744,0.03908114279199999,0.012128896801854742,1.012147108694667,408.38408704629836,0,2.12,9,0.52,0,0,0.5163345631870512
A9,default,baseline_control_mean,0.45,25,0.96,-0.007539414226316394,0.0020017776949999844,0.04555453003877405,0.05764721991470001,0.02087391354762615,2.1397564324558864,2.6165328427173655,0.04,0,0,0,0,40,0.006786939192057161
A9,default,time_trend_mean,-0.04,25,0.92,0.005335313413578,8.060121000000031e-4,0.023037447777072086,0.027273197398,0.010016960629022421,2.1397564324558864,2.6165328427173655,0.04,0,0,0,0,40,0.006786939192057161
A9,default,time_trend_sd,0.02,25,0.92,0.0018115306242952,0.0032333804395,0.004819405369300812,0.0162037648406,0.005173296649147898,2.1397564324558864,2.6165328427173655,0.04,0,0,0,0,40,0.006786939192057161
A9,default,treatment_effect_mean,-0.15,25,0.96,-0.002656423495800009,0.0017479797399999886,0.022245220822184896,0.03435476606,0.012009322075981838,2.1397564324558864,2.6165328427173655,0.04,0,0,0,0,40,0.006786939192057161
A9,default,treatment_effect_sd,0.03,25,0.96,4.172755453434096e-5,1.101360330000023e-4,0.006031318717063477,0.022255739165071998,0.007055963096331147,2.1397564324558864,2.6165328427173655,0.04,0,0,0,0,40,0.006786939192057161
F1,default,time_trend_mean,-0.08998628257887518,25,1,0.0023964336916151856,0.0020794030193751895,0.006220535016133495,0.028037511624,0.008525561916508061,1.0074139164155334,522.5203911316721,0,0,0,0,0,0,0.7189941606021373
F1,default,time_trend_sd,0.045528614603915496,25,0.96,0.0019156808869445043,0.0028327588935845027,0.006122618941141274,0.023291263902,0.007145252758875656,1.0074139164155334,522.5203911316721,0,0,0,0,0,0,0.7189941606021373
F1,default,treatment_effect_mean,-0.3374485596707819,25,0.96,6.712972607819112e-4,-6.97841129218113e-4,0.007983334885091077,0.03381650032000002,0.010292729152876738,1.0074139164155334,522.5203911316721,0,0,0,0,0,0,0.7189941606021373
F1,default,treatment_effect_sd,0.07626392697027408,25,0.92,0.002308049636065919,0.0011846510722259146,0.00692559552972364,0.024912453372,0.007586268457711726,1.0074139164155334,522.5203911316721,0,0,0,0,0,0,0.7189941606021373
F2,default,time_trend_mean,0,25,0.72,-4.6862352440288664e-5,-7.32338538499e-6,0.004737574190475756,0.009992344490859999,0.003054955447897882,1.0302103421635271,109.04764216834694,0,0,0,0,0,0,0.5946094993951125
F2,default,time_trend_sd,0,25,0,0.01126323053197131,0.01171023654249,0.011996032395205797,0.014371814473439999,0.004378796852395913,1.0302103421635271,109.04764216834694,0,0,0,0,0,0,0.5946094993951125
F2,default,treatment_effect_mean,-0.3333333333333333,25,0.92,-8.626115686666824e-4,3.1088763833331257e-4,0.005121854466376078,0.016990445979999994,0.0051469616892828324,1.0302103421635271,109.04764216834694,0,0,0,0,0,0,0.5946094993951125
F2,default,treatment_effect_sd,0.06666666666666667,25,0.96,1.8718817589333332e-4,0.0012419773623333352,0.0041947258388556315,0.012905302282,0.003947096019240522,1.0302103421635271,109.04764216834694,0,0,0,0,0,0,0.5946094993951125
F3,default,baseline_control_mean,0.45,25,0.84,2.1353888419998858e-4,7.505606950000132e-4,0.005871397341283603,0.015767392639999992,0.004822776499874379,1.0230473077011137,154.6041320657751,0,0,0,0,0,0,0.6519342341963419
F3,default,time_trend_mean,-0.04,25,0.92,2.2536687777999998e-4,9.416797424999998e-4,0.0026978218073711417,0.008544118698,0.0026098644911309037,1.0230473077011137,154.6041320657751,0,0,0,0,0,0,0.6519342341963419
F3,default,time_trend_sd,0.02,25,1,8.687992103000001e-4,0.001176825074,0.0019812246616504638,0.007075376871999999,0.0021590507656136584,1.0230473077011137,154.6041320657751,0,0,0,0,0,0,0.6519342341963419
F3,default,treatment_effect_mean,-0.15,25,0.88,5.086007793999925e-4,0.0012981527600000042,0.0029407137285088697,0.009535161079999995,0.00290188191587191,1.0230473077011137,154.6041320657751,0,0,0,0,0,0,0.6519342341963419
F3,default,treatment_effect_sd,0.03,25,0.84,1.6774047516000047e-4,1.5659660499999992e-4,0.001984642542568211,0.006941754659999999,0.002116432520980557,1.0230473077011137,154.6041320657751,0,0,0,0,0,0,0.6519342341963419
F4,default,time_trend_mean,-0.08998628257887518,25,0.92,-7.357586404248145e-4,-7.236101471248119e-4,0.007657727741838289,0.02484343758,0.007561966816706007,1.0069999764441324,528.8567966416163,0,0,0,0,0,0,0.7232663822324924
F4,default,time_trend_sd,0.045528614603915496,25,0.72,0.0022711863927645038,7.700375160845027e-4,0.007598615017482438,0.020086904532,0.0061863269027907074,1.0069999764441324,528.8567966416163,0,0,0,0,0,0,0.7232663822324924
F4,default,treatment_effect_mean,-0.3374485596707819,25,0.84,0.0031039453031819096,0.0036868553507818924,0.011728309468913822,0.0322722808,0.009841438908128592,1.0069999764441324,528.8567966416163,0,0,0,0,0,0,0.7232663822324924
F4,default,treatment_effect_sd,0.07626392697027408,25,0.72,0.006192005267425921,0.0033325849397259216,0.00960227267911094,0.023900489092000002,0.007290024764674985,1.0069999764441324,528.8567966416163,0,0,0,0,0,0,0.7232663822324924
F5,default,time_trend_mean,-0.22496570644718797,25,0.84,-3.8706359181203356e-4,-5.014825478120433e-4,0.004583146343489965,0.014214939519999999,0.004337976873159951,1.0097695400719782,399.07438163088517,0,0,0,0,0,0,0.599315682481541
F5,default,time_trend_sd,0.033218824807589406,25,0.56,0.004555696462510595,0.004864503327910594,0.005957419580328857,0.01250689562,0.003812336772110185,1.0097695400719782,399.07438163088517,0,0,0,0,0,0,0.599315682481541
F5,default,treatment_effect_mean,-0.3374485596707819,25,0.92,-0.001175064834418087,-6.397553042181148e-4,0.0067080345272564085,0.023944636319999997,0.007297206860000052,1.0097695400719782,399.07438163088517,0,0,0,0,0,0,0.599315682481541
F5,default,treatment_effect_sd,0.07626392697027408,25,0.4,0.010719697314685922,0.011068470908725925,0.012029075790554528,0.018063181655999995,0.005504453542866241,1.0097695400719782,399.07438163088517,0,0,0,0,0,0,0.599315682481541
F6,default,beta_cov[dose],-0.08998628257887518,25,0.88,1.7707913889518533e-4,3.5639238287518693e-4,0.009419641875416038,0.027224333082000004,0.008272299336948499,1.0165480765810853,172.42607902942478,0,0,0,0,0,0,0.5680500878012452
F6,default,time_trend_mean,-0.08998628257887518,25,1,2.5427104585518443e-4,-1.6834048912481303e-4,0.0033054484272691154,0.012490283311999998,0.0037987585812635266,1.0165480765810853,172.42607902942478,0,0,0,0,0,0,0.5680500878012452
F6,default,time_trend_sd,0.045528614603915496,25,0.72,0.002606377097584504,0.0027103661935845014,0.004306629140076685,0.009747312178,0.0029804303230591992,1.0165480765810853,172.42607902942478,0,0,0,0,0,0,0.5680500878012452
F6,default,treatment_effect_mean,-0.5624142661179699,25,0.96,0.0012204479659698464,0.0020514241729698846,0.0069823958722969775,0.02397935997999999,0.0072737756159552665,1.0165480765810853,172.42607902942478,0,0,0,0,0,0,0.5680500878012452
F6,default,treatment_effect_sd,0.07626392697027408,25,0.04,0.01989114127674592,0.018520158039225923,0.02129548773381241,0.017966497836,0.005474399383755375,1.0165480765810853,172.42607902942478,0,0,0,0,0,0,0.5680500878012452
F7,default,time_trend_mean,-0.08998628257887518,25,0.96,9.64619214035185e-4,-5.608970041248162e-4,0.007318720754693574,0.030631717418,0.009316229534786034,1.0205779545079596,222.26640804408987,0,0,0,0,0,0,0.7463979904135702
F7,default,time_trend_sd,0.045528614603915496,25,0.92,0.004083289494044504,0.006312821818084506,0.007783303739405343,0.02462246734,0.007582539784681613,1.0205779545079596,222.26640804408987,0,0,0,0,0,0,0.7463979904135702
F7,default,treatment_effect_mean,-0.3374485596707819,25,0.76,0.003961869406181908,0.0064484694807819265,0.01708885029644719,0.04767477866,0.014533626253183288,1.0205779545079596,222.26640804408987,0,0,0,0,0,0,0.7463979904135702
F7,default,treatment_effect_mean_pp,-0.5174211248285322,25,0.84,0.008873959811732198,0.006357030663532215,0.022665162736447975,0.06620621182,0.020144514214622586,1.0205779545079596,222.26640804408987,0,0,0,0,0,0,0.7463979904135702
F7,default,treatment_effect_mean_rct,-0.11248285322359394,25,1,0.0015676969947539443,0.004371882472093941,0.013735508851641685,0.053283192388,0.016238611782150046,1.0205779545079596,222.26640804408987,0,0,0,0,0,0,0.7463979904135702
F7,default,treatment_effect_sd,0.07626392697027408,25,0.96,0.0022235193851659206,0.003015471503225925,0.006682267155385639,0.024828977452,0.0075736955023597945,1.0205779545079596,222.26640804408987,0,0,0,0,0,0,0.7463979904135702
F8,default,time_trend_mean,-0.08888888888888889,25,0.96,-4.3504153775110634e-4,-9.16111675611106e-4,0.0030280999608378496,0.01196260295,0.0036473924824740205,1.0368455869058628,74.31796101078174,0,3.84,84,0.08,0.08,0,0.05994800249011951
F8,default,time_trend_sd,0.044444444444444446,25,0.84,0.0014441600623755538,0.0010567307750555532,0.003224079135487731,0.009528889565999999,0.002900484025437286,1.0368455869058628,74.31796101078174,0,3.84,84,0.08,0.08,0,0.05994800249011951
F8,default,treatment_effect_mean,-0.3333333333333333,25,0.96,-4.2405083386668483e-4,-4.950959716666925e-4,0.004138308531380651,0.017896646920000002,0.00546642685482499,1.0368455869058628,74.31796101078174,0,3.84,84,0.08,0.08,0,0.05994800249011951
F8,default,treatment_effect_sd,0.06666666666666667,25,0.92,0.0018862429072733333,0.0016747347148333286,0.004162965268860114,0.014123848868,0.004284528606851482,1.0368455869058628,74.31796101078174,0,3.84,84,0.08,0.08,0,0.05994800249011951
B1,full,time_trend_mean,-0.22496570644718797,25,0.92,0.0017719266395479672,0.0023781308821879676,0.019599997380557416,0.07703806819999999,0.023435088563391746,1.1057625787048075,21.01135822842154,0.04,31.44,177,0.52,0.4,0,0.6759497063100361
B1,full,time_trend_sd,0.033218824807589406,25,0.8,0.019497004861956258,0.02248600734726059,0.03020782135248229,0.07327520866659999,0.022871600229912956,1.1057625787048075,21.01135822842154,0.04,31.44,177,0.52,0.4,0,0.6759497063100361
B1,full,treatment_effect_mean,-0.3374485596707819,25,0.92,-9.452397602180929e-4,-5.104755992180743e-4,0.024384385786334107,0.08662601136,0.026326889715326297,1.1057625787048075,21.01135822842154,0.04,31.44,177,0.52,0.4,0,0.6759497063100361
B1,full,treatment_effect_sd,0.07626392697027408,25,0.88,0.002834093985099621,0.006378892947025927,0.020986705088752357,0.0754289202984,0.02318203853098993,1.1057625787048075,21.01135822842154,0.04,31.44,177,0.52,0.4,0,0.6759497063100361
B1,naive,time_trend_mean,-0.22496570644718797,25,0.88,0.008287822835167291,0.012049490047187972,0.022577662378739267,0.09281670534,0.029431378268050187,1.0448703575759541,82.6461227571332,0,4,16,0.88,0.08,0,0.6051371966791202
B1,naive,time_trend_sd,0.033218824807589406,25,0.84,0.020402594270446734,0.015447088115115595,0.03536363107273185,0.10722645081679998,0.03669763400318013,1.0448703575759541,82.6461227571332,0,4,16,0.88,0.08,0,0.6051371966791202
B1,naive,treatment_effect_mean,-0.3374485596707819,25,0,-0.1889269493864181,-0.18750515344421814,0.18976987096252218,0.08166875371999999,0.025101367661371554,1.0448703575759541,82.6461227571332,0,4,16,0.88,0.08,0,0.6051371966791202
B1,naive,treatment_effect_sd,0.07626392697027408,25,0.04,0.05525725988644593,0.05489971223872593,0.05806621578190867,0.06331205894,0.019462946936254878,1.0448703575759541,82.6461227571332,0,4,16,0.88,0.08,0,0.6051371966791202
B2,full,time_trend_mean,0,25,0.96,-0.0030500322146300375,-0.005312362037246,0.009125260908278775,0.031630465077059994,0.009715032695903583,1.0138132672398323,226.2254052132782,0,1.72,12,0.48,0.04,0,0.7369703336590097
B2,full,time_trend_sd,0,25,0,0.017984576203634733,0.0171745224809065,0.01890702757261152,0.03467079646191999,0.010835611721549784,1.0138132672398323,226.2254052132782,0,1.72,12,0.48,0.04,0,0.7369703336590097
B2,full,treatment_effect_mean,-0.3333333333333333,25,0.8,0.0019537116815333123,0.006250546338333329,0.017659872598326083,0.051808176920000004,0.015913203792353843,1.0138132672398323,226.2254052132782,0,1.72,12,0.48,0.04,0,0.7369703336590097
B2,full,treatment_effect_sd,0.06666666666666667,25,0.84,-0.0012318224136986659,-0.001472290588666672,0.01327285147258298,0.039171143968,0.01207677343730702,1.0138132672398323,226.2254052132782,0,1.72,12,0.48,0.04,0,0.7369703336590097
B2,naive,time_trend_mean,0,25,1,-0.004337378804742146,-0.00538876266622995,0.008133881444585036,0.0321096524348,0.0099465822670857,1.020368006347205,262.1790359655937,0,0.16,1,0.16,0,0,0.6131977194806866
B2,naive,time_trend_sd,0,25,0,0.018248506296399198,0.0171883463393035,0.019093079970019435,0.035980320021399996,0.011430499847467074,1.020368006347205,262.1790359655937,0,0.16,1,0.16,0,0,0.6131977194806866
B2,naive,treatment_effect_mean,-0.3333333333333333,25,0.8,0.002679945265333312,0.0034209931783333314,0.015478164733009623,0.04622035286,0.014111802101301791,1.020368006347205,262.1790359655937,0,0.16,1,0.16,0,0,0.6131977194806866
B2,naive,treatment_effect_sd,0.06666666666666667,25,0.84,0.0035456396150533335,0.00247840279683334,0.013362681756028819,0.03652413399,0.011276526025687185,1.020368006347205,262.1790359655937,0,0.16,1,0.16,0,0,0.6131977194806866
B3,full,time_trend_mean,-0.08998628257887518,25,0.36,0.06432545150102927,0.06773950857512619,0.0690535069922098,0.0843546157192,0.026629340964068604,1.0105942263838366,130.88718558674287,0,0.28,6,0.08,0,0,0.6496727837369288
B3,full,time_trend_sd,0.045528614603915496,25,0.92,0.014195391735004724,0.015328129297084506,0.02691622709736351,0.0782144773846,0.02483684131400785,1.0105942263838366,130.88718558674287,0,0.28,6,0.08,0,0,0.6496727837369288
B3,full,treatment_effect_mean,-0.3374485596707819,25,0.24,-0.08428004937541808,-0.07822218026421807,0.08940565779183547,0.12982500572,0.03994146212239165,1.0105942263838366,130.88718558674287,0,0.28,6,0.08,0,0,0.6496727837369288
B3,full,treatment_effect_sd,0.07626392697027408,25,0.24,0.05887621954461132,0.058332869663225914,0.06313571780113539,0.105916247252,0.03292839291293681,1.0105942263838366,130.88718558674287,0,0.28,6,0.08,0,0,0.6496727837369288
B3,naive,time_trend_mean,-0.08998628257887518,25,0,0.08963120399800553,0.08847906677762939,0.09056502975597909,0.058480725682399995,0.018156161020203468,1.0281884908556638,204.39062771026707,0,0,0,0,0,0,0.5785817651374728
B3,naive,time_trend_sd,0.045528614603915496,25,1,0.003615377399129104,0.005814967259084501,0.012966115928693796,0.055805981623599996,0.018138925022053377,1.0281884908556638,204.39062771026707,0,0,0,0,0,0,0.5785817651374728
B3,naive,treatment_effect_mean,-0.3374485596707819,25,0,-0.11064231587841808,-0.11167707506421809,0.11207311587699965,0.11759440616,0.036077290412806946,1.0281884908556638,204.39062771026707,0,0,0,0,0,0,0.5785817651374728
B3,naive,treatment_effect_sd,0.07626392697027408,25,0,0.07824865391376593,0.07939983392272591,0.08084346681708575,0.091117422964,0.02848999178151077,1.0281884908556638,204.39062771026707,0,0,0,0,0,0,0.5785817651374728
B4,correlated,time_trend_mean,-0.08888888888888889,25,0.88,-3.849571133511082e-4,0.001628708830888892,0.009686638263626911,0.031432798139999996,0.009609361841845333,1.0071740332110963,502.3427007850231,0,1.64,7,0.56,0,0,0.40609820318295703
B4,correlated,time_trend_sd,0.044444444444444446,25,0.92,0.0017292232427755536,0.0023056323950555527,0.007601984082086319,0.025538943752,0.007852965586248803,1.0071740332110963,502.3427007850231,0,1.64,7,0.56,0,0,0.40609820318295703
B4,correlated,treatment_effect_mean,-0.3333333333333333,25,0.88,0.0030245939457333136,0.0023853149183333255,0.015495158564530686,0.04782977717999999,0.014610613844984133,1.0071740332110963,502.3427007850231,0,1.64,7,0.56,0,0,0.40609820318295703
B4,correlated,treatment_effect_sd,0.06666666666666667,25,0.92,0.003836385313193334,0.0034629434933333286,0.011704481363620532,0.037901115644,0.011789622172934111,1.0071740332110963,502.3427007850231,0,1.64,7,0.56,0,0,0.40609820318295703
B4,independent,time_trend_mean,-0.08888888888888889,25,0.88,-1.3533419145110692e-4,0.00210700453438889,0.009698035813376598,0.033214154775999996,0.010140676410102025,1.0061561029119246,321.9897658015944,0,0,0,0,0,0,0.5738453222152805
B4,independent,time_trend_sd,0.044444444444444446,25,0.84,0.005517989242995554,0.005611600546555552,0.009573703454996273,0.027594024962,0.008479911160727462,1.0061561029119246,321.9897658015944,0,0,0,0,0,0,0.5738453222152805
B4,independent,treatment_effect_mean,-0.3333333333333333,25,0.88,0.002588473248533314,0.001741589643333319,0.015083175842769189,0.05160676111999998,0.01573715128269125,1.0061561029119246,321.9897658015944,0,0,0,0,0,0,0.5738453222152805
B4,independent,treatment_effect_sd,0.06666666666666667,25,0.84,0.010007399377453334,0.009775498430833335,0.015231698524481382,0.041604150362,0.01280040040535093,1.0061561029119246,321.9897658015944,0,0,0,0,0,0,0.5738453222152805
B5,full,time_trend_mean,-0.08998628257887518,25,0.84,0.004196277680696785,0.008635297234375186,0.01848305950462967,0.059593554252,0.01885096991110691,1.1423356077983784,13.831477833991483,0.04,12.2,291,0.24,0.04,0,0.46834996817496566
B5,full,time_trend_sd,0.045528614603915496,25,0.8,0.003707689101200984,2.6842139858450353e-4,0.020286481169926675,0.05676375928639999,0.018659127297198097,1.1423356077983784,13.831477833991483,0.04,12.2,291,0.24,0.04,0,0.46834996817496566
B5,full,treatment_effect_mean,-0.3374485596707819,25,0.2,0.061815140723781914,0.06461285583578191,0.06534124329489639,0.08952173424,0.027340472920740558,1.1423356077983784,13.831477833991483,0.04,12.2,291,0.24,0.04,0,0.46834996817496566
B5,full,treatment_effect_sd,0.07626392697027408,25,0.56,0.02391501811376792,0.02799581570172592,0.0343292533276462,0.0725269903,0.02255671980220813,1.1423356077983784,13.831477833991483,0.04,12.2,291,0.24,0.04,0,0.46834996817496566
B5,naive,time_trend_mean,-0.08998628257887518,25,0.84,0.004293431578092106,0.008796924990875185,0.01893112320291548,0.06006903296679999,0.018960060751428566,1.0075868644129942,341.44153359482476,0,0.36,4,0.2,0,0,0.7342880285504347
B5,naive,time_trend_sd,0.045528614603915496,25,0.84,0.0037446419072168446,-9.69743134515498e-4,0.02052497556942468,0.0577662201088,0.01920427709872762,1.0075868644129942,341.44153359482476,0,0.36,4,0.2,0,0,0.7342880285504347
B5,naive,treatment_effect_mean,-0.3374485596707819,25,0.08,0.07225858500638191,0.07545785925578191,0.07403458229194515,0.08458016487999999,0.02590399745095469,1.0075868644129942,341.44153359482476,0,0.36,4,0.2,0,0,0.7342880285504347
B5,naive,treatment_effect_sd,0.07626392697027408,25,0.48,0.032014530196685924,0.031280454484725925,0.036826345313630285,0.066943079356,0.02082135336018028,1.0075868644129942,341.44153359482476,0,0.36,4,0.2,0,0,0.7342880285504347
B6,full,time_trend_mean,-0.08998628257887518,25,0.96,0.0017891195845511853,0.003924564538375183,0.009450213325812851,0.050110763227999996,0.01536112064619935,1.0127880014461321,281.1194834399948,0,0,0,0,0,0,0.6976501164643123
B6,full,time_trend_sd,0.045528614603915496,25,0.92,0.007030838125530505,0.006946371580084501,0.012035935668377946,0.042767536659999994,0.013376739496394207,1.0127880014461321,281.1194834399948,0,0,0,0,0,0,0.6976501164643123
B6,full,treatment_effect_mean,-0.3374485596707819,25,0.4,-0.04266445226021809,-0.038739087894218094,0.04742145777969114,0.07123368372000001,0.021807012267507128,1.0127880014461321,281.1194834399948,0,0,0,0,0,0,0.6976501164643123
B6,full,treatment_effect_sd,0.07626392697027408,25,0.92,0.011407546156665924,0.011198235119225922,0.01610993465100101,0.05529896725399999,0.0170824207335011,1.0127880014461321,281.1194834399948,0,0,0,0,0,0,0.6976501164643123
B6,naive,time_trend_mean,-0.08998628257887518,25,0.96,0.005159372781831184,0.006539004822025185,0.01085833660181962,0.049815608255999996,0.015446886144505245,1.0080706725311128,515.395025513768,0,0,0,0,0,0,0.7293298969540527
B6,naive,time_trend_sd,0.045528614603915496,25,0.96,0.007558507270006103,0.008987168944084502,0.012596271579923324,0.04396799923,0.013704305551151536,1.0080706725311128,515.395025513768,0,0,0,0,0,0,0.7293298969540527
B6,naive,treatment_effect_mean,-0.3374485596707819,25,0.44,0.02757898384218191,0.028771273535781905,0.03181786044065174,0.05591727144,0.017068774652706568,1.0080706725311128,515.395025513768,0,0,0,0,0,0,0.7293298969540527
B6,naive,treatment_effect_sd,0.07626392697027408,25,0.92,0.00843707123108592,0.006755098823725922,0.012795130574560056,0.044147017558,0.013625372783570223,1.0080706725311128,515.395025513768,0,0,0,0,0,0,0.7293298969540527
C1,normal,time_trend_mean,-0.08998628257887518,25,0.96,0.002134387364775184,0.002231505627875191,0.009619849624461467,0.043597820495999993,0.013302226400474156,1.0124207659266093,181.33072811830115,0,0,0,0,0,0,0.5625362864668693
C1,normal,time_trend_sd,0.045528614603915496,25,0.88,0.007589459550040505,0.011691702698084505,0.013366256923852717,0.036551895656,0.011324596895764804,1.0124207659266093,181.33072811830115,0,0,0,0,0,0,0.5625362864668693
C1,normal,treatment_effect_mean,-0.3374485596707819,25,0.84,-0.004626445663618091,9.12654105781896e-4,0.027059157968852512,0.08798439539999998,0.026909246822102502,1.0124207659266093,181.33072811830115,0,0,0,0,0,0,0.5625362864668693
C1,normal,treatment_effect_sd,0.07626392697027408,25,0.28,0.037511207241965924,0.03773865222572592,0.044062993030660934,0.071027467384,0.022126505054976035,1.0124207659266093,181.33072811830115,0,0,0,0,0,0,0.5625362864668693
C1,robust,time_trend_mean,-0.08998628257887518,25,0.96,0.0018206274881551851,0.001282983096375187,0.009366648805838694,0.04315139050399999,0.013207757481732656,1.0063422354624023,538.1973322118514,0,0,0,0,0,0,0.6835299243868161
C1,robust,time_trend_sd,0.045528614603915496,25,0.88,0.0077144512113085035,0.012141659335084501,0.013480509725868516,0.036177537287999995,0.011378023308732624,1.0063422354624023,538.1973322118514,0,0,0,0,0,0,0.6835299243868161
C1,robust,treatment_effect_mean,-0.3374485596707819,25,0.88,-0.00498183689161809,-3.252369742181016e-4,0.02303113964748275,0.08232688242,0.025100167026738632,1.0063422354624023,538.1973322118514,0,0,0,0,0,0,0.6835299243868161
C1,robust,treatment_effect_sd,0.07626392697027408,25,0.72,0.021200935015125922,0.021859555374225917,0.029774340970145686,0.075581302194,0.023427681650102113,1.0063422354624023,538.1973322118514,0,0,0,0,0,0,0.6835299243868161
C2,normal,time_trend_mean,-0.08998628257887518,25,0.84,0.0029497119300251843,0.0030510554188751815,0.011872250825635235,0.040592929434,0.01236808051211337,1.0149660144404578,188.05675867654523,0,0,0,0,0,0,0.5674097929619881
C2,normal,time_trend_sd,0.045528614603915496,25,0.92,0.003534848502301303,0.0029668562085845007,0.01083704805906683,0.034530789693999996,0.010770946589697348,1.0149660144404578,188.05675867654523,0,0,0,0,0,0,0.5674097929619881
C2,normal,treatment_effect_mean,-0.3374485596707819,25,0.8,0.0017634099079019139,-0.0015863239392180928,0.04300624300299511,0.12539431354,0.03837579090454278,1.0149660144404578,188.05675867654523,0,0,0,0,0,0,0.5674097929619881
C2,normal,treatment_effect_sd,0.07626392697027408,25,0,0.08808496247534592,0.08902493807472593,0.08968431309124501,0.09600487794399999,0.02982541490304378,1.0149660144404578,188.05675867654523,0,0,0,0,0,0,0.5674097929619881
C2,robust,time_trend_mean,-0.08998628257887518,25,0.84,0.0029706647086351835,0.0029931914168751794,0.011991498133303333,0.04035876854999999,0.012372381803921216,1.0115012489359512,546.0443340610826,0,0,0,0,0,0,0.6478100953268345
C2,robust,time_trend_sd,0.045528614603915496,25,0.92,0.003494691798213103,0.002359521594584503,0.01085784811087128,0.035007982782,0.010872829314655223,1.0115012489359512,546.0443340610826,0,0,0,0,0,0,0.6478100953268345
C2,robust,treatment_effect_mean,-0.3374485596707819,25,0.88,0.0034028153083819125,-0.005152299309218067,0.035325348944143825,0.11386678473999999,0.03511611443841716,1.0115012489359512,546.0443340610826,0,0,0,0,0,0,0.6478100953268345
C2,robust,treatment_effect_sd,0.07626392697027408,25,0.24,0.060553845852345925,0.05922925271022593,0.06189259276903891,0.114911961678,0.03541884976090502,1.0115012489359512,546.0443340610826,0,0,0,0,0,0,0.6478100953268345
C3,normal,time_trend_mean,-0.08998628257887518,25,0.92,-6.217189216481567e-5,0.0015466327393751783,0.010704894603673028,0.04100790132,0.012594501777071446,1.0136143179704735,191.2176449468109,0,0,0,0,0,0,0.5825025286074172
C3,normal,time_trend_sd,0.045528614603915496,25,0.8,0.005024880795676504,0.0026282065690845027,0.012141987071312723,0.034990810017999995,0.010904569891997307,1.0136143179704735,191.2176449468109,0,0,0,0,0,0,0.5825025286074172
C3,normal,treatment_effect_mean,-0.3374485596707819,25,0.88,0.00642365225078191,0.004369497010781931,0.027016318868705418,0.08861197028,0.027154095839289114,1.0136143179704735,191.2176449468109,0,0,0,0,0,0,0.5825025286074172
C3,normal,treatment_effect_sd,0.07626392697027408,25,0.52,0.03715538781488592,0.028300186355725926,0.04936368737872711,0.07025253983999999,0.021955316928775656,1.0136143179704735,191.2176449468109,0,0,0,0,0,0,0.5825025286074172
C3,robust,time_trend_mean,-0.08998628257887518,25,0.92,-1.4756405252481453e-4,0.001161357258875187,0.010518099625097298,0.04188764521,0.012847283448409566,1.009517257030906,519.4791527516907,0,0,0,0,0,0,0.6353105635735465
C3,robust,time_trend_sd,0.045528614603915496,25,0.84,0.005202956580372504,0.0027137540695845036,0.012352086230470103,0.035596654741999995,0.011061705144046998,1.009517257030906,519.4791527516907,0,0,0,0,0,0,0.6353105635735465
C3,robust,treatment_effect_mean,-0.3374485596707819,25,0.92,0.008208153516981911,0.004021296560781928,0.026287791699182318,0.08532249522,0.026060376344995195,1.009517257030906,519.4791527516907,0,0,0,0,0,0,0.6353105635735465
C3,robust,treatment_effect_sd,0.07626392697027408,25,0.84,0.026214338133065923,0.018884686660225927,0.036655347606326626,0.0746303687,0.023284681628949276,1.009517257030906,519.4791527516907,0,0,0,0,0,0,0.6353105635735465
C4,normal,time_trend_mean,-0.08998628257887518,25,0.96,-6.34691161404815e-4,8.55084723875188e-4,0.011888554131457263,0.043108897396,0.013192720477051832,1.0082271296907157,345.40447754130446,0,0,0,0,0,0,0.612100566873515
C4,normal,time_trend_sd,0.045528614603915496,25,0.72,0.007801446945350504,0.0049630928835845065,0.013356072451383602,0.036204433224,0.011245765600262705,1.0082271296907157,345.40447754130446,0,0,0,0,0,0,0.612100566873515
C4,normal,treatment_effect_mean,-0.3374485596707819,25,0.92,0.006095705002181908,0.009528238010781898,0.016598594661166362,0.0634894753,0.019470850062470478,1.0082271296907157,345.40447754130446,0,0,0,0,0,0,0.612100566873515
C4,normal,treatment_effect_sd,0.07626392697027408,25,0.76,0.001728578975172321,4.877409012259276e-4,0.02285543971950071,0.05387355183999999,0.016826118021155956,1.0082271296907157,345.40447754130446,0,0,0,0,0,0,0.612100566873515
C4,robust,time_trend_mean,-0.08998628257887518,25,0.96,-7.466145907448163e-4,0.0015676763778751795,0.011821502834969678,0.043117695548,0.013181152080683338,1.0084285147284069,411.54801461462506,0,0.08,2,0.04,0,0,0.6268738603674142
C4,robust,time_trend_sd,0.045528614603915496,25,0.68,0.007755821257364505,0.004872542832084506,0.01324148593078205,0.03598531855999999,0.011172749523121661,1.0084285147284069,411.54801461462506,0,0.08,2,0.04,0,0,0.6268738603674142
C4,robust,treatment_effect_mean,-0.3374485596707819,25,0.96,0.006834722902581909,0.010613595855781921,0.016499516897541873,0.06345708108,0.019498586358361415,1.0084285147284069,411.54801461462506,0,0.08,2,0.04,0,0,0.6268738603674142
C4,robust,treatment_effect_sd,0.07626392697027408,25,0.88,-0.003872725178254079,-0.004833337059274079,0.021027674802778753,0.055268243678,0.017074798871950778,1.0084285147284069,411.54801461462506,0,0.08,2,0.04,0,0,0.6268738603674142
C5,normal,time_trend_mean,-0.08998628257887518,25,0.96,0.009907358477780563,0.00979693656546518,0.021653588944038946,0.1171007450258,0.03896225459571889,1.0202424515384503,95.49500946339165,0,12.12,75,1,0.32,0,0.6339978659656264
C5,normal,time_trend_sd,0.045528614603915496,25,0.84,0.0248892050606065,0.0228098607406845,0.04611272401277516,0.13548530049799998,0.048846487260399904,1.0202424515384503,95.49500946339165,0,12.12,75,1,0.32,0,0.6339978659656264
C5,normal,treatment_effect_mean,-0.3374485596707819,25,1,-0.019746171567507888,-0.04253157692452808,0.06716460272600198,0.3851375875162,0.1204549894440136,1.0202424515384503,95.49500946339165,0,12.12,75,1,0.32,0,0.6339978659656264
C5,normal,treatment_effect_sd,0.07626392697027408,25,0.08,0.16516190819398593,0.1683635790787259,0.17324224930423923,0.40307153036999993,0.1317305046060974,1.0202424515384503,95.49500946339165,0,12.12,75,1,0.32,0,0.6339978659656264
C5,robust,time_trend_mean,-0.08998628257887518,25,0.96,0.010233974617096046,0.009637039870151687,0.021907305055169423,0.1145134373088,0.03550559849189412,1.0122350379806457,137.702414139706,0,6.6,26,0.92,0.16,0,0.619727836119737
C5,robust,time_trend_sd,0.045528614603915496,25,0.84,0.02290539879255454,0.021055489013484502,0.04437617814495498,0.1278853469338,0.042914751039690294,1.0122350379806457,137.702414139706,0,6.6,26,0.92,0.16,0,0.619727836119737
C5,robust,treatment_effect_mean,-0.3374485596707819,25,1,-0.019197695386634087,-0.031287399139718064,0.06192241390833761,0.37543761641999995,0.1384402980176021,1.0122350379806457,137.702414139706,0,6.6,26,0.92,0.16,0,0.619727836119737
C5,robust,treatment_effect_sd,0.07626392697027408,25,0.16,0.1642962853028659,0.1604917516567259,0.17218466059168938,0.4333954030879999,0.18294427037110841,1.0122350379806457,137.702414139706,0,6.6,26,0.92,0.16,0,0.619727836119737
C6,normal,time_trend_mean,-0.08998628257887518,25,0.84,-0.003201328347764815,-0.0031530990256248143,0.012433373138736084,0.039075917064,0.011984367802406335,1.027232246554651,173.81988586469066,0,0,0,0,0,0,0.6014229173650724
C6,normal,time_trend_sd,0.045528614603915496,25,0.92,0.0017257529417575644,0.002626744771084502,0.009931641654808036,0.03345815884119999,0.010406037211777137,1.027232246554651,173.81988586469066,0,0,0,0,0,0,0.6014229173650724
C6,normal,treatment_effect_mean,-0.3374485596707819,25,0.6,0.05469546081476191,0.05394196812578189,0.05870122484350345,0.11761239736,0.03586880605601257,1.027232246554651,173.81988586469066,0,0,0,0,0,0,0.6014229173650724
C6,normal,treatment_effect_sd,0.07626392697027408,25,0,0.07823036988082592,0.07919497468072591,0.0796851368359562,0.09160621490799999,0.02841964851057202,1.027232246554651,173.81988586469066,0,0,0,0,0,0,0.6014229173650724
C6,robust,time_trend_mean,-0.08998628257887518,25,0.84,-0.0032100696028048146,-0.00363782153112481,0.012518866013055944,0.039360378768,0.012073658988253444,1.007756270034782,556.9400836210068,0,0,0,0,0,0,0.6147128381526652
C6,robust,time_trend_sd,0.045528614603915496,25,0.92,0.0017968102572771042,0.002302442372084504,0.009690948978599373,0.033836311412999996,0.010474928826293141,1.007756270034782,556.9400836210068,0,0,0,0,0,0,0.6147128381526652
C6,robust,treatment_effect_mean,-0.3374485596707819,25,0.68,0.044973203023541915,0.041944789710781916,0.049893354217214504,0.11407364174,0.03502894059439501,1.007756270034782,556.9400836210068,0,0,0,0,0,0,0.6147128381526652
C6,robust,treatment_effect_sd,0.07626392697027408,25,0.2,0.06112084046500592,0.059943024525225916,0.06260045700739701,0.10346294527199999,0.03188870168172415,1.007756270034782,556.9400836210068,0,0,0,0,0,0,0.6147128381526652
C7,normal,time_trend_mean,-0.08998628257887518,25,0.84,-0.0013510366595553555,9.530725962301895e-4,0.019874706098875372,0.07084408940199999,0.021900669209700515,1.01318923236635,189.99414631120163,0,2.24,56,0.04,0.04,0,0.6658240898385899
C7,normal,time_trend_sd,0.045528614603915496,25,0.88,0.019035339808818563,0.0225694180895845,0.028433608985631964,0.07764394663799999,0.0247605147238962,1.01318923236635,189.99414631120163,0,2.24,56,0.04,0.04,0,0.6658240898385899
C7,normal,treatment_effect_mean,-0.3374485596707819,25,0.96,-0.007031197674458087,-0.010314215639218083,0.031473857535987255,0.11344395094,0.03483530273873069,1.01318923236635,189.99414631120163,0,2.24,56,0.04,0.04,0,0.6658240898385899
C7,normal,treatment_effect_sd,0.07626392697027408,25,0.28,0.05749248250406278,0.06377210120672593,0.06390102413848757,0.10501516116999998,0.03241576196692805,1.01318923236635,189.99414631120163,0,2.24,56,0.04,0.04,0,0.6658240898385899
C7,robust,time_trend_mean,-0.08998628257887518,25,0.76,-0.0015648877061758947,-9.239462413248162e-4,0.019883869120378605,0.06716601697999999,0.020682245811340805,1.0260294589195669,111.37295031168742,0,0.68,7,0.2,0,0,0.2503617273233702
C7,robust,time_trend_sd,0.045528614603915496,25,0.88,0.015715633761274064,0.022140855000084503,0.025706120676171118,0.072962485488,0.02283242998217779,1.0260294589195669,111.37295031168742,0,0.68,7,0.2,0,0,0.2503617273233702
C7,robust,treatment_effect_mean,-0.3374485596707819,25,0.96,-0.00575685826421809,-0.009500184054218097,0.02723810761812366,0.10866987032,0.03337117535819533,1.0260294589195669,111.37295031168742,0,0.68,7,0.2,0,0,0.2503617273233702
C7,robust,treatment_effect_sd,0.07626392697027408,25,0.52,0.04316543547835392,0.04882265878622592,0.04857151262032708,0.10330464663399999,0.031851298651311755,1.0260294589195669,111.37295031168742,0,0.68,7,0.2,0,0,0.2503617273233702
C8,normal,time_trend_mean,-0.08998628257887518,25,0.88,0.00308207897721886,5.636268508751874e-4,0.018048815497664794,0.059974684727399995,0.018376368226654866,1.0167026591692259,227.66878774226436,0,0,0,0,0,0,0.5691526993531033
C8,normal,time_trend_sd,0.045528614603915496,25,0.28,0.0321154611410845,0.0312162391980845,0.041457769253087556,0.04914151091399999,0.01529497509353297,1.0167026591692259,227.66878774226436,0,0,0,0,0,0,0.5691526993531033
C8,normal,treatment_effect_mean,-0.3374485596707819,25,0.92,-0.0036512248650180878,-0.004057891344218079,0.023054575702514676,0.07037383318,0.02162963035832589,1.0167026591692259,227.66878774226436,0,0,0,0,0,0,0.5691526993531033
C8,normal,treatment_effect_sd,0.07626392697027408,25,0.84,0.011699692495565921,0.0078402119752259275,0.020189940180934854,0.05778442531399999,0.018026811744917572,1.0167026591692259,227.66878774226436,0,0,0,0,0,0,0.5691526993531033
C8,robust,time_trend_mean,-0.08998628257887518,25,0.88,0.002901416707746364,0.0019519817548751817,0.017762408331351617,0.060327037362,0.01849739098705162,1.0205300491070517,219.77007923428715,0,0,0,0,0,0,0.6586040983227427
C8,robust,time_trend_sd,0.045528614603915496,25,0.28,0.032090292503084504,0.030318790291084502,0.041342951289827304,0.048621973549999996,0.015156086466299354,1.0205300491070517,219.77007923428715,0,0,0,0,0,0,0.6586040983227427
C8,robust,treatment_effect_mean,-0.3374485596707819,25,0.88,-0.003181849412218096,-0.0021881092042180805,0.023033678652750935,0.07040230382,0.021403311953460076,1.0205300491070517,219.77007923428715,0,0,0,0,0,0,0.6586040983227427
C8,robust,treatment_effect_sd,0.07626392697027408,25,0.92,0.0061134033182659205,0.0049586274997259205,0.017026686177607095,0.059564472981999995,0.018408388141823724,1.0205300491070517,219.77007923428715,0,0,0,0,0,0,0.6586040983227427
D1,default,time_trend_mean,-0.08998628257887518,25,0.84,-0.023693550434924816,-0.019965551408724816,0.03318637518432388,0.093268553188,0.02903064278585011,1.0633549879019242,28.86724847822077,0.08,4.16,30,0.32,0.16,0,0.5049984049042171
D1,default,time_trend_sd,0.045528614603915496,25,0.72,0.02861414095635709,0.0235764195830845,0.03979858061023624,0.09728617024719999,0.03117761761266735,1.0633549879019242,28.86724847822077,0.08,4.16,30,0.32,0.16,0,0.5049984049042171
D1,default,treatment_effect_mean,-0.3374485596707819,25,0.92,0.02453558110058191,0.025027392270781934,0.035908701352122784,0.12257185934,0.037471669798866965,1.0633549879019242,28.86724847822077,0.08,4.16,30,0.32,0.16,0,0.5049984049042171
D1,default,treatment_effect_sd,0.07626392697027408,25,0.36,0.08405471812811392,0.08319982846622591,0.09044906543793936,0.129119821834,0.03998115765144289,1.0633549879019242,28.86724847822077,0.08,4.16,30,0.32,0.16,0,0.5049984049042171
D2,default,time_trend_mean,-0.08998628257887518,25,0.96,-0.001593858135050215,-0.003196347496624813,0.012034032353379829,0.041302919497999996,0.01268850133942448,1.0194343335001785,240.69791244229356,0,0,0,0,0,0,0.5881592357119342
D2,default,time_trend_sd,0.045528614603915496,25,0.84,0.0049289452181645035,0.0016544865305845036,0.012010393330472142,0.034564974661999995,0.010793887910470538,1.0194343335001785,240.69791244229356,0,0,0,0,0,0,0.5881592357119342
D2,default,treatment_effect_mean,-0.3374485596707819,25,0.88,0.0019709676147819087,-0.0025752667042180932,0.02085273895251971,0.06516328728,0.019962766834854276,1.0194343335001785,240.69791244229356,0,0,0,0,0,0,0.5881592357119342
D2,default,treatment_effect_sd,0.07626392697027408,25,0.8,0.0032416726844059214,0.0038601686797259255,0.018435581345610488,0.05239431112799999,0.016402100197151964,1.0194343335001785,240.69791244229356,0,0,0,0,0,0,0.5881592357119342
D3,default,time_trend_mean,-0.08998628257887518,25,0.96,9.065689629151841e-4,0.0012727927413751783,0.009180030415416493,0.040077549924,0.012304649079137198,1.0186206619043425,297.7978985518155,0,0,0,0,0,0,0.5787172803631467
D3,default,time_trend_sd,0.045528614603915496,25,0.68,0.0028215638749265032,0.0013854248575845066,0.01458449169046138,0.034219648029999994,0.010662863505349002,1.0186206619043425,297.7978985518155,0,0,0,0,0,0,0.5787172803631467
D3,default,treatment_effect_mean,-0.3374485596707819,25,0.92,-0.005981939318018084,-0.009094966854218067,0.01857322581847348,0.06712967731999998,0.020597626859016987,1.0186206619043425,297.7978985518155,0,0,0,0,0,0,0.5787172803631467
D3,default,treatment_effect_sd,0.07626392697027408,25,0.92,0.006808482791025921,0.005788939787725919,0.016342175745638468,0.054987756948,0.017189479107131957,1.0186206619043425,297.7978985518155,0,0,0,0,0,0,0.5787172803631467
D4,default,time_trend_mean,-0.08998628257887518,25,0.92,-0.0028079066061348153,-8.73128526624814e-4,0.012153817275187235,0.044665831511999994,0.013661859499121383,1.0308267555092,169.31151904475269,0,0,0,0,0,0,0.5871369853140489
D4,default,time_trend_sd,0.045528614603915496,25,0.8,0.009440593784304504,0.0076531069545845015,0.013022976997312712,0.03757382059599999,0.011711548546258999,1.0308267555092,169.31151904475269,0,0,0,0,0,0,0.5871369853140489
D4,default,treatment_effect_mean,-0.3374485596707819,25,0,0.1294747117597019,0.1295500351857819,0.13108223287427612,0.1137588894,0.034826376194717734,1.0308267555092,169.31151904475269,0,0,0,0,0,0,0.5871369853140489
D4,default,treatment_effect_sd,0.07626392697027408,25,0,0.07459255208864592,0.07462659781322593,0.07740541776381085,0.09162228360599999,0.028558182237038245,1.0308267555092,169.31151904475269,0,0,0,0,0,0,0.5871369853140489
D5,default,time_trend_mean,-0.08998628257887518,25,0.88,0.002152124947017964,0.0010442733081251904,0.018448692949550607,0.07451508558485999,0.023479930747816673,1.0351351538604543,92.1737294731892,0,2.84,69,0.12,0.04,0,0.7282377039299861
D5,default,time_trend_sd,0.045528614603915496,25,0.68,0.01533062481646555,0.014924497718584506,0.02810134708085448,0.06877912958919999,0.022201199559748894,1.0351351538604543,92.1737294731892,0,2.84,69,0.12,0.04,0,0.7282377039299861
D5,default,treatment_effect_mean,-0.3374485596707819,25,0.04,0.07453078867442191,0.07532273380578192,0.07717707189842846,0.08700838752,0.026697399001244144,1.0351351538604543,92.1737294731892,0,2.84,69,0.12,0.04,0,0.7282377039299861
D5,default,treatment_effect_sd,0.07626392697027408,25,0.36,0.03468927895236592,0.03423844970172592,0.03882926185321889,0.06905979343799999,0.021555601679220413,1.0351351538604543,92.1737294731892,0,2.84,69,0.12,0.04,0,0.7282377039299861
E1,default,time_trend_mean,-0.08998628257887518,25,0.84,7.094249258591847e-4,-0.0011922978576248133,0.013400368225432615,0.041746744312,0.012748847771324897,1.0161452112392857,202.9575585226705,0,0,0,0,0,0,0.5768233485494184
E1,default,time_trend_sd,0.045528614603915496,25,0.92,0.007642328979484503,0.008474725890084502,0.010573881749028142,0.0336635752,0.01046528166459893,1.0161452112392857,202.9575585226705,0,0,0,0,0,0,0.5768233485494184
E1,default,treatment_effect_mean,-0.3374485596707819,25,0.96,-0.00637157716841809,-0.008169741074218084,0.019620339684251115,0.06888165284,0.021141353583250037,1.0161452112392857,202.9575585226705,0,0,0,0,0,0,0.5768233485494184
E1,default,treatment_effect_sd,0.07626392697027408,25,0.76,0.010960515719505922,0.00579325139022592,0.020697354536641697,0.055575827928,0.01736205989976743,1.0161452112392857,202.9575585226705,0,0,0,0,0,0,0.5768233485494184
E2,default,time_trend_mean,-0.08888888888888889,25,0.88,5.13125197328892e-4,0.0012355257458888935,0.005545597921822721,0.01814800047,0.005527082167301831,1.0089308473864136,340.39626295262656,0,0,0,0,0,0,0.6150626550014836
E2,default,time_trend_sd,0,25,0,0.008153305909650186,0.00760023245210845,0.008638419666023831,0.01654516348416,0.005173107008080779,1.0089308473864136,340.39626295262656,0,0,0,0,0,0,0.6150626550014836
E2,default,treatment_effect_mean,-0.3333333333333333,25,0.8,-4.141746204666852e-4,7.546299683333091e-4,0.008568632246763222,0.026945275459999994,0.008244039813679497,1.0089308473864136,340.39626295262656,0,0,0,0,0,0,0.6150626550014836
E2,default,treatment_effect_sd,0,25,0,0.009504374319178487,0.0083191394933501,0.009982176675544675,0.021257880184279997,0.006749254530007602,1.0089308473864136,340.39626295262656,0,0,0,0,0,0,0.6150626550014836
E3,default,time_trend_mean,-0.08998628257887518,25,0.8,-0.006442244099885514,-0.01432774939198482,0.05617986051662944,0.1701246026534,0.052287570769087306,1.0243233830184593,115.72624727048432,0,0,0,0,0,2.16,0.5811443019349961
E3,default,time_trend_sd,0.22244159268257202,25,0.84,0.01052441023604798,6.110493924279814e-4,0.045709329355094724,0.13551581861999998,0.04226939294722274,1.0243233830184593,115.72624727048432,0,0,0,0,0,2.16,0.5811443019349961
E3,default,treatment_effect_mean,-0.3374485596707819,25,0.92,0.012612070054269975,-0.0021933465744760627,0.13090836917456067,0.5275722917788,0.16097807336878645,1.0243233830184593,115.72624727048432,0,0,0,0,0,2.16,0.5811443019349961
E3,default,treatment_effect_sd,0.6676946806414795,25,0.92,0.048854288679920484,0.03230828214352044,0.11774393850914512,0.41051893293999997,0.12868560968625914,1.0243233830184593,115.72624727048432,0,0,0,0,0,2.16,0.5811443019349961
E4,default,time_trend_mean,-0.08998628257887518,25,0.92,0.0017758411235277835,-0.0018268588061248203,0.014035157868127772,0.050971603395999994,0.015544877102210348,1.010958737534654,325.984879333465,0,0,0,0,0,0,0.5900099214926836
E4,default,time_trend_sd,0.045528614603915496,25,0.8,0.00666727127890174,0.013729092622084507,0.01720747466106805,0.049355975926599994,0.0152580302443938,1.010958737534654,325.984879333465,0,0,0,0,0,0,0.5900099214926836
E4,default,treatment_effect_mean,-0.3374485596707819,25,0.88,-0.017040488064418092,-0.021663552809218112,0.025270439930928965,0.0771687201,0.02363226764094137,1.010958737534654,325.984879333465,0,0,0,0,0,0,0.5900099214926836
E4,default,treatment_effect_sd,0.07626392697027408,25,0.68,0.016471709105115924,0.014460248594225927,0.026571544426911706,0.063905366888,0.019771145465970634,1.010958737534654,325.984879333465,0,0,0,0,0,0,0.5900099214926836
E5,default,time_trend_mean,-0.08998628257887518,25,1,0.028385645292975322,0.1379924861623402,0.3520243975068117,2.90383354982,0.906125708929507,1.7804988081804067,3.021510544965747,0.52,202.32,548,1,1,285.84,0.5588289184291821
E5,default,time_trend_sd,0.045528614603915496,25,0.72,1.0805527335959553,0.9126115166724731,1.2742900967949273,3.7456706932419994,1.289899054838167,1.7804988081804067,3.021510544965747,0.52,202.32,548,1,1,285.84,0.5588289184291821
E5,default,treatment_effect_mean,-0.3374485596707819,25,1,0.0308317438937475,-0.05863309990292809,0.25240287002956735,2.0188327698029997,0.6957304007101185,1.7804988081804067,3.021510544965747,0.52,202.32,548,1,1,285.84,0.5588289184291821
E5,default,treatment_effect_sd,0.07626392697027408,25,0.92,0.707392787206946,0.596265983653726,0.8327290664947762,2.8164153282739997,1.0103922744743499,1.7804988081804067,3.021510544965747,0.52,202.32,548,1,1,285.84,0.5588289184291821
E6,default,time_trend_mean,-0.08998628257887518,25,0.88,6.529698644151837e-4,-0.002054582881624814,0.010198195475641148,0.039126654415999995,0.011955034615477662,1.0132630583919278,348.6585532689634,0,0,0,0,0,0,0.6104820635811304
E6,default,time_trend_sd,0.045528614603915496,25,0.8,7.70527301450688e-4,-5.340970919154933e-4,0.013450249161812831,0.033699263462,0.01046708931404175,1.0132630583919278,348.6585532689634,0,0,0,0,0,0,0.6104820635811304
E6,default,treatment_effect_mean,-0.3374485596707819,25,0.88,3.418703419819158e-4,-9.476277892180862e-4,0.021296395886754846,0.07056554542,0.021514156466355305,1.0132630583919278,348.6585532689634,0,0,0,0,0,0,0.6104820635811304
E6,default,treatment_effect_sd,0.07626392697027408,25,0.84,0.010387266660705921,0.009311956020225914,0.018398696567357077,0.05685324608199999,0.017736190496948495,1.0132630583919278,348.6585532689634,0,0,0,0,0,0,0.6104820635811304
G1,default,baseline_control_mean,0.45,50,0.84,-0.001921163413128712,0.00331996075749999,0.034323639689244664,0.04911126401399,0.01667393694240478,2.2122094078608527,2.592593414994785,0.02,0,0,0,0,20,0.6245235342086701
G1,default,time_trend_mean,-0.04,50,0.94,0.003166868037241001,0.0013731666139500005,0.016291844922411657,0.022489763424999996,0.007725342197748026,2.2122094078608527,2.592593414994785,0.02,0,0,0,0,20,0.6245235342086701
G1,default,time_trend_sd,0.02,50,0.94,0.0011428809789679995,0.0012951811321249996,0.004128647979327519,0.0154820153994,0.004842764486167235,2.2122094078608527,2.592593414994785,0.02,0,0,0,0,20,0.6245235342086701
G1,default,treatment_effect_mean,-0.15,50,0.94,-0.0019685070788000064,-3.886997800000014e-4,0.016857050964937673,0.029896776350000005,0.009965628888742424,2.2122094078608527,2.592593414994785,0.02,0,0,0,0,20,0.6245235342086701
G1,default,treatment_effect_sd,0.03,50,0.88,-2.4157107858734926e-5,0.001443631469999998,0.007205067401138082,0.021533226633899998,0.006716872787738225,2.2122094078608527,2.592593414994785,0.02,0,0,0,0,20,0.6245235342086701
G2,default,baseline_control_mean,0.45,50,0.84,0.002438965418599989,0.004000349967499983,0.0140733604502543,0.03933449632999999,0.012060392677699145,1.0213592758328074,176.2795752044671,0,0,0,0,0,0,0.5867442513709674
G2,default,time_trend_mean,-0.04,50,0.96,-5.883591922609995e-4,-4.119803772499979e-4,0.004672595856616707,0.017677102838999998,0.0054171421339958194,1.0213592758328074,176.2795752044671,0,0,0,0,0,0,0.5867442513709674
G2,default,time_trend_sd,0.02,50,0.9,2.521992436247998e-4,2.035326502500094e-5,0.004110097169719912,0.015172149700199998,0.00470980065858724,1.0213592758328074,176.2795752044671,0,0,0,0,0,0,0.5867442513709674
G2,default,treatment_effect_mean,-0.15,50,0.92,-3.7361383900006426e-5,7.116647124999903e-4,0.006451967082613766,0.02539286781,0.007762900321144164,1.0213592758328074,176.2795752044671,0,0,0,0,0,0,0.5867442513709674
G2,default,treatment_effect_sd,0.03,50,0.9,-3.1536358458699907e-4,-0.0010915121359249998,0.0065252731149830125,0.021145280846199998,0.0065616067570449165,1.0213592758328074,176.2795752044671,0,0,0,0,0,0,0.5867442513709674
G3,default,baseline_control_mean,0.45,50,0.82,4.680657341999872e-4,5.474142899999923e-4,0.015116944538243781,0.04015070555,0.012253893214962433,1.0227320011160375,160.1382825115282,0,0,0,0,0,0,0.6229826502132522
G3,default,time_trend_mean,-0.04,50,0.88,-0.0017621834107289993,-0.0018444750965000006,0.005636687451135452,0.018708914754999997,0.005719647787180074,1.0227320011160375,160.1382825115282,0,0,0,0,0,0,0.6229826502132522
G3,default,time_trend_sd,0.02,50,0.88,0.0019093341714580996,0.0015445292909999995,0.004917671119372467,0.015876266985999997,0.004906828532642506,1.0227320011160375,160.1382825115282,0,0,0,0,0,0,0.6229826502132522
G3,default,treatment_effect_mean,-0.15,50,0.88,9.758189563499936e-4,3.7981624999999797e-4,0.007299410350553667,0.026777604719999997,0.00819659668039553,1.0227320011160375,160.1382825115282,0,0,0,0,0,0,0.6229826502132522
G3,default,treatment_effect_sd,0.03,50,0.94,0.0016183262453460011,0.0011575170470000014,0.006052145293147272,0.022031774764999998,0.006848138743596639,1.0227320011160375,160.1382825115282,0,0,0,0,0,0,0.6229826502132522
G4,default,baseline_control_mean,0.45,50,0.8,1.4429265319998886e-4,0.0015920512074999726,0.013912655489895905,0.04027282334,0.012304590379386745,1.024292661939269,156.99047014764804,0,0,0,0,0,0,0.6036754082160183
G4,default,time_trend_mean,-0.04,50,0.88,-6.879801323689988e-4,-6.015473654999992e-4,0.004880684878145239,0.018027518747999998,0.005510104894953235,1.024292661939269,156.99047014764804,0,0,0,0,0,0,0.6036754082160183
G4,default,time_trend_sd,0.02,50,0.86,7.673830125872996e-4,9.362725441749986e-4,0.004930073215731705,0.0153909861998,0.0047869765389706095,1.024292661939269,156.99047014764804,0,0,0,0,0,0,0.6036754082160183
G4,default,treatment_effect_mean,-0.15,50,0.92,-2.2835709001000403e-4,2.4750812250000365e-4,0.007660013631173854,0.02758620293,0.008446837860666212,1.024292661939269,156.99047014764804,0,0,0,0,0,0,0.6036754082160183
G4,default,treatment_effect_sd,0.03,50,0.88,0.0028111451353900006,0.0024407177912500015,0.0076470391124132155,0.022438111815999997,0.006960599723475586,1.024292661939269,156.99047014764804,0,0,0,0,0,0,0.6036754082160183
G5,default,baseline_control_mean,0.45,50,0.9,0.0029611126281999887,0.003104631374999972,0.012928241769843028,0.04168461500000001,0.012741524315024769,1.025692943461777,179.92913994553646,0,0,0,0,0,0,0.6172779767512726
G5,default,time_trend_mean,-0.04,50,0.9,2.6081909834200123e-4,-2.5466018999997786e-5,0.0052409816152365575,0.017662137823999998,0.005416718450757121,1.025692943461777,179.92913994553646,0,0,0,0,0,0,0.6172779767512726
G5,default,time_trend_sd,0.02,50,0.9,4.331890659735894e-4,0.0010527616703999987,0.00455578982537704,0.0152444157704,0.004745827624554924,1.025692943461777,179.92913994553646,0,0,0,0,0,0,0.6172779767512726
G5,default,treatment_effect_mean,-0.15,50,0.88,-0.0014575566621000064,-6.726389750000006e-4,0.007743016863581865,0.02606254138,0.007999210784371085,1.025692943461777,179.92913994553646,0,0,0,0,0,0,0.6172779767512726
G5,default,treatment_effect_sd,0.03,50,0.88,5.139835869930014e-4,6.224171400000082e-5,0.006259435188509628,0.021354904235,0.006655060745105881,1.025692943461777,179.92913994553646,0,0,0,0,0,0,0.6172779767512726
G6,default,time_trend_mean,-0.08888888888888889,50,0.88,5.317983440889129e-5,-7.124545103611088e-4,0.0038481730538726393,0.012038450407,0.003656507127189917,1.0077515238221455,516.1203481117552,0,0,0,0,0,0,0.5508436219631976
G6,default,time_trend_sd,0.044444444444444446,50,0.84,0.001584139887895554,0.0018299943313055539,0.0033983913352743493,0.009389574529999998,0.0028579918304863024,1.0077515238221455,516.1203481117552,0,0,0,0,0,0,0.5508436219631976
G6,default,treatment_effect_mean,-0.3333333333333333,50,0.92,-1.5643893496668172e-4,-7.408818041666765e-4,0.005589883674160318,0.017801615479999994,0.005418558595661404,1.0077515238221455,516.1203481117552,0,0,0,0,0,0,0.5508436219631976
G6,default,treatment_effect_sd,0.06666666666666667,50,0.84,0.0012076917882033343,5.711232455833382e-4,0.004615765826293078,0.013762746222,0.004189019731590324,1.0077515238221455,516.1203481117552,0,0,0,0,0,0,0.5508436219631976
G7,default,time_trend_mean,-0.08893278463648834,50,0.9,-7.27561605231665e-4,-7.658798401166678e-5,0.003566636887918993,0.011993551981000002,0.0036421976765836257,1.0112625905146102,548.489505688216,0,0,0,0,0,0,0.5622044212860675
G7,default,time_trend_sd,0.0444883185365144,50,0.92,0.0014290714277355988,0.001298897202485598,0.002690416540944083,0.009369833624999999,0.002856824748254959,1.0112625905146102,548.489505688216,0,0,0,0,0,0,0.5622044212860675
G7,default,treatment_effect_mean,-0.3334979423868312,50,0.84,0.0013612468858312254,0.0011361730793312264,0.006390015657972458,0.017818941129999998,0.0054258330795540445,1.0112625905146102,548.489505688216,0,0,0,0,0,0,0.5622044212860675
G7,default,treatment_effect_sd,0.06707692694916605,50,0.92,0.0010825040014539533,8.791885050839568e-4,0.004365597407181001,0.013890117470000001,0.004217368561094332,1.0112625905146102,548.489505688216,0,0,0,0,0,0,0.5622044212860675
G8,default,time_trend_mean,-0.09327846364883402,50,0.94,-4.8251276705598036e-4,-8.587983871659807e-4,0.005490199842783117,0.02042480678,0.006252432870378903,1.0327212154033962,137.56088008985668,0,0,0,0,0,0,0.5626856145010821
G8,default,time_trend_sd,0.048636334823684464,50,0.54,0.008617798901095536,0.007421266559065536,0.010970559530284467,0.016998805364999998,0.005177355936221679,1.0327212154033962,137.56088008985668,0,0,0,0,0,0,0.5626856145010821
G8,default,treatment_effect_mean,-0.34979423868312753,50,0.84,-0.004542351971372465,-0.003128753441872467,0.014631608582875431,0.04130798989999999,0.012583552526398966,1.0327212154033962,137.56088008985668,0,0,0,0,0,0,0.5626856145010821
G8,default,treatment_effect_sd,0.09965647442276822,50,0.34,0.02089522081408178,0.021001506257481782,0.026016150491457467,0.032783338947,0.010014038818172429,1.0327212154033962,137.56088008985668,0,0,0,0,0,0,0.5626856145010821
G9,default,time_trend_mean,-0.08998628257887518,50,0.9,-8.161601084348144e-4,-8.300944071248165e-4,0.004163208871581622,0.015078746079,0.004574860012399478,1.1674934341609602,11.670668033226622,0.4,0,0,0,0,0,0.5767353811549566
G9,default,time_trend_sd,0.045528614603915496,50,0.88,6.030372293345044e-4,4.3416109658450663e-4,0.0033614792368748428,0.010909052068,0.003331527590898682,1.1674934341609602,11.670668033226622,0.4,0,0,0,0,0,0.5767353811549566
G9,default,treatment_effect_mean,-0.3374485596707819,50,0.86,0.0019038225183819091,0.00142787493828192,0.009207704286155792,0.027619699580000004,0.008427896687337958,1.1674934341609602,11.670668033226622,0.4,0,0,0,0,0,0.5767353811549566
G9,default,treatment_effect_sd,0.07626392697027408,50,0.82,0.0034195744360559204,0.0033291539747259194,0.007801050395627171,0.020637259536,0.006324244541450117,1.1674934341609602,11.670668033226622,0.4,0,0,0,0,0,0.5767353811549566
H1,full_normal,time_trend_mean,-0.08998628257887518,25,0.72,0.0016262260042703832,0.0073833005954651865,0.036558004880954814,0.090591213674,0.027707277787085618,1.0470801305303006,135.7257570693939,0,0,0,0,0,0,0.6063331503693009
H1,full_normal,time_trend_sd,0.11597686202656823,25,0.44,0.00992902122445177,-0.01972174520856823,0.09831729088894396,0.074903718128,0.023250524170327923,1.0470801305303006,135.7257570693939,0,0,0,0,0,0,0.6063331503693009
H1,full_normal,treatment_effect_mean,-0.3374485596707819,25,0.92,-0.009483718162418086,-0.008903041804218081,0.018785341559974657,0.07460527173999999,0.022870050451979443,1.0470801305303006,135.7257570693939,0,0,0,0,0,0,0.6063331503693009
H1,full_normal,treatment_effect_sd,0.07626392697027408,25,0.8,0.01513252596581392,0.018855819615725924,0.029770187655458424,0.065725658826,0.020496916796013166,1.0470801305303006,135.7257570693939,0,0,0,0,0,0,0.6063331503693009
H1,full_robust,time_trend_mean,-0.08998628257887518,25,0.76,0.006777680900537863,0.013596773438460191,0.031194251018178205,0.07941373005819999,0.024409974295859584,1.0660922342562245,26.712292009613993,0.04,0,0,0,0,0,0.46406699733642365
H1,full_robust,time_trend_sd,0.11597686202656823,25,0.44,-0.010304223587768235,-0.025330796229568228,0.060071593833351235,0.067268252724,0.020754844227145255,1.0660922342562245,26.712292009613993,0.04,0,0,0,0,0,0.46406699733642365
H1,full_robust,treatment_effect_mean,-0.3374485596707819,25,0.92,-0.005773208841418087,-0.0057488629042181105,0.016936840809394386,0.07260997039999999,0.022141596615143755,1.0660922342562245,26.712292009613993,0.04,0,0,0,0,0,0.46406699733642365
H1,full_robust,treatment_effect_sd,0.07626392697027408,25,0.8,0.004469391372891919,0.0031545121022259204,0.020442267365772517,0.06480625749,0.020020662782312848,1.0660922342562245,26.712292009613993,0.04,0,0,0,0,0,0.46406699733642365
H1,naive,time_trend_mean,-0.08998628257887518,25,0.72,0.006917520697463864,0.013701696433046182,0.0353562598015557,0.1033374703292,0.031584523792182705,1.0331545525835442,143.30471280927912,0,0,0,0,0,0,0.6114750808726663
H1,naive,time_trend_sd,0.11597686202656823,25,0.44,4.704175542517694e-4,-0.01862822926306823,0.08248940840333346,0.08318533792199999,0.02620011039429484,1.0331545525835442,143.30471280927912,0,0,0,0,0,0,0.6114750808726663
H1,naive,treatment_effect_mean,-0.3374485596707819,25,0.24,-0.05636404699021809,-0.05150769744921807,0.06240627975273758,0.09021718176,0.027334411549949113,1.0331545525835442,143.30471280927912,0,0,0,0,0,0,0.6114750808726663
H1,naive,treatment_effect_sd,0.07626392697027408,25,0.24,0.07034982914958593,0.03256347050872592,0.11075633670565481,0.069165689682,0.02142497484893225,1.0331545525835442,143.30471280927912,0,0,0,0,0,0,0.6114750808726663
H2,full_normal,time_trend_mean,-0.12373113854595337,25,1,0.00158637844449237,0.001964812624953363,0.014467610776465512,0.083406491652,0.02553528196632798,1.0140767510051512,251.37084834200863,0,0,0,0,0,0,0.6304968473404345
H2,full_normal,time_trend_sd,0.103120346306067,25,1,0.011036308054732992,0.010334765437932991,0.01606292393756086,0.06450539717599998,0.019839546377473503,1.0140767510051512,251.37084834200863,0,0,0,0,0,0,0.6304968473404345
H2,full_normal,treatment_effect_mean,-0.3374485596707819,25,0.84,0.007150537623181912,0.0049850865807818945,0.019602274214409934,0.06990901131999999,0.0214541094322634,1.0140767510051512,251.37084834200863,0,0,0,0,0,0,0.6304968473404345
H2,full_normal,treatment_effect_sd,0.07626392697027408,25,0.92,0.005498111806807921,0.006191950053225925,0.016186963367687605,0.059193171617999994,0.018296871498804105,1.0140767510051512,251.37084834200863,0,0,0,0,0,0,0.6304968473404345
H2,full_robust,time_trend_mean,-0.12373113854595337,25,1,0.0016822755509545712,0.0016185114459533745,0.015023636156499265,0.083127040956,0.02535897862780811,1.0193133100558698,285.07712258692334,0,0,0,0,0,0,0.5247478884391102
H2,full_robust,time_trend_sd,0.103120346306067,25,1,0.011115047472532997,0.011073133943933,0.015938111148666955,0.063959694202,0.01965224101802358,1.0193133100558698,285.07712258692334,0,0,0,0,0,0,0.5247478884391102
H2,full_robust,treatment_effect_mean,-0.3374485596707819,25,0.84,0.008307963365581914,0.005686776895781898,0.01949826632920126,0.06934326658,0.021201871338664125,1.0193133100558698,285.07712258692334,0,0,0,0,0,0,0.5247478884391102
H2,full_robust,treatment_effect_sd,0.07626392697027408,25,0.96,-2.7872360472407846e-4,-1.7433288577407835e-4,0.014904918044975275,0.05991449854,0.018478771753783752,1.0193133100558698,285.07712258692334,0,0,0,0,0,0,0.5247478884391102
H2,naive,time_trend_mean,-0.12373113854595337,25,0.88,0.00978910061546409,0.010931089287953374,0.02455465961779701,0.102877129152,0.03168174150482205,1.0272909856702959,146.3034363017157,0,0,0,0,0,0,0.6097433553083073
H2,naive,time_trend_sd,0.103120346306067,25,1,0.016013555556692993,0.01582944362443299,0.021671699776629853,0.08464468307199999,0.026914083033761964,1.0272909856702959,146.3034363017157,0,0,0,0,0,0,0.6097433553083073
H2,naive,treatment_effect_mean,-0.3374485596707819,25,0.2,-0.05887589793461809,-0.06655061590921807,0.06348145616904631,0.08377125648,0.025351413544921448,1.0272909856702959,146.3034363017157,0,0,0,0,0,0,0.6097433553083073
H2,naive,treatment_effect_sd,0.07626392697027408,25,0,0.05734806363018592,0.05648556704872591,0.05981524353233551,0.06278702401799999,0.019369392661033567,1.0272909856702959,146.3034363017157,0,0,0,0,0,0,0.6097433553083073
H3,full_normal,time_trend_mean,-0.08998628257887518,25,0.84,0.005834212266605964,0.018304822575780186,0.049684602365642705,0.15169083597812,0.046342805925296174,1.0329448361660567,162.28660911133036,0,0,0,0,0,0,0.6123052831186647
H3,full_normal,time_trend_sd,0.22244159268257202,25,0.92,0.012427064782807978,0.010196142437427974,0.0345692480468404,0.11479007069999998,0.03554803997790223,1.0329448361660567,162.28660911133036,0,0,0,0,0,0,0.6123052831186647
H3,full_normal,treatment_effect_mean,-0.3374485596707819,25,0.88,-0.0013459453426180868,-0.004801983169218094,0.023288442955451575,0.07555862056,0.023102071456576584,1.0329448361660567,162.28660911133036,0,0,0,0,0,0,0.6123052831186647
H3,full_normal,treatment_effect_sd,0.07626392697027408,25,0.96,0.005755440473994722,0.003398243656725919,0.01966237650085962,0.066323299074,0.020692661671026107,1.0329448361660567,162.28660911133036,0,0,0,0,0,0,0.6123052831186647
H3,full_robust,time_trend_mean,-0.08998628257887518,25,0.88,0.005472903884847278,0.018351078499026688,0.05010165420685822,0.1501729923338,0.04602375705120646,1.0241099063360455,176.79488837536974,0,0,0,0,0,0,0.48665852574296314
H3,full_robust,time_trend_sd,0.22244159268257202,25,0.92,0.01177453834982798,0.01060968115742797,0.03461408522413973,0.11577127654,0.035766298571112604,1.0241099063360455,176.79488837536974,0,0,0,0,0,0,0.48665852574296314
H3,full_robust,treatment_effect_mean,-0.3374485596707819,25,0.88,-7.488947366180865e-4,-0.0048630770492180675,0.022609665743767257,0.07475992216,0.02295346745781019,1.0241099063360455,176.79488837536974,0,0,0,0,0,0,0.48665852574296314
H3,full_robust,treatment_effect_sd,0.07626392697027408,25,1,0.0014822824311559212,-0.0032491332562740727,0.01820063909675258,0.0679370679,0.021198797108617554,1.0241099063360455,176.79488837536974,0,0,0,0,0,0,0.48665852574296314
H3,naive,time_trend_mean,-0.08998628257887518,25,0.96,0.002625037623090623,0.011970804330327683,0.05439143359167768,0.21282288453787,0.06503895011050595,1.0284190139183764,102.26368533453507,0,0,0,0,0,0,0.5976222533959406
H3,naive,time_trend_sd,0.22244159268257202,25,0.76,0.023399458776247974,0.026334028527427972,0.059265625101312405,0.16629585423999999,0.05317563920629662,1.0284190139183764,102.26368533453507,0,0,0,0,0,0,0.5976222533959406
H3,naive,treatment_effect_mean,-0.3374485596707819,25,0.76,-0.04175510002241809,-0.04204440146421806,0.05101181795099237,0.11755063942,0.03590064398368626,1.0284190139183764,102.26368533453507,0,0,0,0,0,0,0.5976222533959406
H3,naive,treatment_effect_sd,0.07626392697027408,25,0,0.11557749168550592,0.12233847739472593,0.11952957389801341,0.08832319313999999,0.02748646633709309,1.0284190139183764,102.26368533453507,0,0,0,0,0,0,0.5976222533959406
H4,full_normal,time_trend_mean,-0.08998628257887518,25,0.32,-0.03830439911514481,-0.0404125689441248,0.042409524379786935,0.054931933598,0.016815760279681565,1.0156089122357168,223.39032044689193,0,1.84,46,0.04,0.04,0,0.6358657375771877
H4,full_normal,time_trend_sd,0.045528614603915496,25,0.84,0.008452860409063885,0.009422492892584504,0.01659708269065893,0.05099580661483999,0.015870921189680608,1.0156089122357168,223.39032044689193,0,1.84,46,0.04,0.04,0,0.6358657375771877
H4,full_normal,treatment_effect_mean,-0.3374485596707819,25,0.36,0.04490859791098191,0.051624292070781896,0.04963807060265645,0.07444777688,0.02270921006334389,1.0156089122357168,223.39032044689193,0,1.84,46,0.04,0.04,0,0.6358657375771877
H4,full_normal,treatment_effect_sd,0.07626392697027408,25,0.76,0.015090166534219122,0.016658969692225925,0.026408959787262418,0.063136500968,0.01931809958861645,1.0156089122357168,223.39032044689193,0,1.84,46,0.04,0.04,0,0.6358657375771877
H4,full_robust,time_trend_mean,-0.08998628257887518,25,0.28,-0.03827183273777481,-0.041352517021124816,0.0424329707590877,0.054711084019999995,0.016742449403663897,1.0259174377228888,86.03338324505886,0,0.8,11,0.2,0.04,0,0.2552320198803477
H4,full_robust,time_trend_sd,0.045528614603915496,25,0.84,0.008288887621636445,0.009627160588984503,0.0164538081625419,0.050267763777759995,0.015530991622669823,1.0259174377228888,86.03338324505886,0,0.8,11,0.2,0.04,0,0.2552320198803477
H4,full_robust,treatment_effect_mean,-0.3374485596707819,25,0.32,0.045543698539781914,0.051549883375781924,0.05048855020193643,0.07359377104,0.02246780221008959,1.0259174377228888,86.03338324505886,0,0.8,11,0.2,0.04,0,0.2552320198803477
H4,full_robust,treatment_effect_sd,0.07626392697027408,25,0.92,0.009099898872923921,0.009546660182225927,0.022800233540956456,0.063711760088,0.019527487065333624,1.0259174377228888,86.03338324505886,0,0.8,11,0.2,0.04,0,0.2552320198803477
H4,naive,time_trend_mean,-0.08998628257887518,25,0.12,-0.04755154132052482,-0.05012848571862481,0.0507150946896302,0.052680065382,0.016169544689638063,1.0178050361978,244.90306099136754,0,0,0,0,0,0,0.5821246933118523
H4,naive,time_trend_sd,0.045528614603915496,25,0.88,0.0043120091591857005,0.006961381001884502,0.014271145925335,0.048629740311379996,0.015194874284894565,1.0178050361978,244.90306099136754,0,0,0,0,0,0,0.5821246933118523
H4,naive,treatment_effect_mean,-0.3374485596707819,25,0.84,-0.017939794596618083,-0.013205300954218069,0.02517104777525577,0.06238869404,0.018993923902915277,1.0178050361978,244.90306099136754,0,0,0,0,0,0,0.5821246933118523
H4,naive,treatment_effect_sd,0.07626392697027408,25,0.56,0.01998976240748592,0.019969890408225915,0.02425372582246644,0.048324183254,0.014974444070081529,1.0178050361978,244.90306099136754,0,0,0,0,0,0,0.5821246933118523
I1,modelled,effect_multiplier[b],0.6,25,0.88,0.030704560385000027,0.0029875238200000043,0.09382149918306934,0.3229100779,0.09966507185658086,1.0135676718807767,273.42350960930276,0,0,0,0,0,0,0.6046872347271776
I1,modelled,time_trend_mean,-0.08998628257887518,25,0.92,6.598440995918442e-5,7.029095683751818e-4,0.013818386969586333,0.04350706048399999,0.013330482329738819,1.0135676718807767,273.42350960930276,0,0,0,0,0,0,0.6046872347271776
I1,modelled,time_trend_sd,0.045528614603915496,25,0.84,0.008046724892184503,0.007470699438584506,0.011780857120481075,0.036288103242,0.011355476176614488,1.0135676718807767,273.42350960930276,0,0,0,0,0,0,0.6046872347271776
I1,modelled,treatment_effect_mean,-0.3374485596707819,25,0.92,0.00217122147538191,-6.655556742181101e-4,0.02680241715864358,0.09304746822,0.028355244638500168,1.0135676718807767,273.42350960930276,0,0,0,0,0,0,0.6046872347271776
I1,modelled,treatment_effect_sd,0.07626392697027408,25,0.88,0.00498154120508592,0.003313752311225923,0.019087687878868838,0.057083610228,0.017748651584781613,1.0135676718807767,273.42350960930276,0,0,0,0,0,0,0.6046872347271776
I1,raw,baseline_control_mean,0.45,25,0.88,-0.002359143608200012,-0.005084913830000037,0.011198191182359098,0.03961660491999999,0.012109673697720633,1.0165590276084147,239.1657656626769,0,0,0,0,0,0,0.6523196947660127
I1,raw,effect_multiplier[b],0.6,25,0.88,0.03241003554400002,0.02050895401999997,0.08798439977050888,0.29323273629999996,0.0905062155160914,1.0165590276084147,239.1657656626769,0,0,0,0,0,0,0.6523196947660127
I1,raw,time_trend_mean,-0.04,25,0.8,2.1884327695000108e-4,4.397643914499996e-4,0.005940857227712093,0.018990500469999998,0.0058214970456301335,1.0165590276084147,239.1657656626769,0,0,0,0,0,0,0.6523196947660127
I1,raw,time_trend_sd,0.02,25,0.92,0.0024383931323159994,0.0014412602559999987,0.004089100191136461,0.015864935089999997,0.004949075009656561,1.0165590276084147,239.1657656626769,0,0,0,0,0,0,0.6523196947660127
I1,raw,treatment_effect_mean,-0.15,25,0.96,0.001523261859339997,0.0015024750450000068,0.010311675276746748,0.03727788318,0.011356408476535183,1.0165590276084147,239.1657656626769,0,0,0,0,0,0,0.6523196947660127
I1,raw,treatment_effect_sd,0.03,25,0.8,0.0015875055737982014,-2.6743138849999806e-4,0.008700254674103505,0.0230082325436,0.007153918505212425,1.0165590276084147,239.1657656626769,0,0,0,0,0,0,0.6523196947660127
I2,modelled,effect_multiplier[b],0.7,25,0.84,0.00485677705820005,-0.007939678504999992,0.09632843527097622,0.32409757343999995,0.09967303767285483,1.0092450769795749,346.4790692353406,0,0,0,0,0,0,0.5883462298585127
I2,modelled,effect_multiplier[c],0.4,25,0.92,0.02784169204653997,0.02068099666499995,0.07070355902620246,0.27588335542,0.08440504994683903,1.0092450769795749,346.4790692353406,0,0,0,0,0,0,0.5883462298585127
I2,modelled,time_trend_mean,-0.08998628257887518,25,0.96,2.3307213441518481e-4,7.68045872375181e-4,0.008216912905494481,0.031432686288,0.00955512057535552,1.0092450769795749,346.4790692353406,0,0,0,0,0,0,0.5883462298585127
I2,modelled,time_trend_sd,0.045528614603915496,25,0.84,6.295150448925041e-4,0.0026656136080845036,0.008650085156698057,0.026170313014,0.008081773273924129,1.0092450769795749,346.4790692353406,0,0,0,0,0,0,0.5883462298585127
I2,modelled,treatment_effect_mean,-0.3374485596707819,25,0.92,-9.557422988180919e-4,-0.003745154544218088,0.023583177976532397,0.09047460631999998,0.02770738556425741,1.0092450769795749,346.4790692353406,0,0,0,0,0,0,0.5883462298585127
I2,modelled,treatment_effect_sd,0.07626392697027408,25,0.92,0.00362366731338592,7.157044237259269e-4,0.014763228460693972,0.044083203688,0.013601975729437913,1.0092450769795749,346.4790692353406,0,0,0,0,0,0,0.5883462298585127
I2,raw,baseline_control_mean,0.45,25,0.96,3.9282313679999347e-4,5.995623849999743e-4,0.008928912282986423,0.03234849616000001,0.009872301708920502,1.0124756590320612,108.85365370080801,0,0,0,0,0,0,0.6362864865168393
I2,raw,effect_multiplier[b],0.7,25,0.88,0.00837409583860004,0.0016163478000000842,0.08559011690366028,0.3003680941,0.09204411977812338,1.0124756590320612,108.85365370080801,0,0,0,0,0,0,0.6362864865168393
I2,raw,effect_multiplier[c],0.4,25,0.96,0.032809437158599984,0.02417237258499999,0.07060971563455232,0.25890165954,0.07966258051421056,1.0124756590320612,108.85365370080801,0,0,0,0,0,0,0.6362864865168393
I2,raw,time_trend_mean,-0.04,25,0.96,-2.30959130999997e-5,-5.270861400000215e-5,0.003522510352627051,0.013842787505999998,0.0042477572666068195,1.0124756590320612,108.85365370080801,0,0,0,0,0,0,0.6362864865168393
I2,raw,time_trend_sd,0.02,25,0.84,-5.984131924840003e-4,-3.29575487549999e-4,0.0039003541952951862,0.0117365128266,0.0035968596811096457,1.0124756590320612,108.85365370080801,0,0,0,0,0,0,0.6362864865168393
I2,raw,treatment_effect_mean,-0.15,25,0.96,2.55135301719992e-4,0.0012231927399999898,0.007752554388480627,0.037105793879999995,0.011322448275981167,1.0124756590320612,108.85365370080801,0,0,0,0,0,0,0.6362864865168393
I2,raw,treatment_effect_sd,0.03,25,0.88,0.001966061085900001,0.0011531788340000022,0.0059690751837927995,0.017943113857999998,0.005526511989212117,1.0124756590320612,108.85365370080801,0,0,0,0,0,0,0.6362864865168393
I3,modelled,beta_cov[dose],-0.08998628257887518,25,0.8,9.198488496757451e-4,0.0011637016475251893,0.027314116566999946,0.0817159640752,0.025037503423160787,1.013372748621716,379.26388913193676,0,0,0,0,0,0,0.5515601804077751
I3,modelled,effect_multiplier[b],0.6,25,0.84,0.00298338315200003,0.006389969095000003,0.05379201763972688,0.17436133,0.053249394323217195,1.013372748621716,379.26388913193676,0,0,0,0,0,0,0.5515601804077751
I3,modelled,time_trend_mean,-0.08998628257887518,25,0.84,-0.0013987959593848149,-0.0019565476551248184,0.011993596803820675,0.0335044827,0.010234802352690855,1.013372748621716,379.26388913193676,0,0,0,0,0,0,0.5515601804077751
I3,modelled,time_trend_sd,0.045528614603915496,25,0.92,0.004866122154764504,0.004980531560084503,0.007784344433624764,0.027667009253999994,0.008555567331691166,1.013372748621716,379.26388913193676,0,0,0,0,0,0,0.5515601804077751
I3,modelled,treatment_effect_mean,-0.5624142661179699,25,0.96,0.002096798524769858,0.0060934878179698115,0.025080545324485323,0.08516247014000002,0.026122759234403256,1.013372748621716,379.26388913193676,0,0,0,0,0,0,0.5515601804077751
I3,modelled,treatment_effect_sd,0.07626392697027408,25,0.72,0.01753299789650592,0.018092513344225916,0.02104898918958348,0.0498949489,0.015428976887629184,1.013372748621716,379.26388913193676,0,0,0,0,0,0,0.5515601804077751
I3,raw,baseline_control_mean,0.45,25,0.96,-0.00913904757869581,-0.002390209060000037,0.046385418622849124,0.0502995300539,0.01866930493533318,1.999176904888932,2.727534589553392,0.04,0,0,0,0,40,0.6023753346456929
I3,raw,beta_cov[dose],-0.04,25,0.92,2.1458860504658088e-4,-3.9873614909999994e-4,0.008676401162122085,0.02804282614708,0.008550077489521206,1.999176904888932,2.727534589553392,0.04,0,0,0,0,40,0.6023753346456929
I3,raw,effect_multiplier[b],0.6,25,0.76,0.00422987120980002,0.0073173886499999785,0.05620959790957566,0.13777257971999998,0.043006495008109664,1.999176904888932,2.727534589553392,0.04,0,0,0,0,40,0.6023753346456929
I3,raw,time_trend_mean,-0.04,25,0.88,0.003856627473400002,-9.510593784999993e-4,0.022584989428846194,0.02326190407,0.0087132886884173,1.999176904888932,2.727534589553392,0.04,0,0,0,0,40,0.6023753346456929
I3,raw,time_trend_sd,0.02,25,0.96,0.0011003824321839995,0.0010388412320000012,0.003156573469327395,0.012212649734,0.0037821353474286035,1.999176904888932,2.727534589553392,0.04,0,0,0,0,40,0.6023753346456929
I3,raw,treatment_effect_mean,-0.25,25,0.88,-0.0037081170056000013,0.0033779021750000027,0.025014263782044365,0.03823326276000001,0.013268266157684686,1.999176904888932,2.727534589553392,0.04,0,0,0,0,40,0.6023753346456929
I3,raw,treatment_effect_sd,0.03,25,0.92,3.3175795563140166e-4,7.680511820000006e-4,0.005669426875863993,0.0184013696627,0.00582293230594989,1.999176904888932,2.727534589553392,0.04,0,0,0,0,40,0.6023753346456929
I4,modelled,effect_multiplier[b],0.6,25,0.96,-0.0033070058427999817,0.008673311295000041,0.05800095257400479,0.26398315934,0.08071587069172355,1.0147316528626524,200.24521247499277,0,1.24,20,0.12,0.04,0,0.6678589496174351
I4,modelled,time_trend_mean,-0.08998628257887518,25,0.92,-0.005771522893324097,-0.006465263315124814,0.016558521132423242,0.055193511853999996,0.016978329918338194,1.0147316528626524,200.24521247499277,0,1.24,20,0.12,0.04,0,0.6678589496174351
I4,modelled,time_trend_sd,0.045528614603915496,25,0.84,0.005280960840069748,0.0042345985091345045,0.019210242176720325,0.05186219432699999,0.01632120028917985,1.0147316528626524,200.24521247499277,0,1.24,20,0.12,0.04,0,0.6678589496174351
I4,modelled,treatment_effect_mean,-0.3374485596707819,25,0.88,0.005083921272181908,0.006215109010781927,0.020701910019149308,0.08267093428,0.025265905567951753,1.0147316528626524,200.24521247499277,0,1.24,20,0.12,0.04,0,0.6678589496174351
I4,modelled,treatment_effect_sd,0.07626392697027408,25,0.88,-4.490987184560799e-4,0.001428006651225916,0.01722781070603133,0.051714478593999996,0.015871397825323756,1.0147316528626524,200.24521247499277,0,1.24,20,0.12,0.04,0,0.6678589496174351
I4,raw,baseline_control_mean,0.45,25,0.92,-0.016606774955767414,0.004378849274999985,0.07012057759089868,0.08781281515643999,0.035068805661689996,2.1723636914048905,2.593679679784778,0.12,0.8,19,0.08,0.04,119.24,0.644596765994697
I4,raw,effect_multiplier[b],0.6,25,0.96,0.015985197488600025,0.025057946025,0.06653728879733282,0.25755866268,0.08151117916377162,2.1723636914048905,2.593679679784778,0.12,0.8,19,0.08,0.04,119.24,0.644596765994697
I4,raw,time_trend_mean,-0.04,25,0.92,0.015813591882164,-8.797013084999999e-4,0.04952163731361742,0.056322292938,0.023480238784447247,2.1723636914048905,2.593679679784778,0.12,0.8,19,0.08,0.04,119.24,0.644596765994697
I4,raw,time_trend_sd,0.02,25,0.84,0.0027697235271897987,-1.849633746500018e-4,0.01862319245149983,0.028559523709624,0.010016371587611799,2.1723636914048905,2.593679679784778,0.12,0.8,19,0.08,0.04,119.24,0.644596765994697
I4,raw,treatment_effect_mean,-0.15,25,0.92,-0.012635598898440004,9.569439799999857e-4,0.04402031639933789,0.06104062234,0.023365206053793375,2.1723636914048905,2.593679679784778,0.12,0.8,19,0.08,0.04,119.24,0.644596765994697
I4,raw,treatment_effect_sd,0.03,25,0.8,0.002300248713741505,-2.710738739999975e-4,0.014182979792498983,0.0293649649568,0.010166451574978742,2.1723636914048905,2.593679679784778,0.12,0.8,19,0.08,0.04,119.24,0.644596765994697
I5,with_modelled,effect_multiplier[b],0.6,25,0.92,-0.0035153626169999795,-0.005511431625000007,0.0615178110738319,0.24359547731999998,0.07463717970823622,1.0168923726219268,343.0205422796039,0,0,0,0,0,0,0.5563970744670967
I5,with_modelled,time_trend_mean,-0.08998628257887518,25,0.92,0.0024508266634151845,0.0023109042783751865,0.009219533249659186,0.033345611363999994,0.010128063279134288,1.0168923726219268,343.0205422796039,0,0,0,0,0,0,0.5563970744670967
I5,with_modelled,time_trend_sd,0.045528614603915496,25,0.88,0.0037915878866845044,0.005005934082584505,0.008635868725266468,0.027151035318,0.00834441592390723,1.0168923726219268,343.0205422796039,0,0,0,0,0,0,0.5563970744670967
I5,with_modelled,treatment_effect_mean,-0.3374485596707819,25,0.84,-0.00259472934781809,-0.002654247994218095,0.021261416424755535,0.07279000756,0.022235800501950845,1.0168923726219268,343.0205422796039,0,0,0,0,0,0,0.5563970744670967
I5,with_modelled,treatment_effect_sd,0.07626392697027408,25,0.8,0.0022567478405059217,0.0014369585037259242,0.01546169160632756,0.042677726782,0.013166158045897823,1.0168923726219268,343.0205422796039,0,0,0,0,0,0,0.5563970744670967
I5,with_raw,baseline_control_mean,0.45,25,0.92,-0.0012591455782000138,-0.0037541331400000044,0.01063243442227668,0.03183102128,0.00965859304564281,1.0512107030343256,65.54823283850291,0.04,0,0,0,0,0,0.6323475813637605
I5,with_raw,effect_multiplier[b],0.6,25,0.88,-0.010045776273599972,0.001983778070000053,0.05461206210447712,0.22148432649999997,0.06787310102017471,1.0512107030343256,65.54823283850291,0.04,0,0,0,0,0,0.6323475813637605
I5,with_raw,time_trend_mean,-0.04,25,0.92,0.001129121599982001,-4.1122799999959714e-7,0.004052963926047341,0.014490739926,0.0044193450290005805,1.0512107030343256,65.54823283850291,0.04,0,0,0,0,0,0.6323475813637605
I5,with_raw,time_trend_sd,0.02,25,0.84,7.068188216619992e-4,2.048706174999984e-4,0.003431893868387475,0.0118723710868,0.0036690330717815433,1.0512107030343256,65.54823283850291,0.04,0,0,0,0,0,0.6323475813637605
I5,with_raw,treatment_effect_mean,-0.15,25,0.88,-0.001758886728320007,-0.001445196804999993,0.008158132451636239,0.02941550362,0.008989959364757175,1.0512107030343256,65.54823283850291,0.04,0,0,0,0,0,0.6323475813637605
I5,with_raw,treatment_effect_sd,0.03,25,0.96,6.358249109420011e-4,3.680263865000026e-4,0.004712297429163017,0.017286542501999996,0.0053274029148520355,1.0512107030343256,65.54823283850291,0.04,0,0,0,0,0,0.6323475813637605
I5,without_modelled,time_trend_mean,-0.08998628257887518,25,0.92,0.0028366758781151846,0.002017695831375191,0.009168199338627907,0.033292575847999994,0.01009964719095181,1.0135954221337047,169.58039815087247,0,0,0,0,0,0,0.606702455235457
I5,without_modelled,time_trend_sd,0.045528614603915496,25,0.88,0.0038194493322445035,0.005700027336584507,0.008653406456818287,0.027208192439999997,0.008388258284095533,1.0135954221337047,169.58039815087247,0,0,0,0,0,0,0.606702455235457
I5,without_modelled,treatment_effect_mean,-0.3374485596707819,25,0.04,0.0655855323719819,0.06696064310078192,0.0673647819884642,0.06842516743999999,0.020916494102576323,1.0135954221337047,169.58039815087247,0,0,0,0,0,0,0.606702455235457
I5,without_modelled,treatment_effect_sd,0.07626392697027408,25,0.24,0.03149307376686592,0.03265491751722592,0.035996983351712634,0.053193237303999996,0.016355700464805632,1.0135954221337047,169.58039815087247,0,0,0,0,0,0,0.606702455235457
I5,without_raw,baseline_control_mean,0.45,25,0.92,-0.0012041756916000134,-0.0038425631400000326,0.010580484477681448,0.0319624264,0.009726894086908178,1.0230745124489455,150.11363258072086,0,0,0,0,0,0,0.6325360738416926
I5,without_raw,time_trend_mean,-0.04,25,0.88,0.0011871044649600006,5.163982519999985e-4,0.004084537424229884,0.014601408487999998,0.004450673773001331,1.0230745124489455,150.11363258072086,0,0,0,0,0,0,0.6325360738416926
I5,without_raw,time_trend_sd,0.02,25,0.92,8.405006921799991e-4,5.017141721499994e-4,0.003402219248280457,0.012099379816999998,0.003718970620398618,1.0230745124489455,150.11363258072086,0,0,0,0,0,0,0.6325360738416926
I5,without_raw,treatment_effect_mean,-0.15,25,0,0.029357334169759993,0.029246900633999998,0.029982312885918183,0.029143936134,0.008909108498023014,1.0230745124489455,150.11363258072086,0,0,0,0,0,0,0.6325360738416926
I5,without_raw,treatment_effect_sd,0.03,25,0.08,0.01533736598666,0.014948374548999999,0.01620944478313577,0.022437903989999997,0.0069224608739829885,1.0230745124489455,150.11363258072086,0,0,0,0,0,0,0.6325360738416926
I6,with_modelled,effect_multiplier[b],1,25,0.8,0.004073093734799999,0.016919271914999978,0.10555145432051427,0.32819017135999995,0.10049450142011411,1.0112246078447933,266.6915508765261,0,0,0,0,0,0,0.5927332963126537
I6,with_modelled,time_trend_mean,-0.08998628257887518,25,0.92,-2.1871617574481474e-4,3.733810133751819e-4,0.008725886488170092,0.03179645111999999,0.009732436581453962,1.0112246078447933,266.6915508765261,0,0,0,0,0,0,0.5927332963126537
I6,with_modelled,time_trend_sd,0.045528614603915496,25,0.88,0.001585117465644504,0.0022901032495845075,0.00899839991738014,0.026448065765999996,0.008157365378078301,1.0112246078447933,266.6915508765261,0,0,0,0,0,0,0.5927332963126537
I6,with_modelled,treatment_effect_mean,-0.3374485596707819,25,0.84,0.0032917847077819085,0.007418521065781891,0.024210137248702277,0.07670986406000001,0.023341438012217806,1.0112246078447933,266.6915508765261,0,0,0,0,0,0,0.5927332963126537
I6,with_modelled,treatment_effect_sd,0.07626392697027408,25,0.88,0.007585868591745921,0.008772871679225927,0.01473153543363566,0.044889138534,0.013908895741217567,1.0112246078447933,266.6915508765261,0,0,0,0,0,0,0.5927332963126537
I6,with_raw,baseline_control_mean,0.45,25,0.96,-0.005890769016449994,0.003827327860000007,0.04420920701805983,0.049196845091779996,0.018590690816260125,2.1800289153409325,2.579452074558729,0.04,0,0,0,0,40,0.6446729548508773
I6,with_raw,effect_multiplier[b],1,25,0.92,0.00640556194699998,-0.013156511060000042,0.08285264169318932,0.28029126264000004,0.0861001559645985,2.1800289153409325,2.579452074558729,0.04,0,0,0,0,40,0.6446729548508773
I6,with_raw,time_trend_mean,-0.04,25,0.92,0.0041637440919800005,-1.586788940000014e-4,0.0231346946139817,0.023312126470000003,0.008894870189562268,2.1800289153409325,2.579452074558729,0.04,0,0,0,0,40,0.6446729548508773
I6,with_raw,time_trend_sd,0.02,25,0.92,3.0758035492799943e-4,7.976183000000005e-4,0.004059418779783229,0.012271533926199998,0.0038830735435306163,2.1800289153409325,2.579452074558729,0.04,0,0,0,0,40,0.6446729548508773
I6,with_raw,treatment_effect_mean,-0.15,25,0.92,-0.004411750091200005,-4.1831705500000593e-4,0.026734239613005795,0.03938806431999999,0.013797798872332838,2.1800289153409325,2.579452074558729,0.04,0,0,0,0,40,0.6446729548508773
I6,with_raw,treatment_effect_sd,0.03,25,0.96,0.0018294748629000012,0.0016513140414999988,0.004331384315755514,0.017540300228,0.005490673218098325,2.1800289153409325,2.579452074558729,0.04,0,0,0,0,40,0.6446729548508773
I6,without_modelled,time_trend_mean,-0.08998628257887518,25,0.92,-2.66237197504815e-4,-3.035075631248191e-4,0.008696138051323085,0.031970987141999994,0.009727960267267126,1.009674961667152,379.5768921522419,0,0,0,0,0,0,0.5959836591858927
I6,without_modelled,time_trend_sd,0.045528614603915496,25,0.88,0.0016789388015045039,0.0017673322485845036,0.009034497878992106,0.026494218851999995,0.008115635327761344,1.009674961667152,379.5768921522419,0,0,0,0,0,0,0.5959836591858927
I6,without_modelled,treatment_effect_mean,-0.3374485596707819,25,0.96,0.003671028867781916,0.006390495565781917,0.013434114961821583,0.055793798959999995,0.017014154526053486,1.009674961667152,379.5768921522419,0,0,0,0,0,0,0.5959836591858927
I6,without_modelled,treatment_effect_sd,0.07626392697027408,25,0.88,0.00796330603836592,0.00792339464122592,0.014959462633607309,0.043787468691999995,0.01352056902580833,1.009674961667152,379.5768921522419,0,0,0,0,0,0,0.5959836591858927
I6,without_raw,baseline_control_mean,0.45,25,0.88,-0.005792019960621811,0.0039506586549999945,0.04491032339612366,0.04871552707858,0.01829802848724647,2.021129695752245,2.702104453719479,0.04,0,0,0,0,40,0.5899639855827602
I6,without_raw,time_trend_mean,-0.04,25,0.92,0.0042556367795,-1.7197308249999876e-4,0.0242875522481638,0.023436215266,0.008956387614890962,2.021129695752245,2.702104453719479,0.04,0,0,0,0,40,0.5899639855827602
I6,without_raw,time_trend_sd,0.02,25,0.92,5.583769398559995e-4,6.196707289999985e-4,0.004134755221386993,0.012751791524599999,0.00409001158528328,2.021129695752245,2.702104453719479,0.04,0,0,0,0,40,0.5899639855827602
I6,without_raw,treatment_effect_mean,-0.15,25,1,-0.004538334515600004,0.0011814232550000081,0.02472221122015808,0.030961874799999997,0.011260556786625258,2.021129695752245,2.702104453719479,0.04,0,0,0,0,40,0.5899639855827602
I6,without_raw,treatment_effect_sd,0.03,25,1,0.002025762053160001,0.002340652697500001,0.004520500200122475,0.017937548605999998,0.005685451571663843,2.021129695752245,2.702104453719479,0.04,0,0,0,0,40,0.5899639855827602
I7,modelled,effect_multiplier[b],0.6,15,0.9333333333333333,-0.0438838646993333,-0.05197092875499998,0.08705780345461048,0.30209049326666665,0.0930984856939749,1.0245081285217719,252.121192425075,0,0,0,0,0,0,0.7115872937663916
I7,modelled,time_trend_mean,-0.08998628257887518,15,0.9333333333333333,5.411436142918521e-4,-0.002088569687124814,0.008329644538005648,0.04312879329666666,0.013157588904453838,1.0245081285217719,252.121192425075,0,0,0,0,0,0,0.7115872937663916
I7,modelled,time_trend_sd,0.045528614603915496,15,0.9333333333333333,0.006807746640024503,0.006822863902084503,0.011973339789492641,0.035884387676666664,0.01114737132959231,1.0245081285217719,252.121192425075,0,0,0,0,0,0,0.7115872937663916
I7,modelled,treatment_effect_mean,-0.3374485596707819,15,0.8666666666666667,-0.010539252988551422,-0.006409147024218076,0.0331138044335082,0.0934522408,0.028832800313055164,1.0245081285217719,252.121192425075,0,0,0,0,0,0,0.7115872937663916
I7,modelled,treatment_effect_sd,0.07626392697027408,15,0.8666666666666667,0.005638447253125922,0.001689174891725917,0.016924313700987185,0.056805323506666665,0.017685938267214964,1.0245081285217719,252.121192425075,0,0,0,0,0,0,0.7115872937663916
I8,modelled,effect_multiplier[level2:b],1.4,25,0.92,-0.007093289779599896,-0.03025013349999983,0.13040749513643535,0.4680917282,0.14393310045012533,1.0116733804733935,308.7506015039463,0,0,0,0,0,0,0.5674151237062518
I8,modelled,effect_multiplier[level:b],0.6,25,0.84,-0.012026606912399984,-0.014600253784999961,0.07790999108969296,0.21829949249999997,0.06690326663792424,1.0116733804733935,308.7506015039463,0,0,0,0,0,0,0.5674151237062518
I8,modelled,time_trend_mean,-0.08998628257887518,25,0.84,0.0019549023426751857,0.00384037070637519,0.01089288406205629,0.032939174509999995,0.010066496662965106,1.0116733804733935,308.7506015039463,0,0,0,0,0,0,0.5674151237062518
I8,modelled,time_trend_sd,0.045528614603915496,25,0.8,0.0037742156437045042,0.004544500208584504,0.00990471901876208,0.026921476118,0.008328819533757541,1.0116733804733935,308.7506015039463,0,0,0,0,0,0,0.5674151237062518
I8,modelled,treatment_effect_mean,-0.3374485596707819,25,0.96,-7.351046148180873e-4,-0.005677568344218065,0.026065099630426546,0.09400656410000001,0.028736820632249215,1.0116733804733935,308.7506015039463,0,0,0,0,0,0,0.5674151237062518
I8,modelled,treatment_effect_sd,0.07626392697027408,25,0.88,0.006210918403365921,0.0054018139267259235,0.014550967794767444,0.045055915069999994,0.013861673009623364,1.0116733804733935,308.7506015039463,0,0,0,0,0,0,0.5674151237062518
I8,raw,baseline_control_mean,0.45,25,0.84,0.002515573013199981,0.0030987747849999803,0.01069758633987618,0.02990111596,0.009215034626610781,1.0165326915638937,186.58303441855398,0,0,0,0,0,0,0.6484726592209148
I8,raw,effect_multiplier[level2:b],1.4,25,0.88,-0.008656210011399912,-0.008734762449999822,0.11203121963671665,0.4258890432,0.1309449457399751,1.0165326915638937,186.58303441855398,0,0,0,0,0,0,0.6484726592209148
I8,raw,effect_multiplier[level:b],0.6,25,0.76,-0.01647810927219997,-0.015372539204999924,0.06497388207121518,0.19404632398,0.059517305844882906,1.0165326915638937,186.58303441855398,0,0,0,0,0,0,0.6484726592209148
I8,raw,time_trend_mean,-0.04,25,0.88,5.383010180380007e-4,1.9691329100000182e-4,0.004602554142412223,0.01476475427,0.004508590623725725,1.0165326915638937,186.58303441855398,0,0,0,0,0,0,0.6484726592209148
I8,raw,time_trend_sd,0.02,25,0.84,0.0012195323406579998,3.690289524999994e-4,0.003985310934467689,0.0122669638516,0.003764946607609129,1.0165326915638937,186.58303441855398,0,0,0,0,0,0,0.6484726592209148
I8,raw,treatment_effect_mean,-0.15,25,0.92,-0.0018833986443800054,-0.002218363934999995,0.009980793239547498,0.03876708512,0.011858253468393361,1.0165326915638937,186.58303441855398,0,0,0,0,0,0,0.6484726592209148
I8,raw,treatment_effect_sd,0.03,25,0.88,0.0027077911822000005,0.0017886375480000022,0.005411073981450438,0.018331799537999998,0.005659678364893867,1.0165326915638937,186.58303441855398,0,0,0,0,0,0,0.6484726592209148
I9,modelled,effect_multiplier[level2:b],0.7,25,0.8,0.02862138158560005,0.0025156744300000033,0.12921291306961757,0.39788912912,0.12239044161154727,1.0089488594728673,358.3730029771687,0,0,0,0,0,0,0.6146137874622268
I9,modelled,effect_multiplier[level2:c],0.4,25,0.92,0.042935456085479974,0.02588016117499997,0.09454786204216012,0.32857159764,0.10082570089477455,1.0089488594728673,358.3730029771687,0,0,0,0,0,0,0.6146137874622268
I9,modelled,effect_multiplier[level:b],0.6,25,0.92,0.013163598401800019,0.018476744079999996,0.0864700184243925,0.33173398706,0.10196898266987253,1.0089488594728673,358.3730029771687,0,0,0,0,0,0,0.6146137874622268
I9,modelled,time_trend_mean,-0.08998628257887518,25,0.84,-0.004160230236624814,-0.0063737357796248145,0.011942014458785866,0.035280549317999996,0.010752368707302108,1.0089488594728673,358.3730029771687,0,0,0,0,0,0,0.6146137874622268
I9,modelled,time_trend_sd,0.045528614603915496,25,0.76,0.008104554498144503,0.007302272026584504,0.010892961825887922,0.02871998441,0.008836002177810052,1.0089488594728673,358.3730029771687,0,0,0,0,0,0,0.6146137874622268
I9,modelled,treatment_effect_mean,-0.3374485596707819,25,0.88,0.008006231353781913,0.0038002302107819075,0.037364915594408084,0.11708715466,0.03554741103553868,1.0089488594728673,358.3730029771687,0,0,0,0,0,0,0.6146137874622268
I9,modelled,treatment_effect_sd,0.07626392697027408,25,0.92,-6.177584426740776e-4,-7.923712772740787e-4,0.012463749283711962,0.042948917204,0.01329118716185226,1.0089488594728673,358.3730029771687,0,0,0,0,0,0,0.6146137874622268
I9,raw,baseline_control_mean,0.45,25,0.88,-0.01510337655598561,-0.005518228015000015,0.045475474488716604,0.04955094367404,0.018545673442076378,2.0900378683449614,2.6693975449403027,0.04,0,0,0,0,40,0.6559629414698221
I9,raw,effect_multiplier[level2:b],0.7,25,0.76,0.04003270478660005,0.04671799027500001,0.12988033582024217,0.36817303506,0.11438646442511527,2.0900378683449614,2.6693975449403027,0.04,0,0,0,0,40,0.6559629414698221
I9,raw,effect_multiplier[level2:c],0.4,25,0.84,0.04542269823535997,0.020269057649999977,0.09739575300618956,0.31121624833999995,0.09733787815446555,2.0900378683449614,2.6693975449403027,0.04,0,0,0,0,40,0.6559629414698221
I9,raw,effect_multiplier[level:b],0.6,25,0.92,0.019250639042400014,0.010142726185000006,0.0784132113990389,0.31384977022,0.09773192239975081,2.0900378683449614,2.6693975449403027,0.04,0,0,0,0,40,0.6559629414698221
I9,raw,time_trend_mean,-0.04,25,0.88,0.0032681525889400012,-0.002445439277,0.02331199663219548,0.024148496009999996,0.009026760107010414,2.0900378683449614,2.6693975449403027,0.04,0,0,0,0,40,0.6559629414698221
I9,raw,time_trend_sd,0.02,25,0.84,0.0023200458490039997,0.0018872495729999987,0.0038618571682559146,0.012573982213999997,0.003896146039810021,2.0900378683449614,2.6693975449403027,0.04,0,0,0,0,40,0.6559629414698221
I9,raw,treatment_effect_mean,-0.15,25,0.8,0.0013640765792999948,0.0033738328179999943,0.025460204967153382,0.055027062551999996,0.018241325547178455,2.0900378683449614,2.6693975449403027,0.04,0,0,0,0,40,0.6559629414698221
I9,raw,treatment_effect_sd,0.03,25,0.84,-1.654735313911987e-4,3.905749195000016e-4,0.006174352385431832,0.0179355631882,0.005591969517459421,2.0900378683449614,2.6693975449403027,0.04,0,0,0,0,40,0.6559629414698221
J1,full,time_trend_mean,0,5,1,0.00160711962438313,0.0040980499510901,0.009476931151031853,0.06333141696,0.019441262189077314,1.0195060652049033,182.24015113264574,0,4.6,23,0.2,0.2,0,0.7010088631977787
J1,full,time_trend_sd,0.022222222222222223,5,1,0.014888134158525877,0.015206017937602779,0.015677680910724214,0.06047765916499999,0.018426352699623377,1.0195060652049033,182.24015113264574,0,4.6,23,0.2,0.2,0,0.7010088631977787
J1,full,treatment_effect_mean,-0.3374485596707819,5,1,0.0035087989117819187,0.007548228290781889,0.020579173147518445,0.07737221130000001,0.023583852411356198,1.0195060652049033,182.24015113264574,0,4.6,23,0.2,0.2,0,0.7010088631977787
J1,full,treatment_effect_sd,0.07626392697027408,5,1,-4.2228553403408085e-4,0.0022928318887259214,0.013186870881986792,0.05289270672,0.015884045636197604,1.0195060652049033,182.24015113264574,0,4.6,23,0.2,0.2,0,0.7010088631977787
J1,naive,time_trend_mean,0,5,1,-0.0046697492916269265,0.0010402042132075001,0.015258468757455297,0.08734701192,0.027152264565939797,1.020518848122422,196.9438546072049,0,10.6,28,1,0.4,0,0.581158466324765
J1,naive,time_trend_sd,0.022222222222222223,5,1,0.024810349335018078,0.02123771404370278,0.02658665191873919,0.10073216948999998,0.03340695701044983,1.020518848122422,196.9438546072049,0,10.6,28,1,0.4,0,0.581158466324765
J1,naive,treatment_effect_mean,-0.3374485596707819,5,1,0.006276115824781892,0.013660324880781893,0.01663197324919042,0.05349264059999999,0.016237363439392596,1.020518848122422,196.9438546072049,0,10.6,28,1,0.4,0,0.581158466324765
J1,naive,treatment_effect_sd,0.07626392697027408,5,0.8,0.008205589393525923,0.0075400287147259215,0.01399811698610109,0.04270780018999999,0.01323779538737443,1.020518848122422,196.9438546072049,0,10.6,28,1,0.4,0,0.581158466324765
J2,full,time_trend_mean,-0.05624142661179699,5,1,-0.006320526445246907,-0.0047189056607565075,0.00984619867034271,0.04969906055000001,0.015030856003313654,1.0317552427441505,98.56012257744351,0,23.6,49,1,0.6,0,0.7106188865652989
J2,full,time_trend_sd,0.02306363171885112,5,1,0.0015487053692085611,8.624268895193812e-4,0.0058972293963417575,0.055268611737,0.0168189308502128,1.0317552427441505,98.56012257744351,0,23.6,49,1,0.6,0,0.7106188865652989
J2,full,treatment_effect_mean,-0.3374485596707819,5,1,0.00691283763378191,0.007118868330781902,0.0164431644290059,0.07332469039999998,0.022379392965178532,1.0317552427441505,98.56012257744351,0,23.6,49,1,0.6,0,0.7106188865652989
J2,full,treatment_effect_sd,0.07626392697027408,5,1,0.010619450287925922,0.019256427251725924,0.018404378820430344,0.051398342300000004,0.015644183002137674,1.0317552427441505,98.56012257744351,0,23.6,49,1,0.6,0,0.7106188865652989
J2,naive,time_trend_mean,-0.05624142661179699,5,1,-0.00534230709609825,-0.004481255104558005,0.009032155544962839,0.059377450949999994,0.019070367717053036,1.0100703596401934,205.82723990033267,0,3.2,6,1,0,0,0.6478647674091781
J2,naive,time_trend_sd,0.02306363171885112,5,1,0.004844570116170193,-0.0012847349233446187,0.012225363617462801,0.07066043191799998,0.02453969010520527,1.0100703596401934,205.82723990033267,0,3.2,6,1,0,0,0.6478647674091781
J2,naive,treatment_effect_mean,-0.3374485596707819,5,0.2,-0.04524141582321808,-0.05759681809921807,0.04866675299395627,0.059567979699999996,0.018093188772100678,1.0100703596401934,205.82723990033267,0,3.2,6,1,0,0,0.6478647674091781
J2,naive,treatment_effect_sd,0.07626392697027408,5,0.4,0.01780610193352592,0.027447586459225917,0.023541910115689887,0.04550288653000001,0.01417058118111357,1.0100703596401934,205.82723990033267,0,3.2,6,1,0,0,0.6478647674091781
J3,full,time_trend_mean,-0.11248285322359398,5,0.8,0.0019304773586939854,0.011074058988593982,0.019752862380302886,0.05541513329,0.017143098696982988,1.0807761051583125,19.05204838498403,0.4,33.2,136,0.8,0.4,0,0.6601481764431316
J3,full,time_trend_sd,0.02542130899009136,5,0.8,0.00729200499850803,0.0032340713042361413,0.017822938713617054,0.053473527311999995,0.017155703901896958,1.0807761051583125,19.05204838498403,0.4,33.2,136,0.8,0.4,0,0.6601481764431316
J3,full,treatment_effect_mean,-0.3374485596707819,5,0.8,0.01283872924978191,0.008994864520781909,0.0283376900389179,0.07542430999999997,0.02290969024464131,1.0807761051583125,19.05204838498403,0.4,33.2,136,0.8,0.4,0,0.6601481764431316
J3,full,treatment_effect_sd,0.07626392697027408,5,0.8,0.0013606405632259233,0.00620201920222592,0.021323059859449336,0.06164725509479999,0.01873097447907105,1.0807761051583125,19.05204838498403,0.4,33.2,136,0.8,0.4,0,0.6601481764431316
J3,naive,time_trend_mean,-0.11248285322359398,5,1,0.004851462432400084,0.010005686888674481,0.011789188043808881,0.06407064372999999,0.0203382462298685,1.019249089156191,233.53613074331082,0,2.6,8,0.8,0,0,0.5558493033593442
J3,naive,time_trend_sd,0.02542130899009136,5,0.8,0.009086264165500239,0.004124872799833642,0.022659166379058113,0.07922325641019998,0.027452218335758144,1.019249089156191,233.53613074331082,0,2.6,8,0.8,0,0,0.5558493033593442
J3,naive,treatment_effect_mean,-0.3374485596707819,5,0,-0.0800036685262181,-0.07785176323921811,0.0806930197496306,0.05938559679999998,0.01816207856080726,1.019249089156191,233.53613074331082,0,2.6,8,0.8,0,0,0.5558493033593442
J3,naive,treatment_effect_sd,0.07626392697027408,5,0.6,0.02025799497262592,0.015956964451225922,0.025623416335159566,0.046954276010000004,0.014483360365012719,1.019249089156191,233.53613074331082,0,2.6,8,0.8,0,0,0.5558493033593442
J4,full,time_trend_mean,-0.16872427983539096,5,0.8,-2.82787503009041e-4,-0.012768362960609042,0.02025255049501528,0.0735874727,0.022836852632365075,1.025034934341653,116.86143261520017,0,0.4,2,0.2,0,0,0.7034708876446824
J4,full,time_trend_sd,0.028926850651506127,5,0.8,0.02008461105098827,0.018634441850227373,0.024236890180308175,0.076356686606,0.024202312767471253,1.025034934341653,116.86143261520017,0,0.4,2,0.2,0,0,0.7034708876446824
J4,full,treatment_effect_mean,-0.3374485596707819,5,1,9.087867567819097e-4,0.0048563078257818915,0.02191501964593512,0.08448841350000001,0.02593424470160798,1.025034934341653,116.86143261520017,0,0.4,2,0.2,0,0,0.7034708876446824
J4,full,treatment_effect_sd,0.07626392697027408,5,1,0.001369216885929421,0.0014094175417259242,0.010231585073341428,0.07432517185700001,0.023041734179662564,1.025034934341653,116.86143261520017,0,0.4,2,0.2,0,0,0.7034708876446824
J4,naive,time_trend_mean,-0.16872427983539096,5,1,0.010801425334750956,0.009509633335890944,0.02256737445029863,0.08959954948999999,0.028330819045633945,1.0118035324378862,171.61755875507887,0,3.8,5,1,0,0,0.6229591165607543
J4,naive,time_trend_sd,0.028926850651506127,5,0.8,0.02208326724783344,0.009421666146093872,0.03362962957797197,0.105534316984,0.03494662038963359,1.0118035324378862,171.61755875507887,0,3.8,5,1,0,0,0.6229591165607543
J4,naive,treatment_effect_mean,-0.3374485596707819,5,0,-0.14287297757621809,-0.14329951376421807,0.14317523238424568,0.07300458099999997,0.022276091218604792,1.0118035324378862,171.61755875507887,0,3.8,5,1,0,0,0.6229591165607543
J4,naive,treatment_effect_sd,0.07626392697027408,5,0,0.04111945261362592,0.03840507913922592,0.042584508217761295,0.05643744373000001,0.01740236344066001,1.0118035324378862,171.61755875507887,0,3.8,5,1,0,0,0.6229591165607543
J5,full,time_trend_mean,-0.22496570644718797,5,1,-0.007682880277812038,-0.007320539217812033,0.013825115729023276,0.060785245,0.018509319203114424,1.036621110881941,52.63074863783924,0,9.4,20,0.6,0.4,0,0.6760905184604447
J5,full,time_trend_sd,0.033218824807589406,5,1,0.006989341857686275,0.012363905595508096,0.02139302627431202,0.07608570501849998,0.024531822316643213,1.036621110881941,52.63074863783924,0,9.4,20,0.6,0.4,0,0.6760905184604447
J5,full,treatment_effect_mean,-0.3374485596707819,5,1,0.00930117010478192,0.011705920690781912,0.020506211872244957,0.0755057907,0.02292331022933163,1.036621110881941,52.63074863783924,0,9.4,20,0.6,0.4,0,0.6760905184604447
J5,full,treatment_effect_sd,0.07626392697027408,5,1,-0.0013893370728450816,-4.934042425990826e-4,0.01235615238444124,0.07648432343799999,0.02432804023051944,1.036621110881941,52.63074863783924,0,9.4,20,0.6,0.4,0,0.6760905184604447
J5,naive,time_trend_mean,-0.22496570644718797,5,1,0.0013299686859879645,-0.002518351142812042,0.00937334989209949,0.056962864899999986,0.01967081904191673,1.0252231295807053,198.2502249497178,0,5.4,14,0.8,0.2,0,0.6268776817422828
J5,naive,time_trend_sd,0.033218824807589406,5,1,-0.004136441568013776,-0.004267817711855908,0.009482567209883526,0.071610714956,0.028363127466427388,1.0252231295807053,198.2502249497178,0,5.4,14,0.8,0.2,0,0.6268776817422828
J5,naive,treatment_effect_mean,-0.3374485596707819,5,0,-0.1870957989062181,-0.18506749680421808,0.18743142571600185,0.0834766656,0.025031798238395755,1.0252231295807053,198.2502249497178,0,5.4,14,0.8,0.2,0,0.6268776817422828
J5,naive,treatment_effect_sd,0.07626392697027408,5,0,0.05800558447232592,0.057954550218725934,0.05922276803907563,0.06361838171,0.01978095710424311,1.0252231295807053,198.2502249497178,0,5.4,14,0.8,0.2,0,0.6268776817422828
J6,full,time_trend_mean,-0.2812071330589849,5,0.8,0.01298450566798493,0.01006892389898495,0.017707957903150943,0.079187855,0.024511361770008754,1.0127010326689303,128.75239791852846,0,0.2,1,0.2,0,0,0.7154144500127781
J6,full,time_trend_sd,0.03803190568086263,5,1,0.01832707571534077,0.02210088943013737,0.023049630919868978,0.07423906652099999,0.023164230045484128,1.0127010326689303,128.75239791852846,0,0.2,1,0.2,0,0,0.7154144500127781
J6,full,treatment_effect_mean,-0.3374485596707819,5,1,-0.01066227190821809,-0.00947037877921808,0.01782775867061062,0.08745727519999998,0.026795312392543416,1.0127010326689303,128.75239791852846,0,0.2,1,0.2,0,0,0.7154144500127781
J6,full,treatment_effect_sd,0.07626392697027408,5,0.8,0.004606460931463221,-3.019394232740835e-4,0.015029200152015715,0.072909875627,0.022818474062108192,1.0127010326689303,128.75239791852846,0,0.2,1,0.2,0,0,0.7154144500127781
J6,naive,time_trend_mean,-0.2812071330589849,5,1,0.01962008284208493,0.017321961213984938,0.020981655495523797,0.1085387416,0.03551730219977811,1.021962819367247,98.52326243690993,0,4.4,10,0.8,0,0,0.6384950044414411
J6,naive,time_trend_sd,0.03803190568086263,5,1,0.025510848723015372,0.021247990547587373,0.028957814260945337,0.12637644192399997,0.042788957242777405,1.021962819367247,98.52326243690993,0,4.4,10,0.8,0,0,0.6384950044414411
J6,naive,treatment_effect_mean,-0.3374485596707819,5,0,-0.23758161261821809,-0.2342875972142181,0.23780890154361825,0.09038021249999995,0.027852192641973302,1.021962819367247,98.52326243690993,0,4.4,10,0.8,0,0,0.6384950044414411
J6,naive,treatment_effect_sd,0.07626392697027408,5,0,0.06675907553302592,0.06818900972622592,0.07048054466565414,0.06835402941999999,0.021011145443083964,1.021962819367247,98.52326243690993,0,4.4,10,0.8,0,0,0.6384950044414411
J7,full,time_trend_mean,-0.3374485596707819,5,1,0.003735351951781907,-0.002448581459218113,0.012460458301115376,0.08686201729999998,0.026515574295717163,1.2186687779758723,7.354863406909964,0.2,41,205,0.2,0.2,0,0.705326957007213
J7,full,time_trend_sd,0.04319223625811333,5,0.6,0.02059358629850307,0.030768355176386666,0.030027995108671962,0.074896279736,0.023561439884988374,1.2186687779758723,7.354863406909964,0.2,41,205,0.2,0.2,0,0.705326957007213
J7,full,treatment_effect_mean,-0.3374485596707819,5,1,-0.00958687505521808,-0.012661905529218087,0.014414960841152763,0.09685787919999998,0.029224837530232684,1.2186687779758723,7.354863406909964,0.2,41,205,0.2,0.2,0,0.705326957007213
J7,full,treatment_effect_sd,0.07626392697027408,5,1,0.012858821607925916,0.012194728066225916,0.013316867539444895,0.07878890153,0.023754872741113646,1.2186687779758723,7.354863406909964,0.2,41,205,0.2,0.2,0,0.705326957007213
J7,naive,time_trend_mean,-0.3374485596707819,5,1,4.091753760819161e-4,0.0019346850307819241,0.010913188284994027,0.1315860339,0.040985552796606116,1.030540802486896,114.23628317932629,0,3.6,11,0.8,0.2,0,0.6268057591319673
J7,naive,time_trend_sd,0.04319223625811333,5,0.6,0.0362581711938745,0.04049363009738667,0.050608860601154326,0.14874485457099998,0.048893616927640056,1.030540802486896,114.23628317932629,0,3.6,11,0.8,0.2,0,0.6268057591319673
J7,naive,treatment_effect_mean,-0.3374485596707819,5,0,-0.2909599655372181,-0.2898755667542181,0.29134363142911923,0.10350428330000001,0.03135056351880385,1.030540802486896,114.23628317932629,0,3.6,11,0.8,0.2,0,0.6268057591319673
J7,naive,treatment_effect_sd,0.07626392697027408,5,0,0.09142570698472592,0.09736501593472592,0.0930144641941205,0.07903722310000001,0.02426188946869901,1.030540802486896,114.23628317932629,0,3.6,11,0.8,0.2,0,0.6268057591319673
J8,full,time_trend_mean,-0.39368998628257884,5,1,-5.634921064211595e-4,-0.004781007917421143,0.018639749732617637,0.08458403190000002,0.025827158941955673,1.0055591733587703,241.36693276974182,0,0.2,1,0.2,0,0,0.749430789148645
J8,full,time_trend_sd,0.048589305318899816,5,1,0.012519033890160182,0.009544495499685182,0.01698279387436268,0.07160872845999999,0.02217797301079649,1.0055591733587703,241.36693276974182,0,0.2,1,0.2,0,0,0.749430789148645
J8,full,treatment_effect_mean,-0.3374485596707819,5,1,0.003691832799781902,-0.0030201076192181153,0.01559026985417754,0.09381030880000003,0.028612004988466985,1.0055591733587703,241.36693276974182,0,0.2,1,0.2,0,0,0.749430789148645
J8,full,treatment_effect_sd,0.07626392697027408,5,0.6,0.010217127085421922,-0.004890789124424075,0.03381005897809244,0.074875760793,0.02302363267125387,1.0055591733587703,241.36693276974182,0,0.2,1,0.2,0,0,0.749430789148645
J8,naive,time_trend_mean,-0.39368998628257884,5,0.8,0.003696913732578855,-0.003032651192421132,0.023287472958657584,0.11396292129999999,0.0368208119696511,1.0292174350732046,115.47510047503968,0,1,2,0.8,0,0,0.5357062337631442
J8,naive,time_trend_sd,0.048589305318899816,5,1,0.021274670945191587,0.025028607217150188,0.026601580852569442,0.13064240553999998,0.04361164420206477,1.0292174350732046,115.47510047503968,0,1,2,0.8,0,0,0.5357062337631442
J8,naive,treatment_effect_mean,-0.3374485596707819,5,0,-0.3260635970432181,-0.3267553221892181,0.3265494316359449,0.11485709740000001,0.03485410870041431,1.0292174350732046,115.47510047503968,0,1,2,0.8,0,0,0.5357062337631442
J8,naive,treatment_effect_sd,0.07626392697027408,5,0,0.11233198625802591,0.11254725666472591,0.11370932532396096,0.0905043892,0.028018514427165145,1.0292174350732046,115.47510047503968,0,1,2,0.8,0,0,0.5357062337631442
J9,full,time_trend_mean,-0.44993141289437594,5,1,0.003172516174375939,-0.0033041932906240357,0.02422329630819701,0.08980844770000003,0.027312191294571832,1.012778781814092,228.991017009159,0,5.4,20,0.4,0.2,0,0.6522306663141878
J9,full,time_trend_sd,0.05415237580113904,5,0.8,0.02137707758759876,0.013434450765860965,0.030946802187599456,0.07143853837999999,0.02194986389379032,1.012778781814092,228.991017009159,0,5.4,20,0.4,0.2,0,0.6522306663141878
J9,full,treatment_effect_mean,-0.3374485596707819,5,0.8,-0.0071553351512180785,0.0019320541007818992,0.031092305216784057,0.09190455029999997,0.02794425146080219,1.012778781814092,228.991017009159,0,5.4,20,0.4,0.2,0,0.6522306663141878
J9,full,treatment_effect_sd,0.07626392697027408,5,1,-0.002078864986643682,9.31424776225917e-4,0.020098530240638953,0.074554187069,0.02277885364605111,1.012778781814092,228.991017009159,0,5.4,20,0.4,0.2,0,0.6522306663141878
J9,naive,time_trend_mean,-0.44993141289437594,5,1,-0.0013118496306240624,0.008132421764375952,0.024763839157643065,0.1901086884,0.060130322313147924,1.1780546683816133,8.175987157001936,0.2,62.8,313,0.4,0.2,0,0.6602122626970164
J9,naive,time_trend_sd,0.05415237580113904,5,0.8,0.05174727471581496,0.03206313994636096,0.07552066736125135,0.19841930229599997,0.06709505745241431,1.1780546683816133,8.175987157001936,0.2,62.8,313,0.4,0.2,0,0.6602122626970164
J9,naive,treatment_effect_mean,-0.3374485596707819,5,0,-0.3837703625272181,-0.3828838154692181,0.38431161416148546,0.12484055829999996,0.03854142649342514,1.1780546683816133,8.175987157001936,0.2,62.8,313,0.4,0.2,0,0.6602122626970164
J9,naive,treatment_effect_sd,0.07626392697027408,5,0,0.13480135099272594,0.14197569216472594,0.135451466087193,0.0965421543,0.02963241099300621,1.1780546683816133,8.175987157001936,0.2,62.8,313,0.4,0.2,0,0.6602122626970164
K1,default,time_trend_mean,-0.08998628257887518,5,0.8,-0.003328986446842816,2.0995433687517884e-4,0.014472379954006177,0.057699834209999995,0.017892239112808225,1.0072341894142678,481.20249091206637,0,0,0,0,0,0,0.6207218816331433
K1,default,time_trend_sd,0.045528614603915496,5,1,0.002068761040638304,-1.3139884915497335e-5,0.01399260653811021,0.056839296399,0.018069569358837773,1.0072341894142678,481.20249091206637,0,0,0,0,0,0,0.6207218816331433
K1,default,treatment_effect_mean,-0.3374485596707819,5,1,0.0013904777277819135,0.005789090475781911,0.017806147725299596,0.10676629829999999,0.033288412403863044,1.0072341894142678,481.20249091206637,0,0,0,0,0,0,0.6207218816331433
K1,default,treatment_effect_sd,0.07626392697027408,5,1,0.01709012793212592,0.018112685071225917,0.021721204388603567,0.09358344367,0.030971462742573768,1.0072341894142678,481.20249091206637,0,0,0,0,0,0,0.6207218816331433
K2,default,time_trend_mean,-0.08998628257887518,5,1,-0.003918873081324814,-0.004512751067624818,0.015596124882697484,0.047720660379999995,0.014520844962916713,1.010661729567477,576.5767692870386,0,0,0,0,0,0,0.7209289326077015
K2,default,time_trend_sd,0.045528614603915496,5,0.8,-0.006914156407979426,-0.004735674131915495,0.017540245512242175,0.0425687731661,0.013551055164859854,1.010661729567477,576.5767692870386,0,0,0,0,0,0,0.7209289326077015
K2,default,treatment_effect_mean,-0.3374485596707819,5,0.8,-0.007688811056218092,-0.007689180804218099,0.026779682893037105,0.0783988097,0.023801240126093966,1.010661729567477,576.5767692870386,0,0,0,0,0,0,0.7209289326077015
K2,default,treatment_effect_sd,0.07626392697027408,5,0.8,0.014294826584525923,0.01616435234922592,0.027332990375645738,0.06390338724,0.019731382487493457,1.010661729567477,576.5767692870386,0,0,0,0,0,0,0.7209289326077015
K3,default,time_trend_mean,-0.08998628257887518,5,0.8,0.008827551741495184,0.014917475657875184,0.0159918647717263,0.060298272929999994,0.018454765596115766,1.009144324265014,435.7274822818068,0,0,0,0,0,0,0.8003446383069271
K3,default,time_trend_sd,0.045528614603915496,5,0.2,0.010933838401756931,0.02406677822108451,0.0267899179175668,0.051328787248199996,0.016088036622590205,1.009144324265014,435.7274822818068,0,0,0,0,0,0,0.8003446383069271
K3,default,treatment_effect_mean,-0.3374485596707819,5,0.6,-0.015354079323218094,-0.010497789114218115,0.025698636087356192,0.06379201989999998,0.019434108503258878,1.009144324265014,435.7274822818068,0,0,0,0,0,0,0.8003446383069271
K3,default,treatment_effect_sd,0.07626392697027408,5,1,-8.001648776040773e-4,-0.003068234936274075,0.012565531926687969,0.04923529558000001,0.015197274294803992,1.009144324265014,435.7274822818068,0,0,0,0,0,0,0.8003446383069271
K4,default,time_trend_mean,-0.08998628257887518,5,1,-0.008229644733324815,-0.01798093978362482,0.01615860718569467,0.05069423589999999,0.015430542978786122,1.0082688767705748,407.7274407432228,0,0,0,0,0,0,0.8128512851154168
K4,default,time_trend_sd,0.045528614603915496,5,1,-0.0019470932094754964,-4.338073285154939e-4,0.004169637456786089,0.04400004986,0.013759495083509148,1.0082688767705748,407.7274407432228,0,0,0,0,0,0,0.8128512851154168
K4,default,treatment_effect_mean,-0.3374485596707819,5,1,0.014904710770781916,0.020339446775781922,0.019843799249669468,0.058354960199999986,0.01781402379322205,1.0082688767705748,407.7274407432228,0,0,0,0,0,0,0.8128512851154168
K4,default,treatment_effect_sd,0.07626392697027408,5,0.8,0.008119527881225922,0.007887929098725918,0.01388089874580046,0.04025940414,0.012308350637864878,1.0082688767705748,407.7274407432228,0,0,0,0,0,0,0.8128512851154168
K5,default,time_trend_mean,-0.08998628257887518,5,0.8,-0.004348206419024817,-0.00450639687662481,0.011690285517514247,0.05216472842,0.015361105399764595,1.0249023686021488,72.62378660120153,0,12.8,60,0.4,0.2,0,0.75540264688883485
K5,default,time_trend_sd,0.045528614603915496,5,0.8,-0.0019212319704505168,0.009210638968084502,0.016606191533119395,0.05284150816899999,0.016218818057623728,1.0249023686021488,72.62378660120153,0,12.8,60,0.4,0.2,0,0.75540264688883485
K5,default,treatment_effect_mean,-0.3374485596707819,5,1,0.00600056916278191,-8.536725992180916e-4,0.012552283849709939,0.05164644189999997,0.015241457882700794,1.0249023686021488,72.62378660120153,0,12.8,60,0.4,0.2,0,0.75540264688883485
K5,default,treatment_effect_sd,0.07626392697027408,5,0.8,0.0017056716153259239,-7.640021977407818e-5,0.011604383171156123,0.03742616835,0.011333029914712184,1.0249023686021488,72.62378660120153,0,12.8,60,0.4,0.2,0,0.75540264688883485
K6,default,time_trend_mean,-0.08998628257887518,5,0.8,-0.011204319401124813,-0.007226328056124817,0.0160625534006617,0.03965491665,0.012169353944346366,1.0041177574739457,617.0786720947343,0,0,0,0,0,0,0.6149516955696304
K6,default,time_trend_sd,0.045528614603915496,5,0.6,0.002090974118704502,0.004780442905084503,0.012471035803910346,0.03409359827,0.010597843872860963,1.0041177574739457,617.0786720947343,0,0,0,0,0,0,0.6149516955696304
K6,default,treatment_effect_mean,-0.3374485596707819,5,1,-0.00290425592721808,-0.004124738099218095,0.01081505201427569,0.06642935799999997,0.020270269205078243,1.0041177574739457,617.0786720947343,0,0,0,0,0,0,0.6149516955696304
K6,default,treatment_effect_sd,0.07626392697027408,5,1,0.006011819027825921,0.0018608165942259197,0.01282722467063397,0.05379522636,0.016923368233208114,1.0041177574739457,617.0786720947343,0,0,0,0,0,0,0.6149516955696304
K7,default,time_trend_mean,-0.08998628257887518,5,1,0.004385979474975185,0.008689393158375192,0.009816923184563843,0.03323501609,0.01015775300468028,1.0095970151816656,665.4850308091965,0,0,0,0,0,0,0.6385731022920397
K7,default,time_trend_sd,0.045528614603915496,5,1,0.004702249151884505,0.004121541332084505,0.005519163867002499,0.027290740980000002,0.008427038233311689,1.0095970151816656,665.4850308091965,0,0,0,0,0,0,0.6385731022920397
K7,default,treatment_effect_mean,-0.3374485596707819,5,0.8,0.012379130127781902,0.019972817895781925,0.019156386912778087,0.05022346019999999,0.015420720323111096,1.0095970151816656,665.4850308091965,0,0,0,0,0,0,0.6385731022920397
K7,default,treatment_effect_sd,0.07626392697027408,5,1,3.492809566259192e-4,-2.2284067927408335e-4,0.008220005891249174,0.04124447093,0.01273053679043575,1.0095970151816656,665.4850308091965,0,0,0,0,0,0,0.6385731022920397
K8,default,time_trend_mean,-0.08998628257887518,5,0.6,-0.006578445936124816,-0.006439087012124811,0.009118327731112008,0.023649141470000003,0.00722445892051401,1.0060994973949668,802.1197590650287,0,0,0,0,0,0,0.5925425834128489
K8,default,time_trend_sd,0.045528614603915496,5,1,-1.5679281231549547e-4,-0.002548201989415494,0.003257993796624039,0.0192018492,0.005898497526395281,1.0060994973949668,802.1197590650287,0,0,0,0,0,0,0.5925425834128489
K8,default,treatment_effect_mean,-0.3374485596707819,5,0.6,0.009575833790781908,0.01771427204578191,0.02021248501507964,0.040069462599999994,0.012198051313599035,1.0060994973949668,802.1197590650287,0,0,0,0,0,0,0.5925425834128489
K8,default,treatment_effect_sd,0.07626392697027408,5,1,6.443084526259219e-4,0.002794617573725927,0.006668347788018231,0.03120637487,0.00951487965426073,1.0060994973949668,802.1197590650287,0,0,0,0,0,0,0.5925425834128489
K9,default,time_trend_mean,-0.08998628257887518,5,1,-4.578577816248125e-4,-0.00190917616912481,0.005821613778375926,0.01929359243,0.005909459527097939,1.0073637032684275,474.7724340673425,0,0,0,0,0,0,0.5981542610006904
K9,default,time_trend_sd,0.045528614603915496,5,0.8,0.004269373111884504,0.005141866131084506,0.005532765423391078,0.015488039770000002,0.004698794778729242,1.0073637032684275,474.7724340673425,0,0,0,0,0,0,0.5981542610006904
K9,default,treatment_effect_mean,-0.3374485596707819,5,1,3.97013947781899e-4,-6.211578142180652e-4,0.0018500986206701274,0.03156585970000002,0.009615487773005332,1.0073637032684275,474.7724340673425,0,0,0,0,0,0,0.5981542610006904
K9,default,treatment_effect_sd,0.07626392697027408,5,1,0.006594497481825917,0.008541130703225916,0.007322589870641785,0.024205664760000002,0.007375820281427432,1.0073637032684275,474.7724340673425,0,0,0,0,0,0,0.5981542610006904
L1,normal,time_trend_mean,-0.08998628257887518,5,1,1.8803396377518322e-4,0.0032745057033751884,0.010479389103074511,0.03972868169999999,0.012054778399962211,1.0082736475048926,568.3062253660921,0,0,0,0,0,0,0.5841685403705411
L1,normal,time_trend_sd,0.045528614603915496,5,1,0.0023095836681845034,0.0025961940075845055,0.008320202071778703,0.034046897859999994,0.010521254192007537,1.0082736475048926,568.3062253660921,0,0,0,0,0,0,0.5841685403705411
L1,normal,treatment_effect_mean,-0.3374485596707819,5,0.8,-0.022613293698218084,-0.028983036889218106,0.028118251668712235,0.07209031639999999,0.02215687573093781,1.0082736475048926,568.3062253660921,0,0,0,0,0,0,0.5841685403705411
L1,normal,treatment_effect_sd,0.07626392697027408,5,1,0.014766299275525918,0.014955136969225916,0.018335391760783998,0.05801061834,0.018451518753525343,1.0082736475048926,568.3062253660921,0,0,0,0,0,0,0.5841685403705411
L1,robust,time_trend_mean,-0.08998628257887518,5,1,4.770844439751842e-4,0.004062349900375184,0.010927902688898754,0.03977621615,0.012052833257798021,1.0039396346111933,688.8528831894204,0,0,0,0,0,0,0.6994466812780492
L1,robust,time_trend_sd,0.045528614603915496,5,1,0.0021478332909045036,0.001968783719084502,0.008711011176063405,0.033214936269999995,0.010410415270298205,1.0039396346111933,688.8528831894204,0,0,0,0,0,0,0.6994466812780492
L1,robust,treatment_effect_mean,-0.3374485596707819,5,0.8,-0.022107447328218087,-0.023039392169218076,0.027948270947680966,0.0741011541,0.02273776194853877,1.0039396346111933,688.8528831894204,0,0,0,0,0,0,0.6994466812780492
L1,robust,treatment_effect_sd,0.07626392697027408,5,1,0.00997780929212592,0.013163217309725916,0.014212233506465388,0.06170534088,0.019441855349420067,1.0039396346111933,688.8528831894204,0,0,0,0,0,0,0.6994466812780492
L2,normal,time_trend_mean,-0.08998628257887518,5,1,0.001021394935475184,-4.7035004362482036e-4,0.0041802182145539045,0.04028879336999999,0.012275563281501195,1.016437100455146,376.2099508938217,0,0,0,0,0,0,0.6091100100695565
L2,normal,time_trend_sd,0.045528614603915496,5,1,0.0019572694921845047,3.556022540845069e-4,0.008482241479927299,0.03367206003999999,0.010410657272835425,1.016437100455146,376.2099508938217,0,0,0,0,0,0,0.6091100100695565
L2,normal,treatment_effect_mean,-0.3374485596707819,5,1,8.245709087819075e-4,0.0027961784507818943,0.01291627041063835,0.08235821719999999,0.025444926461398492,1.016437100455146,376.2099508938217,0,0,0,0,0,0,0.6091100100695565
L2,normal,treatment_effect_sd,0.07626392697027408,5,0.6,0.02924190294992592,0.015151231835225917,0.035199335305158466,0.06757233666,0.02103643643629894,1.016437100455146,376.2099508938217,0,0,0,0,0,0,0.6091100100695565
L2,robust,time_trend_mean,-0.08998628257887518,5,1,0.0013525740505751865,-6.927214961248152e-4,0.004213022303132402,0.03945664658,0.01207954848834093,1.0041679885562134,724.9265767831704,0,0,0,0,0,0,0.6843636971328503
L2,robust,time_trend_sd,0.045528614603915496,5,1,0.0019989878752845053,8.598410485845046e-4,0.00840982884054269,0.03336841698,0.010544546608257425,1.0041679885562134,724.9265767831704,0,0,0,0,0,0,0.6843636971328503
L2,robust,treatment_effect_mean,-0.3374485596707819,5,1,0.005473295762781915,0.005987303915781894,0.009091162637207932,0.07382058479999999,0.022616521300191258,1.0041679885562134,724.9265767831704,0,0,0,0,0,0,0.6843636971328503
L2,robust,treatment_effect_sd,0.07626392697027408,5,1,0.00768468425212592,0.005799416948225916,0.01589370972557634,0.07266416594,0.02260228470169616,1.0041679885562134,724.9265767831704,0,0,0,0,0,0,0.6843636971328503
L3,normal,time_trend_mean,-0.08998628257887518,5,0.8,0.008295262909575185,0.009447299737875184,0.011303523550024477,0.039664523740000006,0.012122839900839209,1.012605389157543,120.18340095926325,0,0,0,0,0,0,0.6262058518272489
L3,normal,time_trend_sd,0.045528614603915496,5,1,0.0017496376894845038,0.0036435096925845067,0.006393902879186493,0.0339903966,0.010607450091097159,1.012605389157543,120.18340095926325,0,0,0,0,0,0,0.6262058518272489
L3,normal,treatment_effect_mean,-0.3374485596707819,5,0.8,0.009920416511781905,0.0034055254307819305,0.03544953124104915,0.1129943044,0.034667449815966006,1.012605389157543,120.18340095926325,0,0,0,0,0,0,0.6262058518272489
L3,normal,treatment_effect_sd,0.07626392697027408,5,0.2,0.07399465824112592,0.08188820760372591,0.07968613814243258,0.09020063387,0.0281898240333808,1.012605389157543,120.18340095926325,0,0,0,0,0,0,0.6262058518272489
L3,robust,time_trend_mean,-0.08998628257887518,5,0.8,0.008114543136675183,0.009734960772375179,0.01081713646228463,0.03891417869,0.012008343363471924,1.0027237888482767,591.1537429360956,0,0,0,0,0,0,0.6627111309257008
L3,robust,time_trend_sd,0.045528614603915496,5,1,0.0023106830145325037,0.004896994177084502,0.006799084004774308,0.034005413309999996,0.010673809502901614,1.0027237888482767,591.1537429360956,0,0,0,0,0,0,0.6627111309257008
L3,robust,treatment_effect_mean,-0.3374485596707819,5,0.8,0.012476538193781916,3.434128207819298e-4,0.033045750823940255,0.10849453410000001,0.033408342688244,1.0027237888482767,591.1537429360956,0,0,0,0,0,0,0.6627111309257008
L3,robust,treatment_effect_sd,0.07626392697027408,5,0.6,0.052737290732825924,0.06346600812572593,0.05860830389846035,0.10378289563,0.03169356194197365,1.0027237888482767,591.1537429360956,0,0,0,0,0,0,0.6627111309257008
L4,normal,time_trend_mean,-0.08998628257887518,5,0.8,-0.0033433564621248137,5.968900287518786e-5,0.0158440612443409,0.04307770841,0.01306190623304547,1.0118517332029986,238.49987204914794,0,0,0,0,0,0,0.5617883343953636
L4,normal,time_trend_sd,0.045528614603915496,5,0.6,0.007140058067684506,0.007535911392084503,0.01480598548292699,0.036444141769999994,0.011341829651781566,1.0118517332029986,238.49987204914794,0,0,0,0,0,0,0.5617883343953636
L4,normal,treatment_effect_mean,-0.3374485596707819,5,1,0.010416142001881911,0.007484525645781892,0.04179059032691158,0.149692309,0.045364856853750773,1.0118517332029986,238.49987204914794,0,0,0,0,0,0,0.5617883343953636
L4,normal,treatment_effect_sd,0.07626392697027408,5,0,0.12070171568272592,0.12185053801972591,0.12230355137476383,0.11484516539999998,0.03591967110261853,1.0118517332029986,238.49987204914794,0,0,0,0,0,0,0.5617883343953636
L4,robust,time_trend_mean,-0.08998628257887518,5,0.8,-0.003138608001924817,7.029803068751839e-4,0.015778191465519804,0.042410383139999994,0.012944395931735549,1.0042181228090608,732.7022902089163,0,0,0,0,0,0,0.7118315012590476
L4,robust,time_trend_sd,0.045528614603915496,5,0.6,0.0070757735220845054,0.007326648111584504,0.014684946106266368,0.0357579564,0.01122006892915792,1.0042181228090608,732.7022902089163,0,0,0,0,0,0,0.7118315012590476
L4,robust,treatment_effect_mean,-0.3374485596707819,5,1,0.006410899405581904,0.009857797785781885,0.038864885387333965,0.14181823510000002,0.04372267324554402,1.0042181228090608,732.7022902089163,0,0,0,0,0,0,0.7118315012590476
L4,robust,treatment_effect_sd,0.07626392697027408,5,0,0.10226736601062592,0.10202224355072591,0.10388421529188412,0.12192294620000001,0.037929676952639726,1.0042181228090608,732.7022902089163,0,0,0,0,0,0,0.7118315012590476
L5,normal,time_trend_mean,-0.08998628257887518,5,1,-0.004390291399024815,-0.007923986821124815,0.007263888073567588,0.037966857629999996,0.01164669207152889,1.0141006211338632,208.72651029635472,0,0,0,0,0,0,0.6658683932518444
L5,normal,time_trend_sd,0.045528614603915496,5,0.8,-5.424569849594954e-4,0.002168442016584504,0.010107183024531875,0.03389789168,0.010424822875788673,1.0141006211338632,208.72651029635472,0,0,0,0,0,0,0.6658683932518444
L5,normal,treatment_effect_mean,-0.3374485596707819,5,1,-0.0015541701445180745,-0.006449236404218073,0.03815944516636108,0.16717285449999997,0.05139306400641644,1.0141006211338632,208.72651029635472,0,0,0,0,0,0,0.6658683932518444
L5,normal,treatment_effect_sd,0.07626392697027408,5,0,0.1483312351117259,0.1513348479747259,0.14932085992995128,0.13232990119999996,0.04176066630739245,1.0141006211338632,208.72651029635472,0,0,0,0,0,0,0.6658683932518444
L5,robust,time_trend_mean,-0.08998628257887518,5,1,-0.004907966014824813,-0.008392544797124812,0.007510165169738928,0.03881058821,0.011959609687421392,1.0062824358060167,665.2895825190456,0,0,0,0,0,0,0.6421324487446058
L5,robust,time_trend_sd,0.045528614603915496,5,0.8,-3.5535907515549524e-4,0.002793855274084503,0.010114043044224166,0.03396085635999999,0.010538721989261444,1.0062824358060167,665.2895825190456,0,0,0,0,0,0,0.6421324487446058
L5,robust,treatment_effect_mean,-0.3374485596707819,5,1,-8.258332314180939e-4,-0.005240161839218105,0.036051800449810205,0.166509519,0.05126526593840017,1.0062824358060167,665.2895825190456,0,0,0,0,0,0,0.6421324487446058
L5,robust,treatment_effect_sd,0.07626392697027408,5,0,0.13515066380612592,0.13747263750972594,0.1360526505162889,0.1376008266,0.042865218283407634,1.0062824358060167,665.2895825190456,0,0,0,0,0,0,0.6421324487446058
M1,full,time_trend_mean,0,5,0.8,-0.00399812381875199,-0.00447284191795045,0.006593815356703235,0.023518199223,0.0072083782561339835,1.007305569926046,469.6149696113665,0,0.2,1,0.2,0,0,0.669093484705807
M1,full,time_trend_sd,0,5,0,0.01441300111064239,0.015298245823028,0.01513572237099464,0.026226405495,0.00810251904798713,1.007305569926046,469.6149696113665,0,0.2,1,0.2,0,0,0.669093484705807
M1,full,treatment_effect_mean,-0.3374485596707819,5,0.8,0.004592818071781901,0.006425359840781908,0.022671001172879474,0.0539430604,0.016595426876580402,1.007305569926046,469.6149696113665,0,0.2,1,0.2,0,0,0.669093484705807
M1,full,treatment_effect_sd,0.07626392697027408,5,1,0.0014774624154259245,-2.8518307077407545e-4,0.012051284832981598,0.04033272669,0.012506882094494466,1.007305569926046,469.6149696113665,0,0.2,1,0.2,0,0,0.669093484705807
M1,naive,time_trend_mean,0,5,1,-0.0030541807472893897,-0.00329564486172265,0.005417536704457133,0.024968144797999997,0.007618519920535354,1.0196405644382474,400.6038567076102,0,0,0,0,0,0,0.6190398176565844
M1,naive,time_trend_sd,0,5,0,0.01571448450202787,0.0165584128258871,0.017018169807436614,0.027702493665699993,0.008678068769671334,1.0196405644382474,400.6038567076102,0,0,0,0,0,0,0.6190398176565844
M1,naive,treatment_effect_mean,-0.3374485596707819,5,0.6,0.0015005508377819222,0.0035027460157819323,0.020421403982366686,0.050357543000000005,0.015449706175690707,1.0196405644382474,400.6038567076102,0,0,0,0,0,0,0.6190398176565844
M1,naive,treatment_effect_sd,0.07626392697027408,5,0.8,0.001855381547025922,0.0027522282422259153,0.012219500429002546,0.04046109658,0.012530668098325105,1.0196405644382474,400.6038567076102,0,0,0,0,0,0,0.6190398176565844
M2,full,time_trend_mean,0,5,0.8,-0.00433441524618029,0.0030432489547726,0.01301829355493081,0.043650480902,0.013159406260813807,1.00455989468876,366.3640197575873,0,0,0,0,0,0,0.6290032468651761
M2,full,time_trend_sd,0.044444444444444446,5,1,0.0033137630652555553,0.003413660365055554,0.005440706477517191,0.038549647529999995,0.012023168523463888,1.00455989468876,366.3640197575873,0,0,0,0,0,0,0.6290032468651761
M2,full,treatment_effect_mean,-0.3374485596707819,5,0.8,0.01223145365278192,0.015330237980781924,0.02259189390061658,0.06134153389999998,0.018841334533022988,1.00455989468876,366.3640197575873,0,0,0,0,0,0,0.6290032468651761
M2,full,treatment_effect_sd,0.07626392697027408,5,1,0.006860469959225924,0.00820512705622592,0.012253272262460362,0.049836657789999995,0.015328040699804098,1.00455989468876,366.3640197575873,0,0,0,0,0,0,0.6290032468651761
M2,naive,time_trend_mean,0,5,0.8,-0.0044404981495725524,8.60742041966e-4,0.015064547405965124,0.044453329515,0.013823526947162858,1.0080805839469575,340.3033780453563,0,0,0,0,0,0,0.6564299984109062
M2,naive,time_trend_sd,0.044444444444444446,5,1,0.0029326777067155544,2.0789361155555686e-4,0.007017945887898693,0.04038910118,0.012497998553848411,1.0080805839469575,340.3033780453563,0,0,0,0,0,0,0.6564299984109062
M2,naive,treatment_effect_mean,-0.3374485596707819,5,0.8,0.01102783855178191,0.0061968903807819165,0.019946201650259558,0.05780222419999999,0.017581526756688327,1.0080805839469575,340.3033780453563,0,0,0,0,0,0,0.6564299984109062
M2,naive,treatment_effect_sd,0.07626392697027408,5,0.8,0.014427299236125918,0.013360200075725914,0.01687782152793124,0.04562797203999999,0.013877544487594255,1.0080805839469575,340.3033780453563,0,0,0,0,0,0,0.6564299984109062
M3,full,time_trend_mean,0,5,1,0.004760440709387726,0.011683953877245,0.02042870701065419,0.06876689805399999,0.02107960183113323,1.0108150478693236,277.2108257571972,0,0,0,0,0,0,0.7032295695861291
M3,full,time_trend_sd,0.08888888888888889,5,1,6.885960501110678e-5,-0.0018026840153888973,0.007229049953487554,0.05273771836999999,0.016337109701453793,1.0108150478693236,277.2108257571972,0,0,0,0,0,0,0.7032295695861291
M3,full,treatment_effect_mean,-0.3374485596707819,5,1,0.00672991465178191,0.009277280725781933,0.011412564136301638,0.06744717239999998,0.020677102682240354,1.0108150478693236,277.2108257571972,0,0,0,0,0,0,0.7032295695861291
M3,full,treatment_effect_sd,0.07626392697027408,5,1,0.006582750248625924,0.007263303321725922,0.00837957320770477,0.05319384585,0.016531008353409638,1.0108150478693236,277.2108257571972,0,0,0,0,0,0,0.7032295695861291
M3,naive,time_trend_mean,0,5,1,0.006402530724129879,0.0015530472275946,0.020170331710758528,0.08753761278099999,0.02634533277978909,1.0100751695084673,289.76368589808976,0,0,0,0,0,0,0.6007187112772274
M3,naive,time_trend_sd,0.08888888888888889,5,1,0.010971432245411106,0.008608697416111102,0.016236490900488624,0.07207889177,0.022495750203596163,1.0100751695084673,289.76368589808976,0,0,0,0,0,0,0.6007187112772274
M3,naive,treatment_effect_mean,-0.3374485596707819,5,0.8,0.00834400705778191,0.003133512760781887,0.01681620596793302,0.061449426800000005,0.01888982654745733,1.0100751695084673,289.76368589808976,0,0,0,0,0,0,0.6007187112772274
M3,naive,treatment_effect_sd,0.07626392697027408,5,0.6,0.02030143896532592,0.01928422724722592,0.023639222545583323,0.047372114459999996,0.014753506117653805,1.0100751695084673,289.76368589808976,0,0,0,0,0,0,0.6007187112772274
M4,full,time_trend_mean,0,5,0.8,0.024297318003602558,0.015760832862653,0.037579828151104236,0.10225774034,0.031171987740261767,1.0107044780022807,348.89704675604935,0,0,0,0,0,0,0.6738696050814604
M4,full,time_trend_sd,0.13333333333333333,5,0.6,0.015362885922666668,0.01590122318566667,0.03334817200882618,0.07941891225999999,0.02461874438124924,1.0107044780022807,348.89704675604935,0,0,0,0,0,0,0.6738696050814604
M4,full,treatment_effect_mean,-0.3374485596707819,5,1,-0.01031319944521808,-0.005072615784218082,0.017129087467835615,0.07007042890000001,0.021528418476754758,1.0107044780022807,348.89704675604935,0,0,0,0,0,0,0.6738696050814604
M4,full,treatment_effect_sd,0.07626392697027408,5,1,0.0032467883546259207,0.0043131902102259145,0.01171171606067228,0.06450197075,0.01999584403690865,1.0107044780022807,348.89704675604935,0,0,0,0,0,0,0.6738696050814604
M4,naive,time_trend_mean,0,5,1,0.01901468358098709,0.0147702720814905,0.023726601876800688,0.12707187149000002,0.0389749306276645,1.0124165468599948,213.70144833142004,0,0,0,0,0,0,0.6340863480419762
M4,naive,time_trend_sd,0.13333333333333333,5,0.8,0.013543974732066668,0.011511388105166664,0.030591452855922716,0.10269727603999998,0.032471938328351053,1.0124165468599948,213.70144833142004,0,0,0,0,0,0,0.6340863480419762
M4,naive,treatment_effect_mean,-0.3374485596707819,5,1,0.005789084454781912,0.004215828970781932,0.017656047929983293,0.08934105049999996,0.027056320711823952,1.0124165468599948,213.70144833142004,0,0,0,0,0,0,0.6340863480419762
M4,naive,treatment_effect_sd,0.07626392697027408,5,0.2,0.06718263423282592,0.06788871336022591,0.07232695041402024,0.06761488615,0.021124291860570986,1.0124165468599948,213.70144833142004,0,0,0,0,0,0,0.6340863480419762
M5,full,time_trend_mean,0,5,0.6,-8.376248176503901e-4,3.4161653074000006e-4,0.06344605064762919,0.14384713024999998,0.043847305396278666,1.014844901776038,201.18693399252987,0,0,0,0,0,0,0.661042527113446
M5,full,time_trend_sd,0.22222222222222224,5,0.8,-0.0037724970631222376,0.01153243067277776,0.047432255328299165,0.10993373807999997,0.033721722482981775,1.014844901776038,201.18693399252987,0,0,0,0,0,0,0.661042527113446
M5,full,treatment_effect_mean,-0.3374485596707819,5,1,0.006283799752781915,0.004160647005781892,0.010641685159197285,0.08221392040000002,0.025446087163384205,1.014844901776038,201.18693399252987,0,0,0,0,0,0,0.661042527113446
M5,full,treatment_effect_sd,0.07626392697027408,5,1,0.016482201459225916,0.011688226096725915,0.018527913081725234,0.07404439201999999,0.02334530147062244,1.014844901776038,201.18693399252987,0,0,0,0,0,0,0.661042527113446
M5,naive,time_trend_mean,0,5,0.6,-0.013621813086270699,-0.0048521955953115,0.04861071299977873,0.18104013183399997,0.055381087507426464,1.0152510799500785,146.81630824165788,0,0,0,0,0,0,0.5678143830189458
M5,naive,time_trend_sd,0.22222222222222224,5,0.8,-0.01054737757992224,0.0044425464777777535,0.05874831751769804,0.14558859790999998,0.046749370684931076,1.0152510799500785,146.81630824165788,0,0,0,0,0,0,0.5678143830189458
M5,naive,treatment_effect_mean,-0.3374485596707819,5,0.6,0.01025967257478192,0.02367873680578192,0.05556612402829374,0.118735534,0.03631146580387593,1.0152510799500785,146.81630824165788,0,0,0,0,0,0,0.5678143830189458
M5,naive,treatment_effect_sd,0.07626392697027408,5,0,0.11998150175292592,0.14292952830472594,0.12473632912860967,0.0902044052,0.027708798561169284,1.0152510799500785,146.81630824165788,0,0,0,0,0,0,0.5678143830189458
M6,full,time_trend_mean,0,5,0.8,0.03011532002991504,0.0277931442476563,0.05449815810508705,0.20323813228999996,0.062144014768722784,1.0070794225074666,193.45881398607696,0,0,0,0,0,0,0.6432716454310837
M6,full,time_trend_sd,0.3111111111111111,5,1,0.009121772450888887,0.017558171523888888,0.024560306374520287,0.15137096930000002,0.046553112464749656,1.0070794225074666,193.45881398607696,0,0,0,0,0,0,0.6432716454310837
M6,full,treatment_effect_mean,-0.3374485596707819,5,1,0.0028466494407819233,0.0015404099607819188,0.012677791192041802,0.0761902881,0.02366055614489923,1.0070794225074666,193.45881398607696,0,0,0,0,0,0,0.6432716454310837
M6,full,treatment_effect_sd,0.07626392697027408,5,0.8,0.00915590505932592,0.00894543629372592,0.025120208293349273,0.06778057098000001,0.021184844000419853,1.0070794225074666,193.45881398607696,0,0,0,0,0,0,0.6432716454310837
M6,naive,time_trend_mean,0,5,1,0.0408823351547676,0.0361340376069995,0.06493706088349246,0.30755138527,0.09462318034764937,1.0174742620392807,162.81774292154736,0,0,0,0,0,0,0.6295498866038505
M6,naive,time_trend_sd,0.3111111111111111,5,0.6,0.06182750029888887,0.044651657378888876,0.08570241377195005,0.2580092235,0.08129149079044422,1.0174742620392807,162.81774292154736,0,0,0,0,0,0,0.6295498866038505
M6,naive,treatment_effect_mean,-0.3374485596707819,5,1,0.010855545066781913,0.021275793550781907,0.038955514126777085,0.1302078702,0.03985162617580439,1.0174742620392807,162.81774292154736,0,0,0,0,0,0,0.6295498866038505
M6,naive,treatment_effect_sd,0.07626392697027408,5,0,0.1359918865647259,0.13513766869472593,0.13788407360953434,0.09905595799999999,0.030880756767490504,1.0174742620392807,162.81774292154736,0,0,0,0,0,0,0.6295498866038505
N1,full,time_trend_mean,-0.08998628257887518,5,0.6,0.014701623940124187,0.01647267910937518,0.01790749148212683,0.04889549442,0.015005108565479552,1.0144793620363515,350.3285067734623,0,0,0,0,0,0,0.6608920049869892
N1,full,time_trend_sd,0.045528614603915496,5,0.8,-0.006136437518138596,-0.0072026997037154955,0.018051441126438677,0.04817418845269999,0.015105730631384413,1.0144793620363515,350.3285067734623,0,0,0,0,0,0,0.6608920049869892
N1,full,treatment_effect_mean,-0.3374485596707819,5,0.8,-0.02900870832421808,-0.019609454379218072,0.0344439696584412,0.09854123470000001,0.030371486772209626,1.0144793620363515,350.3285067734623,0,0,0,0,0,0,0.6608920049869892
N1,full,treatment_effect_sd,0.07626392697027408,5,0.4,0.04252265029852592,0.03338076012722592,0.05233725106531803,0.08003530291,0.024424312859837535,1.0144793620363515,350.3285067734623,0,0,0,0,0,0,0.6608920049869892
N1,naive,time_trend_mean,-0.08998628257887518,5,0.8,0.015822566991746185,0.019621200647375187,0.017715061561920115,0.05081314669,0.0157167728375105,1.0076409859168949,210.35209670378765,0,0,0,0,0,0,0.6682336866774019
N1,naive,time_trend_sd,0.045528614603915496,5,0.8,-0.005763186106987355,-0.009361302245865497,0.019415285853863092,0.05080185172189999,0.01632334857972376,1.0076409859168949,210.35209670378765,0,0,0,0,0,0,0.6682336866774019
N1,naive,treatment_effect_mean,-0.3374485596707819,5,0.2,-0.06662534758921809,-0.05965037577421811,0.069116534554914,0.0996679388,0.03054502477014047,1.0076409859168949,210.35209670378765,0,0,0,0,0,0,0.6682336866774019
N1,naive,treatment_effect_sd,0.07626392697027408,5,0.2,0.054443910588825924,0.05054898341322593,0.06337847403804402,0.07869850724,0.024345618654087266,1.0076409859168949,210.35209670378765,0,0,0,0,0,0,0.6682336866774019
N2,full,time_trend_mean,-0.08998628257887518,5,1,-0.003282065556335814,-0.0034212773480248176,0.01635181598661122,0.07020297874999999,0.021657668760874334,1.007248706942225,278.70810959319846,0,0,0,0,0,0,0.6817092983474274
N2,full,time_trend_sd,0.045528614603915496,5,1,0.013394910753774504,0.0198944400685845,0.020600367986448268,0.06637213490999999,0.020862990785196326,1.007248706942225,278.70810959319846,0,0,0,0,0,0,0.6817092983474274
N2,full,treatment_effect_mean,-0.3374485596707819,5,0.8,-0.01827623089821807,-0.020779728624218063,0.040587260994869256,0.0874128418,0.026712308155402074,1.007248706942225,278.70810959319846,0,0,0,0,0,0,0.6817092983474274
N2,full,treatment_effect_sd,0.07626392697027408,5,1,0.00966381505559592,0.004164203627725918,0.017228045828836688,0.07624831766,0.023326563555595335,1.007248706942225,278.70810959319846,0,0,0,0,0,0,0.6817092983474274
N2,naive,time_trend_mean,-0.08998628257887518,5,1,0.016976067341317184,0.018229695898875187,0.020735219096095516,0.060491687419999995,0.018494104459644764,1.0269954686320015,210.12906479667205,0,0,0,0,0,0,0.6234935568251815
N2,naive,time_trend_sd,0.045528614603915496,5,1,0.005005824180752504,0.004215063818084501,0.012729578506102486,0.05560715163999999,0.017876294487552628,1.0269954686320015,210.12906479667205,0,0,0,0,0,0,0.6234935568251815
N2,naive,treatment_effect_mean,-0.3374485596707819,5,0.4,-0.07494081290221807,-0.07450880284921807,0.07918699580638269,0.09978251959999997,0.03044971231308454,1.0269954686320015,210.12906479667205,0,0,0,0,0,0,0.6234935568251815
N2,naive,treatment_effect_sd,0.07626392697027408,5,0,0.055455686397825915,0.05197817320822591,0.058162879662118055,0.07805527389,0.024341298517476323,1.0269954686320015,210.12906479667205,0,0,0,0,0,0,0.6234935568251815
N3,full,time_trend_mean,-0.08998628257887518,5,0.8,-0.014461324553374812,-0.015498649405624815,0.020101204981014087,0.07531918895,0.023162383437553526,1.0101984113041895,399.8534596357919,0,0.4,2,0.2,0,0,0.6572242994179208
N3,full,time_trend_sd,0.045528614603915496,5,0.8,0.021244134428971904,0.0274149387585845,0.034149761460893505,0.063223640667,0.019755192972910438,1.0101984113041895,399.8534596357919,0,0.4,2,0.2,0,0,0.6572242994179208
N3,full,treatment_effect_mean,-0.3374485596707819,5,0.8,-0.04312008981821809,-0.033153278994218105,0.04729519050039456,0.1014365658,0.030787880709543313,1.0101984113041895,399.8534596357919,0,0.4,2,0.2,0,0,0.6572242994179208
N3,full,treatment_effect_sd,0.07626392697027408,5,0.8,0.03121475001802592,0.027790105360725917,0.031818909309066966,0.07966438822000001,0.024437485128026088,1.0101984113041895,399.8534596357919,0,0.4,2,0.2,0,0,0.6572242994179208
N3,naive,time_trend_mean,-0.08998628257887518,5,0.8,0.005916368930276084,0.013178650809334183,0.019212923648301728,0.07728101703,0.023919483463241648,1.013507270213157,234.35361577230586,0,0,0,0,0,0,0.639930561575242
N3,naive,time_trend_sd,0.045528614603915496,5,0.6,0.021663773666929505,0.022613151265084508,0.037228509140257604,0.072572994122,0.023882821530448326,1.013507270213157,234.35361577230586,0,0,0,0,0,0,0.639930561575242
N3,naive,treatment_effect_mean,-0.3374485596707819,5,0,-0.1071372185402181,-0.10457502632921811,0.10780278716195331,0.11771917429999998,0.03589667947594431,1.013507270213157,234.35361577230586,0,0,0,0,0,0,0.639930561575242
N3,naive,treatment_effect_sd,0.07626392697027408,5,0,0.07605939772892592,0.07825844402472591,0.0769552230562547,0.09154110425,0.028537880481742887,1.013507270213157,234.35361577230586,0,0,0,0,0,0,0.639930561575242
N4,full,time_trend_mean,-0.08998628257887518,5,0.6,-0.030646618720975818,-0.03244271995237981,0.033293668850436546,0.07700378084999998,0.024669031487052316,1.0221014194652467,117.29726065889356,0,3,11,0.4,0.2,0,0.6768797211064669
N4,full,time_trend_sd,0.045528614603915496,5,0.6,0.014202021618652945,0.013656089517084503,0.02811546547874645,0.085071723495,0.02695950335621832,1.0221014194652467,117.29726065889356,0,3,11,0.4,0.2,0,0.6768797211064669
N4,full,treatment_effect_mean,-0.3374485596707819,5,0.4,-0.0665523782052181,-0.07069776027421809,0.06953054786653141,0.1270244197,0.03844777378649173,1.0221014194652467,117.29726065889356,0,3,11,0.4,0.2,0,0.6768797211064669
N4,full,treatment_effect_sd,0.07626392697027408,5,0.2,0.059694666619925923,0.05580056993072592,0.06652034721130556,0.11111756441000001,0.03387603523900691,1.0221014194652467,117.29726065889356,0,3,11,0.4,0.2,0,0.6768797211064669
N4,naive,time_trend_mean,-0.08998628257887518,5,1,-0.010843392704464813,-0.008720622312674814,0.014379422612400994,0.060482164170000005,0.01865712460063486,1.0066144099634757,295.161554962692,0,0,0,0,0,0,0.5986285284772866
N4,naive,time_trend_sd,0.045528614603915496,5,0.8,0.004269736495250003,0.002126140457984503,0.021765691577990576,0.05805023929599999,0.018908195969981,1.0066144099634757,295.161554962692,0,0,0,0,0,0,0.5986285284772866
N4,naive,treatment_effect_mean,-0.3374485596707819,5,0,-0.1355210694422181,-0.1395619781492181,0.1360844731979888,0.14690479669999998,0.04469639907425094,1.0066144099634757,295.161554962692,0,0,0,0,0,0,0.5986285284772866
N4,naive,treatment_effect_sd,0.07626392697027408,5,0,0.11804423497132592,0.10742885789972591,0.12020575589139039,0.11437583289999997,0.03519473344916277,1.0066144099634757,295.161554962692,0,0,0,0,0,0,0.5986285284772866
N5,full,time_trend_mean,-0.08998628257887518,5,0.6,-0.024982207493324814,-0.019123069756124822,0.035062232173504036,0.0825763574,0.025609737046328466,1.0197004723878176,264.06263962587667,0,0.4,2,0.2,0,0,0.6539571058587242
N5,full,time_trend_sd,0.045528614603915496,5,0.6,0.013997651482905204,0.016135132479634502,0.02830940722920526,0.07701397223899999,0.024237725218391782,1.0197004723878176,264.06263962587667,0,0.4,2,0.2,0,0,0.6539571058587242
N5,full,treatment_effect_mean,-0.3374485596707819,5,0.2,-0.09934619531121808,-0.08763756748921808,0.10469624885257311,0.1282135976,0.038969239890927355,1.0197004723878176,264.06263962587667,0,0.4,2,0.2,0,0,0.6539571058587242
N5,full,treatment_effect_sd,0.07626392697027408,5,0.4,0.056224172932295924,0.05751338150922593,0.060565584491327124,0.1049164146,0.03235566238999517,1.0197004723878176,264.06263962587667,0,0.4,2,0.2,0,0,0.6539571058587242
N5,naive,time_trend_mean,-0.08998628257887518,5,1,6.251227578881857e-4,-0.002470126234274811,0.015188474943500433,0.06036233327999999,0.018840611387043144,1.015537844182684,289.3894223796796,0,0,0,0,0,0,0.6716501443563114
N5,naive,time_trend_sd,0.045528614603915496,5,0.6,0.004411020719835106,0.006241600126584507,0.021844505984205086,0.056629543886,0.018193239721676906,1.015537844182684,289.3894223796796,0,0,0,0,0,0,0.6716501443563114
N5,naive,treatment_effect_mean,-0.3374485596707819,5,0,-0.1701073495142181,-0.18497256387421812,0.17228440006932078,0.14289718809999996,0.043900245942239215,1.015537844182684,289.3894223796796,0,0,0,0,0,0,0.6716501443563114
N5,naive,treatment_effect_sd,0.07626392697027408,5,0,0.11641493987772593,0.11593139205472593,0.11679920987010077,0.1137165027,0.03528160039545824,1.015537844182684,289.3894223796796,0,0,0,0,0,0,0.6716501443563114
N6,full,time_trend_mean,-0.08998628257887518,5,1,0.0016062735219651875,0.0017895354611751901,0.0079104336510173,0.0992808127,0.03097336229020996,1.0093024364254997,260.8803876669698,0,0.6,3,0.2,0,0,0.6370160487035187
N6,full,time_trend_sd,0.045528614603915496,5,0.8,0.022453979286964503,0.029055282108584504,0.029501865995047158,0.0929494155,0.029865673056106174,1.0093024364254997,260.8803876669698,0,0.6,3,0.2,0,0,0.6370160487035187
N6,full,treatment_effect_mean,-0.3374485596707819,5,0,-0.1359150360012181,-0.1317499468692181,0.13775930101209674,0.15686596179999995,0.04718834424267772,1.0093024364254997,260.8803876669698,0,0.6,3,0.2,0,0,0.6370160487035187
N6,full,treatment_effect_sd,0.07626392697027408,5,0.4,0.08558790403492592,0.10361521526172592,0.09113176396558255,0.12913103593,0.03943924889129741,1.0093024364254997,260.8803876669698,0,0.6,3,0.2,0,0,0.6370160487035187
N6,naive,time_trend_mean,-0.08998628257887518,5,0.6,0.028841164565884387,0.031925646128205185,0.03133725546337143,0.06600251669099999,0.020785827508697768,1.016719533546713,288.2078143358507,0,0,0,0,0,0,0.6453658192081951
N6,naive,time_trend_sd,0.045528614603915496,5,0.8,0.009348006244415005,0.013447537673584503,0.01786229686823967,0.05993359733899999,0.019525694561593976,1.016719533546713,288.2078143358507,0,0,0,0,0,0,0.6453658192081951
N6,naive,treatment_effect_mean,-0.3374485596707819,5,0,-0.1935251259502181,-0.18763361949421808,0.19429538827066622,0.1593621526,0.048536386130135625,1.016719533546713,288.2078143358507,0,0,0,0,0,0,0.6453658192081951
N6,naive,treatment_effect_sd,0.07626392697027408,5,0,0.13643836968022593,0.15049023392472594,0.14011035739189312,0.12731945279999998,0.040057485294236334,1.016719533546713,288.2078143358507,0,0,0,0,0,0,0.6453658192081951
N7,full,time_trend_mean,-0.08998628257887518,5,1,-0.04195058891842481,-0.029322540414124812,0.04577795335351574,0.1648514612,0.05248833738366079,1.0285096562423053,71.82250570629714,0,3.2,13,0.6,0.2,0,0.6814685494529878
N7,full,time_trend_sd,0.045528614603915496,5,1,0.031580771582154506,0.01986859710708451,0.03629143855068306,0.15732785973999996,0.051810235819335096,1.0285096562423053,71.82250570629714,0,3.2,13,0.6,0.2,0,0.6814685494529878
N7,full,treatment_effect_mean,-0.3374485596707819,5,0.8,-0.11504331872621808,-0.10100910917421807,0.11780276028098834,0.22217582449999995,0.068028601242818,1.0285096562423053,71.82250570629714,0,3.2,13,0.6,0.2,0,0.6814685494529878
N7,full,treatment_effect_sd,0.07626392697027408,5,0.6,0.11467407043280593,0.12270675175422592,0.11581880268389552,0.20365944268,0.061101411424451677,1.0285096562423053,71.82250570629714,0,3.2,13,0.6,0.2,0,0.6814685494529878
N7,naive,time_trend_mean,-0.08998628257887518,5,1,-0.005112905466216816,-0.004834021508124814,0.005678326085683347,0.06036069131999999,0.01839904013429314,1.0116159072990665,325.0363306791504,0,0,0,0,0,0,0.6582451906181572
N7,naive,time_trend_sd,0.045528614603915496,5,1,0.005225794812864502,0.0038821729604845007,0.00671736067757195,0.05740114289999999,0.01897219534878776,1.0116159072990665,325.0363306791504,0,0,0,0,0,0,0.6582451906181572
N7,naive,treatment_effect_mean,-0.3374485596707819,5,0,-0.20196816875521809,-0.20271981607921807,0.20311122703293247,0.1948252128,0.06005586754431975,1.0116159072990665,325.0363306791504,0,0,0,0,0,0,0.6582451906181572
N7,naive,treatment_effect_sd,0.07626392697027408,5,0,0.19456910376072595,0.19137816768472593,0.19473867476895318,0.15552878039999998,0.04909391465065647,1.0116159072990665,325.0363306791504,0,0,0,0,0,0,0.6582451906181572
