scenario_id,model_label,parameter,true_value,n_reps,empirical_coverage,mean_bias,median_bias,rmse,mean_ci_width,mean_posterior_sd,se_bias,se_ci_width,se_posterior_sd,max_rhat_worst,min_ess_worst,pct_rhat_bad,mean_n_divergent,max_n_divergent,pct_reps_with_divergence,pct_reps_many_divergence,mean_n_max_treedepth,min_ebfmi_worst
A1,default,baseline_difference_sd,0,25,0,0.015136696293638684,0.013530489000224,0.015893012338269123,0.03132454638333999,0.009820914212280669,9.888601708220993e-4,0.0011997062195868843,3.379019446173547e-4,1.008768955137575,332.53008705342336,0,0,0,0,0,0,0.6236918396829543
A1,default,time_trend_mean,-0.08998628257887518,25,0.96,-0.0019844817104048163,-0.0026263290916248155,0.009720408177512513,0.042501377032,0.012996536800742933,0.0019423800636345703,0.0012456050794816423,3.8841636992096836e-4,1.008768955137575,332.53008705342336,0,0,0,0,0,0,0.6236918396829543
A1,default,time_trend_sd,0.045528614603915496,25,0.88,0.005322959862504504,0.0053261589470845055,0.01009121258822683,0.035996041039999996,0.011173748765320148,0.0017499841642492284,8.715125405140602e-4,2.8167739024534806e-4,1.008768955137575,332.53008705342336,0,0,0,0,0,0,0.6236918396829543
A1,default,treatment_effect_mean,-0.3374485596707819,25,0.96,-0.003051700131418087,4.234760357819112e-4,0.01678403208082476,0.0670297109,0.020542476699035406,0.0033689195795169108,0.0019400895979367542,6.054250567397426e-4,1.008768955137575,332.53008705342336,0,0,0,0,0,0,0.6236918396829543
A1,default,treatment_effect_sd,0.07626392697027408,25,0.92,0.00623858250230592,0.003347478828725922,0.01361771885310378,0.054850492715999996,0.017152516575722244,0.0024708496777770305,0.0011053619121363266,3.4460056197451697e-4,1.008768955137575,332.53008705342336,0,0,0,0,0,0,0.6236918396829543
A10,default,baseline_control_mean,0.45,25,0.96,9.436720477999883e-4,8.812112400000127e-4,0.009395129203165393,0.041420905499999994,0.012670506497100198,0.0019080742452620056,9.66669410870526e-4,3.076591377344723e-4,1.0229386289425761,312.5701496024062,0,0,0,0,0,0,0.6758855491278094
A10,default,baseline_difference_sd,0,25,0,0.022682624350960294,0.021167516885511,0.0238238682541439,0.045678224910859995,0.014314382495056503,0.0014871008027930893,0.001719382915675196,4.8481339997496163e-4,1.0229386289425761,312.5701496024062,0,0,0,0,0,0,0.6758855491278094
A10,default,time_trend_mean,-0.04,25,0.88,-4.885104063367992e-4,5.307440759999976e-4,0.007153728049433514,0.021531704316,0.006606244507819789,0.0014568399389911324,7.781712350769686e-4,2.4500306929908924e-4,1.0229386289425761,312.5701496024062,0,0,0,0,0,0,0.6758855491278094
A10,default,time_trend_sd,0.02,25,0.8,4.807159892180001e-4,6.992309263499988e-4,0.0068702195696301325,0.02050932479074,0.006352887461027301,0.0013989405079177927,5.296766007927386e-4,1.6298896420765838e-4,1.0229386289425761,312.5701496024062,0,0,0,0,0,0,0.6758855491278094
A10,default,treatment_effect_mean,-0.15,25,0.84,-3.437009384000067e-4,-3.5726818500000923e-4,0.0064326639294626144,0.022955773079999995,0.007022388679818848,0.0013111864044691288,6.630310282799935e-4,2.0162213045536378e-4,1.0229386289425761,312.5701496024062,0,0,0,0,0,0,0.6758855491278094
A10,default,treatment_effect_sd,0.03,25,0.84,-8.787074705651249e-4,0.0012671306905000027,0.007024491520151303,0.0202853382392,0.0062426375763517065,0.001422605507186412,4.6731172809463356e-4,1.381652194687806e-4,1.0229386289425761,312.5701496024062,0,0,0,0,0,0,0.6758855491278094
A11,default,baseline_difference_sd,0,15,0,0.023870267335043202,0.0247702582740995,0.02513843775015519,0.030416032774999997,0.009234367767686373,0.002106984810305224,9.492529895323848e-4,2.3150340849789638e-4,1.0082379021745471,347.7393769759794,0,0,0,0,0,0,0.7568705097704742
A11,default,time_trend_mean,-0.08998628257887518,15,0.9333333333333333,0.001078145497041851,3.2632368837517967e-4,0.009700781053715857,0.03804115036333333,0.011580377561989376,0.002576580726180407,0.0015286689601592197,4.5336196646890756e-4,1.0082379021745471,347.7393769759794,0,0,0,0,0,0,0.7568705097704742
A11,default,time_trend_sd,0.045528614603915496,15,0.9333333333333333,-4.247255412621625e-4,-0.0016973929619154976,0.009287008767006737,0.032497317633333335,0.010144564522183432,0.0024794604835536808,0.0010203660053563737,3.4253483995847915e-4,1.0082379021745471,347.7393769759794,0,0,0,0,0,0,0.7568705097704742
A11,default,treatment_effect_mean,-0.3374485596707819,15,0.8666666666666667,0.00733018436444857,0.006778714460781932,0.016877329047883822,0.0634777597,0.01939653308910733,0.004063009378823751,0.0036935776059641295,0.0011077924706662699,1.0082379021745471,347.7393769759794,0,0,0,0,0,0,0.7568705097704742
A11,default,treatment_effect_sd,0.07626392697027408,15,0.7333333333333333,0.0016428109973592527,0.004372303963225924,0.02071609837019162,0.053616794289999985,0.016680767840097744,0.005519173745811773,0.0029165949672075955,8.987742067610967e-4,1.0082379021745471,347.7393769759794,0,0,0,0,0,0,0.7568705097704742
A12,individual,baseline_difference_sd,0,15,0,0.01609430181833514,0.0121798515399915,0.017359169473965104,0.031961432039266664,0.009952223026043587,0.0017385177144045123,0.0019629584109605094,5.432687907005973e-4,1.0058545500243534,495.54164329369723,0,0,0,0,0,0,0.6479423517024804
A12,individual,time_trend_mean,-0.08998628257887518,15,0.9333333333333333,1.1691208854185212e-4,-0.00129008716162482,0.011723663191532748,0.03630365493,0.01103247262841231,0.0031331249825972763,0.001630722371142302,5.126735933084019e-4,1.0058545500243534,495.54164329369723,0,0,0,0,0,0,0.6479423517024804
A12,individual,time_trend_sd,0.045528614603915496,15,0.9333333333333333,-0.0041688119566521634,-0.005375405932415499,0.010418437425815484,0.032399624169999995,0.010033118180766383,0.002551817913142745,0.0011043136650515904,3.49224927834293e-4,1.0058545500243534,495.54164329369723,0,0,0,0,0,0,0.6479423517024804
A12,individual,treatment_effect_mean,-0.3374485596707819,15,0.7333333333333333,0.0038427334811152497,0.0036520737257819125,0.025799985477571598,0.061605036033333324,0.01894877134640748,0.0068184238335557805,0.0027348070808838093,8.776893158724457e-4,1.0058545500243534,495.54164329369723,0,0,0,0,0,0,0.6479423517024804
A12,individual,treatment_effect_sd,0.07626392697027408,15,0.9333333333333333,-0.0013161879811374117,6.593919632259249e-4,0.014973430616484477,0.05186739174,0.016149036345455066,0.003986327289489341,0.002151975251180959,6.761510326217985e-4,1.0058545500243534,495.54164329369723,0,0,0,0,0,0,0.6479423517024804
A12,summary,baseline_difference_sd,0,15,0,0.016081263202989186,0.012188047617058035,0.017288155872911402,0.03205648328603333,0.010031664908339559,0.0016960733492028606,0.0019343366266560966,5.242023655275973e-4,1.0084309076509073,377.4336988208439,0,0,0,0,0,0,0.6660337866748653
A12,summary,time_trend_mean,-0.08998628257887518,15,0.7333333333333333,1.461356886751854e-4,-0.0016351680026248094,0.011619197080256745,0.035922962543333326,0.011006251120020785,0.003105115424014544,0.0016903581525233987,4.9804466755316e-4,1.0084309076509073,377.4336988208439,0,0,0,0,0,0,0.6660337866748653
A12,summary,time_trend_sd,0.045528614603915496,15,0.9333333333333333,-0.004332478048745496,-0.0055488243174154975,0.010296585126610755,0.03188124361666666,0.009930735824749496,0.0024964159913575565,0.0010628858217527517,3.3066456297432573e-4,1.0084309076509073,377.4336988208439,0,0,0,0,0,0,0.6660337866748653
A12,summary,treatment_effect_mean,-0.3374485596707819,15,0.8,0.00436163769211525,0.0039701422557819055,0.02554458295867842,0.0614449534,0.018747444206347216,0.006726821766924256,0.0026013319826080077,7.984418845996177e-4,1.0084309076509073,377.4336988208439,0,0,0,0,0,0,0.6660337866748653
A12,summary,treatment_effect_sd,0.07626392697027408,15,0.9333333333333333,-0.0015129871481074128,-3.189780617740834e-4,0.014841771212365022,0.05129493299333333,0.015964346861796902,0.00394596577540955,0.0018533393620755582,5.91457906799632e-4,1.0084309076509073,377.4336988208439,0,0,0,0,0,0,0.6660337866748653
A13,hierarchical_rho,baseline_difference_sd,0,25,0,0.015838089341890193,0.015012829930102,0.01687983788394849,0.031390552696719996,0.009845075217411483,0.001191704888431676,0.0011274960567560772,3.1684686988139713e-4,1.0092684845375024,373.0880245362844,0,0,0,0,0,0,0.6491822557711893
A13,hierarchical_rho,time_trend_mean,-0.08998628257887518,25,0.8,-0.006066312388744816,-0.0036186608381248153,0.013919002795209998,0.038700026526,0.011801605604122524,0.0025571671566991935,0.0012768626530787763,3.859789870418204e-4,1.0092684845375024,373.0880245362844,0,0,0,0,0,0,0.6491822557711893
A13,hierarchical_rho,time_trend_sd,0.045528614603915496,25,0.92,-1.0153634969369608e-4,-5.482709784154979e-4,0.009808676808574102,0.034330110065999994,0.01070665394961843,0.0020020804918961833,7.569898428453181e-4,2.333683810500598e-4,1.0092684845375024,373.0880245362844,0,0,0,0,0,0,0.6491822557711893
A13,hierarchical_rho,treatment_effect_mean,-0.3374485596707819,25,0.92,0.009865653904981914,0.011289155860781885,0.018234857431938672,0.07017448714,0.02152242969278803,0.0031303547362229573,0.0028008741926277064,8.579660998628699e-4,1.0092684845375024,373.0880245362844,0,0,0,0,0,0,0.6491822557711893
A13,hierarchical_rho,treatment_effect_sd,0.07626392697027408,25,0.76,0.01123779639161992,0.012746965085225923,0.022354440034564757,0.057964345631999994,0.018172992085998152,0.003944579199776605,0.0018602367003052393,5.834974798293593e-4,1.0092684845375024,373.0880245362844,0,0,0,0,0,0,0.6491822557711893
A13,known_rho,baseline_difference_sd,0,25,0,0.015792449033243307,0.0154243007375695,0.016820612036369975,0.0313042156075,0.009851946086225038,0.0011820099902723426,0.0010952319239331436,3.1532743055742593e-4,1.009057759353515,340.68141104792784,0,0,0,0,0,0,0.6033558228577045
A13,known_rho,time_trend_mean,-0.08998628257887518,25,0.8,-0.005670749822144816,-0.0035948118111248095,0.013792760779627797,0.038735199506,0.01181276956589053,0.0025664733128903704,0.0012515191955948005,3.8394841562673746e-4,1.009057759353515,340.68141104792784,0,0,0,0,0,0,0.6033558228577045
A13,known_rho,time_trend_sd,0.045528614603915496,25,0.92,-9.506376245709547e-5,-7.320935824154939e-4,0.00973340197201713,0.034022423696,0.010574256862850236,0.0019867275944579323,7.391385281343262e-4,2.4211294792699477e-4,1.009057759353515,340.68141104792784,0,0,0,0,0,0,0.6033558228577045
A13,known_rho,treatment_effect_mean,-0.3374485596707819,25,0.88,0.01006238078698192,0.011563942125781934,0.01880722921586274,0.07038628553999998,0.021468042971000915,0.0032433288177155404,0.0027252864316429032,8.247783528747071e-4,1.009057759353515,340.68141104792784,0,0,0,0,0,0,0.6033558228577045
A13,known_rho,treatment_effect_sd,0.07626392697027408,25,0.76,0.01130356522072592,0.012139293581725927,0.022696193267742106,0.057864632204,0.018136470769383194,0.004017392407538218,0.0018298667925989369,5.969707480934319e-4,1.009057759353515,340.68141104792784,0,0,0,0,0,0,0.6033558228577045
A14,default,baseline_difference_sd,0,25,0,0.015905719406798226,0.0145975521950305,0.016887697857127088,0.03288285817576,0.010313738603228088,0.001158347045467109,0.0012081714207608336,3.431451883305951e-4,1.0119124836403974,347.70738828543585,0,0,0,0,0,0,0.58495176868428
A14,default,time_trend_mean,-0.08998628257887518,25,0.92,-9.854340288448149e-4,0.0015307580488751887,0.010865259236148521,0.04030732885399999,0.01243096129055299,0.0022087211424591515,0.0016263793053328025,5.105962657478431e-4,1.0119124836403974,347.70738828543585,0,0,0,0,0,0,0.58495176868428
A14,default,time_trend_sd,0.045528614603915496,25,0.84,0.0027586252396726834,0.003070127665584503,0.012914172170024524,0.035450874755,0.010989210958981949,0.0025752494185359723,0.0010867629132190351,3.511278140551257e-4,1.0119124836403974,347.70738828543585,0,0,0,0,0,0,0.58495176868428
A14,default,treatment_effect_mean,0.3374485596707819,25,0.92,-0.004087301772981913,-0.008663337775781932,0.02055127469823154,0.06235061616,0.019118124125043393,0.004111208540577164,0.0023894817678522676,7.275253482190537e-4,1.0119124836403974,347.70738828543585,0,0,0,0,0,0,0.58495176868428
A14,default,treatment_effect_sd,0.07626392697027408,25,0.88,8.516868743859202e-4,-0.006532453283774081,0.016999974334212905,0.052910862957999995,0.016515489623926835,0.003465747615545936,0.0016899047481010662,5.387548019214021e-4,1.0119124836403974,347.70738828543585,0,0,0,0,0,0,0.58495176868428
A15,default,baseline_difference_sd,0,25,0,0.01406356049233725,0.014108619806808,0.014666171774788739,0.0305149254439,0.009621017692072213,8.493345632018025e-4,0.001307035241859834,3.7632603599142714e-4,1.0117592889823905,340.902585790285,0,0,0,0,0,0,0.5758945806472635
A15,default,time_trend_mean,-0.08998628257887518,25,0.84,-0.0024458558811448153,-0.0017247703791248153,0.011445940903252162,0.040423305189999995,0.012407036750136692,0.002282426999283605,0.001734503410732931,5.298909250119183e-4,1.0117592889823905,340.902585790285,0,0,0,0,0,0,0.5758945806472635
A15,default,time_trend_sd,0.045528614603915496,25,0.84,0.0024967917699749045,0.002577794519084506,0.012837608359416677,0.034916087257999995,0.010881029575026405,0.0025704265149253487,0.0011731326413473662,3.5768591717551143e-4,1.0117592889823905,340.902585790285,0,0,0,0,0,0,0.5758945806472635
A15,default,treatment_effect_mean,0,25,0.84,0.0018830629821781663,-0.0014004207599755,0.018194708391576397,0.0579621088689,0.01770443404673295,0.003694035097625015,0.002026024120507587,6.079475888647783e-4,1.0117592889823905,340.902585790285,0,0,0,0,0,0,0.5758945806472635
A15,default,treatment_effect_sd,0.06666666666666667,25,0.92,0.0024526969342516733,0.0021659804968333363,0.01481829556418117,0.04891270617119999,0.015236451572084352,0.0029830504603519515,0.0011897286479055857,3.898538572718899e-4,1.0117592889823905,340.902585790285,0,0,0,0,0,0,0.5758945806472635
A16,default,baseline_difference_sd,0,25,0,0.015731996079896723,0.01413694002210295,0.01663322358181955,0.03215469152645999,0.010066530975078472,0.001102429628610374,0.0010952220529696162,3.0783413198036104e-4,1.0088622724982816,436.3881192345162,0,0,0,0,0,0,0.5912278619602725
A16,default,time_trend_mean,0.08998628257887518,25,0.96,-0.006255536012235186,-0.007663831006875191,0.010581839521181533,0.038573239424,0.011836732069208777,0.001742168151706231,0.0013179436034966518,3.9560574239964576e-4,1.0088622724982816,436.3881192345162,0,0,0,0,0,0,0.5912278619602725
A16,default,time_trend_sd,0.045528614603915496,25,0.88,-0.0012327287890778553,0.002161009358084505,0.01000007755148262,0.0350329521282,0.010783938570294173,0.0020256884711154924,7.673509309158083e-4,2.3259981217437463e-4,1.0088622724982816,436.3881192345162,0,0,0,0,0,0,0.5912278619602725
A16,default,treatment_effect_mean,-0.3374485596707819,25,0.92,0.010345916526581908,0.010246033435781898,0.0178049991472666,0.06623539842000001,0.02036440782774149,0.0029578990704211814,0.0019732005505398945,5.978479074721158e-4,1.0088622724982816,436.3881192345162,0,0,0,0,0,0,0.5912278619602725
A16,default,treatment_effect_sd,0.07626392697027408,25,0.96,0.0053803877889259215,0.005948106888725921,0.014496301609888431,0.054396704704,0.016857677317444468,0.0027476822627264023,0.0013593179596744398,4.167475342882495e-4,1.0088622724982816,436.3881192345162,0,0,0,0,0,0,0.5912278619602725
A17,default,baseline_difference_sd,0,25,0,0.02327718825013862,0.0224345144396005,0.024341508041430246,0.0489036846015,0.01546966314473188,0.0014531792860630038,0.0020386000149855356,5.878871657482937e-4,1.0127146992583445,212.66564534635015,0,0.12,3,0.04,0,0,0.694239786492066
A17,default,time_trend_mean,0.08998628257887518,25,0.96,-0.0046819368363721445,-0.004037466689375185,0.01389480071111521,0.052287431127999995,0.016009470832292552,0.00267040067422654,0.0015687741276175643,4.8671219770675113e-4,1.0127146992583445,212.66564534635015,0,0.12,3,0.04,0,0,0.694239786492066
A17,default,time_trend_sd,0.045528614603915496,25,0.96,0.0012748222328124038,0.0015857399967345032,0.012429080952855796,0.048863714554399994,0.01496995766266724,0.002523695055596142,0.001630546317015108,5.020219009145145e-4,1.0127146992583445,212.66564534635015,0,0.12,3,0.04,0,0,0.694239786492066
A17,default,treatment_effect_mean,-0.3374485596707819,25,0.92,0.01054544503598191,0.012778864275781898,0.018535692615234016,0.06348971332,0.019432352649181646,0.003111574425428423,0.0017038365572884634,5.132116855831185e-4,1.0127146992583445,212.66564534635015,0,0.12,3,0.04,0,0,0.694239786492066
A17,default,treatment_effect_sd,0.07626392697027408,25,0.84,-0.005166219228692079,-6.313586962740786e-4,0.014965814782348933,0.051780526906,0.015882042124065042,0.0028670963169836285,0.0016595893554623236,4.970687401244289e-4,1.0127146992583445,212.66564534635015,0,0.12,3,0.04,0,0,0.694239786492066
A18,default,baseline_difference_sd,0,25,0,0.01670852785065851,0.01422098945118645,0.017956367823075657,0.033007695937139994,0.010324958105820334,0.0013425138494219803,0.0013438739198178016,3.7177167560240216e-4,1.0143859247142732,273.4441777134624,0,0,0,0,0,0,0.603904510805899
A18,default,time_trend_mean,0.08998628257887518,25,0.96,7.758374406048151e-4,5.355805262481639e-5,0.01151539672702905,0.041323761051999995,0.012704069488196818,0.002345229537865351,0.0012958520782011785,4.017007331050757e-4,1.0143859247142732,273.4441777134624,0,0,0,0,0,0,0.603904510805899
A18,default,time_trend_sd,0.045528614603915496,25,0.96,0.0031172501586845037,0.0033413669815845065,0.010126074816699533,0.03634335499599999,0.01123759833178903,0.0019665975550170606,8.601381856947499e-4,2.5640540236975554e-4,1.0143859247142732,273.4441777134624,0,0,0,0,0,0,0.603904510805899
A18,default,treatment_effect_mean,0.3374485596707819,25,0.84,-0.005017390745781914,-0.004647572285781887,0.02170670878500913,0.06664694071999999,0.020436116667686802,0.004310872863959487,0.0023818203266354884,7.468396872356485e-4,1.0143859247142732,273.4441777134624,0,0,0,0,0,0,0.603904510805899
A18,default,treatment_effect_sd,0.07626392697027408,25,0.88,0.00778428673212592,0.008904804539225916,0.01994852668478163,0.055891011707999996,0.01736781734559137,0.003749158777676517,0.001739729033574291,5.606456710987443e-4,1.0143859247142732,273.4441777134624,0,0,0,0,0,0,0.603904510805899
A2,default,baseline_difference_sd,0,25,0,0.011681943737362551,0.0114870351234535,0.012609312903389715,0.021714249655,0.0066863290404841885,9.688258016082798e-4,9.785297335352685e-4,2.70815183477438e-4,1.0097859917981884,382.4710623912908,0,0,0,0,0,0,0.6482005443105224
A2,default,time_trend_mean,-0.08998628257887518,25,0.84,-0.002282708769004815,-0.0017583655151248156,0.007218574169664628,0.022543540665999996,0.00688799730007743,0.0013978712047082206,4.895552160000284e-4,1.4478447884900845e-4,1.0097859917981884,382.4710623912908,0,0,0,0,0,0,0.6482005443105224
A2,default,time_trend_sd,0.045528614603915496,25,0.92,0.0013008694436645043,1.632823220845056e-4,0.006358417258176719,0.018480495313999996,0.005642187118263979,0.0012704528182177727,3.317328171324831e-4,9.843535286560455e-5,1.0097859917981884,382.4710623912908,0,0,0,0,0,0,0.6482005443105224
A2,default,treatment_effect_mean,-0.3374485596707819,25,0.84,0.0033414404627819107,0.0014036039857819316,0.012193047002088403,0.03848281520000001,0.01168607985001806,0.0023936127752557496,7.339689896667416e-4,2.2646883067113416e-4,1.0097859917981884,382.4710623912908,0,0,0,0,0,0,0.6482005443105224
A2,default,treatment_effect_sd,0.07626392697027408,25,0.72,0.006563422033525921,0.007735097416725928,0.01150887270788183,0.030194054245999996,0.009253336936851455,0.001929762962732877,5.548792818098815e-4,1.7158454350275825e-4,1.0097859917981884,382.4710623912908,0,0,0,0,0,0,0.6482005443105224
A3,default,baseline_difference_sd,0,25,0,0.02677524636520726,0.0234076679474015,0.028607337296803002,0.06349294317922,0.02132887246848399,0.0020561485972515814,0.0030126677812780884,8.972669544618216e-4,1.0158217187636853,291.36345948904915,0,4.96,13,0.96,0.12,0,0.560635647296522
A3,default,time_trend_mean,-0.08998628257887518,25,0.96,-4.597623740350673e-4,0.001768147751685184,0.01868351268843287,0.10535341154899999,0.03398401021601144,0.0038126011731835483,0.007158053681962999,0.0022314873369999174,1.0158217187636853,291.36345948904915,0,4.96,13,0.96,0.12,0,0.560635647296522
A3,default,time_trend_sd,0.045528614603915496,25,0.96,0.01615576118349787,0.014510768712169504,0.029244163128858237,0.12278996503479998,0.04325253950821604,0.004975826806040443,0.006836852398802003,0.0022949143655534385,1.0158217187636853,291.36345948904915,0,4.96,13,0.96,0.12,0,0.560635647296522
A3,default,treatment_effect_mean,-0.3374485596707819,25,0.84,0.0011025400802989126,0.008940567097781904,0.04039183902442167,0.16857382244,0.05315474853810695,0.008241877479135969,0.010922389174622587,0.00336121655668117,1.0158217187636853,291.36345948904915,0,4.96,13,0.96,0.12,0,0.560635647296522
A3,default,treatment_effect_sd,0.07626392697027408,25,0.92,0.02501778696680866,0.022993074169560923,0.045085640067193664,0.19342084260099998,0.06669555931689626,0.007656220987841406,0.011297404480803918,0.004120979682263526,1.0158217187636853,291.36345948904915,0,4.96,13,0.96,0.12,0,0.560635647296522
A4,default,baseline_difference_sd,0,25,0,0.00898250984802547,0.0078902821365142,0.009710526924329436,0.017372654432079998,0.005401172260374188,7.530175401413395e-4,5.850242878194389e-4,1.6162127554908147e-4,1.0094399651167136,378.3846881738729,0,0,0,0,0,0,0.6107489802016718
A4,default,time_trend_mean,-0.08998628257887518,25,0.96,-0.0015266557305848145,-0.0028280566981248173,0.004875566311037014,0.017868527144,0.005439323617380483,9.451734658602714e-4,2.8275815619233406e-4,8.888425056680182e-5,1.0094399651167136,378.3846881738729,0,0,0,0,0,0,0.6107489802016718
A4,default,time_trend_sd,0.045528614603915496,25,0.76,0.0027472173989045046,0.002305981994084501,0.005725915475476047,0.014401272032,0.004384738519192895,0.0010254857506618602,1.8957385986503685e-4,5.8235779717272174e-5,1.0094399651167136,378.3846881738729,0,0,0,0,0,0,0.6107489802016718
A4,default,treatment_effect_mean,-0.3374485596707819,25,0.92,-7.818607341808726e-5,-8.743531392180759e-4,0.009320275849796016,0.028327880539999996,0.008646641843446575,0.0019024263986443548,5.010349688162058e-4,1.501545207492618e-4,1.0094399651167136,378.3846881738729,0,0,0,0,0,0,0.6107489802016718
A4,default,treatment_effect_sd,0.07626392697027408,25,0.92,0.002675188404945922,0.0034154708022259145,0.007750411236728445,0.022162672491999998,0.0068009139590416365,0.0014848153832554604,3.342387228342534e-4,1.007089154297866e-4,1.0094399651167136,378.3846881738729,0,0,0,0,0,0,0.6107489802016718
A5,default,baseline_difference_sd,0,25,0,0.02172163236252228,0.020913110839245,0.022887150705335986,0.044918039718559996,0.014023658892406726,0.001471851936000275,0.002003795292561013,5.807816550948945e-4,2.1951908039446684,2.5717855074580704,0.04,40.36,987,0.16,0.08,0,0.7191179566822073
A5,default,time_trend_mean,-0.08998628257887518,25,0.88,0.0018582339193227845,0.0027355857878751805,0.01796752113947228,0.059441586426,0.01822237289342886,0.0036479376742120885,0.002710787259878407,0.00082376201468499445,2.1951908039446684,2.5717855074580704,0.04,40.36,987,0.16,0.08,0,0.7191179566822073
A5,default,time_trend_sd,0.045528614603915496,25,0.84,0.010597845183746079,0.010029998107584502,0.02123878038168697,0.05482141848363999,0.017125494903762844,0.0037570570794776847,0.0026769666347672924,8.10991153525149e-4,2.1951908039446684,2.5717855074580704,0.04,40.36,987,0.16,0.08,0,0.7191179566822073
A5,default,treatment_effect_mean,-0.3374485596707819,25,0.8,8.156834611819131e-4,-3.6949976421807307e-4,0.02034792794778997,0.05973637888000001,0.018231357543835692,0.004150164817307492,0.0018044145102908808,5.36826528995933e-4,2.1951908039446684,2.5717855074580704,0.04,40.36,987,0.16,0.08,0,0.7191179566822073
A5,default,treatment_effect_sd,0.07626392697027408,25,0.88,-0.0035703994318280804,4.898743697259178e-4,0.018478451616805648,0.0526106806614,0.016276448879289654,0.003700818727276376,0.001557078177013848,5.255416007113662e-4,2.1951908039446684,2.5717855074580704,0.04,40.36,987,0.16,0.08,0,0.7191179566822073
A6,default,baseline_difference_sd,0,25,0,0.0269008955179631,0.024502869328608,0.028370480608398686,0.06369204656352,0.021519478202030998,0.0018396783038885562,0.0022642955687790654,7.152754531306741e-4,1.0252945759575278,114.94753629745483,0,7.72,44,0.52,0.28,0,0.6674750064318357
A6,default,time_trend_mean,-0.22496570644718797,25,1,3.986959152479685e-4,0.0012913489371879638,0.015398093553668266,0.07263398264,0.022221640219809057,0.003142068895480365,0.0031684084363703255,9.54251799555547e-4,1.0252945759575278,114.94753629745483,0,7.72,44,0.52,0.28,0,0.6674750064318357
A6,default,time_trend_sd,0.033218824807589406,25,0.8,0.01424072519974445,0.014674915589095595,0.024102762061679325,0.06577648449019999,0.020463923060933465,0.0039693874673729125,0.0028463001389240294,8.801028294627706e-4,1.0252945759575278,114.94753629745483,0,7.72,44,0.52,0.28,0,0.6674750064318357
A6,default,treatment_effect_mean,-0.3374485596707819,25,0.96,6.57015855581915e-4,0.005559702385781906,0.01980265235247944,0.08397107044,0.025718133132157383,0.004039974063234984,0.0020911580217101906,6.467240189036872e-4,1.0252945759575278,114.94753629745483,0,7.72,44,0.52,0.28,0,0.6674750064318357
A6,default,treatment_effect_sd,0.07626392697027408,25,0.84,0.003422041729285301,-1.6944615777407523e-4,0.018205493376505164,0.0656892002206,0.020098448973938504,0.0036499407500042804,0.003102822876991584,9.490034741506991e-4,1.0252945759575278,114.94753629745483,0,7.72,44,0.52,0.28,0,0.6674750064318357
A7,default,baseline_difference_sd,0,25,0,0.013030944728488807,0.01175659846497625,0.013742939019583865,0.026485050911079996,0.008340706226282333,8.91226972097796e-4,0.0010145291827828723,2.9131693645640104e-4,1.0111328944091167,324.9338037027928,0,0,0,0,0,0,0.6390352454743609
A7,default,beta_cov[dose],-0.08998628257887518,25,0.88,-0.002398155490445416,-0.0012891317951248121,0.01988174627390752,0.07385893043,0.02250745785526326,0.004028713013811411,0.002329099353244995,6.9284942433142e-4,1.0111328944091167,324.9338037027928,0,0,0,0,0,0,0.6390352454743609
A7,default,time_trend_mean,-0.08998628257887518,25,0.84,-0.0021032557604648157,-0.0023244189641248164,0.010785183973858092,0.03132272286,0.00957097729230148,0.0021592486015204935,0.0010507895913068744,3.2043514665786537e-4,1.0111328944091167,324.9338037027928,0,0,0,0,0,0,0.6390352454743609
A7,default,time_trend_sd,0.045528614603915496,25,0.84,-1.7230271268273576e-4,4.3849902408450714e-4,0.010247643057004863,0.0269176710814,0.008292091955607716,0.0020914956769317638,6.313997372851228e-4,1.9331050444889515e-4,1.0111328944091167,324.9338037027928,0,0,0,0,0,0,0.6390352454743609
A7,default,treatment_effect_mean,-0.5624142661179699,25,1,0.0034983834801698465,0.003191520957969818,0.017191416243158425,0.06630553132000001,0.020175170919232866,0.0034357562575509128,0.00199078700764629,6.19372285432063e-4,1.0111328944091167,324.9338037027928,0,0,0,0,0,0,0.6390352454743609
A7,default,treatment_effect_sd,0.07626392697027408,25,0.52,0.02704197467390592,0.02250846068922592,0.032243584096084826,0.053469225143999995,0.01653866358959043,0.0035845752950263918,0.0014856996690482793,4.680950718110238e-4,1.0111328944091167,324.9338037027928,0,0,0,0,0,0,0.6390352454743609
A8,default,baseline_difference_sd,0,25,0,0.013169436497990655,0.0116282922411145,0.014094568775747662,0.025918438308999998,0.008130794321306548,0.00102515875395945,8.980114676267381e-4,2.5970456528633904e-4,1.0473031608161183,60.002464957683145,0,8.48,159,0.64,0.08,0,0.3739104485187832
A8,default,time_trend_mean,-0.08888888888888889,25,1,3.7137437048889276e-4,1.6907953188889657e-4,0.00712997984167545,0.033369669362,0.01020857736115918,0.001453425459899851,7.094743930909976e-4,2.0873384158059572e-4,1.0473031608161183,60.002464957683145,0,8.48,159,0.64,0.08,0,0.3739104485187832
A8,default,time_trend_sd,0.044444444444444446,25,0.92,0.005000085957335553,0.006185259833555556,0.008144626263280509,0.026921170153999998,0.008291611741580836,0.0013123464574915427,4.392523228535877e-4,1.3111063148212284e-4,1.0473031608161183,60.002464957683145,0,8.48,159,0.64,0.08,0,0.3739104485187832
A8,default,treatment_effect_mean,-0.3333333333333333,25,1,0.0024059399273333184,0.002131069348333292,0.00852927251319193,0.04774577998000001,0.01456728576002807,0.0016703285937996692,0.0013048743017285247,4.031654379652e-4,1.0473031608161183,60.002464957683145,0,8.48,159,0.64,0.08,0,0.3739104485187832
A8,default,treatment_effect_sd,0.06666666666666667,25,0.88,0.003977293898493335,0.002287386340833336,0.012333707571825132,0.03842084647999999,0.011789500282703003,0.0023831131225099966,8.097254246134005e-4,2.411158667714718e-4,1.0473031608161183,60.002464957683145,0,8.48,159,0.64,0.08,0,0.3739104485187832
A9,default,baseline_control_mean,0.45,25,1,0.001995383777199986,0.0037264230949999866,0.00961290467430057,0.04004648914,0.012259574170348267,0.0019194875602930772,0.0013174646603974964,4.033745590222238e-4,1.0206030757423865,185.80026364256955,0,0,0,0,0,0,0.6391108592793652
A9,default,baseline_difference_sd,0,25,0,0.013822567591072317,0.0128097986473759,0.01439211194371156,0.029649809813179998,0.009391163392563035,8.182682778934771e-4,0.0010748560567279944,3.1662972234738814e-4,1.0206030757423865,185.80026364256955,0,0,0,0,0,0,0.6391108592793652
A9,default,time_trend_mean,-0.04,25,0.92,6.204733497240016e-4,6.213247480000017e-4,0.0038189385742807016,0.017910994023999996,0.005484701089937698,7.691798840434802e-4,5.94878367803775e-4,1.778341650183185e-4,1.0206030757423865,185.80026364256955,0,0,0,0,0,0,0.6391108592793652
A9,default,time_trend_sd,0.02,25,0.92,0.0013421477058687993,0.003028996761500001,0.004697555030739995,0.0157439719168,0.004887267587779668,9.189138244521299e-4,3.761442026126147e-4,1.2038565882689777e-4,1.0206030757423865,185.80026364256955,0,0,0,0,0,0,0.6391108592793652
A9,default,treatment_effect_mean,-0.15,25,0.96,0.001912150537579995,0.0023244178050000064,0.006718780041575062,0.025404493679999997,0.007780253113017957,0.0013147510152227164,7.481091975745757e-4,2.2729754387545466e-4,1.0206030757423865,185.80026364256955,0,0,0,0,0,0,0.6391108592793652
A9,default,treatment_effect_sd,0.03,25,0.96,6.809807891300017e-4,5.976690615000016e-4,0.005382565046830272,0.021614058933999997,0.0067111369397645825,0.00108988286159941,5.270878820551885e-4,1.6836778485114747e-4,1.0206030757423865,185.80026364256955,0,0,0,0,0,0,0.6391108592793652
F1,default,baseline_difference_sd,0,25,0,0.01395142569533774,0.012831629806128,0.015073027729863613,0.02619065816114,0.008158872882429277,0.001164650985143676,9.559179256157365e-4,2.738551948453877e-4,1.0090284910421519,507.0564062451455,0,0,0,0,0,0,0.7670692894265085
F1,default,time_trend_mean,-0.08998628257887518,25,1,0.0017091235479351858,0.0029098403548751817,0.005986957893047153,0.027758320232,0.008497076396405517,0.0011712273034267132,5.262852079771381e-4,1.5789067154109703e-4,1.0090284910421519,507.0564062451455,0,0,0,0,0,0,0.7670692894265085
F1,default,time_trend_sd,0.045528614603915496,25,0.96,3.461993777125043e-4,0.001044489462584501,0.006036804041897178,0.023883106182,0.007322951103084446,0.0012302294676051562,4.410096275265261e-4,1.3580001227159576e-4,1.0090284910421519,507.0564062451455,0,0,0,0,0,0,0.7670692894265085
F1,default,treatment_effect_mean,-0.3374485596707819,25,0.92,7.054116617819206e-4,2.126013257819359e-4,0.007461150705475151,0.03244536204,0.009912671142073741,0.0015161789175043845,4.2024969834346653e-4,1.285522485775529e-4,1.0090284910421519,507.0564062451455,0,0,0,0,0,0,0.7670692894265085
F1,default,treatment_effect_sd,0.07626392697027408,25,0.88,0.00250417546226592,0.002624763596725921,0.0071404368244766874,0.024871515145999997,0.0076223451880403125,0.0013649625040412891,3.367259816773815e-4,1.0377018788368827e-4,1.0090284910421519,507.0564062451455,0,0,0,0,0,0,0.7670692894265085
F2,default,baseline_difference_sd,0,25,0,0.009674294251956915,0.008759234928641495,0.010125787132280694,0.01912123238428,0.005951801279918553,6.103139825400894e-4,7.78180190448937e-4,2.2867627439885745e-4,1.0232891887226392,227.8557159301085,0,0.68,14,0.12,0.04,0,0.6749841172030646
F2,default,time_trend_mean,0,25,0.76,-5.472433652747508e-4,1.7931530434435e-4,0.004602785638635821,0.009960019554,0.0030353881470706473,9.328754904057608e-4,8.99191806078937e-5,2.5143417913761156e-5,1.0232891887226392,227.8557159301085,0,0.68,14,0.12,0.04,0,0.6749841172030646
F2,default,time_trend_sd,0,25,0,0.006979303402108734,0.00628636278320755,0.007410939722458071,0.01345300977288,0.004196366904142026,5.0873010162644e-4,5.206125744035149e-4,1.447118556623411e-4,1.0232891887226392,227.8557159301085,0,0.68,14,0.12,0.04,0,0.6749841172030646
F2,default,treatment_effect_mean,-0.3333333333333333,25,0.88,-0.001039958784666688,-4.415386766666862e-4,0.005269122661314484,0.016742404500000002,0.005109772050731947,0.0010543983147229122,2.0109641273136991e-4,6.242647165605642e-5,1.0232891887226392,227.8557159301085,0,0.68,14,0.12,0.04,0,0.6749841172030646
F2,default,treatment_effect_sd,0.06666666666666667,25,0.92,-8.286727122466653e-4,6.381528483333232e-5,0.00426171841693904,0.012849173802,0.0039177048255623305,8.533157241328076e-4,1.2435988227778167e-4,3.8108670730920615e-5,1.0232891887226392,227.8557159301085,0,0.68,14,0.12,0.04,0,0.6749841172030646
F3,default,baseline_control_mean,0.45,25,0.88,2.279381365999944e-4,5.360235299999849e-4,0.005545146280612275,0.015544447620000006,0.004727467178301504,0.0011309415597794217,2.373715711646145e-4,7.250050309286335e-5,1.0256783860775733,177.00019362456828,0,0,0,0,0,0,0.6405767121590406
F3,default,baseline_difference_sd,0,25,0,0.010039454552180622,0.009533966903956956,0.01058725925750921,0.01964749494266,0.0061289911231279005,6.861550748073838e-4,7.702450093878849e-4,2.1960064371123506e-4,1.0256783860775733,177.00019362456828,0,0,0,0,0,0,0.6405767121590406
F3,default,time_trend_mean,-0.04,25,0.84,3.118168446600009e-4,8.805027699999995e-4,0.002783583746730963,0.008223770494,0.002511348705590554,5.646204008908356e-4,9.100173628590892e-5,2.829196978337952e-5,1.0256783860775733,177.00019362456828,0,0,0,0,0,0,0.6405767121590406
F3,default,time_trend_sd,0.02,25,1,8.869397503799995e-4,0.0012848750764999986,0.0019941510051958338,0.007140891074,0.0021816023702163597,3.6457601577719815e-4,9.639261969873831e-5,2.7911589746000164e-5,1.0256783860775733,177.00019362456828,0,0,0,0,0,0,0.6405767121590406
F3,default,treatment_effect_mean,-0.15,25,0.88,3.4432282919999555e-4,5.222893499999826e-4,0.0028714595711549556,0.008624370279999998,0.002637084007953399,5.819049842997392e-4,9.087732555642476e-5,2.691689991912425e-5,1.0256783860775733,177.00019362456828,0,0,0,0,0,0,0.6405767121590406
F3,default,treatment_effect_sd,0.03,25,0.88,1.8715782690000113e-4,5.001822695000005e-4,0.001987383296120567,0.006924996694000001,0.002109060398780759,4.0387004477147507e-4,6.166350593180721e-5,1.7996669817662742e-5,1.0256783860775733,177.00019362456828,0,0,0,0,0,0,0.6405767121590406
F4,default,baseline_difference_sd,0,25,0,0.010601326666505002,0.010114650184835,0.011008616714277827,0.02176999250204,0.0068005023674277,6.055821879235678e-4,7.6618752256294e-4,2.2333006161018182e-4,1.0053439390655277,487.5419276172865,0,0,0,0,0,0,0.7283916579104913
F4,default,time_trend_mean,-0.08998628257887518,25,0.92,-0.0013980946441648173,-0.0021016770426248166,0.007450100231342746,0.024783744097999997,0.007561976377126646,0.0014937275078224454,6.581085955282473e-4,2.001172654460565e-4,1.0053439390655277,487.5419276172865,0,0,0,0,0,0,0.7283916579104913
F4,default,time_trend_sd,0.045528614603915496,25,0.72,0.0014171735209845035,-1.6817735415494695e-5,0.0078089701959081805,0.020629086722,0.006308039696148301,0.001567530365628295,4.261933455935313e-4,1.268478055399611e-4,1.0053439390655277,487.5419276172865,0,0,0,0,0,0,0.7283916579104913
F4,default,treatment_effect_mean,-0.3374485596707819,25,0.88,0.00215365911738191,0.003004543600781895,0.010547150906544643,0.030437978699999996,0.009302455502255478,0.0021075671663035958,4.7061455404031927e-4,1.39067210105023e-4,1.0053439390655277,487.5419276172865,0,0,0,0,0,0,0.7283916579104913
F4,default,treatment_effect_sd,0.07626392697027408,25,0.76,0.006086432141845921,0.005742007310225922,0.00937570933486021,0.02378041917,0.0072890446349062376,0.001455725324859423,3.626071242196572e-4,1.0841984688748094e-4,1.0053439390655277,487.5419276172865,0,0,0,0,0,0,0.7283916579104913
F5,default,baseline_difference_sd,0,25,0,0.009173491926938388,0.0075574303186778,0.009879079956052845,0.017239684779439997,0.005389646742475507,7.484224142733302e-4,6.77440932972365e-4,1.9484395522317163e-4,1.0139886083052205,449.93405603514026,0,0,0,0,0,0,0.610992658185588
F5,default,time_trend_mean,-0.22496570644718797,25,0.88,-9.380519574120317e-4,-2.9320756281203675e-4,0.0045146715050381064,0.014319680680000004,0.0043477491387871395,9.014413764355047e-4,2.1436966208528786e-4,6.782198628232536e-5,1.0139886083052205,449.93405603514026,0,0,0,0,0,0,0.610992658185588
F5,default,time_trend_sd,0.033218824807589406,25,0.72,0.004345453902430594,0.004658951776910593,0.005865953194735824,0.012742483281999999,0.003873437645778039,8.043226255852948e-4,1.4872264044202217e-4,4.2957357406250465e-5,1.0139886083052205,449.93405603514026,0,0,0,0,0,0,0.610992658185588
F5,default,treatment_effect_mean,-0.3374485596707819,25,0.96,-2.5803330501808605e-4,-8.236164842180815e-4,0.006213915899433285,0.02388726345999999,0.007287599373407226,0.001267316219725948,3.2547996336508773e-4,9.243699030153551e-5,1.0139886083052205,449.93405603514026,0,0,0,0,0,0,0.610992658185588
F5,default,treatment_effect_sd,0.07626392697027408,25,0.44,0.01016901740816592,0.00919845920922592,0.011601870511927693,0.018014939158,0.005490938996736502,0.0011400746380529178,1.9805046510992065e-4,5.744047490484332e-5,1.0139886083052205,449.93405603514026,0,0,0,0,0,0,0.610992658185588
F6,default,baseline_difference_sd,0,25,0,0.00783882426694345,0.0074590198037375,0.008263090595191367,0.014645950829199998,0.0045462906029235355,5.335221135810003e-4,5.747569222073563e-4,1.6507548899483544e-4,1.011310175411587,251.95100865836554,0,0,0,0,0,0,0.5786909176191504
F6,default,beta_cov[dose],-0.08998628257887518,25,0.84,5.308749178551858e-4,0.0016842770398751844,0.009231200107608877,0.026606788621999996,0.008097740466617941,0.0018811922997608722,4.27970589011262e-4,1.2595336896475368e-4,1.011310175411587,251.95100865836554,0,0,0,0,0,0,0.5786909176191504
F6,default,time_trend_mean,-0.08998628257887518,25,1,-3.774822164248148e-4,-7.01570519624814e-4,0.0032840437908124276,0.012392470403999996,0.003782697140429325,6.659094907298048e-4,1.6758046960684188e-4,5.139453879471294e-5,1.011310175411587,251.95100865836554,0,0,0,0,0,0,0.5786909176191504
F6,default,time_trend_sd,0.045528614603915496,25,0.76,0.001617360645804504,0.001896483130084503,0.003813609039860062,0.009884748945999998,0.0030165300338465396,7.049751310715749e-4,1.1113807796118886e-4,3.270839798732984e-5,1.011310175411587,251.95100865836554,0,0,0,0,0,0,0.5786909176191504
F6,default,treatment_effect_mean,-0.5624142661179699,25,0.8,0.001649477556969865,9.836651929698847e-4,0.0068983274523780206,0.023187234760000005,0.007076207968667287,0.0013672683446274204,3.271339338146198e-4,9.923178225518742e-5,1.011310175411587,251.95100865836554,0,0,0,0,0,0,0.5786909176191504
F6,default,treatment_effect_sd,0.07626392697027408,25,0.12,0.01755044590804592,0.016941222803725925,0.018942534719111767,0.01781986007,0.0054281183344262246,0.00145489790611903,2.2677141733286172e-4,7.05190203718498e-5,1.011310175411587,251.95100865836554,0,0,0,0,0,0,0.5786909176191504
F7,default,baseline_difference_sd,0,25,0,0.012793518864147297,0.01102755338314965,0.013736238561505864,0.024767352586199998,0.007703860733862404,0.0010208273787168085,8.960753896791674e-4,2.498410292648537e-4,1.0235267192835094,260.7019781032954,0,0,0,0,0,0,0.7478395833635276
F7,default,time_trend_mean,-0.08998628257887518,25,0.96,1.1536979855183982e-5,-0.0022615866491248193,0.007998278815695732,0.03063639848,0.009367176455444949,0.0016326401281322295,6.673033556754777e-4,1.9767296204499936e-4,1.0235267192835094,260.7019781032954,0,0,0,0,0,0,0.7478395833635276
F7,default,time_trend_sd,0.045528614603915496,25,0.92,0.003309726381178504,0.004490216296584505,0.007562847791829202,0.025187654626000002,0.007716039384612086,0.0013880798788870618,5.46966698031947e-4,1.700714355685832e-4,1.0235267192835094,260.7019781032954,0,0,0,0,0,0,0.7478395833635276
F7,default,treatment_effect_mean,-0.3374485596707819,25,0.8,0.004025812133781905,0.006666187365781895,0.01607169768007752,0.04744295427999999,0.014468578849330825,0.003176032004084811,6.243048535314533e-4,1.713128439484268e-4,1.0235267192835094,260.7019781032954,0,0,0,0,0,0,0.7478395833635276
F7,default,treatment_effect_mean_pp,-0.5174211248285322,25,0.8,0.009698753583732195,0.007206343153532191,0.023549285215654442,0.06492226236,0.01980540887496704,0.004380368197472497,8.206472838167854e-4,2.3104389455426487e-4,1.0235267192835094,260.7019781032954,0,0,0,0,0,0,0.7478395833635276
F7,default,treatment_effect_mean_rct,-0.11248285322359394,25,1,2.8676545897394156e-4,-0.0028125430394060624,0.012714532524783434,0.04869293802599999,0.01486525011212816,0.002594682887619372,6.106768398637898e-4,1.8477454563570387e-4,1.0235267192835094,260.7019781032954,0,0,0,0,0,0,0.7478395833635276
F7,default,treatment_effect_sd,0.07626392697027408,25,0.96,0.0013916164475659203,0.002587445898225918,0.0062609517503521275,0.025075777687999998,0.007656995431262224,0.0012460424097099948,2.7155847922521504e-4,8.234265582566522e-5,1.0235267192835094,260.7019781032954,0,0,0,0,0,0,0.7478395833635276
F8,default,baseline_difference_sd,0,25,0,0.007619654262031648,0.0071886027277526,0.008144190712159103,0.013912688326839999,0.00430555239766549,5.869664699084023e-4,4.766469565081036e-4,1.3243093069346701e-4,1.0062164278461214,465.37449679533256,0,1.04,7,0.32,0,0,0.10809620820218079
F8,default,time_trend_mean,-0.08888888888888889,25,0.96,-9.48128739751109e-4,-0.0011740557706111099,0.0031563958621593745,0.011816760859999994,0.0035946323807284053,6.145420629594444e-4,1.3802353843852942e-4,4.0912671199407866e-5,1.0062164278461214,465.37449679533256,0,1.04,7,0.32,0,0,0.10809620820218079
F8,default,time_trend_sd,0.044444444444444446,25,0.92,4.037120636755545e-4,5.49765093055557e-4,0.0029705043252506603,0.009467149392,0.002886083917421346,6.007256901717463e-4,8.83255963324455e-5,2.5694107379970084e-5,1.0062164278461214,465.37449679533256,0,1.04,7,0.32,0,0,0.10809620820218079
F8,default,treatment_effect_mean,-0.3333333333333333,25,0.96,-1.975343626666848e-4,-8.445604666668105e-5,0.003940480531509124,0.017442012180000008,0.005319698109384662,8.033359351989752e-4,1.8396340528460518e-4,5.480336940072375e-5,1.0062164278461214,465.37449679533256,0,1.04,7,0.32,0,0,0.10809620820218079
F8,default,treatment_effect_sd,0.06666666666666667,25,0.92,5.358803276533334e-4,3.20439667833336e-4,0.0035934180445354896,0.013791289953999999,0.0042109242714323475,7.2530124538094e-4,1.1682265048161954e-4,3.764086947487376e-5,1.0062164278461214,465.37449679533256,0,1.04,7,0.32,0,0,0.10809620820218079
B1,full,baseline_difference_sd,0,25,0,0.028700349067219667,0.024415659752815,0.03021350303322143,0.06619687741299998,0.02250530188614239,0.001927279267065186,0.0028005642598717554,7.972935904228545e-4,1.0332958160565044,55.94124433716067,0,13.12,69,0.48,0.32,0,0.6915626774024505
B1,full,time_trend_mean,-0.22496570644718797,25,0.92,0.003187607153767971,0.003329397832187969,0.02005161799740204,0.07354059951999999,0.02253758806937475,0.004040970102932095,0.003939463870933463,0.0012073043005956332,1.0332958160565044,55.94124433716067,0,13.12,69,0.48,0.32,0,0.6915626774024505
B1,full,time_trend_sd,0.033218824807589406,25,0.8,0.01704212071765378,0.016472488746860595,0.028984443228604773,0.07063144640819999,0.021956901443590377,0.004785673370928452,0.004027167717924237,0.0012973746688952367,1.0332958160565044,55.94124433716067,0,13.12,69,0.48,0.32,0,0.6915626774024505
B1,full,treatment_effect_mean,-0.3374485596707819,25,0.96,-0.002248567944418087,-0.0024785426292180945,0.02511767813832088,0.08689756184000001,0.02641721190329243,0.0051065386893489224,0.002388870948152448,7.471187347060799e-4,1.0332958160565044,55.94124433716067,0,13.12,69,0.48,0.32,0,0.6915626774024505
B1,full,treatment_effect_sd,0.07626392697027408,25,0.84,0.003862005032317439,0.008665722164130918,0.022839590085266134,0.073367245962,0.022593261409268997,0.0045949782026747325,0.004239147463654337,0.001313382281460709,1.0332958160565044,55.94124433716067,0,13.12,69,0.48,0.32,0,0.6915626774024505
B1,naive,baseline_difference_sd,0,25,0,0.029380215807917,0.026681727890177066,0.030676549558293496,0.0683641358776,0.022909892468816716,0.0018010831449744007,0.002874259644585272,9.034433937377528e-4,1.038475266299551,111.84618092914152,0,3.36,23,0.76,0.08,0,0.6284856756828514
B1,naive,time_trend_mean,-0.22496570644718797,25,0.88,0.009259949961786166,0.01122150572718797,0.022626771542485442,0.09292926225999999,0.029598041880159295,0.004214182983000409,0.007771027126627623,0.0025807584203280044,1.038475266299551,111.84618092914152,0,3.36,23,0.76,0.08,0,0.6284856756828514
B1,naive,time_trend_sd,0.033218824807589406,25,0.84,0.019130381703037016,0.015098429320220597,0.03422229126073355,0.10634285837999997,0.03603504853360328,0.005792213577404966,0.008379989718871661,0.002621948207748969,1.038475266299551,111.84618092914152,0,3.36,23,0.76,0.08,0,0.6284856756828514
B1,naive,treatment_effect_mean,-0.3374485596707819,25,0,-0.18821814682001808,-0.1869058231542181,0.18905924948184732,0.08111281243999999,0.024818073944800182,0.0036362126718463583,0.0022039408828523487,6.822127492853459e-4,1.038475266299551,111.84618092914152,0,3.36,23,0.76,0.08,0,0.6284856756828514
B1,naive,treatment_effect_sd,0.07626392697027408,25,0,0.05480881069724592,0.05339855691122593,0.057488898159362894,0.062174303258,0.01925875611556128,0.00354123143324383,0.0016829842087258365,5.058842004240844e-4,1.038475266299551,111.84618092914152,0,3.36,23,0.76,0.08,0,0.6284856756828514
B2,full,baseline_difference_sd,0,25,0,0.019929544093112598,0.019229880613454,0.020681750239309314,0.042202164869619994,0.013362297758694172,0.0011282003590130404,0.001572493159341359,4.724644651753096e-4,1.0142382023102383,233.30031353830913,0,1.64,14,0.48,0.04,0,0.769110337439775
B2,full,time_trend_mean,0,25,0.96,-0.004996356671064803,-0.0057336756893847,0.009127238281697307,0.03179705255276,0.009718849141860185,0.0015591517280558235,7.870501745453964e-4,2.3525631824272719e-4,1.0142382023102383,233.30031353830913,0,1.64,14,0.48,0.04,0,0.769110337439775
B2,full,time_trend_sd,0,25,0,0.015280708351632132,0.01365405162877105,0.0162318878066053,0.032614044231039994,0.010410155431139404,0.0011175519010800236,0.00114649289902026,3.42152187278317e-4,1.0142382023102383,233.30031353830913,0,1.64,14,0.48,0.04,0,0.769110337439775
B2,full,treatment_effect_mean,-0.3333333333333333,25,0.88,0.0046961318763333185,0.002446070693333302,0.01664618226133325,0.049864840699999996,0.015209354222761618,0.0032598678991487507,0.0012886320579714309,3.939762926912003e-4,1.0142382023102383,233.30031353830913,0,1.64,14,0.48,0.04,0,0.769110337439775
B2,full,treatment_effect_sd,0.06666666666666667,25,0.8,-0.0010164217447166642,-0.0025544410796666667,0.013526261153045916,0.039152479165999995,0.012064285860026246,0.002753230130359506,0.0011717233252014265,3.31112586096671e-4,1.0142382023102383,233.30031353830913,0,1.64,14,0.48,0.04,0,0.769110337439775
B2,naive,baseline_difference_sd,0,25,0,0.020521971779171106,0.0178893083887805,0.02176579861438782,0.043739780520639995,0.013909117525761693,0.0014804090596998226,0.0019572027975516314,5.638130625152044e-4,1.014475586746136,164.6384925162894,0,0.08,1,0.08,0,0,0.6629932177473117
B2,naive,time_trend_mean,0,25,0.96,-0.005738552445041327,-0.00587486741040355,0.008527227561022857,0.031654784267,0.009771453428031311,0.0012874818075248357,6.907595051805267e-4,2.175604206023219e-4,1.014475586746136,164.6384925162894,0,0.08,1,0.08,0,0,0.6629932177473117
B2,naive,time_trend_sd,0,25,0,0.015410854344729849,0.0146068234330154,0.016261261663905142,0.0336638707257,0.010854166632141473,0.0010593669349252912,0.0012893643691029024,3.7645143192522316e-4,1.014475586746136,164.6384925162894,0,0.08,1,0.08,0,0,0.6629932177473117
B2,naive,treatment_effect_mean,-0.3333333333333333,25,0.84,0.0027148295409333122,0.003306153783333321,0.015198394399097507,0.04596432392,0.01395300881664455,0.0030524641198696224,0.0015482931322062673,4.692752122296957e-4,1.014475586746136,164.6384925162894,0,0.08,1,0.08,0,0,0.6629932177473117
B2,naive,treatment_effect_sd,0.06666666666666667,25,0.76,0.0015380796761333337,-6.510917501666713e-4,0.013280473083444506,0.036485103058,0.01128277872567584,0.0026926232270622235,9.048944933655746e-4,2.857832983401847e-4,1.014475586746136,164.6384925162894,0,0.08,1,0.08,0,0,0.6629932177473117
B3,full,baseline_difference_sd,0,25,0,0.02090644123395748,0.017952637720797,0.02254932339551747,0.044506057823339995,0.01423667828314624,0.0017247306616627856,0.0019000991937301805,5.425977970081548e-4,1.0901105486948048,19.94384319961255,0.08,2.32,51,0.16,0.04,0,0.641822677048852
B3,full,time_trend_mean,-0.08998628257887518,25,0.36,0.06373512030076686,0.06687328888651818,0.06858120560015167,0.08579747454139999,0.026857901904472632,0.00516888205924425,0.007714700334016121,0.002508195081000699,1.0901105486948048,19.94384319961255,0.08,2.32,51,0.16,0.04,0,0.641822677048852
B3,full,time_trend_sd,0.045528614603915496,25,0.92,0.012587337987124185,0.014802425878584505,0.026995765773735074,0.081403484089,0.02568821993929106,0.004874808936889504,0.0061299240082350655,0.002092869628683734,1.0901105486948048,19.94384319961255,0.08,2.32,51,0.16,0.04,0,0.641822677048852
B3,full,treatment_effect_mean,-0.3374485596707819,25,0.24,-0.08396403298341809,-0.07939202666421807,0.08889897412420125,0.13129413351999997,0.04020040295290592,0.005961923506354314,0.004311658632507506,0.0014609798312027317,1.0901105486948048,19.94384319961255,0.08,2.32,51,0.16,0.04,0,0.641822677048852
B3,full,treatment_effect_sd,0.07626392697027408,25,0.24,0.05876723075884136,0.05469275427972593,0.06351704973223843,0.107344369728,0.033454384164510194,0.0049194689568791364,0.0049552834033196515,0.001629579835378319,1.0901105486948048,19.94384319961255,0.08,2.32,51,0.16,0.04,0,0.641822677048852
B3,naive,baseline_difference_sd,0,25,0,0.02109389257756533,0.018649284042822,0.022645644076670083,0.04441669611747999,0.014228612734376969,0.0016816768859950128,0.0018898554154472326,5.471875047687598e-4,1.0270143438805264,201.6297139439914,0,0.08,2,0.04,0,0,0.6282262793765889
B3,naive,time_trend_mean,-0.08998628257887518,25,0,0.08939760454525376,0.08851199773280559,0.09035475014823732,0.05734362393999999,0.018124744338193763,0.0026774457349061807,0.002547365589768944,8.547151172507934e-4,1.0270143438805264,201.6297139439914,0,0.08,2,0.04,0,0,0.6282262793765889
B3,naive,time_trend_sd,0.045528614603915496,25,1,0.0010007540121728374,0.004734421654584507,0.012993542788293497,0.05720399804939999,0.018622144414326452,0.0026444174342560305,0.0015102656223502159,6.351161179212014e-4,1.0270143438805264,201.6297139439914,0,0.08,2,0.04,0,0,0.6282262793765889
B3,naive,treatment_effect_mean,-0.3374485596707819,25,0,-0.11021850772061809,-0.11052340458921811,0.1116027963560528,0.11634638812,0.035521148672176754,0.003576920872823933,0.0027419808571568015,8.312244092451317e-4,1.0270143438805264,201.6297139439914,0,0.08,2,0.04,0,0,0.6282262793765889
B3,naive,treatment_effect_sd,0.07626392697027408,25,0,0.07847375505374592,0.08004672143872592,0.08084996826214856,0.09114842604199999,0.02845038496716789,0.003971707943668136,0.002247255935507364,6.797277238096168e-4,1.0270143438805264,201.6297139439914,0,0.08,2,0.04,0,0,0.6282262793765889
B4,correlated,baseline_difference_sd,0,25,0,0.011726746546672728,0.010729043982497225,0.012433027499221247,0.02455624139126,0.00770530984221734,8.431979855113852e-4,9.845971936234365e-4,2.782405288807758e-4,1.0129538802332319,137.4825292241624,0,8.44,81,0.68,0.16,0,0.32792445766483436
B4,correlated,time_trend_mean,-0.08888888888888889,25,0.88,-0.0010552718711911062,5.895533463888963e-4,0.009331806113750063,0.031339943586,0.009581867330118024,0.0018926283160208702,7.725312714052767e-4,2.437745659128664e-4,1.0129538802332319,137.4825292241624,0,8.44,81,0.68,0.16,0,0.32792445766483436
B4,correlated,time_trend_sd,0.044444444444444446,25,0.92,6.459646494875542e-4,2.3361655305555173e-4,0.00723579466613018,0.025514888839999996,0.007896584100057282,0.0014711029609617515,4.489232258680373e-4,1.4022357206168546e-4,1.0129538802332319,137.4825292241624,0,8.44,81,0.68,0.16,0,0.32792445766483436
B4,correlated,treatment_effect_mean,-0.3333333333333333,25,0.88,0.003603811488533315,0.004284497518333319,0.01603827008651805,0.047321296060000004,0.014454814123098356,0.00319008000241383,0.001257962615600829,3.7503097421529453e-4,1.0129538802332319,137.4825292241624,0,8.44,81,0.68,0.16,0,0.32792445766483436
B4,correlated,treatment_effect_sd,0.06666666666666667,25,0.92,0.002883627583613334,8.458234423333322e-4,0.011381257444172245,0.037906688636,0.01169072836897868,0.002247384711258386,7.068075507522036e-4,2.262779973004079e-4,1.0129538802332319,137.4825292241624,0,8.44,81,0.68,0.16,0,0.32792445766483436
B4,independent,baseline_difference_sd,0,25,0,0.012265865162503239,0.01143317878384569,0.012958381460392987,0.02532994582486,0.007988348741856164,8.531364166109391e-4,9.29847187861739e-4,2.681187382842489e-4,1.0092697397774069,466.55635189911777,0,0,0,0,0,0,0.6535010128865648
B4,independent,time_trend_mean,-0.08888888888888889,25,0.88,-8.479906953711081e-4,7.447890218888892e-4,0.009424265816539804,0.033153005692,0.010150241767202925,0.0019159168601630035,8.579518882337536e-4,2.648232512560935e-4,1.0092697397774069,466.55635189911777,0,0,0,0,0,0,0.6535010128865648
B4,independent,time_trend_sd,0.044444444444444446,25,0.88,0.004927011531607553,0.005224071880555556,0.009310459863736254,0.028097456481999995,0.008657155517958344,0.0016125706734079633,5.802248796913827e-4,1.7238644959902426e-4,1.0092697397774069,466.55635189911777,0,0,0,0,0,0,0.6535010128865648
B4,independent,treatment_effect_mean,-0.3333333333333333,25,0.88,0.0031465095345333126,0.0028589591333333386,0.016281014540938776,0.051093068959999995,0.015561304867212635,0.0032606933837717638,0.001354795572183437,4.0749899231772415e-4,1.0092697397774069,466.55635189911777,0,0,0,0,0,0,0.6535010128865648
B4,independent,treatment_effect_sd,0.06666666666666667,25,0.84,0.009757195077613334,0.007502101953833329,0.01513395370920377,0.041527968888,0.01285570081084648,0.002361441112697575,8.066808137404604e-4,2.559834442844876e-4,1.0092697397774069,466.55635189911777,0,0,0,0,0,0,0.6535010128865648
B5,full,time_trend_mean,-0.08998628257887518,25,0.84,0.0033224953185575436,0.006098398756735179,0.018150617877730025,0.060196529932,0.0187561161048749,0.0036423776243543634,0.0045145352500542794,0.001377113683952864,1.1504766391971182,9.621625587644065,0.04,19.16,245,0.28,0.08,0,0.32970086925827735
B5,full,time_trend_sd,0.045528614603915496,25,0.84,0.001603916000459031,-0.002254546572415493,0.020433383470811875,0.05723469909159999,0.018492322349656858,0.004158077548222252,0.00288071871054271,0.001011623007390512,1.1504766391971182,9.621625587644065,0.04,19.16,245,0.28,0.08,0,0.32970086925827735
B5,full,treatment_effect_mean,-0.3374485596707819,25,0.16,0.0646007653034219,0.06701355976078194,0.0674583985677221,0.09196226284,0.028137348703151852,0.003965353386594575,0.0023159254254536727,7.020075145118084e-4,1.1504766391971182,9.621625587644065,0.04,19.16,245,0.28,0.08,0,0.32970086925827735
B5,full,treatment_effect_sd,0.07626392697027408,25,0.6,0.025192495028509922,0.026225861329225927,0.033532206136798054,0.07338193477659999,0.022836953603403723,0.0045173141109108375,0.002173070141680495,6.987356791751556e-4,1.1504766391971182,9.621625587644065,0.04,19.16,245,0.28,0.08,0,0.32970086925827735
B5,naive,time_trend_mean,-0.08998628257887518,25,0.84,0.0024384447858318255,0.006367925664875179,0.017678111009955498,0.05842869698599999,0.018352104950616836,0.0035740359767049965,0.003772723792013354,0.001212134909483372,1.0082513459051543,386.38020315473744,0,0.32,4,0.2,0,0,0.7355964242963465
B5,naive,time_trend_sd,0.045528614603915496,25,0.84,0.0012632324346476596,-0.0047800648933154985,0.02011926621870243,0.05813905706079999,0.018867473810549328,0.00409872498973296,0.0029528765738662845,0.0010134496817041324,1.0082513459051543,386.38020315473744,0,0.32,4,0.2,0,0,0.7355964242963465
B5,naive,treatment_effect_mean,-0.3374485596707819,25,0.04,0.07220281534998191,0.07587509477078191,0.07378894057689553,0.08298434183999999,0.025564791297572623,0.0031061847377251263,0.0024949610414973155,7.81076144812861e-4,1.0082513459051543,386.38020315473744,0,0.32,4,0.2,0,0,0.7355964242963465
B5,naive,treatment_effect_sd,0.07626392697027408,25,0.44,0.02989334998062592,0.028936189459225922,0.034862260859736566,0.06635531004399998,0.020855251337031776,0.003661539175379507,0.001994737329762474,6.080441950947469e-4,1.0082513459051543,386.38020315473744,0,0.32,4,0.2,0,0,0.7355964242963465
B5,zero_mean,time_trend_mean,-0.08998628257887518,25,0.84,0.0025803242893797642,0.006827541368375184,0.01781200659353382,0.05942398236999999,0.018583706483648862,0.0035975078494802546,0.004253674498317943,0.0013510435679270631,1.0226358433820084,173.5297879254256,0,2.16,36,0.08,0.08,0,0.7356638325457711
B5,zero_mean,time_trend_sd,0.045528614603915496,25,0.84,0.0014462044231892564,-0.003890850343815498,0.02066742518529791,0.058140774263199996,0.018689003529596328,0.004208379322634358,0.003216534398509393,0.0010491645491450515,1.0226358433820084,173.5297879254256,0,2.16,36,0.08,0.08,0,0.7356638325457711
B5,zero_mean,treatment_effect_mean,-0.3374485596707819,25,0.04,0.07010104973518191,0.07232609748578189,0.0717809179163197,0.08475042672,0.025942539312839377,0.0031513423259976305,0.0025255566586199797,7.68804516071286e-4,1.0226358433820084,173.5297879254256,0,2.16,36,0.08,0.08,0,0.7356638325457711
B5,zero_mean,treatment_effect_sd,0.07626392697027408,25,0.6,0.028059074671125922,0.028044221796225927,0.03409882617726266,0.07060612704199999,0.02185281410158617,0.003955050965049592,0.0018908499416096691,5.847737505833386e-4,1.0226358433820084,173.5297879254256,0,2.16,36,0.08,0.08,0,0.7356638325457711
B6,full,time_trend_mean,-0.08998628257887518,25,0.96,-0.001735024112158815,3.6510955737519e-4,0.00952035938622812,0.050633376605999994,0.015489383388396866,0.0019107910030182241,0.0016506507690969585,5.143949602625889e-4,1.0196824677089384,220.83600650427348,0,0.12,2,0.08,0,0,0.6641175840524972
B6,full,time_trend_sd,0.045528614603915496,25,0.96,0.006406818492999104,0.0067688319485845055,0.012049886356480997,0.043606688293999996,0.013723638827692324,0.0020831910418261327,0.00104750180866799,3.281913822984033e-4,1.0196824677089384,220.83600650427348,0,0.12,2,0.08,0,0,0.6641175840524972
B6,full,treatment_effect_mean,-0.3374485596707819,25,0.72,-0.027552826278418093,-0.024295137464218075,0.03429348212404238,0.0726240409,0.022134699351295264,0.004167756592097479,0.0017822611221186679,5.245914000500397e-4,1.0196824677089384,220.83600650427348,0,0.12,2,0.08,0,0,0.6641175840524972
B6,full,treatment_effect_sd,0.07626392697027408,25,0.92,0.004274719798725923,0.0024272916132259265,0.012317790429278644,0.05472968223199999,0.01688274864512762,0.0023580953799448084,0.001569672396178288,4.7477986701604315e-4,1.0196824677089384,220.83600650427348,0,0.12,2,0.08,0,0,0.6641175840524972
B6,naive,time_trend_mean,-0.08998628257887518,25,0.96,0.0011047250727751839,0.0023288507843751832,0.009791047978437408,0.051291533316,0.015803946644783934,0.0019858268956705533,0.0017802442914667108,5.352417395754852e-4,1.0080751936293888,557.5809967725962,0,0,0,0,0,0,0.6946965110732771
B6,naive,time_trend_sd,0.045528614603915496,25,0.96,0.006574293295772506,0.006965404319084503,0.012419447884791948,0.044407932475999994,0.014000797928878346,0.0021507881639086005,0.001153238837654056,3.713444167189227e-4,1.0080751936293888,557.5809967725962,0,0,0,0,0,0,0.6946965110732771
B6,naive,treatment_effect_mean,-0.3374485596707819,25,0.28,0.03258711682378192,0.03358990592578193,0.03619563504886333,0.055495436899999986,0.016850707075336823,0.0032158708884199943,0.0010648737183763454,3.2796798068509793e-4,1.0080751936293888,557.5809967725962,0,0,0,0,0,0,0.6946965110732771
B6,naive,treatment_effect_sd,0.07626392697027408,25,0.96,0.003749043977325921,0.0015487775242259277,0.009702779519961268,0.04504313489399999,0.013868272253262318,0.0018267525793633547,8.298752525989618e-4,2.585230763051503e-4,1.0080751936293888,557.5809967725962,0,0,0,0,0,0,0.6946965110732771
B6,zero_mean,time_trend_mean,-0.08998628257887518,25,0.96,0.0013447952838703857,0.002119357992875187,0.00943082987755724,0.050901990593999996,0.015645238382350907,0.0019053879506973803,0.0017256000492328661,5.273704255941337e-4,1.006474517567806,496.9606587254528,0,0,0,0,0,0,0.7291984042894746
B6,zero_mean,time_trend_sd,0.045528614603915496,25,0.92,0.006752421366874504,0.006756531503084501,0.012365220177251144,0.04399653668799999,0.013875516708873657,0.0021144687642139525,0.0010520014590777423,3.3764269343647e-4,1.006474517567806,496.9606587254528,0,0,0,0,0,0,0.7291984042894746
B6,zero_mean,treatment_effect_mean,-0.3374485596707819,25,0.72,0.018952085519781912,0.021422513105781915,0.026742307058151348,0.06460990323999999,0.019845598413419072,0.0038512413650412997,0.0015780520469863678,4.933650770758532e-4,1.006474517567806,496.9606587254528,0,0,0,0,0,0,0.7291984042894746
B6,zero_mean,treatment_effect_sd,0.07626392697027408,25,1,-0.00426437317139408,-0.005507560745774076,0.012614121855637584,0.054943155933999996,0.016876074470256946,0.002423248436534179,0.0010266634022490892,3.255820572338463e-4,1.006474517567806,496.9606587254528,0,0,0,0,0,0,0.7291984042894746
C1,normal,baseline_difference_sd,0,25,0,0.017228372776256894,0.0156415288026705,0.018569077387075587,0.0335652967048,0.01047101632123315,0.0014141223204036633,0.0013635003130235154,3.872131908573722e-4,1.0156182206125957,267.26465512007644,0,0,0,0,0,0,0.5885414837175804
C1,normal,time_trend_mean,-0.08998628257887518,25,0.96,0.0010051323790311855,9.822443343751874e-4,0.009037118936208552,0.042928986552,0.013132734583648387,0.001833248796169911,0.0013656055507154305,4.1602148300185995e-4,1.0156182206125957,267.26465512007644,0,0,0,0,0,0,0.5885414837175804
C1,normal,time_trend_sd,0.045528614603915496,25,0.88,0.006164621388282104,0.010169394305584507,0.012255924379180964,0.03669715552,0.011424997887700282,0.0021622242167821186,9.165033150972631e-4,2.8181578697242954e-4,1.0156182206125957,267.26465512007644,0,0,0,0,0,0,0.5885414837175804
C1,normal,treatment_effect_mean,-0.3374485596707819,25,0.92,-0.0029463647452180907,-0.00283497033421809,0.026425797166418553,0.0860424413,0.026496029520399686,0.005360510278372256,0.0029699925544579473,9.606248485654612e-4,1.0156182206125957,267.26465512007644,0,0,0,0,0,0,0.5885414837175804
C1,normal,treatment_effect_sd,0.07626392697027408,25,0.36,0.03592285229412592,0.03581502666972593,0.0424172823412919,0.0712614397,0.022402777620539632,0.00460423050155726,0.0023782980893976664,7.611615593756599e-4,1.0156182206125957,267.26465512007644,0,0,0,0,0,0,0.5885414837175804
C1,robust,baseline_difference_sd,0,25,0,0.01676388592465062,0.01544415447585065,0.018060827623252996,0.03328039373604,0.010446596014985534,0.0013718239552714616,0.0014182840223239369,4.069528137865683e-4,1.0066186000661086,663.5861307288436,0,0,0,0,0,0,0.6672094151321918
C1,robust,time_trend_mean,-0.08998628257887518,25,0.96,9.967890570151848e-4,7.4171726237518e-4,0.008849825498221216,0.043009878595999994,0.01313758616579839,0.0017949677681040823,0.0014728013421423376,4.514467876363828e-4,1.0066186000661086,663.5861307288436,0,0,0,0,0,0,0.6672094151321918
C1,robust,time_trend_sd,0.045528614603915496,25,0.84,0.006446848423620504,0.010455943815584505,0.012483970052698409,0.036811210161999994,0.011494202193807392,0.002182197417737571,9.412375161637097e-4,2.9112331576984816e-4,1.0066186000661086,663.5861307288436,0,0,0,0,0,0,0.6672094151321918
C1,robust,treatment_effect_mean,-0.3374485596707819,25,0.92,-0.0037070973956180864,-0.003629025564218069,0.022585562223019887,0.0814347814,0.024866604625520605,0.004547733179972307,0.003266673027433535,9.658763847429424e-4,1.0066186000661086,663.5861307288436,0,0,0,0,0,0,0.6672094151321918
C1,robust,treatment_effect_sd,0.07626392697027408,25,0.72,0.019100708269825923,0.01669335971922592,0.02855882559226658,0.07528934910599999,0.023293742108256826,0.004333827517336264,0.0026409062669773297,8.283599237095122e-4,1.0066186000661086,663.5861307288436,0,0,0,0,0,0,0.6672094151321918
C2,normal,baseline_difference_sd,0,25,0,0.017199269602278265,0.0157251905425855,0.018871936483736588,0.03323472108116,0.01042073723074422,0.001585548167489913,0.0013518750639359748,3.710780227462098e-4,1.0226260144011814,133.15065370228217,0,0,0,0,0,0,0.5479314518168856
C2,normal,time_trend_mean,-0.08998628257887518,25,0.88,0.002411321588841184,6.747130258751843e-4,0.011843221258593738,0.039538505528,0.012154268127795817,0.002366849329587006,0.0014130145867304591,4.2720049693198425e-4,1.0226260144011814,133.15065370228217,0,0,0,0,0,0,0.5479314518168856
C2,normal,time_trend_sd,0.045528614603915496,25,0.96,0.0014053576362895034,8.527461355845034e-4,0.010677051383499558,0.0353230665844,0.010913659570067675,0.0021604821622345925,8.048034149359205e-4,2.463746066976439e-4,1.0226260144011814,133.15065370228217,0,0,0,0,0,0,0.5479314518168856
C2,normal,treatment_effect_mean,-0.3374485596707819,25,0.88,0.0025005098240019107,0.004854109065781931,0.04179902661826406,0.12282622444,0.037774770311479605,0.008516909838801125,0.00245561779827684,7.52210620131975e-4,1.0226260144011814,133.15065370228217,0,0,0,0,0,0,0.5479314518168856
C2,normal,treatment_effect_sd,0.07626392697027408,25,0,0.08728398500754592,0.08833817713922591,0.08878673016965526,0.097215003446,0.030414837564987293,0.0033203251310531174,0.001850528842858723,6.268940128015211e-4,1.0226260144011814,133.15065370228217,0,0,0,0,0,0,0.5479314518168856
C2,robust,baseline_difference_sd,0,25,0,0.016952361925766966,0.015178318173295,0.018513765389684814,0.03287989435528,0.010312732494068551,0.0015190037036670041,0.001363105097357604,3.8488835364695987e-4,1.008041774579671,531.7406672514288,0,0,0,0,0,0,0.6597691830744741
C2,robust,time_trend_mean,-0.08998628257887518,25,0.88,0.002250965071355185,0.001130427563875186,0.011799237496797938,0.040118856464,0.01224008506671999,0.0023642754506171424,0.0013669876044281354,4.2106112221913794e-4,1.008041774579671,531.7406672514288,0,0,0,0,0,0,0.6597691830744741
C2,robust,time_trend_sd,0.045528614603915496,25,0.96,0.0014894429371053036,0.0013243176980845053,0.010546074605468945,0.035254302238999995,0.010882729440244486,0.0021311308551371665,8.439617620171417e-4,2.658657234233204e-4,1.008041774579671,531.7406672514288,0,0,0,0,0,0,0.6597691830744741
C2,robust,treatment_effect_mean,-0.3374485596707819,25,0.92,0.00425194836638191,-7.913847892180859e-4,0.03380411271938209,0.1134026899,0.034689255391830535,0.0068454333069399645,0.0018339290416009228,5.233252620799689e-4,1.008041774579671,531.7406672514288,0,0,0,0,0,0,0.6597691830744741
C2,robust,treatment_effect_sd,0.07626392697027408,25,0.24,0.059193837860025925,0.05569922906822593,0.06028560526782439,0.114527570094,0.03512041602377404,0.002331342262775683,0.003419149491184389,0.0010093569106223905,1.008041774579671,531.7406672514288,0,0,0,0,0,0,0.6597691830744741
C3,normal,baseline_difference_sd,0,25,0,0.01434509683721412,0.01329238692496885,0.014869845837355832,0.030970870311679995,0.009762338129318445,7.992317133159284e-4,9.465273025454192e-4,2.789064191489044e-4,1.016432529385764,238.10599870956307,0,0,0,0,0,0,0.6301334793333138
C3,normal,time_trend_mean,-0.08998628257887518,25,0.92,-5.583625371308154e-4,-5.963246051248206e-4,0.010441812861303334,0.04094068142,0.01249449493686561,0.002128376602675622,0.0014955762653464627,4.5656344867616474e-4,1.016432529385764,238.10599870956307,0,0,0,0,0,0,0.6301334793333138
C3,normal,time_trend_sd,0.045528614603915496,25,0.88,0.003571130314252503,0.001320996078084502,0.011801879571159848,0.03555401447,0.01105497271692282,0.0022961143780561378,9.87777167433417e-4,3.0503267606817665e-4,1.016432529385764,238.10599870956307,0,0,0,0,0,0,0.6301334793333138
C3,normal,treatment_effect_mean,-0.3374485596707819,25,0.84,0.006174088862781915,0.004621881300781894,0.025615147537935742,0.08806284212,0.027014701180825378,0.005074513154418066,0.004919354741758449,0.0015371957797136386,1.016432529385764,238.10599870956307,0,0,0,0,0,0,0.6301334793333138
C3,normal,treatment_effect_sd,0.07626392697027408,25,0.56,0.03638613339094592,0.024226291167725927,0.04909856167923664,0.071072050902,0.022109190312776472,0.0067290355172754095,0.0036814682000555323,0.0011538889370646135,1.016432529385764,238.10599870956307,0,0,0,0,0,0,0.6301334793333138
C3,robust,baseline_difference_sd,0,25,0,0.014274055452640417,0.0135270187512085,0.014762363016391963,0.030620335504419997,0.00971885856600711,7.686216766254277e-4,9.283649568758463e-4,2.726433742896974e-4,1.0119348986550893,595.0152939215612,0,0,0,0,0,0,0.6603225914139688
C3,robust,time_trend_mean,-0.08998628257887518,25,0.92,-5.784979824248154e-4,-7.592947811248113e-4,0.010398480650076728,0.040786930058,0.012489833397659569,0.0021192937101224565,0.001521988296828532,4.532587081822202e-4,1.0119348986550893,595.0152939215612,0,0,0,0,0,0,0.6603225914139688
C3,robust,time_trend_sd,0.045528614603915496,25,0.88,0.003403731944076505,0.0017995922135845069,0.0117846758111149,0.035549778026,0.011086219777733582,0.002303016073416461,9.39111958203313e-4,3.0117312341140274e-4,1.0119348986550893,595.0152939215612,0,0,0,0,0,0,0.6603225914139688
C3,robust,treatment_effect_mean,-0.3374485596707819,25,0.88,0.007369604062181916,0.0037043362507819255,0.024843774781912673,0.08439762679999999,0.025896418089691904,0.004842959156432975,0.003937684194042711,0.0011895102522856149,1.0119348986550893,595.0152939215612,0,0,0,0,0,0,0.6603225914139688
C3,robust,treatment_effect_sd,0.07626392697027408,25,0.8,0.02552755448366592,0.015968565942725915,0.036114072498660964,0.07562813266799999,0.02338837889249793,0.00521444386025493,0.004725867127837786,0.0014428454681290072,1.0119348986550893,595.0152939215612,0,0,0,0,0,0,0.6603225914139688
C4,normal,baseline_difference_sd,0,25,0,0.013977552213638248,0.0126560255831265,0.014554334589790004,0.030159841596639998,0.009520114733599922,8.280672644420826e-4,0.0010604521813871045,3.0001588194745636e-4,1.0106377976712089,409.99374514659587,0,0,0,0,0,0,0.651796268318179
C4,normal,time_trend_mean,-0.08998628257887518,25,0.92,-0.0016386733492280154,-0.00022253376662481616,0.01186474262349308,0.04316198907,0.013248869542316551,0.0023986703536913187,0.0015605030479001057,4.8567985180743566e-4,1.0106377976712089,409.99374514659587,0,0,0,0,0,0,0.651796268318179
C4,normal,time_trend_sd,0.045528614603915496,25,0.76,0.006950383140474505,0.005091995575584506,0.013188167252739585,0.036709402079999995,0.011461583517239693,0.0022878294816160777,0.001089113996764242,3.33001610533675e-4,1.0106377976712089,409.99374514659587,0,0,0,0,0,0,0.651796268318179
C4,normal,treatment_effect_mean,-0.3374485596707819,25,0.84,0.00752304462358191,0.009920033935781891,0.0174147608739574,0.06337894744,0.019400947569230872,0.003205969015554638,0.0031094120016591227,9.266706829764379e-4,1.0106377976712089,409.99374514659587,0,0,0,0,0,0,0.651796268318179
C4,normal,treatment_effect_sd,0.07626392697027408,25,0.72,9.148449073879206e-4,0.0012550614947259148,0.02178453018988275,0.05358487094599999,0.016635297757532613,0.004442825744901076,0.0020758894260085306,6.613830386934368e-4,1.0106377976712089,409.99374514659587,0,0,0,0,0,0,0.651796268318179
C4,robust,baseline_difference_sd,0,25,0,0.014085193775203595,0.013280201763615,0.014665481206873703,0.030021546710219997,0.009510030763897422,8.337579420943977e-4,0.0010486180469584472,2.9933497195465717e-4,1.009502580681308,412.1315170553395,0,0,0,0,0,0,0.6041900961423118
C4,robust,time_trend_mean,-0.08998628257887518,25,0.96,-0.001501877003704815,-8.686762912481216e-5,0.011779233004704128,0.043001851695999994,0.013138564768211831,0.002384801665799954,0.0015206560294693855,4.71367578370068e-4,1.009502580681308,412.1315170553395,0,0,0,0,0,0,0.6041900961423118
C4,robust,time_trend_sd,0.045528614603915496,25,0.8,0.006876125129652904,0.004781049265584501,0.01322449882369176,0.036182095623999995,0.01125562547900679,0.0023058464853785306,0.001044622072944122,3.2529415495150736e-4,1.009502580681308,412.1315170553395,0,0,0,0,0,0,0.6041900961423118
C4,robust,treatment_effect_mean,-0.3374485596707819,25,0.84,0.007760029903381909,0.008415247835781903,0.017171085960489954,0.06237368456,0.019007068308228105,0.0031266870710143146,0.0028628933861308335,8.647592429759524e-4,1.009502580681308,412.1315170553395,0,0,0,0,0,0,0.6041900961423118
C4,robust,treatment_effect_sd,0.07626392697027408,25,0.84,-0.004524300446076079,-0.0038223670707740742,0.020316896624596247,0.054877043981999996,0.01699297237325559,0.004043034101637893,0.0022944821413840317,7.330550324046934e-4,1.009502580681308,412.1315170553395,0,0,0,0,0,0,0.6041900961423118
C5,normal,baseline_difference_sd,0,25,0,0.030626599017085806,0.0267111362455475,0.032319749881558446,0.07002848087779999,0.02314067373866732,0.00210730539881638,0.0029889890316031785,8.42751807576672e-4,1.4164786083844785,4.401711990890309,0.04,26.4,370,1,0.28,0,0.6211002334313925
C5,normal,time_trend_mean,-0.08998628257887518,25,0.96,0.009730510283791646,0.008993980643617686,0.021449701812149113,0.119198467344,0.038511186820036764,0.0039019593232499767,0.011979023409019839,0.0037438079307155043,1.4164786083844785,4.401711990890309,0.04,26.4,370,1,0.28,0,0.6211002334313925
C5,normal,time_trend_sd,0.045528614603915496,25,0.88,0.023090559927648475,0.02329930337972451,0.04573876460899439,0.14355006313199997,0.050593391203268875,0.008059313014004027,0.013971242368481745,0.004539391021861891,1.4164786083844785,4.401711990890309,0.04,26.4,370,1,0.28,0,0.6211002334313925
C5,normal,treatment_effect_mean,-0.3374485596707819,25,1,-0.02226710995615947,-0.0335776074022181,0.06411531630650065,0.39492226184499996,0.12234980339367496,0.012272852153029555,0.02311647722782911,0.008161914718237944,1.4164786083844785,4.401711990890309,0.04,26.4,370,1,0.28,0,0.6211002334313925
C5,normal,treatment_effect_sd,0.07626392697027408,25,0.12,0.16862671981618593,0.16652825618572592,0.18140876634050992,0.4254868416259999,0.14056755395103995,0.01365370808794455,0.03244455731990933,0.012205725212525578,1.4164786083844785,4.401711990890309,0.04,26.4,370,1,0.28,0,0.6211002334313925
C5,robust,baseline_difference_sd,0,25,0,0.030547109525758294,0.0258915801415,0.032512873902614835,0.07046201138199999,0.023395606282264923,0.002272673435155348,0.003157565646999435,9.600068522734133e-4,1.8622031576680322,2.9210517668586515,0.08,35.88,516,0.92,0.2,0,0.6445117621961408
C5,robust,time_trend_mean,-0.08998628257887518,25,0.96,0.012849400582351605,0.005648957915260183,0.028706985582143237,0.12373354207123999,0.03836801050692576,0.005240006066661732,0.012908997931455654,0.003944305359819588,1.8622031576680322,2.9210517668586515,0.08,35.88,516,0.92,0.2,0,0.6445117621961408
C5,robust,time_trend_sd,0.045528614603915496,25,0.88,0.032231677250538465,0.0182433140095995,0.06643078541545414,0.1608139104818,0.05546549227916234,0.011857079869096555,0.023808915331412488,0.009653130505604329,1.8622031576680322,2.9210517668586515,0.08,35.88,516,0.92,0.2,0,0.6445117621961408
C5,robust,treatment_effect_mean,-0.3374485596707819,25,1,-0.01450319882653308,-0.02601632075321808,0.061978995416963334,0.37850959315599997,0.1371074905561776,0.012300157683091593,0.014204200851191598,0.00795953929476332,1.8622031576680322,2.9210517668586515,0.08,35.88,516,0.92,0.2,0,0.6445117621961408
C5,robust,treatment_effect_sd,0.07626392697027408,25,0.2,0.15763321800238592,0.16137231493222592,0.16436172587143588,0.4160964213859999,0.16443891663022622,0.00950119622654894,0.017524530415105807,0.008347041156402236,1.8622031576680322,2.9210517668586515,0.08,35.88,516,0.92,0.2,0,0.6445117621961408
C6,normal,baseline_difference_sd,0,25,0,0.016401490824883264,0.01453492525121,0.017396133747653905,0.033116043379919996,0.010336198729932838,0.0011835076412852403,0.0012838096667795178,3.5518258248083744e-4,1.0300897204520958,116.04736933825593,0,0,0,0,0,0,0.5839254738128055
C6,normal,time_trend_mean,-0.08998628257887518,25,0.84,-0.0036793301305648157,-0.003931861148124813,0.012777821164051083,0.039016267166,0.01193793725686401,0.0024977927213407644,0.0013415459149167593,4.021090580470344e-4,1.0300897204520958,116.04736933825593,0,0,0,0,0,0,0.5839254738128055
C6,normal,time_trend_sd,0.045528614603915496,25,0.92,-2.65781341510557e-5,0.0019658944865845046,0.010017230348706252,0.0339971197332,0.01054917892594872,0.0020447513852730626,7.08070124811443e-4,2.23887859294298e-4,1.0300897204520958,116.04736933825593,0,0,0,0,0,0,0.5839254738128055
C6,normal,treatment_effect_mean,-0.3374485596707819,25,0.64,0.05503615504044192,0.05357541120578191,0.058876609795965394,0.11699879328,0.03578106377646863,0.004269449708055711,0.00242405437364606,7.33591883875924e-4,1.0300897204520958,116.04736933825593,0,0,0,0,0,0,0.5839254738128055
C6,normal,treatment_effect_sd,0.07626392697027408,25,0,0.07763915218134591,0.07859764586272593,0.07910102937949547,0.09175294693799999,0.02853633598477957,0.003089868507569097,0.001842260401385539,5.63399045265206e-4,1.0300897204520958,116.04736933825593,0,0,0,0,0,0,0.5839254738128055
C6,robust,baseline_difference_sd,0,25,0,0.01640820323242377,0.0141837668713837,0.017389701152435894,0.032697504563939994,0.010294928931306221,0.0011756659966183074,0.0012808461039258258,3.612408554869854e-4,1.0096502866526005,417.9205510353587,0,0,0,0,0,0,0.6639088809624396
C6,robust,time_trend_mean,-0.08998628257887518,25,0.84,-0.003960335698444815,-0.004513889972124818,0.012874189332984634,0.038746347384,0.011907292472127486,0.0025005040503296447,0.0013034253088433044,4.051443843120097e-4,1.0096502866526005,417.9205510353587,0,0,0,0,0,0,0.6639088809624396
C6,robust,time_trend_sd,0.045528614603915496,25,0.92,-2.869251020961569e-5,0.0011875787655845071,0.0100099261774039,0.034113215211799996,0.010646644250531773,0.0020432592307484884,7.442186917134595e-4,2.4135746515634087e-4,1.0096502866526005,417.9205510353587,0,0,0,0,0,0,0.6639088809624396
C6,robust,treatment_effect_mean,-0.3374485596707819,25,0.68,0.04470354483520191,0.041081599210781916,0.04929332947395987,0.11397898508,0.03488978478352462,0.004239818243920038,0.0020544429731722052,6.212753559368332e-4,1.0096502866526005,417.9205510353587,0,0,0,0,0,0,0.6639088809624396
C6,robust,treatment_effect_sd,0.07626392697027408,25,0.24,0.060126471310005924,0.06000612095972592,0.0616369384266367,0.10454100126799999,0.03202970083667659,0.0027682698147642624,0.0026419373098746507,7.746356592526207e-4,1.0096502866526005,417.9205510353587,0,0,0,0,0,0,0.6639088809624396
C7,normal,baseline_difference_sd,0,25,0,0.021201171599923,0.0215329061055115,0.021869930306593916,0.046182809434919994,0.014829234799222954,0.0010955245015876593,0.0016353587675018808,4.949781277853581e-4,1.0157124770087294,109.64669256265375,0,0.6,8,0.16,0,0,0.6578605782564495
C7,normal,time_trend_mean,-0.08998628257887518,25,0.84,-0.001691728764665534,0.0011923519348751854,0.019610067294215668,0.06922159579199999,0.021471313921405225,0.003987965192668594,0.0037122761772592104,0.0011459092410718848,1.0157124770087294,109.64669256265375,0,0.6,8,0.16,0,0,0.6578605782564495
C7,normal,time_trend_sd,0.045528614603915496,25,0.84,0.016825653626099214,0.01875021079658451,0.027916974702680352,0.07911695885759999,0.024976396751483863,0.004547228352728676,0.004280001336168517,0.0013168278378914622,1.0157124770087294,109.64669256265375,0,0.6,8,0.16,0,0,0.6578605782564495
C7,normal,treatment_effect_mean,-0.3374485596707819,25,0.96,-0.00677055631521809,-0.008710992954218066,0.031704402399314414,0.1156669949,0.03524455833446536,0.006322343640745212,0.003604386759190998,0.0010918518968275597,1.0157124770087294,109.64669256265375,0,0.6,8,0.16,0,0,0.6578605782564495
C7,normal,treatment_effect_sd,0.07626392697027408,25,0.32,0.05769565109839785,0.06362033568272592,0.0645943810601281,0.10563363254279999,0.03257849392015725,0.005928904862595405,0.0029821314349903197,9.286770414846509e-4,1.0157124770087294,109.64669256265375,0,0.6,8,0.16,0,0,0.6578605782564495
C7,robust,baseline_difference_sd,0,25,0,0.021185864357106017,0.0210906784359735,0.02182527259272458,0.04645514781289999,0.014816192769869856,0.0010704686510480581,0.0017696411196650957,5.070577488999371e-4,1.033035772494603,71.50727866779609,0,0.84,8,0.36,0,0,0.18881435936470478
C7,robust,time_trend_mean,-0.08998628257887518,25,0.8,-0.0013855470107168144,0.0012342638473751832,0.019291553931480486,0.06666036749399999,0.020593121153598196,0.00392770242726963,0.0033983272770733972,0.0010451359134501595,1.033035772494603,71.50727866779609,0,0.84,8,0.36,0,0,0.18881435936470478
C7,robust,time_trend_sd,0.045528614603915496,25,0.88,0.013414081918061564,0.01720944112108451,0.024764928482375576,0.072382596336,0.022716703655826488,0.004249333717540859,0.003997827959294307,0.001291520057716713,1.033035772494603,71.50727866779609,0,0.84,8,0.36,0,0,0.18881435936470478
C7,robust,treatment_effect_mean,-0.3374485596707819,25,0.96,-0.006057576753618086,-0.008863253544218075,0.02780821952615491,0.10972341574,0.03358695078867113,0.005540016685778306,0.002956520638642316,9.109979408659274e-4,1.033035772494603,71.50727866779609,0,0.84,8,0.36,0,0,0.18881435936470478
C7,robust,treatment_effect_sd,0.07626392697027408,25,0.52,0.04295297948506192,0.04687487522072592,0.04827483570539713,0.10474115412059999,0.03232367821072376,0.0044976906840202245,0.002868858295933652,8.60599283474996e-4,1.033035772494603,71.50727866779609,0,0.84,8,0.36,0,0,0.18881435936470478
C8,normal,baseline_difference_sd,0,25,0,0.014024694825618795,0.0124737534226341,0.014547880819707835,0.03054470768388,0.009658459171437978,7.892182680952012e-4,0.0012606754348963992,3.75255331586524e-4,1.0137024323453117,217.14916828281417,0,0,0,0,0,0,0.5834413218817783
C8,normal,time_trend_mean,-0.08998628257887518,25,0.92,0.001994034583276865,4.0058361487518845e-4,0.01716386330879506,0.05974415584599999,0.018285564547200463,0.0034798349443837203,0.0035417779703325013,0.0010874198060993087,1.0137024323453117,217.14916828281417,0,0,0,0,0,0,0.5834413218817783
C8,normal,time_trend_sd,0.045528614603915496,25,0.32,0.030457503339096505,0.02861022714908451,0.039527184214885776,0.048704995609999996,0.015244347095874725,0.005142708358712203,0.0026277965331226063,8.259690785778149e-4,1.0137024323453117,217.14916828281417,0,0,0,0,0,0,0.5834413218817783
C8,normal,treatment_effect_mean,-0.3374485596707819,25,0.88,-9.552258212180865e-4,-4.212123692181047e-4,0.021671420921036525,0.06874289354,0.020926773245072174,0.00441936094723744,0.0023612017345391056,7.174485927894695e-4,1.0137024323453117,217.14916828281417,0,0,0,0,0,0,0.5834413218817783
C8,normal,treatment_effect_sd,0.07626392697027408,25,0.84,0.00886705783430592,0.004692963047725915,0.01874985287922531,0.05670942235,0.017683668050006117,0.0033722659812287677,0.001699425843875102,5.506000620868086e-4,1.0137024323453117,217.14916828281417,0,0,0,0,0,0,0.5834413218817783
C8,robust,baseline_difference_sd,0,25,0,0.014074061432451667,0.0121191369428465,0.014612806653053789,0.03056791014242,0.009647029002636018,8.024678881194564e-4,0.0011923936204798098,3.5554473058271413e-4,1.012787288021144,273.5934572427088,0,0,0,0,0,0,0.7115962805380301
C8,robust,time_trend_mean,-0.08998628257887518,25,0.92,0.0016195549896652257,7.712298873751855e-4,0.01702459078805328,0.060248745612,0.018387561740201033,0.003459369723037945,0.0037370324827364436,0.001137287502180128,1.012787288021144,273.5934572427088,0,0,0,0,0,0,0.7115962805380301
C8,robust,time_trend_sd,0.045528614603915496,25,0.32,0.030358838557564504,0.028275739026084504,0.03955749770691847,0.048666654845999996,0.015081263870518957,0.005176616278470406,0.002729583753005974,8.414156609983384e-4,1.012787288021144,273.5934572427088,0,0,0,0,0,0,0.7115962805380301
C8,robust,treatment_effect_mean,-0.3374485596707819,25,0.88,-3.2846930141809503e-4,-0.0014118064942180708,0.021958245872321595,0.06834272636,0.020931001882681495,0.004481706658309952,0.0023747414361163888,7.078403367852291e-4,1.012787288021144,273.5934572427088,0,0,0,0,0,0,0.7115962805380301
C8,robust,treatment_effect_sd,0.07626392697027408,25,0.88,0.0034137869438859215,0.0013650569707259197,0.016195516287969128,0.05925042457599999,0.018397942611500906,0.0032316198630074782,0.001757500360192189,5.484139861668298e-4,1.012787288021144,273.5934572427088,0,0,0,0,0,0,0.7115962805380301
D1,default,baseline_difference_sd,0,25,0,0.023418875484574903,0.02003424508043235,0.02498134485188032,0.050551066374539995,0.01646056929033855,0.0017751040068887981,0.0025994416501514002,8.467612030192247e-4,1.0180563002656022,185.6162497240632,0,0.76,5,0.2,0,0,0.7013063949186934
D1,default,time_trend_mean,-0.08998628257887518,25,0.88,-0.018630192087378813,-0.017282782809624808,0.02859573803823041,0.085356754326,0.026383092869239923,0.0044282811598598155,0.006242293748125969,0.0019022029973386257,1.0180563002656022,185.6162497240632,0,0.76,5,0.2,0,0,0.7013063949186934
D1,default,time_trend_sd,0.045528614603915496,25,0.8,0.02150145758792971,0.016360970040584503,0.03515879005143555,0.089470612624,0.028769444739536316,0.005678276731967863,0.006930584649234815,0.0022161418442082684,1.0180563002656022,185.6162497240632,0,0.76,5,0.2,0,0,0.7013063949186934
D1,default,treatment_effect_mean,-0.3374485596707819,25,0.92,0.03344186669498191,0.032531060615781926,0.040084038652893735,0.12465475638,0.03836070370721202,0.004510966760212173,0.0026449229898697765,8.56254687848217e-4,1.0180563002656022,185.6162497240632,0,0.76,5,0.2,0,0,0.7013063949186934
D1,default,treatment_effect_sd,0.07626392697027408,25,0,0.10180307220708593,0.10483616490672591,0.10476406409658451,0.102907790394,0.03159234424090621,0.0050482819488090695,0.0023781502872825917,7.505156444708845e-4,1.0180563002656022,185.6162497240632,0,0.76,5,0.2,0,0,0.7013063949186934
D2,default,baseline_difference_sd,0,25,0,0.010501792944500184,0.008844108094509,0.011426333830735083,0.022779076489239998,0.007223662600238497,9.190903510683643e-4,0.0011468169761882792,3.2898638043143226e-4,1.0112731723633743,261.52403080423477,0,0,0,0,0,0,0.6552693388172264
D2,default,time_trend_mean,-0.08998628257887518,25,0.92,-0.0018253698993648153,-0.00226136550612481,0.011569688624869212,0.040990939569999996,0.012540978151727323,0.0023320745378928977,0.001584456101202295,4.851307944432061e-4,1.0112731723633743,261.52403080423477,0,0,0,0,0,0,0.6552693388172264
D2,default,time_trend_sd,0.045528614603915496,25,0.84,0.003722662427900504,-5.852567044154974e-4,0.01201975915181045,0.034255330506,0.01078752593297213,0.002332884431658844,0.0012737210428923605,4.0058744180096706e-4,1.0112731723633743,261.52403080423477,0,0,0,0,0,0,0.6552693388172264
D2,default,treatment_effect_mean,-0.3374485596707819,25,0.84,0.00235271539458191,-0.0026893576742180736,0.020139388957867422,0.06435834079999998,0.01960497030790873,0.004082787639736123,0.0024709494342310527,7.534495853355909e-4,1.0112731723633743,261.52403080423477,0,0,0,0,0,0,0.6552693388172264
D2,default,treatment_effect_sd,0.07626392697027408,25,0.84,0.0019219697714859213,-0.0012612572697740798,0.017593984476284973,0.05204839449399999,0.016212245303180134,0.0035698641544488485,0.0017895685236678552,5.532206941194666e-4,1.0112731723633743,261.52403080423477,0,0,0,0,0,0,0.6552693388172264
D3,default,baseline_difference_sd,0,25,0,0.015725451875696007,0.0125492928493195,0.0174968202374259,0.030440528733159996,0.009523613930587604,0.0015658980613634775,0.0014762968592571613,4.0939321586091863e-4,1.011485879398644,309.308095484994,0,0,0,0,0,0,0.6050578111987681
D3,default,time_trend_mean,-0.08998628257887518,25,0.96,-7.653390056481523e-5,3.779248378751876e-4,0.009148887605702802,0.039835536911999994,0.012166364411003069,0.00186744351748416,0.0018744833163039688,5.738512879621793e-4,1.011485879398644,309.308095484994,0,0,0,0,0,0,0.6050578111987681
D3,default,time_trend_sd,0.045528614603915496,25,0.68,0.0018158129892339033,5.019908940845016e-4,0.013758233863114228,0.03426811947399999,0.010609436581149257,0.002783820981884076,0.0012078619077403356,3.7593405255233154e-4,1.011485879398644,309.308095484994,0,0,0,0,0,0,0.6050578111987681
D3,default,treatment_effect_mean,-0.3374485596707819,25,0.92,-0.003647576805818089,-0.007084110109218111,0.015894189176096984,0.0656751904,0.02021481255874009,0.003157797445815783,0.0020712947702448783,6.654134805286177e-4,1.011485879398644,309.308095484994,0,0,0,0,0,0,0.6050578111987681
D3,default,treatment_effect_sd,0.07626392697027408,25,0.92,0.00470834695408592,0.006035890520725923,0.014715009401437546,0.054467704278,0.016976914553182412,0.002845778823131033,0.0014965004128194572,4.6723230412787234e-4,1.011485879398644,309.308095484994,0,0,0,0,0,0,0.6050578111987681
D4,default,baseline_difference_sd,0,25,0,0.013779708450961166,0.0131649792804825,0.014293430549564714,0.030281471181259997,0.00953774869881518,7.751825559650252e-4,0.0011446536494604787,3.333794088702516e-4,1.021881592992189,197.4520673951246,0,0,0,0,0,0,0.6295610108511239
D4,default,time_trend_mean,-0.08998628257887518,25,0.92,-0.0034968554521548154,-0.001777154142124815,0.012319774074035054,0.043150077992,0.013270952470189733,0.002411334651028359,0.0012872160480643631,3.9323124514015884e-4,1.021881592992189,197.4520673951246,0,0,0,0,0,0,0.6295610108511239
D4,default,time_trend_sd,0.045528614603915496,25,0.84,0.007330030380088504,0.005650379560584506,0.011631452545076682,0.03690258343,0.011452091482774955,0.001843472074367533,9.003853212202472e-4,2.792576144667531e-4,1.021881592992189,197.4520673951246,0,0,0,0,0,0,0.6295610108511239
D4,default,treatment_effect_mean,-0.3374485596707819,25,0,0.13088501623647392,0.1311838942087819,0.13240260227379225,0.11357833719999999,0.034865197506302195,0.004080245160373222,0.0030204787779842404,9.085810389087019e-4,1.021881592992189,197.4520673951246,0,0,0,0,0,0,0.6295610108511239
D4,default,treatment_effect_sd,0.07626392697027408,25,0,0.07317070259940592,0.07039845422872591,0.07583596689794915,0.090498884322,0.02823075220997435,0.004067872890386176,0.002374525628097689,7.567545963238079e-4,1.021881592992189,197.4520673951246,0,0,0,0,0,0,0.6295610108511239
D5,default,time_trend_mean,-0.08998628257887518,25,0.88,8.499517283585239e-4,-0.0025439238860543167,0.017930420502372393,0.07108005867039999,0.022301494457906204,0.003655917357810466,0.004817334286337653,0.0015622878731985268,1.0097778805788318,372.17807637290423,0,0,0,0,0,0,0.7222944983760663
D5,default,time_trend_sd,0.045528614603915496,25,0.68,0.013523955574144543,0.015451455137584502,0.027625417128605244,0.06639904476999998,0.0216413001380599,0.004917088811642857,0.003841314776775185,0.0013160807730845775,1.0097778805788318,372.17807637290423,0,0,0,0,0,0,0.7222944983760663
D5,default,treatment_effect_mean,-0.3374485596707819,25,0.04,0.07330190916398191,0.07263329700578192,0.07588981473295828,0.0862944685,0.026502580621178603,0.004010891905788515,0.0025207443329718676,7.68244881139457e-4,1.0097778805788318,372.17807637290423,0,0,0,0,0,0,0.7222944983760663
D5,default,treatment_effect_sd,0.07626392697027408,25,0.48,0.033326202484605924,0.030845028133225927,0.03792414171221906,0.06947466350999999,0.021744516618379728,0.0036946174393947748,0.001956153921144032,6.125653073670726e-4,1.0097778805788318,372.17807637290423,0,0,0,0,0,0,0.7222944983760663
E1,default,baseline_difference_sd,0,25,0,0.014627087165172324,0.014409473731625,0.015052236617241773,0.03126021595972,0.009868677396217784,7.250904611347093e-4,0.0010591625384371388,3.0884850549852457e-4,1.014138130860973,240.40719458275228,0,0,0,0,0,0,0.6456762989874439
E1,default,time_trend_mean,-0.08998628257887518,25,0.84,-5.727778238108161e-4,-0.003208829045124817,0.014203896456758227,0.040637316012,0.012463842287242916,0.0028969998857931996,0.0010580023369201738,3.269724205035591e-4,1.014138130860973,240.40719458275228,0,0,0,0,0,0,0.6456762989874439
E1,default,time_trend_sd,0.045528614603915496,25,0.96,0.005412821963984503,0.005795258308584503,0.00899277532800906,0.033782700498,0.010475581948052853,0.0014658809422757732,9.72770275036304e-4,3.0115710096792616e-4,1.014138130860973,240.40719458275228,0,0,0,0,0,0,0.6456762989874439
E1,default,treatment_effect_mean,-0.3374485596707819,25,0.96,-0.003616762154818085,-0.0034612588142181044,0.01754083020208033,0.06618563870000001,0.020270869272142434,0.0035035681555480513,0.002234914083070894,7.10013175262876e-4,1.014138130860973,240.40719458275228,0,0,0,0,0,0,0.6456762989874439
E1,default,treatment_effect_sd,0.07626392697027408,25,0.84,0.00834298672348592,0.005474500876725921,0.018744899136059825,0.05371169145199999,0.016790902653741824,0.0034264037035497954,0.0019151049874328355,5.832425968016815e-4,1.014138130860973,240.40719458275228,0,0,0,0,0,0,0.6456762989874439
E2,default,baseline_difference_sd,0,25,0,0.012833656040344971,0.0121465483711395,0.013514640696112475,0.02646845715692,0.008313994214985788,8.646479481831641e-4,0.0010583687022532478,2.9868484636035687e-4,1.0091642737240056,322.1323551856776,0,0,0,0,0,0,0.6635276612869667
E2,default,time_trend_mean,-0.08888888888888889,25,0.92,1.7372180886889187e-4,2.329826898888887e-4,0.005226463673527521,0.018948854257999997,0.005779205088142692,0.0010662579281421956,1.6443471486203768e-4,4.730027598897898e-5,1.0091642737240056,322.1323551856776,0,0,0,0,0,0,0.6635276612869667
E2,default,time_trend_sd,0,25,0,0.007375909492442502,0.0069833173447069,0.007754853606071417,0.01550670103448,0.004914540272888247,4.887788188816195e-4,6.224375257145394e-4,1.8092691542879598e-4,1.0091642737240056,322.1323551856776,0,0,0,0,0,0,0.6635276612869667
E2,default,treatment_effect_mean,-0.3333333333333333,25,0.92,-5.318776148666826e-4,1.588851883332909e-4,0.007086184207776019,0.026489095939999992,0.008061390432443654,0.0014423810296020083,2.8349853331955256e-4,8.650718414083246e-5,1.0091642737240056,322.1323551856776,0,0,0,0,0,0,0.6635276612869667
E2,default,treatment_effect_sd,0,25,0,0.008882253232290999,0.007980331426103,0.009317336823559131,0.02001551514338,0.006371883604255597,5.743961684930188e-4,7.962123183988994e-4,2.3008357755067004e-4,1.0091642737240056,322.1323551856776,0,0,0,0,0,0,0.6635276612869667
E3,default,baseline_difference_sd,0,25,0,0.017641863637870563,0.01506426382173345,0.019318346396012823,0.03354067424382,0.010530339616692117,0.0016067974729660512,0.0011946384882923174,3.3270905511374754e-4,1.0302056784537876,132.0250763384691,0,0,0,0,0,0.72,0.6453242181410919
E3,default,time_trend_mean,-0.08998628257887518,25,0.8,-0.007241053845702794,-0.011341588637449815,0.054112112977916633,0.17236492385247998,0.05256043594278857,0.010946247283389039,0.00659267165506799,0.0020129559806162907,1.0302056784537876,132.0250763384691,0,0,0,0,0,0.72,0.6453242181410919
E3,default,time_trend_sd,0.22244159268257202,25,0.8,0.010378252299407977,0.0022812242724279674,0.04510653776154885,0.13466689773999999,0.04213296019924413,0.00896030976967283,0.004970688209299549,0.001588752224024073,1.0302056784537876,132.0250763384691,0,0,0,0,0,0.72,0.6453242181410919
E3,default,treatment_effect_mean,-0.3374485596707819,25,0.92,0.015563264912683531,-0.0028693472555180732,0.13299688435716542,0.530434509438,0.16203343973493833,0.026961358177005585,0.01620054341735373,0.00488452349874075,1.0302056784537876,132.0250763384691,0,0,0,0,0,0.72,0.6453242181410919
E3,default,treatment_effect_sd,0.6676946806414795,25,0.92,0.04651218392512048,0.029408525458520463,0.11391222090882906,0.40290252907999996,0.12569145329333975,0.021225584816145858,0.010885046133351247,0.003385150555691577,1.0302056784537876,132.0250763384691,0,0,0,0,0,0.72,0.6453242181410919
E4,default,baseline_difference_sd,0,25,0,0.022653095295566097,0.019017238413537498,0.025737697098351494,0.041446950912559996,0.012935108438909187,0.0024938785510433,0.0016190636585247547,4.5749678609625645e-4,1.0103276468788345,387.2273569264734,0,0.16,2,0.08,0,0,0.6097115328373375
E4,default,time_trend_mean,-0.08998628257887518,25,0.92,-3.183875635481503e-5,-0.004447683363124816,0.013320872710227808,0.05102841070999999,0.015614411226442314,0.002719103988875791,0.0016351725784490936,5.11211012302867e-4,1.0103276468788345,387.2273569264734,0,0.16,2,0.08,0,0,0.6097115328373375
E4,default,time_trend_sd,0.045528614603915496,25,0.84,0.004993585891004579,0.007834932006934504,0.016538449428202935,0.048857287482799994,0.015072394797912964,0.0032183355522069816,8.971590889329019e-4,2.631689850500569e-4,1.0103276468788345,387.2273569264734,0,0.16,2,0.08,0,0,0.6097115328373375
E4,default,treatment_effect_mean,-0.3374485596707819,25,0.96,-0.012449970730418092,-0.018822013814218108,0.02156299111815245,0.0732235523,0.022318499142700662,0.003593749288540534,0.0028350010420741074,8.370429253494775e-4,1.0103276468788345,387.2273569264734,0,0.16,2,0.08,0,0,0.6097115328373375
E4,default,treatment_effect_sd,0.07626392697027408,25,0.76,0.007576223588253461,0.001509733510725919,0.02232685444624212,0.061466829178599997,0.019047925759790814,0.004287040867566624,0.00155312751077693,4.763527944476844e-4,1.0103276468788345,387.2273569264734,0,0.16,2,0.08,0,0,0.6097115328373375
E5,default,baseline_difference_sd,0,25,0,0.07521674451233479,0.06747835676492114,0.07845618657465334,0.22093206146179994,0.10322471482062252,0.004554368584131474,0.01058988379595304,0.005707506799807454,1.844199480515024,2.9901495155096955,0.48,165.72,751,1,1,453.64,0.7792794634160376
E5,default,time_trend_mean,-0.08998628257887518,25,1,-0.06157100709507581,0.13867539357510117,0.5441184650167089,3.19974834046,1.0479539907348754,0.11035433745014238,0.4737445334683428,0.15838219676116894,1.844199480515024,2.9901495155096955,0.48,165.72,751,1,1,453.64,0.7792794634160376
E5,default,time_trend_sd,0.045528614603915496,25,0.68,1.1531196015453449,0.9137057715215211,1.363871177565003,3.9701132033879993,1.3634023637854669,0.1486690639088,0.5210380886811812,0.17656478324135877,1.844199480515024,2.9901495155096955,0.48,165.72,751,1,1,453.64,0.7792794634160376
E5,default,treatment_effect_mean,-0.3374485596707819,25,1,0.07363738945639603,-0.04669627077798311,0.3257354798075284,2.3814930190352,0.8095646782769429,0.06476918560019103,0.3373583458673589,0.11834087457483407,1.844199480515024,2.9901495155096955,0.48,165.72,751,1,1,453.64,0.7792794634160376
E5,default,treatment_effect_sd,0.07626392697027408,25,0.92,0.745141300004617,0.5502105060189759,0.8876351769121581,2.926192268581999,1.0766701954017315,0.0984590969047781,0.3590884762187548,0.12952826616691365,1.844199480515024,2.9901495155096955,0.48,165.72,751,1,1,453.64,0.7792794634160376
E6,default,baseline_difference_sd,0,25,0,0.018330523488354948,0.0165716325025315,0.019895036553546713,0.03397038237076,0.010614684573293759,0.0015785593129737448,0.0011819660179636395,3.3973768341651284e-4,1.0104497243002546,356.2013892634129,0,0,0,0,0,0,0.637897127886298
E6,default,time_trend_mean,-0.08998628257887518,25,0.92,7.546599000518406e-5,-0.0017684578271248141,0.009956955981432697,0.03860407635,0.0118053224145334,0.0020323967511756175,0.0017738407495886325,5.451719091764531e-4,1.0104497243002546,356.2013892634129,0,0,0,0,0,0,0.637897127886298
E6,default,time_trend_sd,0.045528614603915496,25,0.8,-7.179129681867554e-4,-0.0015531914664154989,0.01354739119767953,0.034009831651,0.010557852831954158,0.0027614640533682048,0.001040945879120868,3.46170111591998e-4,1.0104497243002546,356.2013892634129,0,0,0,0,0,0,0.637897127886298
E6,default,treatment_effect_mean,-0.3374485596707819,25,0.84,-9.670756421808368e-5,0.002006209045781915,0.02049289185905477,0.06929136152,0.02109542918552034,0.004183047455673198,0.0022335744140809122,6.831383984931993e-4,1.0104497243002546,356.2013892634129,0,0,0,0,0,0,0.637897127886298
E6,default,treatment_effect_sd,0.07626392697027408,25,0.84,0.00904013246110592,0.008319753474225922,0.018439363586504453,0.056806329732,0.01773320772153297,0.0032805368879763506,0.0017089438784169543,5.235984990416983e-4,1.0104497243002546,356.2013892634129,0,0,0,0,0,0,0.637897127886298
G1,default,baseline_control_mean,0.45,50,0.82,0.0026805420854999905,0.0029884749974999902,0.012159207078778548,0.040063174949999995,0.012289961937775006,0.0016942942116896145,0.001032666482133034,3.211309671416846e-4,1.0208936849422217,149.36600336902993,0,0,0,0,0,0,0.6031331039801806
G1,default,baseline_difference_sd,0,50,0,0.01611742673708493,0.01528984295573,0.017175277586510676,0.03227721688325,0.010098825587286014,8.477908332283596e-4,0.0010230651469878694,2.920393858668861e-4,1.0208936849422217,149.36600336902993,0,0,0,0,0,0,0.6031331039801806
G1,default,time_trend_mean,-0.04,50,0.94,8.616367480500009e-4,0.0015515006709999994,0.004589235713158961,0.017804408092999997,0.005449372378506061,6.439461655997984e-4,3.701070601370515e-4,1.1096583838563525e-4,1.0208936849422217,149.36600336902993,0,0,0,0,0,0,0.6031331039801806
G1,default,time_trend_sd,0.02,50,0.96,9.853827872139996e-4,0.0011246745692249996,0.004110583134326643,0.015377465136299999,0.004770761221909193,5.701040804881554e-4,2.3197543465101127e-4,7.220371227551053e-5,1.0208936849422217,149.36600336902993,0,0,0,0,0,0,0.6031331039801806
G1,default,treatment_effect_mean,-0.15,50,0.92,1.9742193182999468e-4,-1.816134125000035e-4,0.006438125465448239,0.0252298632,0.007703312400901639,9.192996900889643e-4,6.725345449217537e-4,2.0349707015276445e-4,1.0208936849422217,149.36600336902993,0,0,0,0,0,0,0.6031331039801806
G1,default,treatment_effect_sd,0.03,50,0.86,1.2976506168694147e-4,0.0013658557792500022,0.007157758714654269,0.021522969159199996,0.006683597110261623,0.0010223689062809431,4.1264805738303143e-4,1.264693544949124e-4,1.0208936849422217,149.36600336902993,0,0,0,0,0,0,0.6031331039801806
G2,default,baseline_control_mean,0.45,50,0.84,0.002419613237199989,0.003349767242499996,0.014037439177519276,0.03933088203,0.01201333149026565,0.001975333453869992,8.969068377234601e-4,2.6787261235962503e-4,1.0185294343804077,144.96470955182355,0,0,0,0,0,0,0.6030928481719319
G2,default,baseline_difference_sd,0,50,0,0.016640968044525126,0.01540227105233425,0.017855747130445104,0.03247665444497,0.010186883048198887,9.247822482528057e-4,9.726314676792102e-4,2.776461120158331e-4,1.0185294343804077,144.96470955182355,0,0,0,0,0,0,0.6030928481719319
G2,default,time_trend_mean,-0.04,50,1,-6.012810020149993e-4,-3.896076455000008e-4,0.00459318678965625,0.017363967601999996,0.005315345373318042,6.505229613869157e-4,3.658845840994956e-4,1.1238980787179436e-4,1.0185294343804077,144.96470955182355,0,0,0,0,0,0,0.6030928481719319
G2,default,time_trend_sd,0.02,50,0.92,2.2469455975999964e-4,-1.343300417250004e-4,0.004141566511872231,0.0151402550524,0.004717185640782043,5.907809692380007e-4,2.2666401414713335e-4,7.193274081039133e-5,1.0185294343804077,144.96470955182355,0,0,0,0,0,0,0.6030928481719319
G2,default,treatment_effect_mean,-0.15,50,0.94,-1.7446935590000544e-4,-5.261111400000074e-4,0.006095490353090656,0.024928189289999996,0.007612745999421024,8.704275642824714e-4,6.181229188010025e-4,1.8559182568247381e-4,1.0185294343804077,144.96470955182355,0,0,0,0,0,0,0.6030928481719319
G2,default,treatment_effect_sd,0.03,50,0.9,-3.25083618731499e-4,-0.001000775061749998,0.006506344071253079,0.0213036028522,0.0066139341663471055,9.283168201968871e-4,4.0011738887469765e-4,1.241256040943504e-4,1.0185294343804077,144.96470955182355,0,0,0,0,0,0,0.6030928481719319
G3,default,baseline_control_mean,0.45,50,0.82,5.446313620999898e-4,-3.5987525500000284e-4,0.014939363927319597,0.03951757435999999,0.01208395755842011,0.002132776150181247,9.622396356411616e-4,2.9006961609354587e-4,1.0242188471046911,200.11982878434313,0,0,0,0,0,0,0.6219180791705199
G3,default,baseline_difference_sd,0,50,0,0.015461477553483238,0.0141371849674905,0.016249745348063928,0.031864872983939994,0.010023138524194168,7.142419378022371e-4,8.436304953407112e-4,2.3844208926783795e-4,1.0242188471046911,200.11982878434313,0,0,0,0,0,0,0.6219180791705199
G3,default,time_trend_mean,-0.04,50,0.86,-0.0018850434196889991,-0.001910108181549998,0.0056624713900552985,0.018363285705,0.0056223133080113485,7.627848220010297e-4,3.9933578233812425e-4,1.2395772533051866e-4,1.0242188471046911,200.11982878434313,0,0,0,0,0,0,0.6219180791705199
G3,default,time_trend_sd,0.02,50,0.88,0.0018367927079990997,0.0014631319684000003,0.004823304435164906,0.0158006918917,0.004904570038670065,6.371245708798494e-4,2.5721037018706043e-4,7.883758745937492e-5,1.0242188471046911,200.11982878434313,0,0,0,0,0,0,0.6219180791705199
G3,default,treatment_effect_mean,-0.15,50,0.88,0.0010764292922999957,-4.949526000000426e-5,0.006949643536628083,0.026096032220000002,0.007999584369278305,9.808247806328977e-4,5.42695377984644e-4,1.654321920853811e-4,1.0242188471046911,200.11982878434313,0,0,0,0,0,0,0.6219180791705199
G3,default,treatment_effect_sd,0.03,50,0.94,0.0016305408302230014,0.0014130948905000003,0.0060448712272698,0.021940919593999998,0.006838627140259225,8.315439875126072e-4,3.54393946894847e-4,1.1536938511456209e-4,1.0242188471046911,200.11982878434313,0,0,0,0,0,0,0.6219180791705199
G4,default,baseline_control_mean,0.45,50,0.82,3.974156208999879e-4,6.708599924999947e-4,0.013426184438986105,0.04012848507999999,0.01227609058660684,0.0019171859129396478,0.0010856198695898824,3.245219311119458e-4,1.0335112963225337,107.48698341193375,0,0,0,0,0,0,0.6164628849250279
G4,default,baseline_difference_sd,0,50,0,0.015934761899664616,0.013716932730258525,0.01701791462026409,0.032068090970609996,0.010056283733034731,8.534776544256926e-4,9.6665499932065e-4,2.689146380986133e-4,1.0335112963225337,107.48698341193375,0,0,0,0,0,0,0.6164628849250279
G4,default,time_trend_mean,-0.04,50,0.88,-9.046637607219991e-4,-0.0010096627037500007,0.004883206689773275,0.017809169046999997,0.005448564648968298,6.855251384229852e-4,4.6390793948235834e-4,1.421162150776202e-4,1.0335112963225337,107.48698341193375,0,0,0,0,0,0,0.6164628849250279
G4,default,time_trend_sd,0.02,50,0.86,7.961092197482998e-4,9.242290456499998e-4,0.004952890993279854,0.0154651217051,0.0048174111347493,6.983557847346406e-4,2.7458079877358055e-4,9.041075610078178e-5,1.0335112963225337,107.48698341193375,0,0,0,0,0,0,0.6164628849250279
G4,default,treatment_effect_mean,-0.15,50,0.92,8.982966729999376e-5,-2.7985877250001623e-4,0.0076387749289566235,0.026797589710000003,0.00819083918331056,0.0010911781037038057,6.636070982487986e-4,2.0374577092243092e-4,1.0335112963225337,107.48698341193375,0,0,0,0,0,0,0.6164628849250279
G4,default,treatment_effect_sd,0.03,50,0.88,0.002829043639960001,0.002346976358500001,0.007629747474336575,0.022515970976,0.007023493084253045,0.001012267192739586,4.572693796448062e-4,1.462932489739365e-4,1.0335112963225337,107.48698341193375,0,0,0,0,0,0,0.6164628849250279
G5,default,baseline_control_mean,0.45,50,0.88,0.003069906775199992,0.003016055795,0.012758234849684202,0.0414935889,0.012693758545822685,0.0017690550277621564,9.575983004054987e-4,2.876559265477959e-4,1.0243196153953902,201.72172093573693,0,0,0,0,0,0,0.617478120200699
G5,default,baseline_difference_sd,0,50,0,0.014970520283110755,0.013647677552227351,0.015845606100539436,0.030848518357179996,0.009693978348008295,7.418503499788312e-4,8.291645250209365e-4,2.337828853093706e-4,1.0243196153953902,201.72172093573693,0,0,0,0,0,0,0.617478120200699
G5,default,time_trend_mean,-0.04,50,0.9,3.839873596110008e-4,1.4819222000000964e-5,0.005377384727578977,0.017602597105999998,0.005358220004831889,7.662367649229337e-4,4.2788289463049293e-4,1.3020245498958686e-4,1.0243196153953902,201.72172093573693,0,0,0,0,0,0,0.617478120200699
G5,default,time_trend_sd,0.02,50,0.9,4.3203558231498946e-4,7.630795176249983e-4,0.004521247145988306,0.0152291246321,0.004721492105517094,6.429368365002918e-4,2.4002281044880678e-4,7.629395877237789e-5,1.0243196153953902,201.72172093573693,0,0,0,0,0,0,0.617478120200699
G5,default,treatment_effect_mean,-0.15,50,0.92,-0.0016240874980000054,-5.985656225000052e-4,0.0077587708869275625,0.025323011880000003,0.00776430496218679,0.00108384110472868,5.86934799411517e-4,1.8029827956860778e-4,1.0243196153953902,201.72172093573693,0,0,0,0,0,0,0.617478120200699
G5,default,treatment_effect_sd,0.03,50,0.9,4.70773846549001e-4,-3.7866699999916653e-7,0.00624931165877332,0.021354336539,0.006645326095104436,8.902220336876476e-4,3.669295630121395e-4,1.1780489534443501e-4,1.0243196153953902,201.72172093573693,0,0,0,0,0,0,0.617478120200699
G6,default,baseline_difference_sd,0,50,0,0.009332530815837547,0.0091393087359725,0.00974548994418036,0.01602351430059,0.004929639020589829,4.009794850358995e-4,2.9911523063606713e-4,8.078032636369494e-5,1.013628814361886,337.0472186042714,0,0.02,1,0.02,0,0,0.6346871000444283
G6,default,time_trend_mean,-0.08888888888888889,50,0.9,-5.809792641211076e-4,-0.0013508332418611102,0.0038737785963381443,0.011868344671,0.0036065529899412968,5.471377043418091e-4,9.4536615396851e-5,2.8293175273290366e-5,1.013628814361886,337.0472186042714,0,0.02,1,0.02,0,0,0.6346871000444283
G6,default,time_trend_sd,0.044444444444444446,50,0.86,4.194283999855536e-4,7.051462360555538e-4,0.0030313496703153423,0.009386655108,0.0028616668947160587,4.2888466269859975e-4,5.5524972275818794e-5,1.769162450417164e-5,1.013628814361886,337.0472186042714,0,0.02,1,0.02,0,0,0.6346871000444283
G6,default,treatment_effect_mean,-0.3333333333333333,50,0.94,2.4510505013331516e-4,-8.569379166667446e-5,0.004928930511298711,0.01738612618,0.005314195018704883,7.032617810212015e-4,1.4442064447759952e-4,4.329049036732186e-5,1.013628814361886,337.0472186042714,0,0.02,1,0.02,0,0,0.6346871000444283
G6,default,treatment_effect_sd,0.06666666666666667,50,0.84,2.088472226333557e-5,-1.4312366341666383e-4,0.004308739758141048,0.013557397348,0.0041477174129553335,6.155270204410924e-4,9.345581930463074e-5,2.750100744272137e-5,1.013628814361886,337.0472186042714,0,0.02,1,0.02,0,0,0.6346871000444283
G7,default,baseline_difference_sd,0,50,0,0.008132894001246576,0.0072429720191122746,0.00874563578750692,0.01454970944836,0.004525478601899649,4.594180101000294e-4,3.3798563964919555e-4,9.663038775893659e-5,1.0069353554552782,452.88271414703655,0,0,0,0,0,0,0.5921698900675384
G7,default,time_trend_mean,-0.08893278463648834,50,0.86,-0.0013632557879416649,-0.0011529112905116629,0.0038213516785542763,0.011851594184999998,0.0036041570266216335,5.099872408934812e-4,7.100887206685155e-5,2.1764961231485887e-5,1.0069353554552782,452.88271414703655,0,0,0,0,0,0,0.5921698900675384
G7,default,time_trend_sd,0.0444883185365144,50,0.94,2.901526509155984e-4,2.4367479573559822e-4,0.0023505365672284945,0.009447133904,0.002875777399059055,3.3322277873252274e-4,5.255538807223388e-5,1.4926563595196753e-5,1.0069353554552782,452.88271414703655,0,0,0,0,0,0,0.5921698900675384
G7,default,treatment_effect_mean,-0.3334979423868312,50,0.82,0.0018117794367312257,0.0014264105443312358,0.006483813459360934,0.01738099607000001,0.005284636344751052,8.893622141327454e-4,1.2642199534043132e-4,3.620971701586159e-5,1.0069353554552782,452.88271414703655,0,0,0,0,0,0,0.5921698900675384
G7,default,treatment_effect_sd,0.06707692694916605,50,0.94,-2.674471128660455e-4,-3.2854360466604005e-4,0.004059649941002505,0.013552582458000001,0.004142121571088179,5.786901057349572e-4,8.308317704843996e-5,2.6068379580935353e-5,1.0069353554552782,452.88271414703655,0,0,0,0,0,0,0.5921698900675384
G8,default,baseline_difference_sd,0,50,0,0.009646629088051816,0.009536123780109727,0.010107178161644843,0.01837479247072,0.005699523312416305,4.3088891576630907e-4,4.2235302084888895e-4,1.1859012263306406e-4,1.0300391989302529,116.96716807177535,0,0,0,0,0,0,0.6380683865870885
G8,default,time_trend_mean,-0.09327846364883402,50,0.96,-0.00120708670788598,-0.001569642248165977,0.005754469309736473,0.020540804484999994,0.006266576879171304,8.037775445668263e-4,3.1798085238593396e-4,9.740775158422483e-5,1.0300391989302529,116.96716807177535,0,0,0,0,0,0,0.6380683865870885
G8,default,time_trend_sd,0.048636334823684464,50,0.56,0.007693160788645535,0.006907685248815534,0.010235278750594703,0.017091569876,0.005216373189452074,9.644307635079122e-4,2.7057395376392713e-4,8.239839550852608e-5,1.0300391989302529,116.96716807177535,0,0,0,0,0,0,0.6380683865870885
G8,default,treatment_effect_mean,-0.34979423868312753,50,0.84,-0.0032780175812724675,-0.0017364393718724835,0.013811786328592294,0.04079502762000001,0.012419083608437582,0.0019167363967866006,7.115610726326032e-4,2.1351610008294643e-4,1.0300391989302529,116.96716807177535,0,0,0,0,0,0,0.6380683865870885
G8,default,treatment_effect_sd,0.09965647442276822,50,0.38,0.017785390002651783,0.017327011840231776,0.022812853531012003,0.032275480829,0.009864459967929257,0.002040939102977067,5.675990485112291e-4,1.732157820202261e-4,1.0300391989302529,116.96716807177535,0,0,0,0,0,0,0.6380683865870885
G9,default,baseline_difference_sd,0,50,0,0.007078722696785768,0.0065973294226782,0.007460364801682236,0.01342158270598,0.004182678939173826,3.3651054373478207e-4,3.2636494750989617e-4,9.355404685806819e-5,1.171490411085241,13.19307919156581,0.36,0,0,0,0,0,0.5824499766370839
G9,default,time_trend_mean,-0.08998628257887518,50,0.84,-7.389223325048153e-4,-6.883644496248134e-4,0.0044762805327482145,0.014893930719999997,0.004525470349520233,6.306957802557214e-4,2.2296030870008656e-4,6.653563356279626e-5,1.171490411085241,13.19307919156581,0.36,0,0,0,0,0,0.5824499766370839
G9,default,time_trend_sd,0.045528614603915496,50,0.92,5.78093169794504e-4,6.714222465845042e-4,0.0032686221732177263,0.010972796782,0.0033500377019906676,4.595849768926955e-4,1.4044212015745103e-4,4.1545538368375694e-5,1.171490411085241,13.19307919156581,0.36,0,0,0,0,0,0.5824499766370839
G9,default,treatment_effect_mean,-0.3374485596707819,50,0.9,0.00160696072848191,0.0011767534607819152,0.008804731008314673,0.02744786312,0.008317706308030873,0.0012366921427900597,3.64338954998732e-4,1.0700602523005735e-4,1.171490411085241,13.19307919156581,0.36,0,0,0,0,0,0.5824499766370839
G9,default,treatment_effect_sd,0.07626392697027408,50,0.82,0.0034983076428559213,0.00292561775122592,0.007905443055415896,0.020899711176,0.006358379762826924,0.0010127541106003687,2.500275468259544e-4,7.192886991978118e-5,1.171490411085241,13.19307919156581,0.36,0,0,0,0,0,0.5824499766370839
H1,full_normal,baseline_difference_sd,0,25,0,0.016980445010829546,0.0166441875807,0.017742940358418398,0.03643949281139999,0.011526500589260153,0.0010503257390881637,0.0014086062679278873,4.0600864450537205e-4,1.017836598359736,134.8024015601038,0,0,0,0,0,0,0.6876128560326606
H1,full_normal,time_trend_mean,-0.08998628257887518,25,0.72,-6.014146451192345e-4,0.007198081210475188,0.038927978301806915,0.08939253056334,0.027447905259389276,0.007945191929427577,0.011150907530575765,0.0034007148956903244,1.017836598359736,134.8024015601038,0,0,0,0,0,0,0.6876128560326606
H1,full_normal,time_trend_sd,0.11597686202656823,25,0.44,0.008786306635575768,-0.019534795573568228,0.09706452432638432,0.075053477408,0.02332394474670111,0.019731872164103867,0.008461531784580034,0.0026742250925965846,1.017836598359736,134.8024015601038,0,0,0,0,0,0,0.6876128560326606
H1,full_normal,treatment_effect_mean,-0.3374485596707819,25,0.88,-0.0074154233098180896,-0.0075375158742180814,0.017987248543322506,0.07372809141999997,0.02250902787116097,0.003345099695172677,0.003569707354738571,0.001071112250147315,1.017836598359736,134.8024015601038,0,0,0,0,0,0,0.6876128560326606
H1,full_normal,treatment_effect_sd,0.07626392697027408,25,0.8,0.01376819670187992,0.016161793229725926,0.029479512513748404,0.066834902282,0.020695016816138934,0.0053208646604138805,0.004009854563830042,0.0012138541200840897,1.017836598359736,134.8024015601038,0,0,0,0,0,0,0.6876128560326606
H1,full_robust,baseline_difference_sd,0,25,0,0.0171092825699891,0.0161639600138345,0.01788364380455905,0.036514353900339996,0.011525698025507798,0.0010625669717836282,0.0013985738148623121,4.0044522500181626e-4,1.029337421384492,114.45206567263376,0,0,0,0,0,0,0.3440349975626411
H1,full_robust,time_trend_mean,-0.08998628257887518,25,0.76,0.005461794840867685,0.010371894872875181,0.031498579320473286,0.07875821882482999,0.024012631567009297,0.006332223465222736,0.00694525845471243,0.002117769388904771,1.029337421384492,114.45206567263376,0,0,0,0,0,0,0.3440349975626411
H1,full_robust,time_trend_sd,0.11597686202656823,25,0.4,-0.011689686761908232,-0.026374223683568232,0.05876303075355795,0.067435356952,0.020937761247114994,0.011755220483456251,0.006747826896335701,0.002063796851277434,1.029337421384492,114.45206567263376,0,0,0,0,0,0,0.3440349975626411
H1,full_robust,treatment_effect_mean,-0.3374485596707819,25,0.88,-0.0038416664438180904,4.988273607818838e-4,0.01680469697575175,0.0714604615,0.021845751838285167,0.0033394076282408864,0.0032245037974891603,9.824876658945088e-4,1.029337421384492,114.45206567263376,0,0,0,0,0,0,0.3440349975626411
H1,full_robust,treatment_effect_sd,0.07626392697027408,25,0.84,0.003156108588925923,0.0010497620967259147,0.02072577052668205,0.065333394922,0.0200974515035457,0.004181290383460142,0.003306619381941675,0.001012625983977214,1.029337421384492,114.45206567263376,0,0,0,0,0,0,0.3440349975626411
H1,naive,baseline_difference_sd,0,25,0,0.017006089780432124,0.01546436966919435,0.01779382343433359,0.036341272241759995,0.011480955057357883,0.0010687426957278912,0.0014340781570367715,4.058777998275115e-4,1.0383203034498294,157.89865838611365,0,0,0,0,0,0,0.6225094381031843
H1,naive,time_trend_mean,-0.08998628257887518,25,0.72,0.006533804481955064,0.014712389852656188,0.03533905751423281,0.1013402821288,0.031166203542360486,0.0070891889080775625,0.013437495732441209,0.004130950904939283,1.0383203034498294,157.89865838611365,0,0,0,0,0,0,0.6225094381031843
H1,naive,time_trend_sd,0.11597686202656823,25,0.52,-9.433101080882359e-4,-0.019914588606068234,0.08018271584019004,0.083270738478,0.026267340274204035,0.016366095652227505,0.010770722194078354,0.0033509769332502166,1.0383203034498294,157.89865838611365,0,0,0,0,0,0,0.6225094381031843
H1,naive,treatment_effect_mean,-0.3374485596707819,25,0.2,-0.05640401991381808,-0.053023223089218086,0.06277142278969386,0.08876713648,0.02713943066281744,0.0056230109690898365,0.010395450071568628,0.0031172387863364097,1.0383203034498294,157.89865838611365,0,0,0,0,0,0,0.6225094381031843
H1,naive,treatment_effect_sd,0.07626392697027408,25,0.24,0.07006608951836592,0.031043575861725917,0.11023770371476183,0.069631712206,0.0214637554167036,0.01737226527628155,0.007615877804265081,0.002361400471919947,1.0383203034498294,157.89865838611365,0,0,0,0,0,0,0.6225094381031843
H2,full_normal,baseline_difference_sd,0,25,0,0.016908671470607217,0.01502735107166565,0.018100014659211617,0.03513190521294,0.011146033641308044,0.0013182589490616826,0.0013577861169980217,3.8349490653279323e-4,1.0132432443477832,312.1296226937547,0,0,0,0,0,0,0.6698096503482818
H2,full_normal,time_trend_mean,-0.12373113854595337,25,1,0.0010338648778831705,6.359677649533657e-4,0.012901318682591183,0.08411010742,0.025649723036555168,0.002625001167968438,0.0015813586249345674,0.00047520261425049865,1.0132432443477832,312.1296226937547,0,0,0,0,0,0,0.6698096503482818
H2,full_normal,time_trend_sd,0.103120346306067,25,1,0.010998127135312992,0.008804710056932993,0.015776848161554988,0.064162626456,0.01970939699521506,0.002308951217799374,0.0013335947620121175,3.9328146131310327e-4,1.0132432443477832,312.1296226937547,0,0,0,0,0,0,0.6698096503482818
H2,full_normal,treatment_effect_mean,-0.3374485596707819,25,0.88,0.007374804887581914,0.007501602220781889,0.01843974079466327,0.06955423828,0.021260625681599563,0.0034498568415012205,0.0021145298386261997,6.414975382979494e-4,1.0132432443477832,312.1296226937547,0,0,0,0,0,0,0.6698096503482818
H2,full_normal,treatment_effect_sd,0.07626392697027408,25,0.96,0.003778329318965321,0.0051893413257259186,0.01661311679265955,0.059872774935999996,0.018550434137138565,0.00330227116999292,0.0015515526473447833,4.6850524747612984e-4,1.0132432443477832,312.1296226937547,0,0,0,0,0,0,0.6698096503482818
H2,full_robust,baseline_difference_sd,0,25,0,0.0167470230543901,0.01458639831738285,0.017905001619259474,0.03497628951226,0.011104367029358277,0.00129303102891054,0.0013405568254320696,3.7467090913418245e-4,1.0161893158976378,237.09476619294915,0,0,0,0,0,0,0.4984092736736929
H2,full_robust,time_trend_mean,-0.12373113854595337,25,1,9.039296182607698e-4,0.0011879011234533637,0.013955131182518822,0.08329558391599999,0.025598924604108775,0.002842597092790178,0.0014376282570204878,4.579854130763117e-4,1.0161893158976378,237.09476619294915,0,0,0,0,0,0,0.4984092736736929
H2,full_robust,time_trend_sd,0.103120346306067,25,1,0.011276385092672992,0.00977069950443299,0.01585113860114288,0.064487621466,0.019767479920748874,0.0022739625307890794,0.0015972421601837014,4.9936779388479e-4,1.0161893158976378,237.09476619294915,0,0,0,0,0,0,0.4984092736736929
H2,full_robust,treatment_effect_mean,-0.3374485596707819,25,0.88,0.008505687563581913,0.006590218445781892,0.017814265260545525,0.06834020468,0.020835701021616575,0.003195056897275117,0.002094952028856833,6.309554993822314e-4,1.0161893158976378,237.09476619294915,0,0,0,0,0,0,0.4984092736736929
H2,full_robust,treatment_effect_sd,0.07626392697027408,25,0.92,-0.0021136274313640784,0.001201217297225915,0.015651917176983016,0.060074945592,0.018582747728389002,0.0031656692972979747,0.0016915881761308343,4.974596130317162e-4,1.0161893158976378,237.09476619294915,0,0,0,0,0,0,0.4984092736736929
H2,naive,baseline_difference_sd,0,25,0,0.0163367842929765,0.0147389874930385,0.01740739847183659,0.0348076989015,0.011010193719320849,0.0012269032922031663,0.0013349025964253854,3.8504057155739057e-4,1.024248241387113,98.8423487546234,0,0,0,0,0,0,0.6446806861361627
H2,naive,time_trend_mean,-0.12373113854595337,25,0.88,0.0095686295745719685,0.006208034509153373,0.023781873036316722,0.10443684118799999,0.03194938375690273,0.0044441854014548934,0.0027187404534474587,8.123134467593457e-4,1.024248241387113,98.8423487546234,0,0,0,0,0,0,0.6446806861361627
H2,naive,time_trend_sd,0.103120346306067,25,1,0.015389868454352992,0.015935532250933,0.021270856266271718,0.08369091300799998,0.026442764410916753,0.0029972297991791618,0.002143497745689049,6.815557792932551e-4,1.024248241387113,98.8423487546234,0,0,0,0,0,0,0.6446806861361627
H2,naive,treatment_effect_mean,-0.3374485596707819,25,0.16,-0.05918621187581809,-0.06437806210921809,0.06374661668394567,0.08328366868,0.02536187625285699,0.004833147104633575,0.002170252174052544,6.484763052204256e-4,1.024248241387113,98.8423487546234,0,0,0,0,0,0,0.6446806861361627
H2,naive,treatment_effect_sd,0.07626392697027408,25,0,0.05681696432198592,0.060248057543225916,0.05918856058045093,0.062680328398,0.019415163477029512,0.003385743817956212,0.001490280945014117,4.598879740581992e-4,1.024248241387113,98.8423487546234,0,0,0,0,0,0,0.6446806861361627
H3,full_normal,baseline_difference_sd,0,25,0,0.018366876290505138,0.01517656863935635,0.0198240999511202,0.036876277448419995,0.011576821103827193,0.0015227824615004948,0.0017267509614770208,4.8745767829371824e-4,1.0297726586257707,157.2818060133843,0,0,0,0,0,0,0.6199012930336381
H3,full_normal,time_trend_mean,-0.08998628257887518,25,0.84,0.0038168027505653514,0.01614195371935269,0.049927187725986207,0.1499261848528,0.045894258107840785,0.010161520742055017,0.004430001667313648,0.001361400826979376,1.0297726586257707,157.2818060133843,0,0,0,0,0,0,0.6199012930336381
H3,full_normal,time_trend_sd,0.22244159268257202,25,0.92,0.01210953773630798,0.010108620077427966,0.034323308108336135,0.11338391866,0.03500611438713957,0.0065556863844576,0.00283906604690916,8.945367031339584e-4,1.0297726586257707,157.2818060133843,0,0,0,0,0,0,0.6199012930336381
H3,full_normal,treatment_effect_mean,-0.3374485596707819,25,0.88,9.827112131819127e-4,-0.004233833714218094,0.021648246621173123,0.07363284818,0.022521057514364236,0.004414374533095544,0.0030786417079274723,9.265887064171298e-4,1.0297726586257707,157.2818060133843,0,0,0,0,0,0,0.6199012930336381
H3,full_normal,treatment_effect_sd,0.07626392697027408,25,0.92,0.0030232003282329198,0.003358008452225919,0.020277016166913225,0.067042688802,0.021025324717247405,0.0040927662019339724,0.002619697763191475,7.942931114079836e-4,1.0297726586257707,157.2818060133843,0,0,0,0,0,0,0.6199012930336381
H3,full_robust,baseline_difference_sd,0,25,0,0.018369862348084354,0.015035025677754275,0.01987414741582273,0.03706539216162,0.011648023370976299,0.0015482502599478492,0.0017460706257735787,4.937994137602702e-4,1.0213476315909371,121.67920582054528,0,0,0,0,0,0,0.25499310998804264
H3,full_robust,time_trend_mean,-0.08998628257887518,25,0.84,0.0032269508267266005,0.01671475995223118,0.049740057007616995,0.15066369360759999,0.04600471948331307,0.010131757126898237,0.004204938425996009,0.001276151479193062,1.0213476315909371,121.67920582054528,0,0,0,0,0,0,0.25499310998804264
H3,full_robust,time_trend_sd,0.22244159268257202,25,0.92,0.011425405096867977,0.010540323542427982,0.033751522968928895,0.11469296364,0.0352311313610138,0.006482750898521006,0.002892044243250407,8.836597831239606e-4,1.0213476315909371,121.67920582054528,0,0,0,0,0,0,0.25499310998804264
H3,full_robust,treatment_effect_mean,-0.3374485596707819,25,0.88,0.0010499542579819087,-0.003189625569218091,0.021985225330464125,0.07287911643999999,0.02238492140549302,0.004482594714036665,0.003080699560410461,9.353556359475356e-4,1.0213476315909371,121.67920582054528,0,0,0,0,0,0,0.25499310998804264
H3,full_robust,treatment_effect_sd,0.07626392697027408,25,0.92,-0.001660104412516078,-0.002484965679274073,0.019044912338146626,0.066974625502,0.02090410854799641,0.003872729115813303,0.0024605278396141648,7.933959874876697e-4,1.0213476315909371,121.67920582054528,0,0,0,0,0,0,0.25499310998804264
H3,naive,baseline_difference_sd,0,25,0,0.01869945976140991,0.0147024034865372,0.020309185148274084,0.037751443699179994,0.011831594898898953,0.0016175239052624072,0.0018980733064463868,5.414602213697315e-4,1.0377532967625691,124.33803709182604,0,0,0,0,0,0,0.5775924299936956
H3,naive,time_trend_mean,-0.08998628257887518,25,0.96,0.002168083003981988,0.013948495956481191,0.054408567772060566,0.21245121118717997,0.06517364315810739,0.011097281317014002,0.009837533905700753,0.0030324787454782203,1.0377532967625691,124.33803709182604,0,0,0,0,0,0,0.5775924299936956
H3,naive,time_trend_sd,0.22244159268257202,25,0.76,0.022626308782687978,0.03096588589742799,0.05971209542497808,0.16889943011999997,0.053405835957380736,0.011279746766720403,0.00797556478899191,0.002592594605561903,1.0377532967625691,124.33803709182604,0,0,0,0,0,0,0.5775924299936956
H3,naive,treatment_effect_mean,-0.3374485596707819,25,0.8,-0.040269142701418084,-0.038806034294218084,0.049781203088193615,0.11748870830000001,0.03569270355724128,0.005974125901895622,0.003911765199522465,0.001147500555095624,1.0377532967625691,124.33803709182604,0,0,0,0,0,0,0.5775924299936956
H3,naive,treatment_effect_sd,0.07626392697027408,25,0,0.11614307957248592,0.12084433382972591,0.11997572089019773,0.08896734608,0.027596939856591455,0.006140570923992029,0.0027706062450099456,8.618211669315458e-4,1.0377532967625691,124.33803709182604,0,0,0,0,0,0,0.5775924299936956
H4,full_normal,baseline_difference_sd,0,25,0,0.023947404931636246,0.022114562170611,0.025060739158158034,0.049817739208,0.015664561932060114,0.0015077914891417552,0.0018453478177352356,5.344940924420665e-4,1.0143462388441482,137.24811932123947,0,0.44,5,0.2,0,0,0.6678322517642309
H4,full_normal,time_trend_mean,-0.08998628257887518,25,0.36,-0.03787182377718481,-0.03968260801312483,0.04178824878181674,0.05663360264399999,0.01738073274180838,0.003605451312716549,0.001970946815180472,6.120667023722822e-4,1.0143462388441482,137.24811932123947,0,0.44,5,0.2,0,0,0.6678322517642309
H4,full_normal,time_trend_sd,0.045528614603915496,25,0.84,0.007977011106371924,0.010230151562584507,0.01663502609936432,0.0536898470594,0.016485292014086238,0.002979732839921441,0.001923289378711205,5.819679224876974e-4,1.0143462388441482,137.24811932123947,0,0.44,5,0.2,0,0,0.6678322517642309
H4,full_normal,treatment_effect_mean,-0.3374485596707819,25,0.44,0.04299044436898192,0.047293725635781936,0.04701768312460178,0.07471438072,0.02284520069340873,0.0038863233447723085,0.0018319555443672571,5.760188977238028e-4,1.0143462388441482,137.24811932123947,0,0.44,5,0.2,0,0,0.6678322517642309
H4,full_normal,treatment_effect_sd,0.07626392697027408,25,0.72,0.01507184726015308,0.019276818455725916,0.0267041981367536,0.06506814824599999,0.019985560635903114,0.0044997852647543565,0.001717789213101353,4.97510392499342e-4,1.0143462388441482,137.24811932123947,0,0.44,5,0.2,0,0,0.6678322517642309
H4,full_robust,baseline_difference_sd,0,25,0,0.02413333536740605,0.022741459331374,0.025269823376204252,0.04995979759633999,0.015691281630289496,0.0015295165018842163,0.0018694374748987985,5.246392366751424e-4,1.0911433064726221,24.19880862935031,0.04,7.32,125,0.28,0.08,0,0.20709482214492098
H4,full_robust,time_trend_mean,-0.08998628257887518,25,0.32,-0.03776998002586481,-0.040102577398124825,0.041560305902857045,0.056655516793999994,0.01736393025598617,0.0035395835182548143,0.0020106617416717097,6.19368895487514e-4,1.0911433064726221,24.19880862935031,0.04,7.32,125,0.28,0.08,0,0.20709482214492098
H4,full_robust,time_trend_sd,0.045528614603915496,25,0.84,0.008435979266923804,0.010079915435084505,0.016714993200006644,0.05481695702122,0.01672832847715352,0.002945513901712088,0.0024929601631732915,7.107524787612295e-4,1.0911433064726221,24.19880862935031,0.04,7.32,125,0.28,0.08,0,0.20709482214492098
H4,full_robust,treatment_effect_mean,-0.3374485596707819,25,0.36,0.043343041418781904,0.04487447257578192,0.04736779781935829,0.07477453708000001,0.022709439239779656,0.0039002619080078064,0.001983858918760775,6.105463716784716e-4,1.0911433064726221,24.19880862935031,0.04,7.32,125,0.28,0.08,0,0.20709482214492098
H4,full_robust,treatment_effect_sd,0.07626392697027408,25,0.92,0.008873532613299921,0.010040611809225927,0.02277676112045557,0.065702236724,0.020125745031249097,0.004281944973271488,0.001633910530222224,4.8752387191294854e-4,1.0911433064726221,24.19880862935031,0.04,7.32,125,0.28,0.08,0,0.20709482214492098
H4,naive,baseline_difference_sd,0,25,0,0.021877386537075685,0.0208571952908985,0.022609779723136988,0.047035362353599994,0.01495892013913631,0.0011651555231698342,0.001644125455036174,4.579601129445708e-4,1.014601040367339,296.98601788763983,0,0,0,0,0,0,0.5897612044345237
H4,naive,time_trend_mean,-0.08998628257887518,25,0.12,-0.047187485560004815,-0.046301843715124816,0.05022066295372885,0.05192338832599999,0.016092483754420562,0.0035086571151247393,0.0019910921165908653,6.082318916211418e-4,1.014601040367339,296.98601788763983,0,0,0,0,0,0,0.5897612044345237
H4,naive,time_trend_sd,0.045528614603915496,25,0.88,0.00350137631074954,0.002981357117034504,0.014486868111264392,0.05051175409231999,0.015761035463978366,0.002869449073164939,0.0013787308146767873,4.231981998687676e-4,1.014601040367339,296.98601788763983,0,0,0,0,0,0,0.5897612044345237
H4,naive,treatment_effect_mean,-0.3374485596707819,25,0.8,-0.019164334327418084,-0.018128348649218085,0.02541132938384199,0.061819302240000006,0.018957705233435332,0.003406268430170667,0.0016802470737917134,5.048350386431145e-4,1.014601040367339,296.98601788763983,0,0,0,0,0,0,0.5897612044345237
H4,naive,treatment_effect_sd,0.07626392697027408,25,0.6,0.01908501427380592,0.019647989793725923,0.023744957110775417,0.048158022131999996,0.014875438451551109,0.0028837563636773325,0.0012637960737519223,3.8279606051280546e-4,1.014601040367339,296.98601788763983,0,0,0,0,0,0,0.5897612044345237
I1,modelled,baseline_difference_sd,0,25,0,0.016442261027456124,0.0137228851905135,0.0183002491956693,0.0317934302159,0.00992290694554053,0.00164000981867732,0.0013192168415197291,3.577735946138252e-4,1.0091959734747653,376.46707305087654,0,0,0,0,0,0,0.6067571662405312
I1,modelled,effect_multiplier[b],0.6,25,0.92,0.030139219840800025,0.0014907156700000312,0.09485295862571921,0.31953806408,0.09830339902365666,0.018358366833953765,0.014981479923821584,0.004673891760906436,1.0091959734747653,376.46707305087654,0,0,0,0,0,0,0.6067571662405312
I1,modelled,time_trend_mean,-0.08998628257887518,25,0.88,-8.92852088026816e-4,-3.792827651248193e-4,0.013525919229430246,0.04333882333,0.01323659019167681,0.002754944843292217,0.0010896723565039248,3.4038011161466146e-4,1.0091959734747653,376.46707305087654,0,0,0,0,0,0,0.6067571662405312
I1,modelled,time_trend_sd,0.045528614603915496,25,0.88,0.006959043573564504,0.007676245846084506,0.010832657420799332,0.036787978942,0.011424003450829865,0.0016945768810338936,8.1193177082037e-4,2.5623611640441656e-4,1.0091959734747653,376.46707305087654,0,0,0,0,0,0,0.6067571662405312
I1,modelled,treatment_effect_mean,-0.3374485596707819,25,0.92,0.0036533335939819066,0.006062994345781891,0.026815813697638316,0.09052586989999999,0.02768035293967125,0.005422718483063983,0.0036818921657552107,0.001126783615746605,1.0091959734747653,376.46707305087654,0,0,0,0,0,0,0.6067571662405312
I1,modelled,treatment_effect_sd,0.07626392697027408,25,0.76,0.00299366798420592,0.0025533267542259264,0.01895251414960582,0.056356009516,0.01766132054981992,0.0038200989548229708,0.0018061889011869558,5.719712011236775e-4,1.0091959734747653,376.46707305087654,0,0,0,0,0,0,0.6067571662405312
I1,raw,baseline_control_mean,0.45,25,0.92,-0.0016912912942000124,-0.0038603476399999836,0.01126689441491247,0.03914438392,0.011969384505973055,0.0022737857887503115,0.0012736246565211446,3.81538518070411e-4,1.0141528384570522,186.81707872928382,0,0,0,0,0,0,0.6593457541718443
I1,raw,baseline_difference_sd,0,25,0,0.016301073344493693,0.014579915122283234,0.01807391675883955,0.031534975332939995,0.009880997008691862,0.0015934955656106363,0.0011981366234826863,3.343741786125638e-4,1.0141528384570522,186.81707872928382,0,0,0,0,0,0,0.6593457541718443
I1,raw,effect_multiplier[b],0.6,25,0.88,0.031212929844000023,0.019460789275000057,0.08814530936163412,0.29347616156,0.0904436653592511,0.016826750247017044,0.01564259921285911,0.005001262242444914,1.0141528384570522,186.81707872928382,0,0,0,0,0,0,0.6593457541718443
I1,raw,time_trend_mean,-0.04,25,0.88,7.813080150100169e-5,-1.133195900000078e-5,0.005759951755224978,0.018855574511999998,0.005763129740776679,0.0011756370578041245,4.0108763424978524e-4,1.2836096804687893e-4,1.0141528384570522,186.81707872928382,0,0,0,0,0,0,0.6593457541718443
I1,raw,time_trend_sd,0.02,25,0.92,0.0024403231129099994,0.0016104686224999998,0.004072826456761628,0.015980900458,0.0049563422648703755,6.656055654907647e-4,2.797951965298882e-4,9.245190135476418e-5,1.0141528384570522,186.81707872928382,0,0,0,0,0,0,0.6593457541718443
I1,raw,treatment_effect_mean,-0.15,25,0.96,0.0017433624154199973,0.0021959496639999965,0.010138265791826598,0.03665202918,0.011231236304630054,0.002038638442218874,0.0016655836411590783,5.117552256698102e-4,1.0141528384570522,186.81707872928382,0,0,0,0,0,0,0.6593457541718443
I1,raw,treatment_effect_sd,0.03,25,0.76,0.001541582059825721,-1.78734970999999e-4,0.008642407615360852,0.022755305882399997,0.007114684593802548,0.0017358323428890287,7.4914069509093e-4,2.4152323281090093e-4,1.0141528384570522,186.81707872928382,0,0,0,0,0,0,0.6593457541718443
I2,modelled,baseline_difference_sd,0,25,0,0.013069267589827918,0.0125417039411555,0.013627414552359132,0.02678089637802,0.00837204140285229,7.879475460366148e-4,0.0010033465574236186,2.828879229849927e-4,1.0112563408949675,400.8732361366121,0,0,0,0,0,0,0.6421523218158172
I2,modelled,effect_multiplier[b],0.7,25,0.84,0.0037600392992000486,-0.0036353400199999886,0.09168320975535639,0.31989135609999997,0.09863419296196538,0.018699011845007066,0.011535931558908185,0.00357469260053982,1.0112563408949675,400.8732361366121,0,0,0,0,0,0,0.6421523218158172
I2,modelled,effect_multiplier[c],0.4,25,0.92,0.029409154307199984,0.025929873755,0.06887305239966374,0.27302761094,0.08356340165374727,0.012712524975036313,0.008974908868766729,0.0026598378864844574,1.0112563408949675,400.8732361366121,0,0,0,0,0,0,0.6421523218158172
I2,modelled,time_trend_mean,-0.08998628257887518,25,0.92,-2.835848353048165e-4,2.2959305187518486e-4,0.007886825954965544,0.030884174081999997,0.00944179509753495,0.0016088505638745022,8.292691370250362e-4,2.567078592283257e-4,1.0112563408949675,400.8732361366121,0,0,0,0,0,0,0.6421523218158172
I2,modelled,time_trend_sd,0.045528614603915496,25,0.8,-9.106419585666159e-4,1.3634303584503238e-5,0.008419464495787411,0.026618494341999997,0.00820896498586838,0.001708533894151195,5.012718932227619e-4,1.5463731769231641e-4,1.0112563408949675,400.8732361366121,0,0,0,0,0,0,0.6421523218158172
I2,modelled,treatment_effect_mean,-0.3374485596707819,25,0.96,-5.226889850180916e-4,-0.0022790019442180953,0.02257604488282825,0.08918856577999999,0.027283817571647117,0.00460708059574434,0.0026472941226315548,7.954853857797763e-4,1.0112563408949675,400.8732361366121,0,0,0,0,0,0,0.6421523218158172
I2,modelled,treatment_effect_sd,0.07626392697027408,25,0.96,0.0023166579232059203,3.3175809872591777e-4,0.014122772432699241,0.043519509972,0.013407543134075467,0.002843748972546751,0.0011197562730620582,3.499077877305272e-4,1.0112563408949675,400.8732361366121,0,0,0,0,0,0,0.6421523218158172
I2,raw,baseline_control_mean,0.45,25,0.92,2.765369283999819e-4,1.7855121499998905e-4,0.009024129696332569,0.03159664036,0.009690955606046481,0.0018411776587221565,0.0010767646987064456,3.330934996443937e-4,1.0204930736188844,155.06015019055573,0,0,0,0,0,0,0.6288881891612278
I2,raw,baseline_difference_sd,0,25,0,0.01268412352270901,0.011357064468318,0.013236126019177334,0.026334528555879998,0.008263030147369734,7.72119443917282e-4,0.0010105801225843256,2.8835321851669257e-4,1.0204930736188844,155.06015019055573,0,0,0,0,0,0,0.6288881891612278
I2,raw,effect_multiplier[b],0.7,25,0.88,0.010405035645200043,-0.0028207681599999868,0.08508615815388543,0.30553726696,0.09330885429380437,0.01723778497783542,0.012801499757936341,0.003884944473344371,1.0204930736188844,155.06015019055573,0,0,0,0,0,0,0.6288881891612278
I2,raw,effect_multiplier[c],0.4,25,0.96,0.033097770623199976,0.014680056014999998,0.07077729505872048,0.25571553792,0.07799240450681903,0.012770348265290216,0.008406272451268643,0.0026515963987563426,1.0204930736188844,155.06015019055573,0,0,0,0,0,0,0.6288881891612278
I2,raw,time_trend_mean,-0.04,25,0.96,-2.5742397239998798e-5,1.7811825950000276e-4,0.0033958924638243034,0.013651057364000001,0.004170547758104183,6.931637299021012e-4,4.139635622573791e-4,1.243297103038067e-4,1.0204930736188844,155.06015019055573,0,0,0,0,0,0,0.6288881891612278
I2,raw,time_trend_sd,0.02,25,0.84,-6.197682873500005e-4,-2.986839419500016e-4,0.003903782819514723,0.011664787667599999,0.003601608880007474,7.867498430233286e-4,2.236666041815454e-4,7.008893372200577e-5,1.0204930736188844,155.06015019055573,0,0,0,0,0,0,0.6288881891612278
I2,raw,treatment_effect_mean,-0.15,25,1,4.296570702599933e-4,0.0011286961950000007,0.007651072471649239,0.03674093578,0.01123037653961596,0.0015593041285618988,0.001143855806861514,3.4835262324880013e-4,1.0204930736188844,155.06015019055573,0,0,0,0,0,0,0.6288881891612278
I2,raw,treatment_effect_sd,0.03,25,0.88,0.0019283614446400008,0.0010950432485000022,0.0059513864497657545,0.017872196816,0.005547806376625139,0.0011492827983370282,4.25149493153773e-4,1.3030264377435926e-4,1.0204930736188844,155.06015019055573,0,0,0,0,0,0,0.6288881891612278
I3,modelled,baseline_difference_sd,0,25,0,0.015055057294989158,0.0137121629168685,0.01622094715181607,0.028231456027059995,0.008746205503098858,0.0012326187628142848,0.0012608696217184265,3.51093811586462e-4,1.0194477775686235,411.81246937282805,0,0,0,0,0,0,0.6435164277526293
I3,modelled,beta_cov[dose],-0.08998628257887518,25,0.88,8.493426329868714e-5,3.5510490522518146e-4,0.025922555795219113,0.07979927980860001,0.02441682584497813,0.005291391141621636,0.00174443730289628,5.446334841952657e-4,1.0194477775686235,411.81246937282805,0,0,0,0,0,0,0.6435164277526293
I3,modelled,effect_multiplier[b],0.6,25,0.8,0.0047358109478000295,0.006489556475000047,0.054901797585338585,0.16930985897999998,0.05164418950779741,0.011165011331476911,0.003915036360748734,0.0011626523541459948,1.0194477775686235,411.81246937282805,0,0,0,0,0,0,0.6435164277526293
I3,modelled,time_trend_mean,-0.08998628257887518,25,0.84,-0.0018555464494848157,-0.0030882046931248186,0.011706118691187517,0.033645179296,0.010271832433022453,0.0023592915796376078,6.586829699264493e-4,1.870498057729823e-4,1.0194477775686235,411.81246937282805,0,0,0,0,0,0,0.6435164277526293
I3,modelled,time_trend_sd,0.045528614603915496,25,0.96,0.003946493916224504,0.004252597663584504,0.007063648996968774,0.027694933433999997,0.008566572767242767,0.0011958317001425712,4.230568252646193e-4,1.3646938453482514e-4,1.0194477775686235,411.81246937282805,0,0,0,0,0,0,0.6435164277526293
I3,modelled,treatment_effect_mean,-0.5624142661179699,25,0.96,0.0023283779155698525,0.004591081122969798,0.025729723365551932,0.08315855716000001,0.02530279236827088,0.005230508741788076,0.0018580374877998616,5.585560212305265e-4,1.0194477775686235,411.81246937282805,0,0,0,0,0,0,0.6435164277526293
I3,modelled,treatment_effect_sd,0.07626392697027408,25,0.8,0.01430981529710592,0.01606199172272592,0.018122602536711864,0.049183877625999996,0.01513248060760647,0.002269892699981917,0.0010717271167677046,3.2429451204674337e-4,1.0194477775686235,411.81246937282805,0,0,0,0,0,0,0.6435164277526293
I3,raw,baseline_control_mean,0.45,25,0.96,-7.787055522000141e-4,-0.0015868983300000306,0.008674769163198525,0.032808912240000015,0.009969871860490613,0.0017635810833092908,6.790585594307327e-4,1.9994095289179174e-4,1.028430079151598,162.09242915874856,0,0,0,0,0,0,0.6220857326017276
I3,raw,baseline_difference_sd,0,25,0,0.014531319042496715,0.013123942474085,0.015629428542129592,0.027649249836919996,0.008603893686540206,0.0011747305265234866,0.001162827659846963,3.265394214932763e-4,1.028430079151598,162.09242915874856,0,0,0,0,0,0,0.6220857326017276
I3,raw,beta_cov[dose],-0.04,25,0.92,9.895721942370067e-5,-3.299227960500001e-4,0.008722966813838294,0.028060018335939997,0.008566673730466712,0.001780453564685697,7.615363995293657e-4,2.307985974375027e-4,1.028430079151598,162.09242915874856,0,0,0,0,0,0,0.6220857326017276
I3,raw,effect_multiplier[b],0.6,25,0.76,0.001768085776800019,0.0037897967250000164,0.053264261241835836,0.13346103067999998,0.040735388716483655,0.010866530031715914,0.003325214076795925,0.0010410844561168035,1.028430079151598,162.09242915874856,0,0,0,0,0,0,0.6220857326017276
I3,raw,time_trend_mean,-0.04,25,0.88,-1.8433108522199857e-4,-6.543669825000015e-4,0.004671768485062736,0.014269388167999998,0.004388105744397551,9.528781582886628e-4,3.2952531575976366e-4,1.0400991710291816e-4,1.028430079151598,162.09242915874856,0,0,0,0,0,0,0.6220857326017276
I3,raw,time_trend_sd,0.02,25,0.96,8.868595130799992e-4,8.715157520000003e-4,0.0030571128973789163,0.011987368148,0.003685248124121829,5.971955106781761e-4,2.2148355310824813e-4,6.578046252706442e-5,1.028430079151598,162.09242915874856,0,0,0,0,0,0,0.6220857326017276
I3,raw,treatment_effect_mean,-0.25,25,0.92,3.009292344000025e-4,0.0027390024449999995,0.00875238918119078,0.029132236739999994,0.008900329523927384,0.0017855176417371336,7.723470335618326e-4,2.2010599753559444e-4,1.028430079151598,162.09242915874856,0,0,0,0,0,0,0.6220857326017276
I3,raw,treatment_effect_sd,0.03,25,0.92,7.850673783860013e-4,7.126906170000016e-4,0.004678092928599606,0.017590828997999998,0.0054538241225003,9.413691859026354e-4,3.1979963801293074e-4,1.0140954994870255e-4,1.028430079151598,162.09242915874856,0,0,0,0,0,0,0.6220857326017276
I4,modelled,baseline_difference_sd,0,25,0,0.017787984946148944,0.0144006950149185,0.01958653811258724,0.038110129629359994,0.012175179017907737,0.001673569871953005,0.0015807921707752773,4.716789759072852e-4,1.340396411357978,5.00932761081777,0.04,10.68,255,0.16,0.04,0,0.5833591685525858
I4,modelled,effect_multiplier[b],0.6,25,0.96,-3.0887558879998166e-4,0.004441372539999988,0.056441460640083964,0.26087558637999997,0.07987390155481988,0.011520892389945305,0.00794177403896363,0.0025362463749344084,1.340396411357978,5.00932761081777,0.04,10.68,255,0.16,0.04,0,0.5833591685525858
I4,modelled,time_trend_mean,-0.08998628257887518,25,0.88,-0.005446941853940414,-0.00390669077162481,0.016629941340275844,0.05460443433599999,0.01681834577019581,0.0032073208797791007,0.0025895542323919364,8.138410631359014e-4,1.340396411357978,5.00932761081777,0.04,10.68,255,0.16,0.04,0,0.5833591685525858
I4,modelled,time_trend_sd,0.045528614603915496,25,0.84,0.003802026365340682,0.005201698086584501,0.019147337234999902,0.05251288871019999,0.016267654742526855,0.003830606559389279,0.0023756016033421095,7.406387402306095e-4,1.340396411357978,5.00932761081777,0.04,10.68,255,0.16,0.04,0,0.5833591685525858
I4,modelled,treatment_effect_mean,-0.3374485596707819,25,0.92,0.0027866093553819103,0.0026235706507818923,0.01951239754901555,0.08080679912,0.024763011535072637,0.003942125412406178,0.00236398087006955,7.171543652162761e-4,1.340396411357978,5.00932761081777,0.04,10.68,255,0.16,0.04,0,0.5833591685525858
I4,modelled,treatment_effect_sd,0.07626392697027408,25,0.84,-6.993617293080787e-4,5.0200155725918516e-5,0.01725983800064422,0.05253042682999999,0.01617376274748657,0.003520256270146048,0.0016510579274299567,5.461458509322704e-4,1.340396411357978,5.00932761081777,0.04,10.68,255,0.16,0.04,0,0.5833591685525858
I4,raw,baseline_control_mean,0.45,25,0.92,0.005553318361799991,0.005365852354999978,0.0136968318328077,0.043978131180000005,0.01348928805682875,0.002555743999868315,0.0010821682299237312,3.20282362383516e-4,1.0134308685678222,291.3351888549131,0,0.04,1,0.04,0,0,0.6354538805259893
I4,raw,baseline_difference_sd,0,25,0,0.018564053949975443,0.0154840270460425,0.02032090248608063,0.039246654013519996,0.01248287343748252,0.001687144762500627,0.0018996044516497047,5.66299621771287e-4,1.0134308685678222,291.3351888549131,0,0.04,1,0.04,0,0,0.6354538805259893
I4,raw,effect_multiplier[b],0.6,25,0.96,0.009746816287800027,0.011404355764999985,0.06165737546273479,0.23906926158,0.07328666269086559,0.012427509004228827,0.007797073124933544,0.002348466473543042,1.0134308685678222,291.3351888549131,0,0.04,1,0.04,0,0,0.6354538805259893
I4,raw,time_trend_mean,-0.04,25,0.96,-9.130291367639992e-4,-0.0011721613979499973,0.006293652148479943,0.021426804797999997,0.0065764394976937195,0.0012710959044837087,8.470513046151632e-4,2.578605349125169e-4,1.0134308685678222,291.3351888549131,0,0.04,1,0.04,0,0,0.6354538805259893
I4,raw,time_trend_sd,0.02,25,0.8,1.7010027478975154e-4,3.835230231000013e-4,0.007426396375134077,0.020777888773119996,0.006385531035781501,0.0015155091143616971,6.050517601476283e-4,1.846518690167047e-4,1.0134308685678222,291.3351888549131,0,0.04,1,0.04,0,0,0.6354538805259893
I4,raw,treatment_effect_mean,-0.15,25,0.92,4.607567867999951e-4,0.001141968379999997,0.007893990016665072,0.031287928720000004,0.009574532631273319,0.0016086068191479852,8.31453791941087e-4,2.6122829578262334e-4,1.0134308685678222,291.3351888549131,0,0.04,1,0.04,0,0,0.6354538805259893
I4,raw,treatment_effect_sd,0.03,25,0.84,-5.077929697835049e-4,-3.341422504999983e-4,0.007652691278686291,0.0211852672904,0.00651692513968436,0.0015586563404997222,4.847451623778448e-4,1.4272266117331783e-4,1.0134308685678222,291.3351888549131,0,0.04,1,0.04,0,0,0.6354538805259893
I5,with_modelled,baseline_difference_sd,0,25,0,0.013551350327078226,0.0115313753001355,0.014209845884497663,0.02722008820142,0.008532940323260437,8.727500686043135e-4,9.503446420545926e-4,2.5570764070996174e-4,1.0089886652302438,355.11027295023587,0,0,0,0,0,0,0.6613064407981918
I5,with_modelled,effect_multiplier[b],0.6,25,0.92,-0.0031807102939999687,-0.007170878880000009,0.06029864885394206,0.24209946524,0.07428300998078016,0.012291274234927548,0.006885442506999758,0.002114130776934666,1.0089886652302438,355.11027295023587,0,0,0,0,0,0,0.6613064407981918
I5,with_modelled,time_trend_mean,-0.08998628257887518,25,0.96,0.001879731199115184,0.0024270728783751805,0.008464850985751268,0.033032512837999996,0.010040685098408957,0.0016847392581401533,9.002367928996104e-4,2.774207455774085e-4,1.0089886652302438,355.11027295023587,0,0,0,0,0,0,0.6613064407981918
I5,with_modelled,time_trend_sd,0.045528614603915496,25,0.88,0.0028003806410645043,0.0035839531560845073,0.008342475433818075,0.027454530427999998,0.00848857050405862,0.001604093261900749,5.574644039229125e-4,1.6626743190811642e-4,1.0089886652302438,355.11027295023587,0,0,0,0,0,0,0.6613064407981918
I5,with_modelled,treatment_effect_mean,-0.3374485596707819,25,0.92,-0.0025601728192180917,-0.0027936964842180667,0.02039932135709068,0.07211946284000001,0.02204259553027957,0.004131070417002479,0.002430196072818257,7.315642992841908e-4,1.0089886652302438,355.11027295023587,0,0,0,0,0,0,0.6613064407981918
I5,with_modelled,treatment_effect_sd,0.07626392697027408,25,0.84,0.001679709169925922,3.6745838072592407e-4,0.015145594519216375,0.042731596024,0.01325284297554221,0.0030725099026487008,0.0013965386626347146,4.403969951907546e-4,1.0089886652302438,355.11027295023587,0,0,0,0,0,0,0.6613064407981918
I5,with_raw,baseline_control_mean,0.45,25,0.92,-0.0013266515982000148,-0.003698429925000024,0.010227536001723143,0.031174771820000006,0.009521011233429553,0.002070049196310887,8.568743343212535e-4,2.6606638249728626e-4,1.0268572039933552,147.72640272654283,0,0,0,0,0,0,0.6007890786504593
I5,with_raw,baseline_difference_sd,0,25,0,0.01383262337063453,0.0118408977700215,0.014606402930914636,0.02717421042598,0.008482540116032153,9.575475894702546e-4,9.501440115619079e-4,2.5746073801834673e-4,1.0268572039933552,147.72640272654283,0,0,0,0,0,0,0.6007890786504593
I5,with_raw,effect_multiplier[b],0.6,25,0.92,-0.011303447070999974,0.004669500735000054,0.05454071734127415,0.22185683084,0.06773305543796349,0.010891361126319842,0.0058500120542277715,0.0017550385413910592,1.0268572039933552,147.72640272654283,0,0,0,0,0,0,0.6007890786504593
I5,with_raw,time_trend_mean,-0.04,25,0.88,0.0011230792907800005,3.514996200000009e-4,0.0038201781656008837,0.01435136166,0.004376997517104769,7.453314174344084e-4,4.028609217501533e-4,1.2063747655874882e-4,1.0268572039933552,147.72640272654283,0,0,0,0,0,0,0.6007890786504593
I5,with_raw,time_trend_sd,0.02,25,0.84,7.086462240279992e-4,1.4623920749999922e-4,0.0034289765648089403,0.011914453937999999,0.003677828916451809,6.848266450709679e-4,2.345215538751065e-4,7.905156199878971e-5,1.0268572039933552,147.72640272654283,0,0,0,0,0,0,0.6007890786504593
I5,with_raw,treatment_effect_mean,-0.15,25,0.92,-0.0018464947554600053,-5.340056199999998e-4,0.00809118321152145,0.028909834440000004,0.00882600757281131,0.0016080228916341287,6.813221546996047e-4,2.1473017139175487e-4,1.0268572039933552,147.72640272654283,0,0,0,0,0,0,0.6007890786504593
I5,with_raw,treatment_effect_sd,0.03,25,0.96,6.779670579500015e-4,2.2959110800000251e-4,0.0046880384694412535,0.017240320574,0.005304358356854205,9.468822823547397e-4,3.2596462043132723e-4,9.927256932448485e-5,1.0268572039933552,147.72640272654283,0,0,0,0,0,0,0.6007890786504593
I5,without_modelled,baseline_difference_sd,0,25,0,0.013345899572307264,0.01120670903048085,0.014046014141845599,0.027245447553519996,0.008526868816271726,8.939024433818115e-4,9.051031465120995e-4,2.49173506410549e-4,1.0146587487459142,148.8294623581091,0,0,0,0,0,0,0.5995425636038514
I5,without_modelled,time_trend_mean,-0.08998628257887518,25,0.96,0.002045568018295184,0.0016570452568751837,0.008493373076424109,0.03306722240999999,0.010087234271372703,0.001682669477569469,9.711822271593021e-4,2.843164203167599e-4,1.0146587487459142,148.8294623581091,0,0,0,0,0,0,0.5995425636038514
I5,without_modelled,time_trend_sd,0.045528614603915496,25,0.88,0.0027904596367725044,0.004078633312584505,0.008310032184232017,0.027841791869999997,0.008560359030522477,0.0015977845328051822,5.419254492298152e-4,1.753081791728565e-4,1.0146587487459142,148.8294623581091,0,0,0,0,0,0,0.5995425636038514
I5,without_modelled,treatment_effect_mean,-0.3374485596707819,25,0.04,0.06557069222938192,0.06619179550078191,0.06716525754366691,0.06792059397999999,0.020750928664870646,0.0029696811098919532,0.0021113325479150246,6.269085223886016e-4,1.0146587487459142,148.8294623581091,0,0,0,0,0,0,0.5995425636038514
I5,without_modelled,treatment_effect_sd,0.07626392697027408,25,0.28,0.03126597927748592,0.03264216413372592,0.03561457647034135,0.053383905227999996,0.016483052487188548,0.003481119294264494,0.0014569743651769334,4.661518679196787e-4,1.0146587487459142,148.8294623581091,0,0,0,0,0,0,0.5995425636038514
I5,without_raw,baseline_control_mean,0.45,25,0.92,-0.0011317137690000068,-0.0027877350350000163,0.010024049936574953,0.03150553151999999,0.009616945414629496,0.002033068299762743,9.288537990543107e-4,2.8347376043483025e-4,1.0236011597788075,101.91221536256737,0,0,0,0,0,0,0.611419108152093
I5,without_raw,baseline_difference_sd,0,25,0,0.013643656455139297,0.01215315226649269,0.014458531077121747,0.02732792334746,0.008535334904275157,9.768094202178322e-4,8.805552406096874e-4,2.5101067702586703e-4,1.0236011597788075,101.91221536256737,0,0,0,0,0,0,0.611419108152093
I5,without_raw,time_trend_mean,-0.04,25,0.88,0.00121595031042,5.340274880000009e-4,0.003762955882439022,0.014457188075999999,0.004413168842487943,7.269027277821735e-4,3.746563058817755e-4,1.1407408127728439e-4,1.0236011597788075,101.91221536256737,0,0,0,0,0,0,0.611419108152093
I5,without_raw,time_trend_sd,0.02,25,0.88,8.432251124659997e-4,5.959036009999981e-4,0.0033804806287039816,0.0119801804868,0.003718162030126607,6.682259064976195e-4,2.42821691772952e-4,7.450610408394328e-5,1.0236011597788075,101.91221536256737,0,0,0,0,0,0,0.611419108152093
I5,without_raw,treatment_effect_mean,-0.15,25,0.04,0.029237051342859994,0.02934052945299999,0.029873245310673584,0.029329417967999996,0.008902560122730595,0.00125175899848057,6.232040579194301e-4,1.884679829631249e-4,1.0236011597788075,101.91221536256737,0,0,0,0,0,0,0.611419108152093
I5,without_raw,treatment_effect_sd,0.03,25,0.12,0.01538379779222,0.015001179875,0.01627969714619251,0.022314797594,0.00691170089111727,0.0010871849095223614,4.2437931414431886e-4,1.3323032409959462e-4,1.0236011597788075,101.91221536256737,0,0,0,0,0,0,0.611419108152093
I6,with_modelled,baseline_difference_sd,0,25,0,0.015636524805338215,0.0153656738777675,0.016347087701587645,0.029492010904139998,0.009147355641306996,9.731043181369078e-4,8.510801563025739e-4,2.259575455215853e-4,1.0101383089111686,350.97715565043194,0,0,0,0,0,0,0.6334929403704438
I6,with_modelled,effect_multiplier[b],1,25,0.88,-0.001452517216200011,0.0011042681049999725,0.099508117885854,0.32368312494,0.0997258250332545,0.0203098454356929,0.009326882921228909,0.002919815790032928,1.0101383089111686,350.97715565043194,0,0,0,0,0,0,0.6334929403704438
I6,with_modelled,time_trend_mean,-0.08998628257887518,25,0.88,-0.0010686020498048142,4.607809087518733e-5,0.00869062093792447,0.031788406366,0.009698395761288676,0.0017605039754977855,9.726265426494398e-4,2.951578248944673e-4,1.0101383089111686,350.97715565043194,0,0,0,0,0,0,0.6334929403704438
I6,with_modelled,time_trend_sd,0.045528614603915496,25,0.96,5.628369941445041e-4,2.7868305008450084e-4,0.008804313828254303,0.026907739777999998,0.008269150487551339,0.0017934970089233994,6.313475450932043e-4,1.9589743161003105e-4,1.0101383089111686,350.97715565043194,0,0,0,0,0,0,0.6334929403704438
I6,with_modelled,treatment_effect_mean,-0.3374485596707819,25,0.84,0.0037436910165819116,0.003807469895781901,0.02321952105576274,0.07629180164000002,0.023322396049773205,0.004677654930764691,0.0019165644735548077,6.07218557988339e-4,1.0101383089111686,350.97715565043194,0,0,0,0,0,0,0.6334929403704438
I6,with_modelled,treatment_effect_sd,0.07626392697027408,25,0.88,0.006038895905245921,0.006730153571725919,0.014114609599143669,0.044112251347999995,0.013640384197143841,0.0026041148558726777,0.0010505757622645989,3.3971932150598865e-4,1.0101383089111686,350.97715565043194,0,0,0,0,0,0,0.6334929403704438
I6,with_raw,baseline_control_mean,0.45,25,0.92,0.003236643209799992,0.004386067915000014,0.00839973181088592,0.03128164334,0.009528985480501647,0.0015821877683983507,8.362318183733244e-4,2.5261920782310984e-4,1.0193080898465263,148.41068807816714,0,0,0,0,0,0,0.613439469083724
I6,with_raw,baseline_difference_sd,0,25,0,0.01561291170150301,0.01509290845161285,0.01633615509591557,0.02942997841026,0.009132886199627556,9.812184499997632e-4,9.008797288559047e-4,2.4204029537689258e-4,1.0193080898465263,148.41068807816714,0,0,0,0,0,0,0.613439469083724
I6,with_raw,effect_multiplier[b],1,25,0.96,0.007444586553799994,0.005690043004999978,0.08120714531649918,0.28451438114,0.08720927763687285,0.016506537317956274,0.006531546396330498,0.001977973744726456,1.0193080898465263,148.41068807816714,0,0,0,0,0,0,0.613439469083724
I6,with_raw,time_trend_mean,-0.04,25,0.92,-5.615189214599989e-4,-1.3414350399999775e-4,0.0038792186405731117,0.013905837191999998,0.004244353269580698,7.835026526814353e-4,4.019000335092276e-4,1.2285312412196702e-4,1.0193080898465263,148.41068807816714,0,0,0,0,0,0,0.613439469083724
I6,with_raw,time_trend_sd,0.02,25,0.96,-1.460628837520038e-5,-2.4934154249999993e-4,0.003701274140127415,0.011869510511799998,0.003648503913762866,7.555135371806119e-4,2.4106388889370587e-4,7.171053224296268e-5,1.0193080898465263,148.41068807816714,0,0,0,0,0,0,0.613439469083724
I6,with_raw,treatment_effect_mean,-0.15,25,0.92,7.251094917599943e-4,4.5626369499998654e-4,0.0073630747590876545,0.02953954634,0.009049288072503705,0.001495675518130984,5.170464060109939e-4,1.5418101844179275e-4,1.0193080898465263,148.41068807816714,0,0,0,0,0,0,0.613439469083724
I6,with_raw,treatment_effect_sd,0.03,25,0.96,0.0015799267335200014,0.0019726422685000036,0.0037806724543680234,0.017713517031999998,0.005441358752507359,7.011097074140737e-4,2.872725122130582e-4,8.901956963374959e-5,1.0193080898465263,148.41068807816714,0,0,0,0,0,0,0.613439469083724
I6,without_modelled,baseline_difference_sd,0,25,0,0.015604508432531866,0.014866776336103,0.016318944101255325,0.029449345370339997,0.00915405005582392,9.748344551541797e-4,7.40001881989595e-4,2.0777313674105968e-4,1.0098350151253532,397.9638095935861,0,0,0,0,0,0,0.6404355960760483
I6,without_modelled,time_trend_mean,-0.08998628257887518,25,0.88,-0.001273992952484816,-6.558758366248113e-4,0.008758476592502203,0.032021250471999996,0.009793827168467014,0.0017688020213601733,9.380081566609284e-4,2.9852747323938223e-4,1.0098350151253532,397.9638095935861,0,0,0,0,0,0,0.6404355960760483
I6,without_modelled,time_trend_sd,0.045528614603915496,25,1,8.035730490645038e-4,4.539679070845043e-4,0.00863846555080425,0.026854729398,0.008240756591829924,0.0017556736293520049,5.382456398096978e-4,1.6947253434938868e-4,1.0098350151253532,397.9638095935861,0,0,0,0,0,0,0.6404355960760483
I6,without_modelled,treatment_effect_mean,-0.3374485596707819,25,0.96,0.005010695036981903,0.007023283565781913,0.012933354145311684,0.05471715880000001,0.016719156116249988,0.0024338291563434206,0.0013997233579721474,4.1764942558287e-4,1.0098350151253532,397.9638095935861,0,0,0,0,0,0,0.6404355960760483
I6,without_modelled,treatment_effect_sd,0.07626392697027408,25,0.88,0.006148014007265921,0.005804413711725923,0.013494743718059688,0.04347296998,0.013362089270978336,0.0024521251988714934,8.852318197536703e-4,2.659122135155283e-4,1.0098350151253532,397.9638095935861,0,0,0,0,0,0,0.6404355960760483
I6,without_raw,baseline_control_mean,0.45,25,0.96,0.0034211780385999856,0.004436755600000009,0.008503571915391863,0.031338487719999995,0.00951348835146542,0.0015891071411912726,8.176348980900604e-4,2.516379461551489e-4,1.0271950061344068,137.03008889187925,0,0,0,0,0,0,0.6040801786827533
I6,without_raw,baseline_difference_sd,0,25,0,0.015684830552433287,0.015300019220291,0.01639007518312612,0.02942253100408,0.009127220165985115,9.708384488416441e-4,8.513187333577674e-4,2.2630113803315434e-4,1.0271950061344068,137.03008889187925,0,0,0,0,0,0,0.6040801786827533
I6,without_raw,time_trend_mean,-0.04,25,0.92,-5.489266486399991e-4,-2.951606475000007e-4,0.0038709787185369653,0.013859135124,0.0042231407938320194,7.821752727111676e-4,3.8511490646238143e-4,1.1784230277254923e-4,1.0271950061344068,137.03008889187925,0,0,0,0,0,0,0.6040801786827533
I6,without_raw,time_trend_sd,0.02,25,0.92,-6.058021379000092e-5,-1.1874503985000173e-4,0.0037149183458437094,0.0116717730254,0.0036036157589027025,7.582036982781332e-4,2.2872909760361082e-4,7.101508479146237e-5,1.0271950061344068,137.03008889187925,0,0,0,0,0,0,0.6040801786827533
I6,without_raw,treatment_effect_mean,-0.15,25,1,4.39692000399996e-4,0.0013413602350000053,0.004561922042022259,0.021118605619999998,0.006448310427506815,9.268630711139049e-4,3.972495532583968e-4,1.1704862410187875e-4,1.0271950061344068,137.03008889187925,0,0,0,0,0,0,0.6040801786827533
I6,without_raw,treatment_effect_sd,0.03,25,1,0.0014969875097200014,0.002497041908,0.0036645292765590527,0.017263482154,0.005322146297208719,6.827579858711748e-4,2.7387203498469514e-4,8.426387964340562e-5,1.0271950061344068,137.03008889187925,0,0,0,0,0,0,0.6040801786827533
I7,modelled,baseline_difference_sd,0,15,0,0.023980181782321083,0.0260017208078215,0.025391684040038765,0.030922517985666663,0.009504271002225695,0.0022310871801496774,7.080505219473864e-4,2.063994311927817e-4,1.0113468235501046,364.9261308147008,0,0,0,0,0,0,0.7300947169028101
I7,modelled,effect_multiplier[b],0.6,15,0.9333333333333333,-0.04310111602666665,-0.04965135910499996,0.08634806666852816,0.30509700873333334,0.094542888167581,0.019996932648084526,0.017397901131884413,0.005355246152732776,1.0113468235501046,364.9261308147008,0,0,0,0,0,0,0.7300947169028101
I7,modelled,time_trend_mean,-0.08998628257887518,15,0.9333333333333333,4.6587242549185154e-4,-0.0016207282971248127,0.008121589774641145,0.04204237586,0.01291819831441481,0.0021670121522291263,0.0018132077055616404,5.52190337062409e-4,1.0113468235501046,364.9261308147008,0,0,0,0,0,0,0.7300947169028101
I7,modelled,time_trend_sd,0.045528614603915496,15,0.9333333333333333,0.006753127604737838,0.006917302638084502,0.012044103095757527,0.03583712093333333,0.011210579855112063,0.0026653288049019908,0.0013260908019981812,4.1162537687830443e-4,1.0113468235501046,364.9261308147008,0,0,0,0,0,0,0.7300947169028101
I7,modelled,treatment_effect_mean,-0.3374485596707819,15,0.8,-0.010342098924884757,-0.008000488059218103,0.03322392310986546,0.09443939653333333,0.028886933910362633,0.008438305756820032,0.004371868358355177,0.001345361844342347,1.0113468235501046,364.9261308147008,0,0,0,0,0,0,0.7300947169028101
I7,modelled,treatment_effect_sd,0.07626392697027408,15,0.8666666666666667,0.005837529806492588,0.0018891510797259259,0.017246337385794584,0.056616534116666666,0.017738828575638577,0.0043372094302259,0.002140142127549453,7.139789013734867e-4,1.0113468235501046,364.9261308147008,0,0,0,0,0,0,0.7300947169028101
I8,modelled,baseline_difference_sd,0,25,0,0.012674072114986843,0.0117143935920026,0.01355366735326333,0.02585805122624,0.008099030567445039,9.804292161053134e-4,0.0010621832771941478,3.0083510428889474e-4,1.0078462930842857,244.15236852551322,0,0,0,0,0,0,0.6430087237380864
I8,modelled,effect_multiplier[level2:b],1.4,25,0.96,-0.003609242058199902,-0.01715338983499981,0.12372756773318848,0.4688087382,0.14476945141989656,0.025245036136615114,0.017953309305455974,0.0056602051974351895,1.0078462930842857,244.15236852551322,0,0,0,0,0,0,0.6430087237380864
I8,modelled,effect_multiplier[level:b],0.6,25,0.84,-0.011694114899999981,-0.014094158279999935,0.07559632709605885,0.21441906876,0.06581688967827984,0.015245289364149942,0.0062144659462748785,0.0018996483350521103,1.0078462930842857,244.15236852551322,0,0,0,0,0,0,0.6430087237380864
I8,modelled,time_trend_mean,-0.08998628257887518,25,0.88,0.0011754745398351852,0.0024224852613751874,0.010211485768037605,0.033097450208,0.010145433601120949,0.0020705544868971073,0.0010386371963206774,3.146271357008336e-4,1.0078462930842857,244.15236852551322,0,0,0,0,0,0,0.6430087237380864
I8,modelled,time_trend_sd,0.045528614603915496,25,0.88,0.0026604224958445043,0.004292451477584502,0.009673009947436362,0.027301541983999998,0.00844018587418717,0.0018983465786793613,6.890947680386829e-4,2.0819760017920332e-4,1.0078462930842857,244.15236852551322,0,0,0,0,0,0,0.6430087237380864
I8,modelled,treatment_effect_mean,-0.3374485596707819,25,0.96,8.191774997819068e-4,-0.0029073514942181133,0.0254527915870976,0.09359465903999999,0.02866606191132223,0.00519283780717922,0.002691634788314784,8.09344338451074e-4,1.0078462930842857,244.15236852551322,0,0,0,0,0,0,0.6430087237380864
I8,modelled,treatment_effect_sd,0.07626392697027408,25,0.84,0.005013246070905922,0.004721751062225915,0.013915555152951543,0.04502547043999999,0.013891241209139366,0.0026497644474508058,0.0011759870493464927,3.592511228090823e-4,1.0078462930842857,244.15236852551322,0,0,0,0,0,0,0.6430087237380864
I8,raw,baseline_control_mean,0.45,25,0.92,0.0027586641859999907,0.0034419234999999992,0.010754603259693936,0.030321484679999986,0.009312962927110343,0.0021218237358294366,7.151934089976017e-4,2.209248238383004e-4,1.0363740353408641,78.98212313925883,0,0,0,0,0,0,0.6424902635582159
I8,raw,baseline_difference_sd,0,25,0,0.012514720723968835,0.0110927577821818,0.013405780990447891,0.02552243973514,0.008037351849302828,9.810013838955371e-4,9.607732217884136e-4,2.7766747534234285e-4,1.0363740353408641,78.98212313925883,0,0,0,0,0,0,0.6424902635582159
I8,raw,effect_multiplier[level2:b],1.4,25,0.88,-0.010513631924599913,-0.011383730149999938,0.11183267829401958,0.4219912952,0.12975802759975932,0.02272664687667294,0.01505940112234414,0.004637969593798507,1.0363740353408641,78.98212313925883,0,0,0,0,0,0,0.6424902635582159
I8,raw,effect_multiplier[level:b],0.6,25,0.76,-0.017163017430599982,-0.017039497109999968,0.0635804765032492,0.1952221961,0.059775804744756134,0.012496512555271079,0.005973553903272611,0.001886753918983,1.0363740353408641,78.98212313925883,0,0,0,0,0,0,0.6424902635582159
I8,raw,time_trend_mean,-0.04,25,0.92,5.278805319400013e-4,5.618263865e-4,0.004304110546206866,0.014746251186,0.004497013936676326,8.719401197417913e-4,4.2668108067330884e-4,1.2731348826864662e-4,1.0363740353408641,78.98212313925883,0,0,0,0,0,0,0.6424902635582159
I8,raw,time_trend_sd,0.02,25,0.84,0.0012204275016359995,1.8263504000000028e-4,0.004033592100799191,0.012037822455599999,0.003721415724564721,7.847616928320804e-4,2.602189934504583e-4,8.042453436372967e-5,1.0363740353408641,78.98212313925883,0,0,0,0,0,0,0.6424902635582159
I8,raw,treatment_effect_mean,-0.15,25,0.96,-0.0018663071809400056,-0.002323916070000015,0.010304583891627252,0.03839542306,0.0116894550320928,0.0020686282359528704,8.788473785869281e-4,2.64942633632877e-4,1.0363740353408641,78.98212313925883,0,0,0,0,0,0,0.6424902635582159
I8,raw,treatment_effect_sd,0.03,25,0.88,0.0027575498457400012,0.0015781850575000006,0.005431937648252053,0.018213234818,0.005629722648810515,9.552893423538701e-4,3.5380404573910097e-4,1.100334267433399e-4,1.0363740353408641,78.98212313925883,0,0,0,0,0,0,0.6424902635582159
I9,modelled,baseline_difference_sd,0,25,0,0.013756310394019733,0.01325541516925235,0.014270003080313877,0.027977848842879998,0.008763660994168868,7.745136176861851e-4,9.969364254048313e-4,2.873660448027719e-4,1.0078144211358124,376.88583415098776,0,0,0,0,0,0,0.6652271635182367
I9,modelled,effect_multiplier[level2:b],0.7,25,0.84,0.02526754489020004,6.885827550000556e-4,0.13077825241285707,0.38698686674,0.119454696165933,0.02619200138670096,0.01508792288885066,0.004632550155108263,1.0078144211358124,376.88583415098776,0,0,0,0,0,0,0.6652271635182367
I9,modelled,effect_multiplier[level2:c],0.4,25,0.88,0.03923759426117998,0.021631833754999996,0.08801479637433292,0.31948977211999996,0.09820263976671288,0.016081842215951582,0.010703804237404618,0.003470842482978049,1.0078144211358124,376.88583415098776,0,0,0,0,0,0,0.6652271635182367
I9,modelled,effect_multiplier[level:b],0.6,25,0.96,0.007492389112800028,0.0023222330450000106,0.08191088249840217,0.32682585032,0.10005566665453251,0.016649895866853347,0.010015644849253354,0.0031294241703198923,1.0078144211358124,376.88583415098776,0,0,0,0,0,0,0.6652271635182367
I9,modelled,time_trend_mean,-0.08998628257887518,25,0.84,-0.004890357543944817,-0.006689106190124819,0.011641108129873318,0.035315564172,0.010777882139046392,0.0021563839483398346,8.391730863115688e-4,2.539303799686146e-4,1.0078144211358124,376.88583415098776,0,0,0,0,0,0,0.6652271635182367
I9,modelled,time_trend_sd,0.045528614603915496,25,0.8,0.007071539610504504,0.0066675464980845076,0.010166165547451537,0.028800414219999994,0.008887797044118514,0.0014908645349155693,4.913539522665522e-4,1.4872505111003235e-4,1.0078144211358124,376.88583415098776,0,0,0,0,0,0,0.6652271635182367
I9,modelled,treatment_effect_mean,-0.3374485596707819,25,0.92,0.007660694385581908,0.003435958885781909,0.03731048442596889,0.1131902218,0.03450582853250951,0.007453707158273606,0.0033416099061973825,9.8740705692942e-4,1.0078144211358124,376.88583415098776,0,0,0,0,0,0,0.6652271635182367
I9,modelled,treatment_effect_sd,0.07626392697027408,25,0.92,-0.0020781349511740793,-0.0025193317882740845,0.012496055721021086,0.04312300091,0.013203177983813211,0.002515226660657482,0.0010583251261296292,3.22471678806612e-4,1.0078144211358124,376.88583415098776,0,0,0,0,0,0,0.6652271635182367
I9,raw,baseline_control_mean,0.45,25,0.88,-0.00592475706000001,-0.0042837615199999846,0.010147939871813734,0.03146515385999999,0.00964698313138031,0.001681739394965906,8.930933332253734e-4,2.756878308940882e-4,1.021666522793267,154.72123070977196,0,0,0,0,0,0,0.6226380112937633
I9,raw,baseline_difference_sd,0,25,0,0.014085323696926357,0.013503840043397001,0.01462617050791871,0.02841530319594,0.008862818244789749,8.043765722469968e-4,0.0010534379811091034,3.029139576559907e-4,1.021666522793267,154.72123070977196,0,0,0,0,0,0,0.6226380112937633
I9,raw,effect_multiplier[level2:b],0.7,25,0.76,0.03554119671460004,0.024151713445,0.1321239523013591,0.36961358967999997,0.11423082038335947,0.025975599213353028,0.016626000780813645,0.005338374898529808,1.021666522793267,154.72123070977196,0,0,0,0,0,0,0.6226380112937633
I9,raw,effect_multiplier[level2:c],0.4,25,0.88,0.03757215249543998,0.016342699719999965,0.079657876493962,0.30507751326,0.0934205352029596,0.014337757036909437,0.012093503598956109,0.0037601482949830367,1.021666522793267,154.72123070977196,0,0,0,0,0,0,0.6226380112937633
I9,raw,effect_multiplier[level:b],0.6,25,0.88,0.011585184247400033,0.01129422668500002,0.07440479471335236,0.30498208598,0.09334247742769694,0.015002578920374965,0.010711238982604602,0.0033300501832441614,1.021666522793267,154.72123070977196,0,0,0,0,0,0,0.6226380112937633
I9,raw,time_trend_mean,-0.04,25,0.88,-0.0013454800370199989,-0.0022538973384999966,0.0048768383621334566,0.015421440769999998,0.004719621827605939,9.568445511235788e-4,3.864419470964781e-4,1.1751589661499734e-4,1.021666522793267,154.72123070977196,0,0,0,0,0,0,0.6226380112937633
I9,raw,time_trend_sd,0.02,25,0.84,0.002443930836005999,0.0016627407314999988,0.004107693720443544,0.012650548719999998,0.0038976047783001668,6.73929699900465e-4,2.500588856788008e-4,7.457192277292058e-5,1.021666522793267,154.72123070977196,0,0,0,0,0,0,0.6226380112937633
I9,raw,treatment_effect_mean,-0.15,25,0.8,0.005980420825419997,0.004173622180999981,0.016905509037206723,0.046707524676,0.014309065322575669,0.0032276849453721015,0.001439252192060678,4.502993197942315e-4,1.021666522793267,154.72123070977196,0,0,0,0,0,0,0.6226380112937633
I9,raw,treatment_effect_sd,0.03,25,0.88,1.4739589440000977e-5,1.725984820000019e-4,0.0057582432406150215,0.017588316432,0.005446143097874909,0.0011753926287733198,4.3354920980621513e-4,1.3780925720255352e-4,1.021666522793267,154.72123070977196,0,0,0,0,0,0,0.6226380112937633
J1,full,baseline_difference_sd,0,15,0,0.023895600446816333,0.022964641706273,0.02475083404584519,0.058740699334333325,0.019985821834824183,0.0017238674387857525,0.0030152070497267247,9.853167088600195e-4,1.0275067206034607,69.50365853539104,0,16,91,0.6666666666666666,0.3333333333333333,0,0.7268382381570063
J1,full,time_trend_mean,0,15,0.8666666666666667,-0.0034347334664749465,-0.00235948612543965,0.017595126187438113,0.064432343731,0.019769384398198264,0.004612026759045679,0.0028531423702212485,8.880379567256023e-4,1.0275067206034607,69.50365853539104,0,16,91,0.6666666666666666,0.3333333333333333,0,0.7268382381570063
J1,full,time_trend_sd,0.022222222222222223,15,1,0.012349409792160766,0.014077830383463278,0.01566072570450172,0.064367829785,0.019882570258438353,0.002573913187804081,0.003912827780005048,0.001260230991189808,1.0275067206034607,69.50365853539104,0,16,91,0.6666666666666666,0.3333333333333333,0,0.7268382381570063
J1,full,treatment_effect_mean,-0.3374485596707819,15,0.8666666666666667,0.01043468964578191,0.015171425555781937,0.02469281543000218,0.07901275673333333,0.02395107769236496,0.005981234857310973,0.002679172945545049,8.045830505517356e-4,1.0275067206034607,69.50365853539104,0,16,91,0.6666666666666666,0.3333333333333333,0,0.7268382381570063
J1,full,treatment_effect_sd,0.07626392697027408,15,0.9333333333333333,3.080954965625262e-5,0.0023962952417259237,0.013773032021793875,0.056692726426666666,0.017171220137889822,0.0036809884332977875,0.0032437846138091125,9.348124981910108e-4,1.0275067206034607,69.50365853539104,0,16,91,0.6666666666666666,0.3333333333333333,0,0.7268382381570063
J1,naive,baseline_difference_sd,0,15,0,0.0230591758567088,0.0207638025589015,0.02387773380632133,0.058216803469733326,0.019699933490230127,0.001656601092920564,0.002898656707862644,8.756736834455987e-4,1.340019916489933,4.8364846188741115,0.13333333333333333,36.53333333333333,296,1,0.2,0,0.6197307759983689
J1,naive,time_trend_mean,0,15,1,-0.005039597211772263,-0.0030618131579675002,0.018150469222858883,0.08774685174566665,0.027451891447054656,0.0046601808131157075,0.008685410789866406,0.0026761350574025767,1.340019916489933,4.8364846188741115,0.13333333333333333,36.53333333333333,296,1,0.2,0,0.6197307759983689
J1,naive,time_trend_sd,0.022222222222222223,15,1,0.021127764535523345,0.018266811893502575,0.02475066341002296,0.10956606075999999,0.03535636360879398,0.0034456277156474633,0.01227152672824723,0.0033771621075250353,1.340019916489933,4.8364846188741115,0.13333333333333333,36.53333333333333,296,1,0.2,0,0.6197307759983689
J1,naive,treatment_effect_mean,-0.3374485596707819,15,1,0.007560875798115237,0.012803825945781888,0.015023790829625563,0.05481110930000001,0.016696261277804984,0.0034697411189743214,0.0023791835724544064,7.454064776955059e-4,1.340019916489933,4.8364846188741115,0.13333333333333333,36.53333333333333,296,1,0.2,0,0.6197307759983689
J1,naive,treatment_effect_sd,0.07626392697027408,15,0.7333333333333333,0.009404541532425922,0.01325178817572592,0.016621713455522304,0.04262261139333333,0.013262328688846662,0.0036629024085354485,0.001515603179472803,4.521629742830735e-4,1.340019916489933,4.8364846188741115,0.13333333333333333,36.53333333333333,296,1,0.2,0,0.6197307759983689
J2,full,baseline_difference_sd,0,15,0,0.023711417487812452,0.02339769205154094,0.02418153365278346,0.059081134563333325,0.020054912117544864,0.0012681609440265609,0.002407929698066056,8.160192402731148e-4,1.0228156352397513,84.01785771274719,0,12.733333333333333,66,0.6666666666666666,0.4,0,0.7108050543445288
J2,full,time_trend_mean,-0.05624142661179699,15,1,-0.004106569128891508,-0.005348340262953007,0.009813868170977468,0.06366800125813332,0.019613361943602036,0.0023821973419957086,0.003711419164409109,0.0011166751535277041,1.0228156352397513,84.01785771274719,0,12.733333333333333,66,0.6666666666666666,0.4,0,0.7108050543445288
J2,full,time_trend_sd,0.02306363171885112,15,0.9333333333333333,0.010922879341938297,0.007017577959308883,0.01776448075628069,0.06384347729399999,0.019805870992242958,0.0037442096574169838,0.004865916471654716,0.0015121856048052088,1.0228156352397513,84.01785771274719,0,12.733333333333333,66,0.6666666666666666,0.4,0,0.7108050543445288
J2,full,treatment_effect_mean,-0.3374485596707819,15,0.9333333333333333,0.004382575757448574,0.006167784750781891,0.017337267160291957,0.0808992984,0.02472028873139271,0.004483094134934376,0.003015645256074953,9.016632926457707e-4,1.0228156352397513,84.01785771274719,0,12.733333333333333,66,0.6666666666666666,0.4,0,0.7108050543445288
J2,full,treatment_effect_sd,0.07626392697027408,15,0.9333333333333333,0.006857064714829253,0.006690808825725925,0.01424816124831644,0.06070199591,0.01836793159549473,0.003337993007510757,0.005354101771730439,0.0014684995527449265,1.0228156352397513,84.01785771274719,0,12.733333333333333,66,0.6666666666666666,0.4,0,0.7108050543445288
J2,naive,baseline_difference_sd,0,15,0,0.024039026748661,0.02314387762841095,0.024469462754141674,0.060285220417,0.020609705129603636,0.0012212347514324398,0.0023748991885443257,7.470769061368238e-4,1.0216165872164837,202.09712585996232,0,3.8666666666666667,11,0.9333333333333333,0.06666666666666667,0,0.6391674109534449
J2,naive,time_trend_mean,-0.05624142661179699,15,1,2.0140680808715904e-4,-0.0013251341971940098,0.010330465247138541,0.07177947508999999,0.0222771992359177,0.002760408193417277,0.005743549498756772,0.001748005901638623,1.0216165872164837,202.09712585996232,0,3.8666666666666667,11,0.9333333333333333,0.06666666666666667,0,0.6391674109534449
J2,naive,time_trend_sd,0.02306363171885112,15,0.9333333333333333,0.015222940057463715,0.016841718466657232,0.023308378586366623,0.08671918624433332,0.030193060225322157,0.004717313160296265,0.007705296377720427,0.002699683134086752,1.0216165872164837,202.09712585996232,0,3.8666666666666667,11,0.9333333333333333,0.06666666666666667,0,0.6391674109534449
J2,naive,treatment_effect_mean,-0.3374485596707819,15,0.2,-0.046566740276218085,-0.05311557520421811,0.04904386562568286,0.05982272886666667,0.018243420300648037,0.004113040720486179,0.002476364702075268,7.587668958931439e-4,1.0216165872164837,202.09712585996232,0,3.8666666666666667,11,0.9333333333333333,0.06666666666666667,0,0.6391674109534449
J2,naive,treatment_effect_sd,0.07626392697027408,15,0.5333333333333333,0.01811953303412592,0.016500222890225916,0.02409186786879566,0.04618627822333333,0.014226398011193842,0.004243487615770178,0.0019232418507573127,5.722439146786964e-4,1.0216165872164837,202.09712585996232,0,3.8666666666666667,11,0.9333333333333333,0.06666666666666667,0,0.6391674109534449
J3,full,baseline_difference_sd,0,15,0,0.03171413248178325,0.0278150556715425,0.03429725038957579,0.07016144200633333,0.023421984999121112,0.003489936401519958,0.004524874253239552,0.0012955123473603724,1.0519224626549122,78.16181663987959,0.06666666666666667,4.6,19,0.6,0.2,0,0.676963186234919
J3,full,time_trend_mean,-0.11248285322359398,15,1,0.006362604541802183,0.006635945258593984,0.01755983856609942,0.06584284947999999,0.020248266472172486,0.004374154562493115,0.005230515412426965,0.0016745478193743307,1.0519224626549122,78.16181663987959,0.06666666666666667,4.6,19,0.6,0.2,0,0.676963186234919
J3,full,time_trend_sd,0.02542130899009136,15,0.9333333333333333,0.011268257523401963,0.007977334277152692,0.019802069920419427,0.061556351484666656,0.019148068492471755,0.004351915387172107,0.003994200162416168,0.0011880610828865152,1.0519224626549122,78.16181663987959,0.06666666666666667,4.6,19,0.6,0.2,0,0.676963186234919
J3,full,treatment_effect_mean,-0.3374485596707819,15,0.9333333333333333,0.0023986300117819215,0.002073327470781927,0.020244350936422094,0.07856224899999999,0.024084377291286586,0.005372418442534537,0.0034586094653270665,0.0011466725821319842,1.0519224626549122,78.16181663987959,0.06666666666666667,4.6,19,0.6,0.2,0,0.676963186234919
J3,full,treatment_effect_sd,0.07626392697027408,15,0.8,-0.006123223903812646,-0.00658943703825908,0.019060479758704826,0.060941174513,0.01869404761721912,0.0048241062655300935,0.003920428054383795,0.001320629192389242,1.0519224626549122,78.16181663987959,0.06666666666666667,4.6,19,0.6,0.2,0,0.676963186234919
J3,naive,baseline_difference_sd,0,15,0,0.0317272503850266,0.027458133348913,0.034660562239484403,0.06994967306166666,0.023063911038374275,0.0037295744468370793,0.00483713315642969,0.001395452784514478,1.2077573975675768,7.405859674559873,0.13333333333333333,14.133333333333333,138,0.8666666666666667,0.2,0,0.6150584305389414
J3,naive,time_trend_mean,-0.11248285322359398,15,1,0.008694050487436749,0.011912877230093988,0.01666914813541407,0.07460505414666667,0.02332206779216353,0.003801071143039619,0.007643090481858526,0.0023450374548341668,1.2077573975675768,7.405859674559873,0.13333333333333333,14.133333333333333,138,0.8666666666666667,0.2,0,0.6150584305389414
J3,naive,time_trend_sd,0.02542130899009136,15,0.9333333333333333,0.015256510608568828,0.006764972487798643,0.02786441327673444,0.09788985288099998,0.03250499320337837,0.006231626772860709,0.015057822278819112,0.004788318759746952,1.2077573975675768,7.405859674559873,0.13333333333333333,14.133333333333333,138,0.8666666666666667,0.2,0,0.6150584305389414
J3,naive,treatment_effect_mean,-0.3374485596707819,15,0,-0.08669665561255142,-0.08409084257921806,0.08776066269665828,0.058715039633333334,0.017916013639999433,0.0036412696231169998,0.0019855201827980564,5.867963514600603e-4,1.2077573975675768,7.405859674559873,0.13333333333333333,14.133333333333333,138,0.8666666666666667,0.2,0,0.6150584305389414
J3,naive,treatment_effect_sd,0.07626392697027408,15,0.7333333333333333,0.015834423168159254,0.01567534698022592,0.020214513567523257,0.04648303358666667,0.014399494188369232,0.0033583329378815666,0.0017972178284416153,5.438310722746462e-4,1.2077573975675768,7.405859674559873,0.13333333333333333,14.133333333333333,138,0.8666666666666667,0.2,0,0.6150584305389414
J4,full,baseline_difference_sd,0,15,0,0.02481239625412455,0.02439483702887945,0.02541408511837277,0.06134817117833332,0.020728215639510706,0.0014692251245421427,0.0025218473642664115,7.804017084022774e-4,1.1298663398836175,13.290733734591221,0.06666666666666667,3.6666666666666665,21,0.4,0.13333333333333333,0,0.6631516145046616
J4,full,time_trend_mean,-0.16872427983539096,15,0.8666666666666667,-2.637726811423787e-4,-0.00768568688960905,0.01868503997453593,0.06519269366666666,0.020061720005629637,0.0049932893740548615,0.0031278627797555487,9.734137248482037e-4,1.1298663398836175,13.290733734591221,0.06666666666666667,3.6666666666666665,21,0.4,0.13333333333333333,0,0.6631516145046616
J4,full,time_trend_sd,0.028926850651506127,15,0.9333333333333333,0.0098398641585161,0.009304429485748871,0.016422275436187666,0.06469065318033333,0.020050893601629993,0.0035139335289668416,0.0038578442938533657,0.0012686620094588472,1.1298663398836175,13.290733734591221,0.06666666666666667,3.6666666666666665,21,0.4,0.13333333333333333,0,0.6631516145046616
J4,full,treatment_effect_mean,-0.3374485596707819,15,0.9333333333333333,0.005398178773781921,0.0018358556607819265,0.020445504739239118,0.08122877550000002,0.024741219459569072,0.005270391215951752,0.0019337036837057564,6.016786248588056e-4,1.1298663398836175,13.290733734591221,0.06666666666666667,3.6666666666666665,21,0.4,0.13333333333333333,0,0.6631516145046616
J4,full,treatment_effect_sd,0.07626392697027408,15,0.8666666666666667,0.00618293238252272,0.006528990577625918,0.016700022015202726,0.06382228254666666,0.01940345553662751,0.00414610042657476,0.0045014043253159015,0.0013255245442844027,1.1298663398836175,13.290733734591221,0.06666666666666667,3.6666666666666665,21,0.4,0.13333333333333333,0,0.6631516145046616
J4,naive,baseline_difference_sd,0,15,0,0.02605227180827301,0.024600041682688,0.02665920337025586,0.06363471467899999,0.02141776130510855,0.0015116749925762302,0.0026038048112990127,7.974010262529437e-4,1.0295159094214832,112.74036658096564,0,3,14,0.8666666666666667,0.06666666666666667,0,0.5816008084762188
J4,naive,time_trend_mean,-0.16872427983539096,15,0.8666666666666667,0.009774607959123624,0.005795087935890952,0.02176522310815924,0.07888011865666666,0.024892146293470137,0.005197403034163078,0.006587084785428896,0.0020963715908759975,1.0295159094214832,112.74036658096564,0,3,14,0.8666666666666667,0.06666666666666667,0,0.5816008084762188
J4,naive,time_trend_sd,0.028926850651506127,15,0.9333333333333333,0.014471008712315154,0.006254983314463874,0.02440099753546639,0.09398179159199999,0.03175343832467904,0.005250840664489121,0.006896579726700939,0.0025373695062146915,1.0295159094214832,112.74036658096564,0,3,14,0.8666666666666667,0.06666666666666667,0,0.5816008084762188
J4,naive,treatment_effect_mean,-0.3374485596707819,15,0,-0.13761367374988476,-0.1354422182592181,0.13841987747198775,0.07144630669999998,0.02193476374159849,0.00398693649328104,0.0022857986848822823,6.957698087284251e-4,1.0295159094214832,112.74036658096564,0,3,14,0.8666666666666667,0.06666666666666667,0,0.5816008084762188
J4,naive,treatment_effect_sd,0.07626392697027408,15,0.13333333333333333,0.040050559781559254,0.04257354370322593,0.0424202263008213,0.05624380215333333,0.01733032791704854,0.0037361961232232578,0.0019025261739124763,5.824474175525299e-4,1.0295159094214832,112.74036658096564,0,3,14,0.8666666666666667,0.06666666666666667,0,0.5816008084762188
J5,full,baseline_difference_sd,0,15,0,0.02690751552653394,0.024339808625452,0.02874637946805091,0.06307985650199999,0.021371040471550813,0.002703700383740161,0.0035530513595111567,0.0010775210758108454,1.046537617087714,70.63530860619811,0,11.933333333333334,103,0.4,0.26666666666666666,0,0.6812624579286919
J5,full,time_trend_mean,-0.22496570644718797,15,1,0.0024091743334879717,0.006613180737187974,0.018487705356409798,0.0702210336,0.021530147929333263,0.00489891480968917,0.003830900316176753,0.001134647471030493,1.046537617087714,70.63530860619811,0,11.933333333333334,103,0.4,0.26666666666666666,0,0.6812624579286919
J5,full,time_trend_sd,0.033218824807589406,15,1,0.015127491865982702,0.019342223849785095,0.022969968536349885,0.071543941332,0.02232146035024986,0.00461966637946269,0.005323760384695724,0.0018139165177832616,1.046537617087714,70.63530860619811,0,11.933333333333334,103,0.4,0.26666666666666666,0,0.6812624579286919
J5,full,treatment_effect_mean,-0.3374485596707819,15,0.9333333333333333,-0.0019750450258847587,-4.7489313421811286e-4,0.021343753757986555,0.07870536016666667,0.024096898784392966,0.00567988318307499,0.0025061379156915875,8.103692749692944e-4,1.046537617087714,70.63530860619811,0,11.933333333333334,103,0.4,0.26666666666666666,0,0.6812624579286919
J5,full,treatment_effect_sd,0.07626392697027408,15,0.9333333333333333,-0.0061111636649850126,-0.004976981444933581,0.018172026991168194,0.07319447687633333,0.02279439421065418,0.004573809319121147,0.005661575533973572,0.0019257639047541835,1.046537617087714,70.63530860619811,0,11.933333333333334,103,0.4,0.26666666666666666,0,0.6812624579286919
J5,naive,baseline_difference_sd,0,15,0,0.029505679402493937,0.0299088124630642,0.030830979573812773,0.06872760725999999,0.022927608870027098,0.002389922062060147,0.003151399582264016,9.714605279271044e-4,1.035544167793225,141.78654721066053,0,4.466666666666667,15,0.7333333333333333,0.06666666666666667,0,0.6263383255651924
J5,naive,time_trend_mean,-0.22496570644718797,15,0.9333333333333333,0.005652482954737971,0.006778394605187976,0.016876963908620913,0.08575848493333334,0.027146574608613513,0.004250053337642529,0.007750525118025229,0.002475018627662364,1.035544167793225,141.78654721066053,0,4.466666666666667,15,0.7333333333333333,0.06666666666666667,0,0.6263383255651924
J5,naive,time_trend_sd,0.033218824807589406,15,0.9333333333333333,0.014289375260381076,0.009055820012119097,0.025621689475047275,0.10202778986766665,0.034466691799648494,0.005683841295561087,0.008782892677899555,0.0029559491502501316,1.035544167793225,141.78654721066053,0,4.466666666666667,15,0.7333333333333333,0.06666666666666667,0,0.6263383255651924
J5,naive,treatment_effect_mean,-0.3374485596707819,15,0,-0.18809632122188474,-0.18748746446921805,0.1885937786911273,0.07569151076666665,0.02316220887164515,0.003658525305867845,0.0026227273614807165,7.712298740592502e-4,1.035544167793225,141.78654721066053,0,4.466666666666667,15,0.7333333333333333,0.06666666666666667,0,0.6263383255651924
J5,naive,treatment_effect_sd,0.07626392697027408,15,0,0.04690206578889259,0.050341412937225924,0.04927241715130299,0.058984908376666666,0.018288251357478972,0.004035267000074013,0.001844811651962874,5.640696573743118e-4,1.035544167793225,141.78654721066053,0,4.466666666666667,15,0.7333333333333333,0.06666666666666667,0,0.6263383255651924
J6,full,baseline_difference_sd,0,15,0,0.02626685914056384,0.02528080445504,0.02728415718436692,0.06327657333466666,0.02118656004016786,0.0019726223328173907,0.0032235096949558848,9.472864761644261e-4,1.254828787306196,6.539550890325525,0.06666666666666667,23.533333333333335,319,0.26666666666666666,0.13333333333333333,0,0.7064609004195234
J6,full,time_trend_mean,-0.2812071330589849,15,1,9.755224436515849e-4,0.003760058308984904,0.016956524358533894,0.07410315706666666,0.022711305167194846,0.004524315846334317,0.002873142331317333,9.210394929546266e-4,1.254828787306196,6.539550890325525,0.06666666666666667,23.533333333333335,319,0.26666666666666666,0.13333333333333333,0,0.7064609004195234
J6,full,time_trend_sd,0.03803190568086263,15,1,0.01434996922410254,0.017938446896107373,0.019822874415944013,0.06993051402099999,0.021896936531724875,0.003654984203381904,0.004756904062390186,0.0016598999144481416,1.254828787306196,6.539550890325525,0.06666666666666667,23.533333333333335,319,0.26666666666666666,0.13333333333333333,0,0.7064609004195234
J6,full,treatment_effect_mean,-0.3374485596707819,15,1,-0.004157281902218091,-0.011904111634218062,0.0210110456565459,0.08466512203333333,0.02602886645651317,0.005504420605080886,0.0020661274716083865,6.574348570172333e-4,1.254828787306196,6.539550890325525,0.06666666666666667,23.533333333333335,319,0.26666666666666666,0.13333333333333333,0,0.7064609004195234
J6,full,treatment_effect_sd,0.07626392697027408,15,0.8,0.0033437619469792812,0.003437820873725919,0.0212787074839128,0.070763285166,0.02193325735970086,0.005616319640297371,0.005094418714977408,0.0017177753817765782,1.254828787306196,6.539550890325525,0.06666666666666667,23.533333333333335,319,0.26666666666666666,0.13333333333333333,0,0.7064609004195234
J6,naive,baseline_difference_sd,0,15,0,0.027516048044433816,0.024209306399298,0.028833782160969983,0.06676180169066666,0.022419621240932257,0.0023030119055997846,0.0038466837708439287,0.0012285417916595338,1.0225023378540943,121.08389287496952,0,2.4,13,0.6,0.06666666666666667,0,0.5913771355178481
J6,naive,time_trend_mean,-0.2812071330589849,15,1,0.011044228838318262,0.01259436579898493,0.020001293332229504,0.09983701453333332,0.032205263643652615,0.004456750452393598,0.006317479978697194,0.002126487754843407,1.0225023378540943,121.08389287496952,0,2.4,13,0.6,0.06666666666666667,0,0.5913771355178481
J6,naive,time_trend_sd,0.03803190568086263,15,1,0.01892329516216922,0.019504132351287375,0.024661227463436092,0.11527620281866666,0.0388711994537747,0.004226489933475341,0.006435908419331032,0.002025731459678177,1.0225023378540943,121.08389287496952,0,2.4,13,0.6,0.06666666666666667,0,0.5913771355178481
J6,naive,treatment_effect_mean,-0.3374485596707819,15,0,-0.2399458701975514,-0.2395791105342181,0.24042313123890083,0.09167270820000002,0.027838326365025333,0.004046704213285717,0.0029072791026387777,9.072452467940342e-4,1.0225023378540943,121.08389287496952,0,2.4,13,0.6,0.06666666666666667,0,0.5913771355178481
J6,naive,treatment_effect_sd,0.07626392697027408,15,0,0.07101627931465926,0.07557844719772593,0.07359026720283508,0.06852385457,0.021317699847463352,0.0051562410123694195,0.002127152684989714,6.76769853436158e-4,1.0225023378540943,121.08389287496952,0,2.4,13,0.6,0.06666666666666667,0,0.5913771355178481
J7,full,baseline_difference_sd,0,15,0,0.027773663402017684,0.023765008331562,0.030666989984727413,0.06522743661866666,0.021928233002859315,0.0034752995344162676,0.003958930869134051,0.0012409831932492983,1.043110249407733,62.05321348424958,0,8.8,63,0.4,0.3333333333333333,0,0.7101661229181424
J7,full,time_trend_mean,-0.3374485596707819,15,1,-0.0024242219365514183,-8.634047142180856e-4,0.018702267378888145,0.07995410536666665,0.02446369245325312,0.004956222302129535,0.006304192542693586,0.0019530850395446866,1.043110249407733,62.05321348424958,0,8.8,63,0.4,0.3333333333333333,0,0.7101661229181424
J7,full,time_trend_sd,0.04319223625811333,15,0.7333333333333333,0.013001769341843394,0.006303499815321668,0.03165611538947614,0.07146836461209999,0.021943047674178387,0.007713918938855774,0.0042678218331360235,0.0012447533400774503,1.043110249407733,62.05321348424958,0,8.8,63,0.4,0.3333333333333333,0,0.7101661229181424
J7,full,treatment_effect_mean,-0.3374485596707819,15,1,-6.871639392180865e-4,-0.00715235970421807,0.022583370735700728,0.08953342369999999,0.02730252020285509,0.006032864988110318,0.003924520575293567,0.0011895657603419045,1.043110249407733,62.05321348424958,0,8.8,63,0.4,0.3333333333333333,0,0.7101661229181424
J7,full,treatment_effect_sd,0.07626392697027408,15,0.9333333333333333,0.004060054457788957,0.009486595175775922,0.01718704280883525,0.07448187604066667,0.022775143217314556,0.004463425960855337,0.004783929142251596,0.0014827598272084501,1.043110249407733,62.05321348424958,0,8.8,63,0.4,0.3333333333333333,0,0.7101661229181424
J7,naive,baseline_difference_sd,0,15,0,0.02890121191280846,0.0256456035238945,0.031048544874622948,0.06824570311433333,0.022869119167287188,0.0030323504415176628,0.003578565939695041,0.0010840395675717515,1.0342774340450476,91.33289993140338,0,2.466666666666667,10,0.5333333333333333,0,0,0.6454005243490993
J7,naive,time_trend_mean,-0.3374485596707819,15,0.9333333333333333,0.008841548788881914,0.005962890135781884,0.019693800721154057,0.10616671406666665,0.03399858498076233,0.004703135746183062,0.012337665649376115,0.0038876758005470962,1.0342774340450476,91.33289993140338,0,2.466666666666667,10,0.5333333333333333,0,0,0.6454005243490993
J7,naive,time_trend_sd,0.04319223625811333,15,0.8,0.01878898307612283,0.023234516685486664,0.03851149797178506,0.11927603002299998,0.0403899755508681,0.008984548605387454,0.01241006581490076,0.0037431583050577624,1.0342774340450476,91.33289993140338,0,2.466666666666667,10,0.5333333333333333,0,0,0.6454005243490993
J7,naive,treatment_effect_mean,-0.3374485596707819,15,0,-0.2854754601405514,-0.2842339483942181,0.28580785016483484,0.1023851194,0.031224919604609984,0.003682864504170693,0.0036287457051728113,0.0011026773697530828,1.0342774340450476,91.33289993140338,0,2.466666666666667,10,0.5333333333333333,0,0,0.6454005243490993
J7,naive,treatment_effect_sd,0.07626392697027408,15,0,0.09251180445685926,0.09238087712972591,0.09433410100469114,0.07835761373333333,0.024376017491835995,0.004931593834647788,0.0022748571263533565,6.945876523633042e-4,1.0342774340450476,91.33289993140338,0,2.466666666666667,10,0.5333333333333333,0,0,0.6454005243490993
J8,full,baseline_difference_sd,0,15,0,0.030871089755229612,0.02859560686144,0.03266389816868852,0.07116571511366665,0.023997080652105436,0.002852393242011375,0.005067395558644474,0.001577404647177843,1.0170556360893703,131.81180899055144,0,8.066666666666666,74,0.2,0.2,0,0.7102545026311186
J8,full,time_trend_mean,-0.39368998628257884,15,1,-4.126017980878305e-4,-3.187731574211816e-4,0.02097016832987786,0.08973356409999998,0.02757523945207988,0.005603428284411676,0.0038254854651193614,0.0011659259153302935,1.0170556360893703,131.81180899055144,0,8.066666666666666,74,0.2,0.2,0,0.7102545026311186
J8,full,time_trend_sd,0.048589305318899816,15,0.8666666666666667,0.020596453982578516,0.024996354425100183,0.02521541461974503,0.07566266881266666,0.023245318965866315,0.0038877391317280775,0.003304007250044744,0.0010430147828673257,1.0170556360893703,131.81180899055144,0,8.066666666666666,74,0.2,0.2,0,0.7102545026311186
J8,full,treatment_effect_mean,-0.3374485596707819,15,0.9333333333333333,0.006924460029781909,0.00610301354078191,0.020645993040274094,0.09466077093333333,0.0289432402708858,0.005198275001760537,0.00427373960100844,0.0013143962101868382,1.0170556360893703,131.81180899055144,0,8.066666666666666,74,0.2,0.2,0,0.7102545026311186
J8,full,treatment_effect_sd,0.07626392697027408,15,0.8,0.002765329194476254,9.396717792409248e-4,0.027348787519304,0.080001974261,0.024533182641499052,0.007271810214904321,0.0036032264442524657,0.00115423437368173,1.0170556360893703,131.81180899055144,0,8.066666666666666,74,0.2,0.2,0,0.7102545026311186
J8,naive,baseline_difference_sd,0,15,0,0.033532403417074315,0.0307561528407506,0.03630513461135572,0.07468817174603332,0.02474116044329304,0.0037190697783109506,0.005854341605701653,0.0018871268226843475,1.0199018701165743,86.0711568869143,0,1.8,6,0.7333333333333333,0,0,0.5729974921348969
J8,naive,time_trend_mean,-0.39368998628257884,15,0.8666666666666667,0.010986088466312176,0.007220489817578835,0.03221065313279286,0.12219460393333333,0.03880598630143954,0.008092465788141906,0.008104603973806775,0.0025694245943318466,1.0199018701165743,86.0711568869143,0,1.8,6,0.7333333333333333,0,0,0.5729974921348969
J8,naive,time_trend_sd,0.048589305318899816,15,0.9333333333333333,0.026924303141820087,0.02483609173560019,0.03427816960774178,0.1399002906783333,0.04820382658177537,0.00566993834675783,0.008066413439143062,0.002755650213617859,1.0199018701165743,86.0711568869143,0,1.8,6,0.7333333333333333,0,0,0.5729974921348969
J8,naive,treatment_effect_mean,-0.3374485596707819,15,0,-0.32441006447688475,-0.3252053067842181,0.32492292142212603,0.11633522056666666,0.03532709290338017,0.004877169345844088,0.002984549643615218,8.939927021436961e-4,1.0199018701165743,86.0711568869143,0,1.8,6,0.7333333333333333,0,0,0.5729974921348969
J8,naive,treatment_effect_sd,0.07626392697027408,15,0,0.11433303522505925,0.11715474540972591,0.11524594203852224,0.08818365993333332,0.0272482495353938,0.003869147308902162,0.0015955874870579548,4.5725794515974125e-4,1.0199018701165743,86.0711568869143,0,1.8,6,0.7333333333333333,0,0,0.5729974921348969
J9,full,baseline_difference_sd,0,15,0,0.0242410952570866,0.020584845298272,0.025581386370016872,0.05960876917666665,0.020118017288460615,0.002183977847692119,0.0036439958279790292,0.0010893752377668306,1.042218529000387,72.93944306669547,0,12.933333333333334,145,0.4,0.2,0,0.7292354861989372
J9,full,time_trend_mean,-0.44993141289437594,15,1,0.004394552916375938,-0.0019563035106240356,0.021994610365398085,0.09255807433333331,0.028343859891657865,0.005759779198340162,0.004169721789890552,0.0012222988637245235,1.042218529000387,72.93944306669547,0,12.933333333333334,145,0.4,0.2,0,0.7292354861989372
J9,full,time_trend_sd,0.05415237580113904,15,0.8666666666666667,0.017170959664399556,0.009099983842360958,0.029212298963913443,0.08062145172333332,0.025308611607994334,0.006316172863375765,0.004730760912470211,0.0015967555624340208,1.042218529000387,72.93944306669547,0,12.933333333333334,145,0.4,0.2,0,0.7292354861989372
J9,full,treatment_effect_mean,-0.3374485596707819,15,0.9333333333333333,0.0038301308564485845,0.01991133386578192,0.02671609058628549,0.0974842561,0.029714459489759357,0.0070664175296008,0.0028124692937608947,8.386879070566974e-4,1.042218529000387,72.93944306669547,0,12.933333333333334,145,0.4,0.2,0,0.7292354861989372
J9,full,treatment_effect_sd,0.07626392697027408,15,0.9333333333333333,0.00624932066046508,0.012655693527045916,0.02222493627155437,0.08324193643766667,0.025464242007965283,0.005700211672494134,0.004532330260404092,0.0013657032379480333,1.042218529000387,72.93944306669547,0,12.933333333333334,145,0.4,0.2,0,0.7292354861989372
J9,naive,baseline_difference_sd,0,15,0,0.025906058808741417,0.02169496874068203,0.02819429812344823,0.06256239542599999,0.02144914294818701,0.0029736288997969634,0.0043205830901510475,0.0012914397021467382,1.0244917020765247,114.39925131058682,0,3.6,18,0.6666666666666666,0.06666666666666667,0,0.6073575388844412
J9,naive,time_trend_mean,-0.44993141289437594,15,0.9333333333333333,-6.252174224063989e-6,0.006521268944375935,0.032742848295422705,0.1298665879333333,0.04230780118624057,0.008750894139651359,0.012767094108421483,0.003923522551091263,1.0244917020765247,114.39925131058682,0,3.6,18,0.6666666666666666,0.06666666666666667,0,0.6073575388844412
J9,naive,time_trend_sd,0.05415237580113904,15,0.8666666666666667,0.02654915091837886,0.02402043372596096,0.043012151571274845,0.15210705934633328,0.052496662970081764,0.009044286943003868,0.012781686448260311,0.003940122793397706,1.0244917020765247,114.39925131058682,0,3.6,18,0.6666666666666666,0.06666666666666667,0,0.6073575388844412
J9,naive,treatment_effect_mean,-0.3374485596707819,15,0,-0.3673768249532181,-0.36856642945421814,0.367846009464436,0.12630243260000001,0.03857485281368585,0.004963834679836842,0.002359539213532531,8.326514250459786e-4,1.0244917020765247,114.39925131058682,0,3.6,18,0.6666666666666666,0.06666666666666667,0,0.6073575388844412
J9,naive,treatment_effect_sd,0.07626392697027408,15,0,0.12962478021972593,0.13047059458472593,0.13059476530979489,0.09255210246666667,0.02868529996675917,0.004246082894925938,0.001897691666641085,5.863311003924092e-4,1.0244917020765247,114.39925131058682,0,3.6,18,0.6666666666666666,0.06666666666666667,0,0.6073575388844412
K1,default,baseline_difference_sd,0,15,0,0.02812787650436502,0.0291390154314165,0.028756187268564572,0.069270927316,0.02335014577082152,0.0015977857352318496,0.003150634509391554,9.537594025673703e-4,1.0152164582713117,167.29209718389163,0,6.866666666666666,41,0.9333333333333333,0.13333333333333333,0,0.6467360616158204
K1,default,time_trend_mean,-0.08998628257887518,15,0.9333333333333333,0.0012229373039489863,-0.006228704387574821,0.020977458947019186,0.12480856180223332,0.04010860224315998,0.005596926504944382,0.011065318814793324,0.0033991261568439256,1.0152164582713117,167.29209718389163,0,6.866666666666666,41,0.9333333333333333,0.13333333333333333,0,0.6467360616158204
K1,default,time_trend_sd,0.045528614603915496,15,0.7333333333333333,0.027918950394498803,0.022031789396584497,0.040554480911515166,0.14030452372166666,0.04857116679677719,0.007861289111262512,0.010817649482425142,0.003735588015032104,1.0152164582713117,167.29209718389163,0,6.866666666666666,41,0.9333333333333333,0.13333333333333333,0,0.6467360616158204
K1,default,treatment_effect_mean,-0.3374485596707819,15,0.9333333333333333,-0.004957773457584752,-0.010567489780668071,0.03613115841450073,0.22807148336666666,0.0731223310821321,0.009565119261137666,0.026072274857564623,0.008318365260969079,1.0152164582713117,167.29209718389163,0,6.866666666666666,41,0.9333333333333333,0.13333333333333333,0,0.6467360616158204
K1,default,treatment_effect_sd,0.07626392697027408,15,0.8666666666666667,0.060394535088425856,0.05535040705872592,0.08632856166888417,0.24857348811766664,0.08489504776925003,0.016486186189983494,0.024510668630542166,0.007900449194630612,1.0152164582713117,167.29209718389163,0,6.866666666666666,41,0.9333333333333333,0.13333333333333333,0,0.6467360616158204
K10,default,baseline_difference_sd,0,15,0,0.02583371154990583,0.026025682853273,0.02687196469996025,0.05866868817353332,0.01878390764870187,0.001977043868148531,0.0029370069165801415,8.708868066832468e-4,1.7108982370806733,3.1598525088678886,0.06666666666666667,51.333333333333336,700,0.9333333333333333,0.2,0,0.6402860783526864
K10,default,time_trend_mean,-0.08998628257887518,15,0.9333333333333333,0.003664542655131417,-0.004638189148124819,0.03274054145138088,0.11113667014599998,0.035355562706219736,0.008695295040005059,0.016036561414409064,0.005888314807349482,1.7108982370806733,3.1598525088678886,0.06666666666666667,51.333333333333336,700,0.9333333333333333,0.2,0,0.6402860783526864
K10,default,time_trend_sd,0.045528614603915496,15,0.9333333333333333,0.01865155230585467,0.0061510009931995055,0.04317381106926231,0.11660388625599999,0.03830208225485639,0.010406377024368706,0.013646142451466134,0.004996968791408204,1.7108982370806733,3.1598525088678886,0.06666666666666667,51.333333333333336,700,0.9333333333333333,0.2,0,0.6402860783526864
K10,default,treatment_effect_mean,-0.3374485596707819,15,1,-0.003370852930218086,-1.694964942181021e-4,0.018728555844224337,0.08497489273333333,0.026155762558459347,0.0049236757068929545,0.0034839300967816613,0.0010954878446193497,1.7108982370806733,3.1598525088678886,0.06666666666666667,51.333333333333336,700,0.9333333333333333,0.2,0,0.6402860783526864
K10,default,treatment_effect_sd,0.07626392697027408,15,1,0.002435910439429255,0.002084911365225914,0.019080643057823764,0.07958181073333333,0.024643978127525456,0.005057789465137327,0.0032799155566031846,0.0010135165606439697,1.7108982370806733,3.1598525088678886,0.06666666666666667,51.333333333333336,700,0.9333333333333333,0.2,0,0.6402860783526864
K11,default,baseline_difference_sd,0,15,0,0.025601213169134635,0.0225503185394915,0.027124820104731884,0.055580735010833326,0.01755233786390063,0.0023954383729824368,0.003099786305689191,9.501422067036609e-4,1.0740296977099992,26.833089067680863,0.06666666666666667,15.733333333333333,159,0.6666666666666666,0.2,0,0.3069730321745991
K11,default,time_trend_mean,-0.08998628257887518,15,1,-0.008655987720096014,-0.01094871674762482,0.03063424755374879,0.11351932291533333,0.034685105278599256,0.007853711587404803,0.00839245909061354,0.002563930828465225,1.0740296977099992,26.833089067680863,0.06666666666666667,15.733333333333333,159,0.6666666666666666,0.2,0,0.3069730321745991
K11,default,time_trend_sd,0.045528614603915496,15,0.7333333333333333,0.02691637819630229,0.022155495660909505,0.041584267928472064,0.11174806406266666,0.03486629409496413,0.008471633018241241,0.006512730556019434,0.001943976219080119,1.0740296977099992,26.833089067680863,0.06666666666666667,15.733333333333333,159,0.6666666666666666,0.2,0,0.3069730321745991
K11,default,treatment_effect_mean,-0.3374485596707819,15,0.9333333333333333,0.0072827680464485805,0.00954686055078191,0.020500538257831553,0.06885654243333335,0.021047372704705254,0.0051216163634598974,0.002242948953760217,6.994588782667121e-4,1.0740296977099992,26.833089067680863,0.06666666666666667,15.733333333333333,159,0.6666666666666666,0.2,0,0.3069730321745991
K11,default,treatment_effect_sd,0.07626392697027408,15,1,-0.004708528853594077,-0.0010514479417740724,0.017616342330558296,0.062086169438,0.018912177572023302,0.004536874893126105,0.002306376662613674,7.030616236792137e-4,1.0740296977099992,26.833089067680863,0.06666666666666667,15.733333333333333,159,0.6666666666666666,0.2,0,0.3069730321745991
K12,default,baseline_difference_sd,0,15,0,0.02474322485756549,0.021602489060505,0.025376796487281483,0.05480366429926666,0.017293248150859468,0.0015060502648805536,0.0022103663105589757,7.860417550975054e-4,1.8853453160927778,2.8454649636305507,0.2,13.533333333333333,64,0.6,0.4666666666666667,0.2,0.18105127019505293
K12,default,time_trend_mean,-0.08998628257887518,15,0.9333333333333333,-0.005621695154144616,-0.0047709755057748215,0.041055608752394536,0.15918138181166666,0.05132446094092893,0.010869221136584197,0.03826945488749681,0.012761063638047526,1.8853453160927778,2.8454649636305507,0.2,13.533333333333333,64,0.6,0.4666666666666667,0.2,0.18105127019505293
K12,default,time_trend_sd,0.045528614603915496,15,0.9333333333333333,0.04964685032220114,0.007030831240659001,0.10824180475407788,0.23406987042233332,0.0811985299340892,0.025706417416536387,0.07507048023318764,0.028687091033444943,1.8853453160927778,2.8454649636305507,0.2,13.533333333333333,64,0.6,0.4666666666666667,0.2,0.18105127019505293
K12,default,treatment_effect_mean,-0.3374485596707819,15,0.9333333333333333,0.004667859529648577,-6.937642392180754e-4,0.019568384209431876,0.0757005099,0.023701012508472716,0.005078897152359328,0.011320258865258084,0.0037710299584822835,1.8853453160927778,2.8454649636305507,0.2,13.533333333333333,64,0.6,0.4666666666666667,0.2,0.18105127019505293
K12,default,treatment_effect_sd,0.07626392697027408,15,0.8666666666666667,0.009530907909059253,0.004627424781225922,0.026215669594229846,0.08104795371666666,0.026691473406852968,0.006526994094324513,0.019610862887417316,0.0073012307378246795,1.8853453160927778,2.8454649636305507,0.2,13.533333333333333,64,0.6,0.4666666666666667,0.2,0.18105127019505293
K13,default,baseline_difference_sd,0,15,0,0.0262009672497271,0.0223243057919735,0.02949926716299161,0.05293753321999999,0.016342238683054764,0.0036225097686182293,0.005233475017277348,0.0014403464941718342,1.5578642536028495,3.57415936726517,0.26666666666666666,45.13333333333333,471,0.8,0.4,0,0.09077386121589312
K13,default,time_trend_mean,-0.08998628257887518,15,1,-0.008236766374573117,-0.012080448199684818,0.032458883985520603,0.1284300480933333,0.03940404536565938,0.008391044670515395,0.010301219450174362,0.0030755285798653004,1.5578642536028495,3.57415936726517,0.26666666666666666,45.13333333333333,471,0.8,0.4,0,0.09077386121589312
K13,default,time_trend_sd,0.045528614603915496,15,0.5333333333333333,0.039800442425273024,0.05058188482008451,0.05072531976273629,0.12593144195896666,0.03916141012359555,0.008404857642137551,0.017914286935615583,0.005343673034006195,1.5578642536028495,3.57415936726517,0.26666666666666666,45.13333333333333,471,0.8,0.4,0,0.09077386121589312
K13,default,treatment_effect_mean,-0.3374485596707819,15,0.9333333333333333,0.006627231530115244,0.009490989705781938,0.01632851468352491,0.05506841083333333,0.016750699499935493,0.003988377704713095,0.002562941735364382,8.11016289449158e-4,1.5578642536028495,3.57415936726517,0.26666666666666666,45.13333333333333,471,0.8,0.4,0,0.09077386121589312
K13,default,treatment_effect_sd,0.07626392697027408,15,0.8,-0.014031223432884078,-0.017210126676274078,0.019448548354182988,0.04706938696666666,0.014634254873971884,0.003599313447048702,0.003693105552750291,0.0012537191362243872,1.5578642536028495,3.57415936726517,0.26666666666666666,45.13333333333333,471,0.8,0.4,0,0.09077386121589312
K14,default,baseline_difference_sd,0,15,0,0.027231345882594703,0.0240358275671025,0.0280094376089056,0.06639761221266666,0.02224445922044763,0.0017521903963257787,0.0030407354327335536,8.848778230066834e-4,1.0109450059805616,95.07643438826727,0,3.3333333333333335,44,0.2,0.06666666666666667,0,0.7032556638223578
K14,default,time_trend_mean,-0.08998628257887518,15,0.8666666666666667,7.922824129243852e-4,4.934219826251834e-4,0.02541403143612719,0.08263950886296666,0.025397924741913408,0.0067888842046320294,0.006474834302412008,0.001957588648968344,1.0109450059805616,95.07643438826727,0,3.3333333333333335,44,0.2,0.06666666666666667,0,0.7032556638223578
K14,default,time_trend_sd,0.045528614603915496,15,0.8,0.009660931177894504,0.005026324670630501,0.027846945168315956,0.08072544737833333,0.02532092383627299,0.006980169686758447,0.0056585585326441225,0.0018024908964096823,1.0109450059805616,95.07643438826727,0,3.3333333333333335,44,0.2,0.06666666666666667,0,0.7032556638223578
K14,default,treatment_effect_mean,-0.3374485596707819,15,0.8666666666666667,0.00836467226878191,0.013272988005781916,0.03444645401570208,0.10338053516666666,0.03172150496332184,0.008930647281339485,0.0042869878340534694,0.0013014626069609246,1.0109450059805616,95.07643438826727,0,3.3333333333333335,44,0.2,0.06666666666666667,0,0.7032556638223578
K14,default,treatment_effect_sd,0.07626392697027408,15,1,0.006838161954978437,0.007127903112225928,0.019919891788542067,0.09110521296,0.028265224970661588,0.005000297347906359,0.005561272910620404,0.0016256688171778996,1.0109450059805616,95.07643438826727,0,3.3333333333333335,44,0.2,0.06666666666666667,0,0.7032556638223578
K15,default,baseline_difference_sd,0,15,0,0.02983233741249188,0.0287047976099805,0.03127332749430313,0.06961329501533332,0.023434690027210936,0.0025078826737362898,0.003822087797823477,0.0011110226166418644,1.0193744528048665,192.29486224920066,0,4.666666666666667,35,0.3333333333333333,0.13333333333333333,0,0.7145239665849501
K15,default,time_trend_mean,-0.08998628257887518,15,0.9333333333333333,-0.0025603954021971814,-0.0016273784450248213,0.019006572711764817,0.07479714882526665,0.022881514636195515,0.005033418191249436,0.004978894203732025,0.0015459923709680269,1.0193744528048665,192.29486224920066,0,4.666666666666667,35,0.3333333333333333,0.13333333333333333,0,0.7145239665849501
K15,default,time_trend_sd,0.045528614603915496,15,0.9333333333333333,0.0014953556797804946,0.011894827072334503,0.019106232096504215,0.06287170309166666,0.019537841053134428,0.005090691900184352,0.003600873479181225,0.0011624329888394692,1.0193744528048665,192.29486224920066,0,4.666666666666667,35,0.3333333333333333,0.13333333333333333,0,0.7145239665849501
K15,default,treatment_effect_mean,-0.3374485596707819,15,0.9333333333333333,0.004109848994115243,0.011634643215781892,0.02602742802635827,0.08968080489999998,0.027371871192466417,0.006868853880861836,0.004838910342408181,0.001508056276509805,1.0193744528048665,192.29486224920066,0,4.666666666666667,35,0.3333333333333333,0.13333333333333333,0,0.7145239665849501
K15,default,treatment_effect_sd,0.07626392697027408,15,0.6,0.005386142077776054,0.005230724331725917,0.026810752998515177,0.06594884466533334,0.02039389983700493,0.007019391252937418,0.004122366812515883,0.0012694838860736796,1.0193744528048665,192.29486224920066,0,4.666666666666667,35,0.3333333333333333,0.13333333333333333,0,0.7145239665849501
K16,default,baseline_difference_sd,0,15,0,0.023398668208778832,0.02094475878166605,0.024165303679897155,0.058307577903666655,0.019784329546147783,0.0016138735124169377,0.002846771026586783,9.275365253896252e-4,1.0627371263031433,49.77514365458018,0.06666666666666667,18,84,0.5333333333333333,0.3333333333333333,0,0.7237105273966876
K16,default,time_trend_mean,-0.08998628257887518,15,1,-9.231857123447966e-5,-0.0035969112391248115,0.015662620545131224,0.06471462587333333,0.019877649307179373,0.004185938703583121,0.003345919259642197,0.001001127124380258,1.0627371263031433,49.77514365458018,0.06666666666666667,18,84,0.5333333333333333,0.3333333333333333,0,0.7237105273966876
K16,default,time_trend_sd,0.045528614603915496,15,0.8666666666666667,-0.0015662197363183763,-0.002870122267910495,0.01926764059835614,0.06616677337,0.020642301541867955,0.005132452281908777,0.004612423598899425,0.0015234201352511544,1.0627371263031433,49.77514365458018,0.06666666666666667,18,84,0.5333333333333333,0.3333333333333333,0,0.7237105273966876
K16,default,treatment_effect_mean,-0.3374485596707819,15,0.8666666666666667,-3.214397185514232e-4,-0.001285850444218084,0.023017157810710537,0.07318997313333332,0.022297300096413068,0.006150994287746672,0.001858853097606977,5.083239981499203e-4,1.0627371263031433,49.77514365458018,0.06666666666666667,18,84,0.5333333333333333,0.3333333333333333,0,0.7237105273966876
K16,default,treatment_effect_sd,0.07626392697027408,15,0.9333333333333333,-0.002788006989999178,-8.323864189140745e-4,0.015328307548477672,0.06264285499033334,0.019346519090576136,0.004028328520122328,0.005786004090654291,0.0018935999411021742,1.0627371263031433,49.77514365458018,0.06666666666666667,18,84,0.5333333333333333,0.3333333333333333,0,0.7237105273966876
K17,default,baseline_difference_sd,0,15,0,0.030145776569895585,0.0255361569367735,0.03225384216278897,0.06808975521366666,0.022932023284656673,0.003065271943890574,0.003610103877836681,0.0011171592921526707,1.2948183385736822,5.786778400791962,0.13333333333333333,42.733333333333334,185,0.5333333333333333,0.4666666666666667,0,0.7246904374902658
K17,default,time_trend_mean,-0.08998628257887518,15,0.9333333333333333,-0.0011043773324691832,-0.0031466143671748104,0.02268175762438333,0.07501489597,0.023052046803573728,0.006054764827559953,0.003979976492496833,0.001218638539631674,1.2948183385736822,5.786778400791962,0.13333333333333333,42.733333333333334,185,0.5333333333333333,0.4666666666666667,0,0.7246904374902658
K17,default,time_trend_sd,0.045528614603915496,15,0.8,0.0023502296330364706,-0.002228836815275498,0.018495585672987046,0.06142665692433333,0.0190357477873029,0.004903082922718849,0.0033118556418771654,0.0011195983630125853,1.2948183385736822,5.786778400791962,0.13333333333333333,42.733333333333334,185,0.5333333333333333,0.4666666666666667,0,0.7246904374902658
K17,default,treatment_effect_mean,-0.3374485596707819,15,0.8666666666666667,0.00576879040278191,0.005772854595781918,0.027170315158522598,0.07844695166666665,0.023924840966261466,0.007096010363488035,0.003484715470488292,0.0010781230875938452,1.2948183385736822,5.786778400791962,0.13333333333333333,42.733333333333334,185,0.5333333333333333,0.4666666666666667,0,0.7246904374902658
K17,default,treatment_effect_sd,0.07626392697027408,15,0.8666666666666667,-0.004183870585139052,-7.93256302274073e-4,0.015863384703421385,0.054198177215666665,0.01677429531355071,0.004089552902348964,0.004323015906767164,0.0013622924522376726,1.2948183385736822,5.786778400791962,0.13333333333333333,42.733333333333334,185,0.5333333333333333,0.4666666666666667,0,0.7246904374902658
K2,default,baseline_difference_sd,0,15,0,0.021843492451167436,0.0208841367194515,0.02207410394804759,0.05352809202199999,0.017660460752864652,8.505419551674641e-4,0.0014702463266066054,4.6399949768553296e-4,1.0092175887356152,218.79779460791107,0,5.066666666666666,37,0.6,0.13333333333333333,0,0.7048434010299491
K2,default,time_trend_mean,-0.08998628257887518,15,0.9333333333333333,0.008099924808644953,0.002881828643775189,0.025143444780089175,0.09319334186799999,0.028562419279139037,0.006361626215631231,0.0061239790741784315,0.001885710817621228,1.0092175887356152,218.79779460791107,0,5.066666666666666,37,0.6,0.13333333333333333,0,0.7048434010299491
K2,default,time_trend_sd,0.045528614603915496,15,0.8,0.016439814938527343,0.014734682537884507,0.028664873947229736,0.09091066964266666,0.028989701067923722,0.006275846460822996,0.004113933654366164,0.0012714633782586865,1.0092175887356152,218.79779460791107,0,5.066666666666666,37,0.6,0.13333333333333333,0,0.7048434010299491
K2,default,treatment_effect_mean,-0.3374485596707819,15,1,0.0014370395761152473,0.0025014577907819247,0.023806785891658445,0.09224911779999997,0.028363652586412356,0.006351029004072299,0.0038939530527357575,0.0011780825665011095,1.0092175887356152,218.79779460791107,0,5.066666666666666,37,0.6,0.13333333333333333,0,0.7048434010299491
K2,default,treatment_effect_sd,0.07626392697027408,15,0.9333333333333333,0.004523657765289253,0.0065897287180259195,0.020688472439978667,0.08238476809,0.025541534088026025,0.00539543068797435,0.0016338069538299944,5.158735880317336e-4,1.0092175887356152,218.79779460791107,0,5.066666666666666,37,0.6,0.13333333333333333,0,0.7048434010299491
K3,default,baseline_difference_sd,0,15,0,0.023014796093773073,0.0216281072388149,0.023512233441723974,0.053877181316333324,0.017380704074505142,0.0012857538694747714,0.002420573900880836,7.479860959598983e-4,1.023546503853228,195.4835641407107,0,2.4,15,0.4666666666666667,0.06666666666666667,0,0.6753920930446297
K3,default,time_trend_mean,-0.08998628257887518,15,0.9333333333333333,-0.0014087405957513488,0.0010831465968601794,0.02217158563114531,0.08472969976766666,0.026131570493395387,0.005913632309775508,0.005099199962399059,0.0015303416393827954,1.023546503853228,195.4835641407107,0,2.4,15,0.4666666666666667,0.06666666666666667,0,0.6753920930446297
K3,default,time_trend_sd,0.045528614603915496,15,0.9333333333333333,0.010945997475556914,0.007297301082584501,0.023733120978425788,0.07460521034366666,0.02308403334868911,0.005628030425860086,0.003283791154332185,9.486421290473014e-4,1.023546503853228,195.4835641407107,0,2.4,15,0.4666666666666667,0.06666666666666667,0,0.6753920930446297
K3,default,treatment_effect_mean,-0.3374485596707819,15,0.8666666666666667,-0.004846881749884753,5.209428757819157e-4,0.0215513039818423,0.075820213,0.02316671774996487,0.0056122725255869,0.002541559695478564,7.858882003640999e-4,1.023546503853228,195.4835641407107,0,2.4,15,0.4666666666666667,0.06666666666666667,0,0.6753920930446297
K3,default,treatment_effect_sd,0.07626392697027408,15,1,-0.0024493785761007473,-0.0017543381937740743,0.01621659660549199,0.06052992152666666,0.01852030614520267,0.004284344841197951,0.0015687623475735626,4.690803396639562e-4,1.023546503853228,195.4835641407107,0,2.4,15,0.4666666666666667,0.06666666666666667,0,0.6753920930446297
K4,default,baseline_difference_sd,0,15,0,0.02542876264440661,0.02298413140385035,0.026769704996956526,0.05699025117999999,0.018098041255988326,0.002235990288736102,0.0038424295916124262,0.0011678896921882911,1.058149604556488,62.786131719861174,0.06666666666666667,13.066666666666666,60,0.7333333333333333,0.4,0,0.6688689427535803
K4,default,time_trend_mean,-0.08998628257887518,15,0.8666666666666667,0.006948213558812843,0.00668405841177519,0.021365483678417736,0.07159334801999999,0.021796241409590994,0.005399776590311493,0.004156291032029208,0.001231497663135745,1.058149604556488,62.786131719861174,0.06666666666666667,13.066666666666666,60,0.7333333333333333,0.4,0,0.6688689427535803
K4,default,time_trend_sd,0.045528614603915496,15,0.8666666666666667,0.00478688329078897,-3.9756960634049904e-4,0.021618641297196414,0.06997929709233333,0.021539342889860095,0.005634405786246367,0.004605755232315553,0.0014273953157255077,1.058149604556488,62.786131719861174,0.06666666666666667,13.066666666666666,60,0.7333333333333333,0.4,0,0.6688689427535803
K4,default,treatment_effect_mean,-0.3374485596707819,15,0.8666666666666667,0.0015500320704485814,9.902925078192348e-5,0.017575164240477784,0.06258996233333333,0.019004135197878375,0.004678856687729461,0.002577144656930834,7.954496996235494e-4,1.058149604556488,62.786131719861174,0.06666666666666667,13.066666666666666,60,0.7333333333333333,0.4,0,0.6688689427535803
K4,default,treatment_effect_sd,0.07626392697027408,15,0.9333333333333333,-0.0019171216594374148,-0.004824957743274086,0.01461458470327315,0.05164721438666667,0.01571819898189904,0.0038721600707768626,0.002966187499555147,8.714208065325216e-4,1.058149604556488,62.786131719861174,0.06666666666666667,13.066666666666666,60,0.7333333333333333,0.4,0,0.6688689427535803
K5,default,baseline_difference_sd,0,15,0,0.0297236164432625,0.0281215258442685,0.03126432627515857,0.05832454330333333,0.01836685955646355,0.002590707611188578,0.003815796686445156,0.0012442526196007227,1.1109029853053487,13.878148777019595,0.06666666666666667,15,142,0.7333333333333333,0.3333333333333333,0,0.2648960408423229
K5,default,time_trend_mean,-0.08998628257887518,15,0.9333333333333333,0.004238257788007584,0.0011204822703751866,0.02160822172466639,0.06979632705433333,0.021324743627179992,0.005662864097564169,0.001825908037391454,5.436506193247561e-4,1.1109029853053487,13.878148777019595,0.06666666666666667,15,142,0.7333333333333333,0.3333333333333333,0,0.2648960408423229
K5,default,time_trend_sd,0.045528614603915496,15,0.8666666666666667,0.016242470572754304,0.019507930484584504,0.022072658977058655,0.06307480010566666,0.019378926493125885,0.003994500004566444,0.0024293924683805434,7.715014932257972e-4,1.1109029853053487,13.878148777019595,0.06666666666666667,15,142,0.7333333333333333,0.3333333333333333,0,0.2648960408423229
K5,default,treatment_effect_mean,-0.3374485596707819,15,0.8666666666666667,-0.0049104288895514174,-0.005029027354218063,0.01696679993059418,0.054784276866666655,0.016716539806880308,0.004340506784149498,0.001008625994941405,3.3003914430739006e-4,1.1109029853053487,13.878148777019595,0.06666666666666667,15,142,0.7333333333333333,0.3333333333333333,0,0.2648960408423229
K5,default,treatment_effect_sd,0.07626392697027408,15,0.9333333333333333,-0.004344189985297413,-0.00471936354277408,0.014112701101282595,0.04858394631666666,0.014755644880562337,0.0035886362883988656,0.0033314585975510367,0.0010261192441394565,1.1109029853053487,13.878148777019595,0.06666666666666667,15,142,0.7333333333333333,0.3333333333333333,0,0.2648960408423229
K6,default,baseline_difference_sd,0,15,0,0.014663638663119894,0.0136004670968682,0.015129512673297851,0.03265449000063333,0.010436236028507531,9.956998575637904e-4,0.0014972821629449082,4.3464879263540495e-4,1.0100859523444485,444.9566845154708,0,0,0,0,0,0,0.6199059132057423
K6,default,time_trend_mean,-0.08998628257887518,15,0.8666666666666667,-0.0052848558337014835,-0.00932980183362482,0.01410320688009795,0.04657995627666667,0.014320854526027512,0.0034945952465387123,0.002137899588579003,6.708675750239967e-4,1.0100859523444485,444.9566845154708,0,0,0,0,0,0,0.6199059132057423
K6,default,time_trend_sd,0.045528614603915496,15,0.8666666666666667,0.0019291017796835045,0.0016344348990845053,0.010160515126821626,0.041769886711333325,0.013090071571322791,0.002666118553333305,0.0013810282816115818,4.6623725661356253e-4,1.0100859523444485,444.9566845154708,0,0,0,0,0,0,0.6199059132057423
K6,default,treatment_effect_mean,-0.3374485596707819,15,0.9333333333333333,0.003905810104448578,-8.752455192180819e-4,0.0170952847668844,0.08156633443333333,0.025039277154667642,0.004448060642322169,0.0035167343188702454,0.0010840869244976123,1.0100859523444485,444.9566845154708,0,0,0,0,0,0,0.6199059132057423
K6,default,treatment_effect_sd,0.07626392697027408,15,0.9333333333333333,0.011343343929092586,0.017322905444725922,0.020326250687615195,0.07026674714333334,0.022181365621524483,0.004507810804767459,0.0025974453780950152,8.278101424188291e-4,1.0100859523444485,444.9566845154708,0,0,0,0,0,0,0.6199059132057423
K7,default,baseline_difference_sd,0,15,0,0.012352210133739277,0.0109516568952485,0.013142786965653967,0.02626476504613333,0.008261092725267823,0.0011998736253846696,0.0015872408875566694,4.570183046585813e-4,1.007332431374435,367.92449046557397,0,0,0,0,0,0,0.6438599547142553
K7,default,time_trend_mean,-0.08998628257887518,15,0.9333333333333333,7.176429545418509e-4,-6.125482736248217e-4,0.008435470838643759,0.03623912005,0.011071863548605522,0.002246301036615619,0.0014089501106320337,4.3772810000769204e-4,1.007332431374435,367.92449046557397,0,0,0,0,0,0,0.6438599547142553
K7,default,time_trend_sd,0.045528614603915496,15,0.8666666666666667,0.002576418302084505,0.0038229433330845067,0.009210152398715404,0.03043340983,0.009470978543419249,0.0023632449836770613,9.559555423937247e-4,2.7658375821653833e-4,1.007332431374435,367.92449046557397,0,0,0,0,0,0,0.6438599547142553
K7,default,treatment_effect_mean,-0.3374485596707819,15,0.9333333333333333,0.009314446301115243,0.009067684950781918,0.013095682862149745,0.060157823333333325,0.018424786826167276,0.002460226466486994,0.0018327829509040602,5.700925861800047e-4,1.007332431374435,367.92449046557397,0,0,0,0,0,0,0.6438599547142553
K7,default,treatment_effect_sd,0.07626392697027408,15,0.8666666666666667,0.007007520051759254,0.003167405757225919,0.013091233989363026,0.04839437565333333,0.014980427043876251,0.002955322922752457,0.0012396201264998487,4.29660562894762e-4,1.007332431374435,367.92449046557397,0,0,0,0,0,0,0.6438599547142553
K8,default,baseline_difference_sd,0,15,0,0.012631258300184484,0.0111876676433795,0.013401009176157065,0.024131788369,0.007482974159138205,0.0011963743051841037,0.0013607436674372112,3.7837999860309266e-4,1.0057708739100957,442.0012570034629,0,0,0,0,0,0,0.6359092666875297
K8,default,time_trend_mean,-0.08998628257887518,15,0.8666666666666667,-0.0022925552292581493,-0.0011800946516248162,0.007475009058565626,0.026445076413333327,0.008065610074496316,0.0019015022434613427,8.631786875764869e-4,2.569145664164968e-4,1.0057708739100957,442.0012570034629,0,0,0,0,0,0,0.6359092666875297
K8,default,time_trend_sd,0.045528614603915496,15,0.8,0.002426369697384504,0.004797738410584507,0.007715205973932832,0.02178486509333333,0.006690931902868595,0.0019573512224400004,4.964532379573695e-4,1.5916717805552536e-4,1.0057708739100957,442.0012570034629,0,0,0,0,0,0,0.6359092666875297
K8,default,treatment_effect_mean,-0.3374485596707819,15,0.7333333333333333,0.002834942710781907,0.004153563085781908,0.018214244893453406,0.042346661933333314,0.012934534373395581,0.00480863670066147,0.0010841139094418402,3.398607208248165e-4,1.0057708739100957,442.0012570034629,0,0,0,0,0,0,0.6359092666875297
K8,default,treatment_effect_sd,0.07626392697027408,15,0.8666666666666667,0.0035075792605925877,0.004128793039725923,0.010253725550638467,0.03424169801666666,0.010508378194613586,0.002575097437802484,8.452824045094673e-4,2.490285864101789e-4,1.0057708739100957,442.0012570034629,0,0,0,0,0,0,0.6359092666875297
K9,default,baseline_difference_sd,0,15,0,0.009062995227771134,0.00825842079697565,0.009446332065636167,0.018346878395266664,0.005737274656907557,7.119042369219369e-4,7.567711841291139e-4,2.1975367699350576e-4,1.0123459236774166,276.5771339792117,0,0,0,0,0,0,0.5990916587347918
K9,default,time_trend_mean,-0.08998628257887518,15,0.8666666666666667,-8.692645137914836e-4,-0.0014052040336248184,0.006219597144296378,0.019631179939999997,0.005950543928944482,0.0016459423666876439,2.860810482933993e-4,9.275418749029521e-5,1.0123459236774166,276.5771339792117,0,0,0,0,0,0,0.5990916587347918
K9,default,time_trend_sd,0.045528614603915496,15,0.9333333333333333,0.00327825647035117,0.003651720635084503,0.00445515302706206,0.015847701433333333,0.004861548722276466,8.062888089946838e-4,1.78211785882142e-4,5.3949839148144426e-5,1.0123459236774166,276.5771339792117,0,0,0,0,0,0,0.5990916587347918
K9,default,treatment_effect_mean,-0.3374485596707819,15,1,0.002549904819448575,0.00272637716078189,0.007808032550534542,0.031367896133333344,0.009521257328392131,0.0019723690925592115,9.562257102660286e-4,2.887251296825012e-4,1.0123459236774166,276.5771339792117,0,0,0,0,0,0,0.5990916587347918
K9,default,treatment_effect_sd,0.07626392697027408,15,0.6666666666666666,0.0042736947979259195,0.004726533295725921,0.01121623603025135,0.024488743873333333,0.007461002133160777,0.0027715323696015618,6.613593446399907e-4,2.0727002573553776e-4,1.0123459236774166,276.5771339792117,0,0,0,0,0,0,0.5990916587347918
L1,normal,baseline_difference_sd,0,15,0,0.01520432273795647,0.01373865493846655,0.015950790966363596,0.031883240272499995,0.010037926509190852,0.0012888616941396202,0.001952990824826639,5.693977531603026e-4,1.0081588359909908,564.2905712021557,0,0,0,0,0,0,0.6670965463042401
L1,normal,time_trend_mean,-0.08998628257887518,15,0.9333333333333333,-0.002059571907391484,0.00183699624187518,0.010846497526605967,0.04067092245,0.012469009562555235,0.0028461085230909486,0.0017708125925951833,5.530683608778781e-4,1.0081588359909908,564.2905712021557,0,0,0,0,0,0,0.6670965463042401
L1,normal,time_trend_sd,0.045528614603915496,15,0.9333333333333333,0.0030511284905645046,0.004499904287584504,0.010531357953532067,0.03502225853333333,0.010921200888298977,0.0026939100006110176,0.0011176900867677143,3.7096612238638355e-4,1.0081588359909908,564.2905712021557,0,0,0,0,0,0,0.6670965463042401
L1,normal,treatment_effect_mean,-0.3374485596707819,15,0.8666666666666667,-0.002440727186551417,-0.0032546496092180632,0.02151929468831373,0.06639262373333332,0.020396910185195394,0.005714160947551494,0.0032750900222726803,0.0010172013335115106,1.0081588359909908,564.2905712021557,0,0,0,0,0,0,0.6670965463042401
L1,normal,treatment_effect_sd,0.07626392697027408,15,0.8666666666666667,0.00560667777172862,0.006733468529725922,0.019738386467336326,0.05562506509666666,0.01740546230484044,0.005058013900858785,0.0018501919763965681,6.236154234447054e-4,1.0081588359909908,564.2905712021557,0,0,0,0,0,0,0.6670965463042401
L1,robust,baseline_difference_sd,0,15,0,0.01540518081538368,0.0138146276986703,0.016170080592676054,0.032146983832166666,0.010011849539057248,0.0013134445014914397,0.0018626708692657719,5.407573972718504e-4,1.0078741758356906,394.95856454242517,0,0,0,0,0,0,0.6736194758330899
L1,robust,time_trend_mean,-0.08998628257887518,15,0.9333333333333333,-0.002133757881624815,0.0012897333848751885,0.011129007358395428,0.040849298519999994,0.01257702251448876,0.002919171630125617,0.0017383810646764504,5.314845590537929e-4,1.0078741758356906,394.95856454242517,0,0,0,0,0,0,0.6736194758330899
L1,robust,time_trend_sd,0.045528614603915496,15,0.9333333333333333,0.003264774421687836,0.0049403098125845035,0.010733323949618052,0.03507954834666666,0.010855172066358491,0.002732679101213644,0.0011968761285516202,3.5745330476459435e-4,1.0078741758356906,394.95856454242517,0,0,0,0,0,0,0.6736194758330899
L1,robust,treatment_effect_mean,-0.3374485596707819,15,0.8666666666666667,-0.0018225500582180864,-0.002230223429218081,0.02160415173035171,0.0665098143,0.02039926220013222,0.005753369716170988,0.0035661586347816173,0.0010862193630282303,1.0078741758356906,394.95856454242517,0,0,0,0,0,0,0.6736194758330899
L1,robust,treatment_effect_sd,0.07626392697027408,15,0.9333333333333333,5.720020000625876e-4,0.0021699802362259157,0.017930006906797965,0.05708989872999999,0.01760385503376167,0.004789556804651338,0.002196040755412612,7.17703792329582e-4,1.0078741758356906,394.95856454242517,0,0,0,0,0,0,0.6736194758330899
L2,normal,baseline_difference_sd,0,15,0,0.014398940810744366,0.01330051721529435,0.014901687528123002,0.0309088284313,0.009784284443136516,0.0010257678209341877,0.0014247097841636846,4.0841667176179207e-4,1.0105261828833012,269.00215860767037,0,0,0,0,0,0,0.6259103405631385
L2,normal,time_trend_mean,-0.08998628257887518,15,0.8666666666666667,0.0012552734471418525,-4.8248719262480866e-4,0.010866477177535975,0.040431904129999995,0.012401363065897791,0.002884745777643039,0.0016371829826964956,4.929744524510353e-4,1.0105261828833012,269.00215860767037,0,0,0,0,0,0,0.6259103405631385
L2,normal,time_trend_sd,0.045528614603915496,15,0.8666666666666667,0.0026372071610311692,0.0031569386355845067,0.010226305737484275,0.03475462525333333,0.010813033762728708,0.002640650182737871,0.001274164022761228,4.0156630481919805e-4,1.0105261828833012,269.00215860767037,0,0,0,0,0,0,0.6259103405631385
L2,normal,treatment_effect_mean,-0.3374485596707819,15,0.8,-0.002355156236884759,-0.0032184883842180656,0.02553467331855874,0.08212328923333333,0.025176290667667127,0.006795338636497072,0.003300502507602817,0.0010030797055421323,1.0105261828833012,269.00215860767037,0,0,0,0,0,0,0.6259103405631385
L2,normal,treatment_effect_sd,0.07626392697027408,15,0.6666666666666666,0.02884263144445925,0.019698041856725926,0.03424785874533526,0.06658289617999999,0.02084152266313299,0.004935429059359098,0.002603399910932232,8.015319351892844e-4,1.0105261828833012,269.00215860767037,0,0,0,0,0,0,0.6259103405631385
L2,robust,baseline_difference_sd,0,15,0,0.014158830521896893,0.01297743731108075,0.01458891234114677,0.030603634665599996,0.009657566138060996,9.397523058864838e-4,0.001296198148357711,3.830461968357236e-4,1.0085889404484267,628.6578864446633,0,0,0,0,0,0,0.7146335975874468
L2,robust,time_trend_mean,-0.08998628257887518,15,0.8666666666666667,0.0013665742796751831,-4.625534912482132e-5,0.010788697605794782,0.04083583395333333,0.012456892964565206,0.0028601757034866166,0.001883018642059396,5.733789748052502e-4,1.0085889404484267,628.6578864446633,0,0,0,0,0,0,0.7146335975874468
L2,robust,time_trend_sd,0.045528614603915496,15,0.9333333333333333,0.002749408881171171,0.0030039869340845043,0.010275256821333952,0.03488027484333333,0.010861701522524365,0.0026460435903507356,0.00126383386615205,4.041980934524574e-4,1.0085889404484267,628.6578864446633,0,0,0,0,0,0,0.7146335975874468
L2,robust,treatment_effect_mean,-0.3374485596707819,15,0.9333333333333333,-4.679367218847541e-4,4.2822690578192546e-4,0.021093197966915143,0.076615013,0.023442287177986604,0.005636006917869277,0.003396453177413456,0.001041189458786237,1.0085889404484267,628.6578864446633,0,0,0,0,0,0,0.7146335975874468
L2,robust,treatment_effect_sd,0.07626392697027408,15,0.9333333333333333,0.01290067439442592,0.0070231053907259255,0.021695095809316285,0.07215235982,0.022326251820046515,0.004661772979276818,0.0025326436233745545,8.211055413425626e-4,1.0085889404484267,628.6578864446633,0,0,0,0,0,0,0.7146335975874468
L3,normal,baseline_difference_sd,0,15,0,0.014951501613478088,0.0155076118832355,0.015354341676881742,0.03228539133703333,0.010099140237127834,9.338250001468526e-4,0.0014844202005011263,4.33842431162369e-4,1.0323653938390194,197.26387241271928,0,0,0,0,0,0,0.6778846728967054
L3,normal,time_trend_mean,-0.08998628257887518,15,0.9333333333333333,0.0046869432333085164,0.00413236715487518,0.00949298891119839,0.040257136906666664,0.01235599858218765,0.002206312398484324,0.0015845088836950053,4.8742635771032366e-4,1.0323653938390194,197.26387241271928,0,0,0,0,0,0,0.6778846728967054
L3,normal,time_trend_sd,0.045528614603915496,15,0.9333333333333333,0.002421835904547837,0.0033776976525845062,0.009023099086478649,0.034835507226666666,0.01086207776752721,0.0023230372356626877,8.365379418355556e-4,2.853705893242659e-4,1.0323653938390194,197.26387241271928,0,0,0,0,0,0,0.6778846728967054
L3,normal,treatment_effect_mean,-0.3374485596707819,15,0.6666666666666666,0.009974347471448574,-6.605188192180811e-4,0.04966936792922334,0.1159855255,0.03555589719170308,0.013004280896819456,0.004954661226459029,0.0014347737645587439,1.0323653938390194,197.26387241271928,0,0,0,0,0,0,0.6778846728967054
L3,normal,treatment_effect_sd,0.07626392697027408,15,0.06666666666666667,0.07564234320815925,0.07712362476722591,0.079528358909221,0.09198922837,0.028547573347523576,0.0065628597031918605,0.0038462979601380795,0.0011523615607438816,1.0323653938390194,197.26387241271928,0,0,0,0,0,0,0.6778846728967054
L3,robust,baseline_difference_sd,0,15,0,0.01489636601550825,0.015765186805797,0.015295013035509663,0.0318338781719,0.010035338712689293,9.271963610962341e-4,0.0015478883557842444,4.488226131756335e-4,1.0071165125886783,730.7294687825141,0,0,0,0,0,0,0.7221938474812347
L3,robust,time_trend_mean,-0.08998628257887518,15,0.9333333333333333,0.0047514026677418515,0.0034664790598751827,0.009445711156437322,0.040358419586666666,0.012416526800395518,0.0021818346136716505,0.0012992482128976203,4.0680988281094056e-4,1.0071165125886783,730.7294687825141,0,0,0,0,0,0,0.7221938474812347
L3,robust,time_trend_sd,0.045528614603915496,15,0.9333333333333333,0.0025143531839345035,0.0034898491795845032,0.009129656184959594,0.034949463396666665,0.010842316322605664,0.002345644141229949,9.587281949461473e-4,2.843464069506115e-4,1.0071165125886783,730.7294687825141,0,0,0,0,0,0,0.7221938474812347
L3,robust,treatment_effect_mean,-0.3374485596707819,15,0.6666666666666666,0.009710777805081915,-0.0010003898042180714,0.04477440943313627,0.11103823406666667,0.034009306207218,0.011681635570741093,0.004504771291320282,0.001357670520352138,1.0071165125886783,730.7294687825141,0,0,0,0,0,0,0.7221938474812347
L3,robust,treatment_effect_sd,0.07626392697027408,15,0.26666666666666666,0.05719925556212592,0.06265064384772591,0.06076530538103061,0.10212391534666666,0.031331340167767084,0.005481576293031275,0.005330403164649926,0.0015163088299520718,1.0071165125886783,730.7294687825141,0,0,0,0,0,0,0.7221938474812347
L4,normal,baseline_difference_sd,0,15,0,0.018088430354382467,0.0163027688503396,0.01927199060785556,0.0349285842978,0.010892374609887111,0.0017772030453964119,0.0016257751613749148,4.688911938883098e-4,1.0231305272894808,175.3568263265113,0,0,0,0,0,0,0.5767594320777343
L4,normal,time_trend_mean,-0.08998628257887518,15,0.8666666666666667,0.0030877790150685173,0.00489033382187519,0.0139153950896895,0.041177787849999994,0.01258752412781943,0.003626330704092904,0.0021833740064769714,6.613495182490147e-4,1.0231305272894808,175.3568263265113,0,0,0,0,0,0,0.5767594320777343
L4,normal,time_trend_sd,0.045528614603915496,15,0.6666666666666666,0.004018351550750837,0.006166772819584505,0.013627846919817669,0.03676303999466666,0.011382827633955334,0.003480261304686374,0.001336354688814886,4.1712623980450614e-4,1.0231305272894808,175.3568263265113,0,0,0,0,0,0,0.5767594320777343
L4,normal,treatment_effect_mean,-0.3374485596707819,15,1,0.005308960519348579,0.007918708290781895,0.033304201446869464,0.15094543353333334,0.046448900713761634,0.008787104074468855,0.005416866436141059,0.0016590532985025685,1.0231305272894808,175.3568263265113,0,0,0,0,0,0,0.5767594320777343
L4,normal,treatment_effect_sd,0.07626392697027408,15,0,0.12479092349985925,0.13247093611472593,0.12776855869177425,0.11775653969999998,0.03687538098612346,0.007329149250111013,0.0043519380046840445,0.001291337340519701,1.0231305272894808,175.3568263265113,0,0,0,0,0,0,0.5767594320777343
L4,robust,baseline_difference_sd,0,15,0,0.01811677488321292,0.0162645331963705,0.019272634708869668,0.03470506896543333,0.010820336828355702,0.0017569640302951416,0.0016557443074649613,4.6758326172935866e-4,1.0040591760295234,679.4970793134883,0,0,0,0,0,0,0.7046304570970506
L4,robust,time_trend_mean,-0.08998628257887518,15,0.8666666666666667,0.003033767996732184,0.004937186098375179,0.013547220316667271,0.04153857036999999,0.012714228569557303,0.0035286928989391084,0.0021158527208268423,6.586348195837057e-4,1.0040591760295234,679.4970793134883,0,0,0,0,0,0,0.7046304570970506
L4,robust,time_trend_sd,0.045528614603915496,15,0.6666666666666666,0.00418239144566117,0.006573352649084506,0.013397363455013274,0.03665014001333333,0.011344303917613409,0.0034016482280231812,0.0014265734264388632,4.4828395021082794e-4,1.0040591760295234,679.4970793134883,0,0,0,0,0,0,0.7046304570970506
L4,robust,treatment_effect_mean,-0.3374485596707819,15,1,0.00440242988525524,0.012267687425781937,0.030354170370220892,0.14749580763333334,0.045077302611273816,0.008026715526334575,0.005106637909877334,0.0014621383808780958,1.0040591760295234,679.4970793134883,0,0,0,0,0,0,0.7046304570970506
L4,robust,treatment_effect_sd,0.07626392697027408,15,0.06666666666666667,0.10626415253992592,0.10971160694772593,0.10924149633973484,0.12665872384666665,0.03973732719505813,0.0067698618234245615,0.004312562502195026,0.001398413538666266,1.0040591760295234,679.4970793134883,0,0,0,0,0,0,0.7046304570970506
L5,normal,baseline_difference_sd,0,15,0,0.017366016140701306,0.015930042955292,0.01836033114715383,0.03420541782453333,0.010688777665978604,0.0015929138447253737,0.00172086421168116,4.808654875629908e-4,1.0142802956674577,245.08206860999718,0,0,0,0,0,0,0.5887363312272895
L5,normal,time_trend_mean,-0.08998628257887518,15,0.9333333333333333,-0.0016918236850648157,-0.00441429760712482,0.010486528721077608,0.03829199375333334,0.011777124536343029,0.002765928121633977,0.002173180019103453,6.662726467548329e-4,1.0142802956674577,245.08206860999718,0,0,0,0,0,0,0.5887363312272895
L5,normal,time_trend_sd,0.045528614603915496,15,0.8,-0.0012054023641844289,-0.0012755222869154995,0.012235873050027563,0.03474555116966666,0.010773248945977828,0.0032542674668020743,0.0011301803845571079,3.7136402006355325e-4,1.0142802956674577,245.08206860999718,0,0,0,0,0,0,0.5887363312272895
L5,normal,treatment_effect_mean,-0.3374485596707819,15,0.8,-0.0030308798298514165,-0.0019546334992180947,0.048861833674416086,0.16811238336666667,0.05147003687500805,0.013033727011880977,0.0034228682790668897,9.903554860182986e-4,1.0142802956674577,245.08206860999718,0,0,0,0,0,0,0.5887363312272895
L5,normal,treatment_effect_sd,0.07626392697027408,15,0,0.14806420359405925,0.1472661442947259,0.14903480037282266,0.13160102299999998,0.04144834790384854,0.004538433778173053,0.002866635794813487,9.354115168501252e-4,1.0142802956674577,245.08206860999718,0,0,0,0,0,0,0.5887363312272895
L5,robust,baseline_difference_sd,0,15,0,0.017173366366065198,0.01594866140915445,0.01812045924260664,0.0346333317149,0.010729797132709705,0.001545189096608037,0.0018004867231722792,4.990620600824844e-4,1.007375072629211,427.92840739148585,0,0,0,0,0,0,0.703897976157892
L5,robust,time_trend_mean,-0.08998628257887518,15,0.9333333333333333,-0.0016491341057581507,-0.005289437722124812,0.010493392551775466,0.03864872905,0.011755375753940712,0.0027696266373812154,0.00229109914368066,6.820123285914068e-4,1.007375072629211,427.92840739148585,0,0,0,0,0,0,0.703897976157892
L5,robust,time_trend_sd,0.045528614603915496,15,0.8,-0.0013159583841624955,-0.001299343541915493,0.012320270211542746,0.034427870901,0.010749235269398505,0.003273893614823836,0.0011759273265889894,3.733816533057418e-4,1.007375072629211,427.92840739148585,0,0,0,0,0,0,0.703897976157892
L5,robust,treatment_effect_mean,-0.3374485596707819,15,0.8666666666666667,-0.003082273332718094,-0.004673714699218068,0.047564023121365394,0.17088218663333335,0.0522458856673703,0.012685300510523972,0.004240703572993821,0.0012127979379912195,1.007375072629211,427.92840739148585,0,0,0,0,0,0,0.703897976157892
L5,robust,treatment_effect_sd,0.07626392697027408,15,0,0.13489858243212594,0.1377839261342259,0.13591630117710046,0.13705282836666666,0.04283113369678764,0.004436966333843189,0.002566957906915092,9.061421539939915e-4,1.007375072629211,427.92840739148585,0,0,0,0,0,0,0.703897976157892
M1,full,baseline_difference_sd,0,45,0,0.015193138052540916,0.01438036861993235,0.015798223485007142,0.03319663294109999,0.010553903598542217,6.528333596134552e-4,8.850291552593586e-4,2.6307752325960314e-4,1.0126195764479864,222.95480133394028,0,0.5777777777777777,8,0.2,0,0,0.6941258737053151
M1,full,time_trend_mean,0,45,0.9555555555555556,-3.0964642579704043e-4,-3.968995149022e-4,0.006620963737276352,0.024508224249288887,0.007510464175528302,9.970556643223397e-4,3.310042385123794e-4,1.0150793334992907e-4,1.0126195764479864,222.95480133394028,0,0.5777777777777777,8,0.2,0,0,0.6941258737053151
M1,full,time_trend_sd,0,45,0,0.01219605224851992,0.011870720471966455,0.012845476388643485,0.025867753726711108,0.008161320130224447,6.079506036036423e-4,7.995318755705098e-4,2.2878348283495773e-4,1.0126195764479864,222.95480133394028,0,0.5777777777777777,8,0.2,0,0,0.6941258737053151
M1,full,treatment_effect_mean,-0.3374485596707819,45,0.8444444444444444,0.0016607902266708016,0.0032514654857819236,0.017840314493813004,0.05483292031111111,0.016682915086102614,0.0026778493620693462,0.0011181575434035238,3.3136160007383693e-4,1.0126195764479864,222.95480133394028,0,0.5777777777777777,8,0.2,0,0,0.6941258737053151
M1,full,treatment_effect_sd,0.07626392697027408,45,0.8888888888888888,0.0012565057614370321,0.0013664181877259263,0.013301857211774777,0.04058208912222222,0.012527909899464111,0.0019963637316262614,8.10118854241656e-4,2.5228508741746605e-4,1.0126195764479864,222.95480133394028,0,0.5777777777777777,8,0.2,0,0,0.6941258737053151
M1,naive,baseline_difference_sd,0,45,0,0.015209715194650357,0.0139483323202456,0.01581437018896843,0.033446374756766664,0.010616419193096024,6.5294556663274e-4,9.110356261803651e-4,2.5949643027568987e-4,1.0154018274687289,269.4410151095462,0,0.022222222222222223,1,0.022222222222222223,0,0,0.6326969999609602
M1,naive,time_trend_mean,0,45,0.8666666666666667,-1.4882299176293797e-4,-8.7909585398945e-4,0.0069157100594055936,0.024236587045752222,0.007446015199720716,0.0010423410860227356,3.454448573250041e-4,1.121492215250983e-4,1.0154018274687289,269.4410151095462,0,0.022222222222222223,1,0.022222222222222223,0,0,0.6326969999609602
M1,naive,time_trend_sd,0,45,0,0.012085252928368954,0.011102392597264,0.01278332715762536,0.025536234085766666,0.008080595301065125,6.281306117113715e-4,7.944681761040466e-4,2.2998996867821338e-4,1.0154018274687289,269.4410151095462,0,0.022222222222222223,1,0.022222222222222223,0,0,0.6326969999609602
M1,naive,treatment_effect_mean,-0.3374485596707819,45,0.8444444444444444,0.001243244642004135,9.894395578191606e-5,0.016819062194830425,0.050980259377777774,0.015558901230873936,0.0025286323822181667,0.0011305579698991928,3.4118883268247595e-4,1.0154018274687289,269.4410151095462,0,0.022222222222222223,1,0.022222222222222223,0,0,0.6326969999609602
M1,naive,treatment_effect_sd,0.07626392697027408,45,0.8888888888888888,0.0017961666261925868,0.00242022633872592,0.013387440296553265,0.03955489919333333,0.012245499510830558,0.00199998490417445,8.514772267152669e-4,2.670631394724791e-4,1.0154018274687289,269.4410151095462,0,0.022222222222222223,1,0.022222222222222223,0,0,0.6326969999609602
M2,full,baseline_difference_sd,0,45,0,0.018567780755071477,0.0159390694007465,0.01999660796948023,0.03690135077851111,0.011603341974703406,0.0011190686886534214,0.0011503944115412736,3.183322702933571e-4,1.0103496003568073,312.8844387201627,0,0,0,0,0,0,0.6375335062745537
M2,full,time_trend_mean,0,45,0.9333333333333333,-0.001385691296199741,-0.0010321972567844,0.012669238168882749,0.044702650899999995,0.013659501155630069,0.0018985009362144348,9.434890043219188e-4,2.8362396457983657e-4,1.0103496003568073,312.8844387201627,0,0,0,0,0,0,0.6375335062745537
M2,full,time_trend_sd,0.044444444444444446,45,0.9111111111111111,0.0037601627709818756,0.006630080401555556,0.011059408397102777,0.040026776347,0.012335960219840745,0.0015679437173168537,6.932682366897504e-4,2.134905426002344e-4,1.0103496003568073,312.8844387201627,0,0,0,0,0,0,0.6375335062745537
M2,full,treatment_effect_mean,-0.3374485596707819,45,0.8888888888888888,0.001249730010670797,-7.153792942181103e-4,0.016559367024531934,0.060985618755555554,0.018622639512056054,0.0024892989664561478,0.001432788139136595,4.3649659646031287e-4,1.0103496003568073,312.8844387201627,0,0,0,0,0,0,0.6375335062745537
M2,full,treatment_effect_sd,0.07626392697027408,45,0.8666666666666667,0.0032176759183732534,2.8474905225922553e-5,0.01849567853270299,0.04960544250355555,0.015240254474830094,0.0027458095596638084,8.860245048075866e-4,2.6914850590333136e-4,1.0103496003568073,312.8844387201627,0,0,0,0,0,0,0.6375335062745537
M2,naive,baseline_difference_sd,0,45,0,0.01831816635483773,0.0158889365927225,0.019701585109984182,0.03662923353887777,0.011566106933618548,0.0010933397255702517,0.001085219307522623,3.0303610327560813e-4,1.0170441775257053,262.0719769381404,0,0,0,0,0,0,0.5829512934121647
M2,naive,time_trend_mean,0,45,0.8666666666666667,-7.826177471096986e-4,-0.003469946714379605,0.014531314638757228,0.0475225086705,0.01462985658546433,0.002187498647233187,0.0013222331797004515,3.9835983447121103e-4,1.0170441775257053,262.0719769381404,0,0,0,0,0,0,0.5829512934121647
M2,naive,time_trend_sd,0.044444444444444446,45,0.9111111111111111,0.004183058944358354,0.006261050597055555,0.012024794014424441,0.04302365535977777,0.013444546282140969,0.0016995834312972203,7.030763130738903e-4,2.2612002517829395e-4,1.0170441775257053,262.0719769381404,0,0,0,0,0,0,0.5829512934121647
M2,naive,treatment_effect_mean,-0.3374485596707819,45,0.9111111111111111,2.9851828144858243e-4,-3.4644429421809564e-4,0.01701270096216258,0.056626660733333334,0.017269690705402525,0.0025643663086778404,0.0014314830511548652,4.345558973680118e-4,1.0170441775257053,262.0719769381404,0,0,0,0,0,0,0.5829512934121647
M2,naive,treatment_effect_sd,0.07626392697027408,45,0.6888888888888889,0.011281258216148143,0.00949944127222592,0.019588508134150487,0.044322031435555555,0.013705097446903474,0.0024141762381168345,9.538564486594134e-4,3.091657889872576e-4,1.0170441775257053,262.0719769381404,0,0,0,0,0,0,0.5829512934121647
M3,full,baseline_difference_sd,0,45,0,0.018778193827860553,0.0160716663211695,0.020335667944824266,0.037223500122577774,0.011667860510259887,0.0011766557707550683,0.0011974300953798524,3.297444103457757e-4,1.0181345291042816,285.23065664851197,0,0,0,0,0,0,0.6328279296003835
M3,full,time_trend_mean,0,45,0.8666666666666667,-0.0032951178025050834,-0.0039423347877753,0.021637940401056956,0.07165419895178332,0.021876983228928167,0.003223996191442973,0.0013509682331336113,4.094175198597008e-4,1.0181345291042816,285.23065664851197,0,0,0,0,0,0,0.6328279296003835
M3,full,time_trend_sd,0.08888888888888889,45,0.9333333333333333,0.005420300201555552,0.0066774809371111105,0.016024627393874846,0.056278271574444434,0.017395579912114073,0.0022734086784023284,0.001155430111323361,3.547993475877067e-4,1.0181345291042816,285.23065664851197,0,0,0,0,0,0,0.6328279296003835
M3,full,treatment_effect_mean,-0.3374485596707819,45,0.8888888888888888,0.001464322695115245,-0.0016628172792180762,0.01709355775451227,0.06805884996666667,0.020798042400321987,0.0025674778734614294,0.0018407487935899068,5.521596817362215e-4,1.0181345291042816,285.23065664851197,0,0,0,0,0,0,0.6328279296003835
M3,full,treatment_effect_sd,0.07626392697027408,45,0.8222222222222222,0.0044321920155449435,0.0034138822527259166,0.02267157541222052,0.05788975614455555,0.017899708167727086,0.0033519194148798797,0.001214618380053915,3.7731222266372425e-4,1.0181345291042816,285.23065664851197,0,0,0,0,0,0,0.6328279296003835
M3,naive,baseline_difference_sd,0,45,0,0.018016844702345537,0.0152126894735135,0.01939979955317281,0.03655935224128889,0.01153008828659386,0.0010844513660544866,0.001212526808431249,3.391855586353037e-4,1.0227776873072276,156.51395698116605,0,0,0,0,0,0,0.594819738329342
M3,naive,time_trend_mean,0,45,0.9111111111111111,-0.001209689148431921,-0.0051387113665346,0.0261850749872118,0.08783302206624888,0.026951833730492453,0.003943333857889076,0.0024643597612806897,7.488278966808553e-4,1.0227776873072276,156.51395698116605,0,0,0,0,0,0,0.594819738329342
M3,naive,time_trend_sd,0.08888888888888889,45,0.9111111111111111,0.009380168336155553,0.00878180317511111,0.021013604248072013,0.07182318818666666,0.022585268235376755,0.002834783964351584,0.0018304966107116664,5.650420695883865e-4,1.0227776873072276,156.51395698116605,0,0,0,0,0,0,0.594819738329342
M3,naive,treatment_effect_mean,-0.3374485596707819,45,0.9111111111111111,-0.0011785454466625303,-0.0010398208992181135,0.019626238261992373,0.0668218576,0.02029439102814678,0.002953427357813001,0.0017295229571723573,5.062903762343376e-4,1.0227776873072276,156.51395698116605,0,0,0,0,0,0,0.594819738329342
M3,naive,treatment_effect_sd,0.07626392697027408,45,0.37777777777777777,0.029434331167459256,0.02873272570772592,0.03534524430990095,0.051969099738888885,0.01612083926122429,0.0029499863021674355,0.0012428738221966667,3.903569861608447e-4,1.0227776873072276,156.51395698116605,0,0,0,0,0,0,0.594819738329342
M4,full,baseline_difference_sd,0,45,0,0.018610220001014997,0.0163092978402582,0.020089982457897552,0.037088320606588884,0.011654555567718182,0.0011408440522905192,0.0012287854714482858,3.383477862377596e-4,1.0132696414273534,320.27651313102535,0,0,0,0,0,0,0.6105108660928253
M4,full,time_trend_mean,0,45,0.8888888888888888,-0.0053805404442243635,-0.0058985945461023,0.03008588810229807,0.09839582199155555,0.030005495178608635,0.004462496364735129,0.0018304037979658804,5.591703012517539e-4,1.0132696414273534,320.27651313102535,0,0,0,0,0,0,0.6105108660928253
M4,full,time_trend_sd,0.13333333333333333,45,0.9555555555555556,0.006996609526100001,0.009199670559666667,0.02197323995994991,0.07518432944222221,0.02325904479191086,0.003140174899141861,0.0013901942698775309,4.219633631954043e-4,1.0132696414273534,320.27651313102535,0,0,0,0,0,0,0.6105108660928253
M4,full,treatment_effect_mean,-0.3374485596707819,45,0.8888888888888888,0.001979610760781916,-0.0014918117992180902,0.01742120579702959,0.07191492894444444,0.02200992406250429,0.002609334435594352,0.0023407429220285254,7.00218048820309e-4,1.0132696414273534,320.27651313102535,0,0,0,0,0,0,0.6105108660928253
M4,full,treatment_effect_sd,0.07626392697027408,45,0.8666666666666667,0.006032948381621665,0.00199175006972592,0.025542013203609562,0.06328882815044444,0.019632228195734146,0.0037416512285780193,0.0017098854215349525,5.28492294815529e-4,1.0132696414273534,320.27651313102535,0,0,0,0,0,0,0.6105108660928253
M4,naive,baseline_difference_sd,0,45,0,0.01804236213598037,0.015307872098572,0.019464196821565666,0.03677381963321111,0.011577752524051375,0.0011009100209164661,0.001233115289642236,3.451498992273614e-4,1.0186317079030514,143.88843995166664,0,0,0,0,0,0,0.5776273534451188
M4,naive,time_trend_mean,0,45,0.9111111111111111,-0.0012787951768785063,-0.00507672312691095,0.0381894096016614,0.12843788187577776,0.039600818355226795,0.005754041442600188,0.0037198993590716162,0.0011309044582749038,1.0186317079030514,143.88843995166664,0,0,0,0,0,0,0.5776273534451188
M4,naive,time_trend_sd,0.13333333333333333,45,0.9111111111111111,0.014763261170844446,0.01422208991916668,0.031316635860344874,0.10458912683888888,0.03294485374478612,0.004163635324860833,0.0028491828051698145,9.065508416586338e-4,1.0186317079030514,143.88843995166664,0,0,0,0,0,0,0.5776273534451188
M4,naive,treatment_effect_mean,-0.3374485596707819,45,0.8666666666666667,-0.0028540262616625306,-0.005731191144218106,0.023698563319538526,0.08071289467777777,0.02460351601668789,0.0035466899982042072,0.0021707518432408208,6.617696218129857e-4,1.0186317079030514,143.88843995166664,0,0,0,0,0,0,0.5776273534451188
M4,naive,treatment_effect_sd,0.07626392697027408,45,0.1111111111111111,0.053061000148137034,0.04945547122922593,0.05837445995756257,0.061486066798888885,0.019028720955085086,0.0036683778884123524,0.001566482754177865,4.840785054191621e-4,1.0186317079030514,143.88843995166664,0,0,0,0,0,0,0.5776273534451188
M5,full,baseline_difference_sd,0,45,0,0.01872556670840521,0.0162593032931625,0.020264222438974296,0.037131228931844444,0.011672194616810511,0.0011676692256691993,0.0012238414436398085,3.348038846908923e-4,1.0258365718335634,154.36750181417906,0,0,0,0,0,0,0.6219022621685355
M5,full,time_trend_mean,0,45,0.9111111111111111,-0.007738993527502917,-0.00646128023806615,0.047867766248905354,0.15096096108899998,0.04619223560464727,0.007121400246697386,0.00270460046606275,8.364794251657264e-4,1.0258365718335634,154.36750181417906,0,0,0,0,0,0,0.6219022621685355
M5,full,time_trend_sd,0.22222222222222224,45,0.9333333333333333,0.012392817544599987,0.014655843042777755,0.03372337866360425,0.11471207347777776,0.03555074621954175,0.004728262081729909,0.0022516710950652497,6.974636434281959e-4,1.0258365718335634,154.36750181417906,0,0,0,0,0,0,0.6219022621685355
M5,full,treatment_effect_mean,-0.3374485596707819,45,0.9333333333333333,0.002149126237004137,-0.002512339839218114,0.018092638422507797,0.07647679031111111,0.023495691534767816,0.0027082568257469843,0.0027416162736297977,8.326287498804656e-4,1.0258365718335634,154.36750181417906,0,0,0,0,0,0,0.6219022621685355
M5,full,treatment_effect_sd,0.07626392697027408,45,0.8444444444444444,0.007421481294354532,0.0027144205432259177,0.027642106120145258,0.06941036778633333,0.02167359718186677,0.004014201058726941,0.002700756698229867,8.357046104527646e-4,1.0258365718335634,154.36750181417906,0,0,0,0,0,0,0.6219022621685355
M5,naive,baseline_difference_sd,0,45,0,0.01811190221616652,0.0151538677786585,0.019536890888570156,0.03691399887684444,0.011598710222450036,0.001104218190147526,0.001250814795035621,3.535024450570357e-4,1.0251560021819648,143.06738775785948,0,0,0,0,0,0,0.605746146693993
M5,naive,time_trend_mean,0,45,0.9111111111111111,-0.002797440086639838,-0.00939095237527,0.06255741241074503,0.21221440446088888,0.0649957222095344,0.009421450593398913,0.006147066676667106,0.0018500832950744065,1.0251560021819648,143.06738775785948,0,0,0,0,0,0,0.605746146693993
M5,naive,time_trend_sd,0.22222222222222224,45,0.8666666666666667,0.025299240892322206,0.02654765799777775,0.05228554832604138,0.17031990979111108,0.05380987147499114,0.006898166709725161,0.004666898961052561,0.0014625265949761137,1.0251560021819648,143.06738775785948,0,0,0,0,0,0,0.605746146693993
M5,naive,treatment_effect_mean,-0.3374485596707819,45,0.9111111111111111,-0.006004743736084751,-0.007334348139218072,0.03328306875022491,0.11309139472222221,0.03456329448195841,0.00493527589285025,0.0033343144972983224,0.0010225134801699076,1.0251560021819648,143.06738775785948,0,0,0,0,0,0,0.605746146693993
M5,naive,treatment_effect_sd,0.07626392697027408,45,0,0.10948943516262592,0.10432108556472593,0.1154240361154851,0.08573514742666666,0.02660699802748564,0.00550778725772128,0.0024981143634091895,7.539412462982492e-4,1.0251560021819648,143.06738775785948,0,0,0,0,0,0,0.605746146693993
M6,full,baseline_difference_sd,0,45,0,0.018717634487796682,0.0166816516794635,0.02021885790795149,0.03704667444544444,0.011662472507983305,0.0011525897153325552,0.0012050233331587315,3.395683246998095e-4,1.0412647824712913,119.50840618349989,0,0,0,0,0,0,0.6392827909699602
M6,full,time_trend_mean,0,45,0.9111111111111111,-0.010934271381843429,-0.0088981297439485,0.06664932668914686,0.20727961652588886,0.06348467815957756,0.009911625930125994,0.00404993332915434,0.001238658161231869,1.0412647824712913,119.50840618349989,0,0,0,0,0,0,0.6392827909699602
M6,full,time_trend_sd,0.3111111111111111,45,0.9111111111111111,0.018453119087444438,0.02459199553388891,0.04548424439656091,0.15664289768888887,0.04839436473836383,0.006267337560484581,0.003291448497994556,9.975985361570159e-4,1.0412647824712913,119.50840618349989,0,0,0,0,0,0,0.6392827909699602
M6,full,treatment_effect_mean,-0.3374485596707819,45,0.9777777777777777,0.001974137944337463,-5.1038542180914526e-6,0.018274388107318573,0.07808950542222223,0.02386477199043096,0.0027388453110822313,0.0029744356761520962,8.998977799455982e-4,1.0412647824712913,119.50840618349989,0,0,0,0,0,0,0.6392827909699602
M6,full,treatment_effect_sd,0.07626392697027408,45,0.8888888888888888,0.007136283528295587,0.0034365696302259274,0.026842876973218997,0.07024928422533333,0.021980458620361347,0.0039010881395834694,0.0029747537077672555,9.674621063581981e-4,1.0412647824712913,119.50840618349989,0,0,0,0,0,0,0.6392827909699602
M6,naive,baseline_difference_sd,0,45,0,0.0181737735109155,0.0149348338292185,0.019574288328191972,0.036902793826911105,0.011604883573192613,0.001096137017906921,0.0012302954999289153,3.4149702557192843e-4,1.030173979877267,109.40102007710698,0,0,0,0,0,0,0.6134803584257182
M6,naive,time_trend_mean,0,45,0.9111111111111111,-0.0011756542870111598,-0.0081356886054235,0.08763816569532104,0.3014075016522222,0.09240843914104947,0.013210761731735278,0.008901684498083975,0.002740690313346369,1.030173979877267,109.40102007710698,0,0,0,0,0,0,0.6134803584257182
M6,naive,time_trend_sd,0.3111111111111111,45,0.9111111111111111,0.034969962351111106,0.03232295089388887,0.072406493501989,0.23688216607777776,0.07493323855996421,0.009558197379516995,0.006760901888554563,0.0021598470050125506,1.030173979877267,109.40102007710698,0,0,0,0,0,0,0.6134803584257182
M6,naive,treatment_effect_mean,-0.3374485596707819,45,0.9111111111111111,-0.008286639966273646,-0.007145608399218073,0.04404306671028563,0.14777195865555556,0.04505766772954747,0.006521160178631118,0.004200089405368253,0.0012629871872279147,1.030173979877267,109.40102007710698,0,0,0,0,0,0,0.6134803584257182
M6,naive,treatment_effect_sd,0.07626392697027408,45,0,0.16969784036167038,0.16860602704972594,0.17665237774801562,0.1115337837,0.03459108672495687,0.007398872058712489,0.0032362630609000767,0.0010150582218241193,1.030173979877267,109.40102007710698,0,0,0,0,0,0,0.6134803584257182
N1,full,baseline_difference_sd,0,15,0,0.02201942346703654,0.0202145586684749,0.02276603811250212,0.046729260033333324,0.014972076961729744,0.001545442181735414,0.0018541468220504619,5.167056158508405e-4,1.009723079324635,242.71112564730348,0,0.2,2,0.13333333333333333,0,0,0.6321421723748739
N1,full,time_trend_mean,-0.08998628257887518,15,0.8666666666666667,0.007273954669941185,0.008402628825025182,0.014952415888015286,0.05501206864666666,0.016827175967903552,0.003491462284199362,0.0040671799564393814,0.001221071589240873,1.009723079324635,242.71112564730348,0,0.2,2,0.13333333333333333,0,0,0.6321421723748739
N1,full,time_trend_sd,0.045528614603915496,15,0.8,0.002205577485518938,0.004804595505084504,0.01984504553634255,0.051681620938066664,0.0161308545560598,0.005270953155162745,0.002954065000714705,9.178709084092175e-4,1.009723079324635,242.71112564730348,0,0.2,2,0.13333333333333333,0,0,0.6321421723748739
N1,full,treatment_effect_mean,-0.3374485596707819,15,0.9333333333333333,-0.005189476337884758,-0.009430752539218101,0.025503659759042358,0.08105571823333334,0.02481245384131029,0.006673540484863289,0.00496583236190496,0.0015239783105833026,1.009723079324635,242.71112564730348,0,0.2,2,0.13333333333333333,0,0,0.6321421723748739
N1,full,treatment_effect_sd,0.07626392697027408,15,0.8,0.01141577577249592,0.007521187081725916,0.03192053386499286,0.06798232348666666,0.020995407326046517,0.007966898239134993,0.0037992013948734867,0.0011854479177107783,1.009723079324635,242.71112564730348,0,0.2,2,0.13333333333333333,0,0,0.6321421723748739
N1,naive,baseline_difference_sd,0,15,0,0.02128904428084121,0.021265381103642,0.021743435394427253,0.04627155991156666,0.014770745069688718,0.0011818138710115388,0.001652535225548843,4.679459628101691e-4,1.0144208129223884,316.8092359849255,0,0,0,0,0,0,0.6546551111188366
N1,naive,time_trend_mean,-0.08998628257887518,15,0.8666666666666667,0.005551333535842185,0.011725954819395187,0.01695465674084855,0.061154860046666655,0.019160292879169413,0.004281547460355185,0.005737762518379665,0.0018181475764400426,1.0144208129223884,316.8092359849255,0,0,0,0,0,0,0.6546551111188366
N1,naive,time_trend_sd,0.045528614603915496,15,0.8,0.003962530850880008,0.007323221744934501,0.02326558482170333,0.058341506642799995,0.018842912994279776,0.00612713977988621,0.0041377896680089565,0.0013911733743110469,1.0144208129223884,316.8092359849255,0,0,0,0,0,0,0.6546551111188366
N1,naive,treatment_effect_mean,-0.3374485596707819,15,0.4666666666666667,-0.04589065908021809,-0.04928460054921807,0.05126727120718452,0.08028914876666668,0.024476397514700547,0.006108428054828414,0.006636239044623528,0.001923292796114091,1.0144208129223884,316.8092359849255,0,0,0,0,0,0,0.6546551111188366
N1,naive,treatment_effect_sd,0.07626392697027408,15,0.5333333333333333,0.025595498158859257,0.01602043070722592,0.040721199123279754,0.06295174634666666,0.01977652007649913,0.008464575476814416,0.004146029919050618,0.001399218648470754,1.0144208129223884,316.8092359849255,0,0,0,0,0,0,0.6546551111188366
N2,full,baseline_difference_sd,0,15,0,0.017286855088093713,0.0157323852389327,0.017763054272104024,0.04048400559696666,0.013096743988499672,0.0010918770939782494,0.001826803938870315,5.652369233679496e-4,1.0129168391341226,214.02671016223198,0,0,0,0,0,0,0.705402537797707
N2,full,time_trend_mean,-0.08998628257887518,15,0.8666666666666667,-0.008312787172758148,-0.005444439386624811,0.016194929394658757,0.06036423279666666,0.018507348319211525,0.003714578494819046,0.004103928213883076,0.0012434187494453162,1.0129168391341226,214.02671016223198,0,0,0,0,0,0,0.705402537797707
N2,full,time_trend_sd,0.045528614603915496,15,0.9333333333333333,0.004539229726815955,0.0029387097048845026,0.016090093553414394,0.05734920057366666,0.017931198334189942,0.004125586573401392,0.0037810888996462296,0.001252417094982203,1.0129168391341226,214.02671016223198,0,0,0,0,0,0,0.705402537797707
N2,full,treatment_effect_mean,-0.3374485596707819,15,0.8666666666666667,-0.01097443653155142,-0.007611321839218088,0.02619260298890891,0.08493306849999997,0.02610655167275623,0.0063561791878317085,0.003621810947098797,0.0010927054966796946,1.0129168391341226,214.02671016223198,0,0,0,0,0,0,0.705402537797707
N2,full,treatment_effect_sd,0.07626392697027408,15,0.8,0.014354966724910923,0.010298166460225924,0.022757376415362945,0.07123379142666666,0.022046870293970414,0.0047195120180345655,0.0038571238287101023,0.0011053757212138762,1.0129168391341226,214.02671016223198,0,0,0,0,0,0,0.705402537797707
N2,naive,baseline_difference_sd,0,15,0,0.017021841156260823,0.015754713742304,0.017382681287190675,0.04022111430803333,0.013035229848923276,9.41675269440969e-4,0.0017002995900342022,5.057956013040966e-4,1.0154907192124605,245.34897951866463,0,0,0,0,0,0,0.6340718247784844
N2,naive,time_trend_mean,-0.08998628257887518,15,1,0.0043451854874065185,0.004310207700375185,0.016308668210231282,0.05824552696666667,0.018102330357404214,0.004201122484964501,0.003217048917109316,0.0010073113630690116,1.0154907192124605,245.34897951866463,0,0,0,0,0,0,0.6340718247784844
N2,naive,time_trend_sd,0.045528614603915496,15,1,0.0020472677519821274,0.0028944240029345064,0.012860095288756162,0.056085719598666664,0.017913355463968262,0.0033931732470988446,0.00189368252755704,6.463819042858158e-4,1.0154907192124605,245.34897951866463,0,0,0,0,0,0,0.6340718247784844
N2,naive,treatment_effect_mean,-0.3374485596707819,15,0.3333333333333333,-0.06693233797921809,-0.06561519347421807,0.06969507447866193,0.09938968709999998,0.030362479667207908,0.005192477658126176,0.003937640516564882,0.0011694279335925008,1.0154907192124605,245.34897951866463,0,0,0,0,0,0,0.6340718247784844
N2,naive,treatment_effect_sd,0.07626392697027408,15,0.06666666666666667,0.052288398392192584,0.049990807519225924,0.05535296117382755,0.07630561738666666,0.02383695187449924,0.0048541124265234535,0.0023798437862156937,7.820631787899007e-4,1.0154907192124605,245.34897951866463,0,0,0,0,0,0,0.6340718247784844
N3,full,baseline_difference_sd,0,15,0,0.021349825416793294,0.018070379220082,0.023333875274789716,0.0435135748437,0.013944980205202318,0.0025164415069681492,0.0026506684980174065,7.532316723958565e-4,1.01268837550408,240.73272319167253,0,0.26666666666666666,4,0.06666666666666667,0,0,0.6651225078233122
N3,full,time_trend_mean,-0.08998628257887518,15,0.9333333333333333,-0.013148327766600148,-0.012972633683124818,0.018765205861053465,0.070003712,0.021527961950702855,0.0035782520468376233,0.004932077716097569,0.0014917981287925085,1.01268837550408,240.73272319167253,0,0.26666666666666666,4,0.06666666666666667,0,0,0.6651225078233122
N3,full,time_trend_sd,0.045528614603915496,15,0.8666666666666667,0.01142144615882327,0.0146147029235845,0.023561662109615304,0.06437868553533332,0.019989709990177726,0.005507802835256169,0.0031772627137575077,0.0010023901845765018,1.01268837550408,240.73272319167253,0,0.26666666666666666,4,0.06666666666666667,0,0,0.6651225078233122
N3,full,treatment_effect_mean,-0.3374485596707819,15,0.6,-0.044113407051884754,-0.04030326149421809,0.04749654868173434,0.09881229313333334,0.03027612205799714,0.004705084293696736,0.0024820907827271515,7.766739842240673e-4,1.01268837550408,240.73272319167253,0,0.26666666666666666,4,0.06666666666666667,0,0,0.6651225078233122
N3,full,treatment_effect_sd,0.07626392697027408,15,0.7333333333333333,0.028974301624339255,0.028094812293225926,0.032865020569247234,0.08099667665333332,0.02502852077837714,0.004145560641033931,0.002696361630889311,7.683978289618261e-4,1.01268837550408,240.73272319167253,0,0.26666666666666666,4,0.06666666666666667,0,0,0.6651225078233122
N3,naive,baseline_difference_sd,0,15,0,0.020902959361343138,0.0184505662149315,0.02271247111359086,0.04317028241799999,0.013665176427969253,0.002374306425399943,0.0026275918007803833,7.362004028724611e-4,1.017225291287436,229.0855953586175,0,0,0,0,0,0,0.5963730204274922
N3,naive,time_trend_mean,-0.08998628257887518,15,0.8666666666666667,0.005266037057850518,0.008662743056375183,0.016113180386399167,0.062970474391,0.019507384733990604,0.00406995468446152,0.005518519988463486,0.0017122428924538334,1.017225291287436,229.0855953586175,0,0,0,0,0,0,0.5963730204274922
N3,naive,time_trend_sd,0.045528614603915496,15,0.8666666666666667,0.0076013643298277365,-3.3270577941549306e-4,0.023288037142408527,0.06098606388266666,0.019641365534163,0.005883098881368448,0.004122848731192957,0.0014138604488001909,1.017225291287436,229.0855953586175,0,0,0,0,0,0,0.5963730204274922
N3,naive,treatment_effect_mean,-0.3374485596707819,15,0,-0.10530665932021809,-0.10944094713421809,0.10644412669438737,0.11303826326666669,0.03444162720815593,0.004147801573865993,0.0028724695589690216,8.611654744645732e-4,1.017225291287436,229.0855953586175,0,0,0,0,0,0,0.5963730204274922
N3,naive,treatment_effect_sd,0.07626392697027408,15,0,0.07371027608262593,0.07410333110722593,0.07517168089111947,0.08974434280666665,0.02786006090705363,0.003942232940672813,0.0022410449960185916,7.394389509295641e-4,1.017225291287436,229.0855953586175,0,0,0,0,0,0,0.5963730204274922
N4,full,baseline_difference_sd,0,15,0,0.01924216669803391,0.0162781702481771,0.02024349099775392,0.04234538957946666,0.013616025791254292,0.0016805175338316556,0.0022068460313844824,6.279471844280781e-4,1.0140147207849737,55.20441994943221,0,1.4,13,0.26666666666666666,0.06666666666666667,0,0.6710719491518568
N4,full,time_trend_mean,-0.08998628257887518,15,0.8666666666666667,-0.023134419564024816,-0.025984479659624818,0.027452173089962846,0.07963880657666667,0.02560044244636697,0.0039498683413586805,0.007557483502460212,0.002499229940686638,1.0140147207849737,55.20441994943221,0,1.4,13,0.26666666666666666,0.06666666666666667,0,0.6710719491518568
N4,full,time_trend_sd,0.045528614603915496,15,0.9333333333333333,0.011261197888336804,0.0157742427080845,0.020997684720274582,0.08261568308633332,0.026723272341084663,0.0047365462532748745,0.008503823693566302,0.0030259554776424463,1.0140147207849737,55.20441994943221,0,1.4,13,0.26666666666666666,0.06666666666666667,0,0.6710719491518568
N4,full,treatment_effect_mean,-0.3374485596707819,15,0.4,-0.0665376037352181,-0.06146190473921809,0.07013510796255064,0.1221703409,0.03752615248548353,0.005926216922008053,0.007460765142384474,0.0024850586424184943,1.0140147207849737,55.20441994943221,0,1.4,13,0.26666666666666666,0.06666666666666667,0,0.6710719491518568
N4,full,treatment_effect_sd,0.07626392697027408,15,0.5333333333333333,0.05220016948765625,0.04179344696322593,0.05995912997297443,0.10636656538333332,0.03299773333953705,0.007884159401592181,0.008834079357591493,0.002942139238375826,1.0140147207849737,55.20441994943221,0,1.4,13,0.26666666666666666,0.06666666666666667,0,0.6710719491518568
N4,naive,baseline_difference_sd,0,15,0,0.01979173956549197,0.0171199827010834,0.02076288098947772,0.04369636644143333,0.01406652442631948,0.0016772484259932356,0.0022384736584973434,6.455036844661449e-4,1.0226471485685606,196.44849842030436,0,0,0,0,0,0,0.6333612693591775
N4,naive,time_trend_mean,-0.08998628257887518,15,0.8666666666666667,-0.003260024688632815,-0.00645455518017482,0.013855447768086056,0.056624941586666665,0.017581095893408016,0.0035990640835368115,0.003609850030755872,0.0011385455465766922,1.0226471485685606,196.44849842030436,0,0,0,0,0,0,0.6333612693591775
N4,naive,time_trend_sd,0.045528614603915496,15,1,0.001058320918913804,-0.0011865473464154966,0.015011063113797574,0.05588733435433333,0.01789774271585083,0.0040018921653120505,0.0024874972072263394,8.207585428628905e-4,1.0226471485685606,196.44849842030436,0,0,0,0,0,0,0.6333612693591775
N4,naive,treatment_effect_mean,-0.3374485596707819,15,0,-0.13424834723355142,-0.13139921284921807,0.135936994458697,0.14007240236666668,0.042798654409902326,0.0057086884128094515,0.006423952530658024,0.001999391557137374,1.0226471485685606,196.44849842030436,0,0,0,0,0,0,0.6333612693591775
N4,naive,treatment_effect_sd,0.07626392697027408,15,0,0.10756027866049259,0.10564479892472593,0.11195120428295685,0.10779603013333333,0.03351308431313807,0.008297411794742797,0.004803929278670432,0.0015188294274535424,1.0226471485685606,196.44849842030436,0,0,0,0,0,0,0.6333612693591775
N5,full,baseline_difference_sd,0,15,0,0.018962918433002865,0.0171932897001415,0.020064444169590977,0.04220469856016666,0.01342526485630793,0.0017523381184233672,0.0021623688496081785,6.138823049911967e-4,1.0281480347802234,105.65337858263587,0,0,0,0,0,0,0.640257942248831
N5,full,time_trend_mean,-0.08998628257887518,15,0.7333333333333333,-0.02985072616185815,-0.030156507623624818,0.03546537508588657,0.09222790075333333,0.029331529573290552,0.0051180840276163425,0.009715054286690594,0.003262090844472023,1.0281480347802234,105.65337858263587,0,0,0,0,0,0,0.640257942248831
N5,full,time_trend_sd,0.045528614603915496,15,0.8666666666666667,0.016285190399235337,0.013261336162084504,0.025413578894525023,0.08492983976733333,0.02746098322907675,0.005214283719395221,0.00932487747319633,0.0032145868253823967,1.0281480347802234,105.65337858263587,0,0,0,0,0,0,0.640257942248831
N5,full,treatment_effect_mean,-0.3374485596707819,15,0.2,-0.08761014811955142,-0.08925568621421809,0.09221469671455701,0.13294766196666669,0.040910504332496156,0.007690496160048046,0.00714479096784631,0.0023789251686591128,1.0281480347802234,105.65337858263587,0,0,0,0,0,0,0.640257942248831
N5,full,treatment_effect_sd,0.07626392697027408,15,0.4666666666666667,0.05348706412569592,0.05385873942922591,0.05829633074592089,0.10950705994666668,0.03397036162874147,0.006196751162916473,0.007714425913461632,0.002498187607744089,1.0281480347802234,105.65337858263587,0,0,0,0,0,0,0.640257942248831
N5,naive,baseline_difference_sd,0,15,0,0.01923593963489056,0.017533265701895544,0.020280190035339495,0.043070930587099994,0.013708650945746768,0.0017168229427040463,0.002424653306514064,6.603343616938933e-4,1.0263092721648865,197.965595867513,0,0.06666666666666667,1,0.06666666666666667,0,0,0.6031125996335551
N5,naive,time_trend_mean,-0.08998628257887518,15,1,-0.0030284758781048164,-0.002912055712924813,0.012246604778904728,0.05992206456333333,0.01860429647632513,0.0031713861600526556,0.003118188534570001,0.0010107362280947717,1.0263092721648865,197.965595867513,0,0.06666666666666667,1,0.06666666666666667,0,0,0.6031125996335551
N5,naive,time_trend_sd,0.045528614603915496,15,0.8666666666666667,0.0035894939765955575,0.0043352688408345025,0.013842625380915156,0.05721500367973333,0.01845423425823765,0.0035730520210152943,0.0025714245974714778,8.64388729208358e-4,1.0263092721648865,197.965595867513,0,0.06666666666666667,1,0.06666666666666667,0,0,0.6031125996335551
N5,naive,treatment_effect_mean,-0.3374485596707819,15,0,-0.16204165999788475,-0.16629316265421812,0.16381155980911033,0.14419403406666664,0.04397501129100188,0.006418319496475025,0.004828245736149335,0.001460980091868839,1.0263092721648865,197.965595867513,0,0.06666666666666667,1,0.06666666666666667,0,0,0.6031125996335551
N5,naive,treatment_effect_sd,0.07626392697027408,15,0,0.11693518128415925,0.11163919472472593,0.11904372121549463,0.11288839419999999,0.03544247606086891,0.005961608956321006,0.003763935052615931,0.0011980150487146523,1.0263092721648865,197.965595867513,0,0.06666666666666667,1,0.06666666666666667,0,0,0.6031125996335551
N6,full,baseline_difference_sd,0,15,0,0.018084306425971156,0.017622453964424,0.01863702600397835,0.04154087150309999,0.01345396167232591,0.001204058593868006,0.0020192286917222507,6.108904248749844e-4,1.0710436416202134,41.532406308241264,0.06666666666666667,9.6,83,0.4,0.13333333333333333,0,0.7197989469609335
N6,full,time_trend_mean,-0.08998628257887518,15,0.8,-0.025982028152279485,-0.01721106163162482,0.04704097305610888,0.11594302746333333,0.036286933113699966,0.010480551236728634,0.013156060480825751,0.004041683571146245,1.0710436416202134,41.532406308241264,0.06666666666666667,9.6,83,0.4,0.13333333333333333,0,0.7197989469609335
N6,full,time_trend_sd,0.045528614603915496,15,0.7333333333333333,0.030008993090718823,0.03167696827258451,0.047508048762653216,0.10764700241266664,0.03394775540100809,0.009843326350215393,0.01155870877758529,0.0036419402892413763,1.0710436416202134,41.532406308241264,0.06666666666666667,9.6,83,0.4,0.13333333333333333,0,0.7197989469609335
N6,full,treatment_effect_mean,-0.3374485596707819,15,0.06666666666666667,-0.11911973453188475,-0.11722109415421811,0.1290938231665977,0.16127185816666667,0.04915258179778749,0.01329796983652044,0.007537983138266373,0.002364277269132281,1.0710436416202134,41.532406308241264,0.06666666666666667,9.6,83,0.4,0.13333333333333333,0,0.7197989469609335
N6,full,treatment_effect_sd,0.07626392697027408,15,0.4666666666666667,0.07515477178160926,0.09032892712432593,0.08857849346729317,0.13757163799833333,0.04224753973190754,0.012529706938168779,0.008301728380925492,0.00261174790871865,1.0710436416202134,41.532406308241264,0.06666666666666667,9.6,83,0.4,0.13333333333333333,0,0.7197989469609335
N6,naive,baseline_difference_sd,0,15,0,0.01866933171295449,0.01838309501833095,0.019249280493965057,0.043026150594199994,0.013680112086626443,0.0012533057125348615,0.002057309124329311,6.171689057927142e-4,1.0185670603400223,259.4073604322499,0,0,0,0,0,0,0.6031086038033795
N6,naive,time_trend_mean,-0.08998628257887518,15,0.6666666666666666,0.01233042329417045,0.01349799851729018,0.024928527267616702,0.06526527837,0.02020523749457,0.005790337598835842,0.005318221352786679,0.0016713731534399,1.0185670603400223,259.4073604322499,0,0,0,0,0,0,0.6031086038033795
N6,naive,time_trend_sd,0.045528614603915496,15,0.8,0.008150343889004881,0.011906371536084502,0.022195518968528942,0.06154374353166667,0.020071812723882136,0.0055175884792781965,0.003379811090568944,0.0012019949663564606,1.0185670603400223,259.4073604322499,0,0,0,0,0,0,0.6031086038033795
N6,naive,treatment_effect_mean,-0.3374485596707819,15,0,-0.1966261771132181,-0.19332173411421805,0.19779919251845596,0.1669159666,0.05083755243379183,0.005748708145528927,0.005690157992780117,0.0017604200184054668,1.0185670603400223,259.4073604322499,0,0,0,0,0,0,0.6031086038033795
N6,naive,treatment_effect_sd,0.07626392697027408,15,0,0.14530177084725926,0.15314412464472593,0.148350412856435,0.12965468736666666,0.04058921934188068,0.00799660813508394,0.004337366113632012,0.0014001188887583888,1.0185670603400223,259.4073604322499,0,0,0,0,0,0,0.6031086038033795
N7,full,baseline_difference_sd,0,15,0,0.021118669988098457,0.0185541840943035,0.02221963033668946,0.04487200477253333,0.014380852483641089,0.0018461107812472021,0.0021499371950000623,6.243459493557627e-4,1.1746385958087984,9.136175747733073,0.13333333333333333,0.4666666666666667,2,0.3333333333333333,0,0,0.6607000629880422
N7,full,time_trend_mean,-0.08998628257887518,15,0.8,-0.04664807448066815,-0.052246121226124806,0.054571042518159425,0.1461626818633333,0.0478840693469155,0.0075685242417188395,0.019288443340969262,0.006606152533632494,1.1746385958087984,9.136175747733073,0.13333333333333333,0.4666666666666667,2,0.3333333333333333,0,0,0.6607000629880422
N7,full,time_trend_sd,0.045528614603915496,15,0.8666666666666667,0.03485150613772014,0.0378257292725845,0.04731497370809179,0.13854119136433332,0.04645379023466802,0.008552690708317108,0.017407229501003315,0.006235116691889378,1.1746385958087984,9.136175747733073,0.13333333333333333,0.4666666666666667,2,0.3333333333333333,0,0,0.6607000629880422
N7,full,treatment_effect_mean,-0.3374485596707819,15,0.4,-0.11121354838721809,-0.11945013157421808,0.11780483655335937,0.19756020209999997,0.06270827280692017,0.010383799781003707,0.011427089522947985,0.004125841349225852,1.1746385958087984,9.136175747733073,0.13333333333333333,0.4666666666666667,2,0.3333333333333333,0,0,0.6607000629880422
N7,full,treatment_effect_sd,0.07626392697027408,15,0.5333333333333333,0.09737631289023126,0.09991191442922591,0.10284745270775619,0.17614677543666665,0.05611095833848531,0.00884571008365851,0.01347469993025475,0.004752706052509664,1.1746385958087984,9.136175747733073,0.13333333333333333,0.4666666666666667,2,0.3333333333333333,0,0,0.6607000629880422
N7,naive,baseline_difference_sd,0,15,0,0.021195879521177765,0.0188708439533485,0.02221861970017915,0.045198693825399996,0.01447129843486255,0.0017808856686031657,0.0021663361760826164,6.375453681789994e-4,1.021028186555691,232.11857105188466,0,0,0,0,0,0,0.6621753605908441
N7,naive,time_trend_mean,-0.08998628257887518,15,1,-0.0045312734928231475,-0.006241783945224816,0.011879943582528639,0.06144315003666666,0.018970432712960023,0.002935017888206642,0.0026506041617125014,8.105786968462691e-4,1.021028186555691,232.11857105188466,0,0,0,0,0,0,0.6621753605908441
N7,naive,time_trend_sd,0.045528614603915496,15,1,0.005424855520298504,0.007347004576084504,0.012431917365685252,0.059091706056666665,0.019000275104720448,0.0029895474092615395,0.0016296834112762522,5.402147922040238e-4,1.021028186555691,232.11857105188466,0,0,0,0,0,0,0.6621753605908441
N7,naive,treatment_effect_mean,-0.3374485596707819,15,0,-0.20278534481088475,-0.2023064849992181,0.20455884951732178,0.19154930713333335,0.05899234012431523,0.007183447470106332,0.005091546158402773,0.0015214837227777273,1.021028186555691,232.11857105188466,0,0,0,0,0,0,0.6621753605908441
N7,naive,treatment_effect_sd,0.07626392697027408,15,0,0.1811201038613926,0.18931564339472595,0.18257879486770986,0.14881867193333334,0.046233590664132476,0.006155858490574147,0.003439890389229394,0.0010073125129354155,1.021028186555691,232.11857105188466,0,0,0,0,0,0,0.6621753605908441
O1,full,baseline_difference_sd,0,15,0,0.019811490400509568,0.017139171482315713,0.02095830530903681,0.04334030436303333,0.013938414575663438,0.001827476979282753,0.0022694515004935134,6.624387887771551e-4,1.1095280054155077,15.783637981038249,0.13333333333333333,0.9333333333333333,8,0.26666666666666666,0,0,0.6289448301167383
O1,full,time_trend_mean,-0.08998628257887518,15,0.8,-0.03653293833082481,-0.02820395785512482,0.05573241107674884,0.13507505441666665,0.043047908508516655,0.01124863820755926,0.019992840260147804,0.006044865930967533,1.1095280054155077,15.783637981038249,0.13333333333333333,0.9333333333333333,8,0.26666666666666666,0,0,0.6289448301167383
O1,full,time_trend_sd,0.045528614603915496,15,0.8,0.030068784762325336,0.0303172627873345,0.05412480240828702,0.12848269556266664,0.041541860679840406,0.012027832065235389,0.017704099444488728,0.005568444656116827,1.1095280054155077,15.783637981038249,0.13333333333333333,0.9333333333333333,8,0.26666666666666666,0,0,0.6289448301167383
O1,full,treatment_effect_mean,-0.3374485596707819,15,0.2,-0.14943300408155144,-0.1572418816192181,0.15494716029436814,0.2025200022333333,0.062014396669673656,0.010949232766505498,0.010336775108711938,0.0032035725330976502,1.1095280054155077,15.783637981038249,0.13333333333333333,0.9333333333333333,8,0.26666666666666666,0,0,0.6289448301167383
O1,full,treatment_effect_sd,0.07626392697027408,15,0.4,0.10743701097717766,0.10888112329822593,0.11635435623814043,0.173877903333,0.05334695399373153,0.011939205788020695,0.012338082113116749,0.0035181888981989833,1.1095280054155077,15.783637981038249,0.13333333333333333,0.9333333333333333,8,0.26666666666666666,0,0,0.6289448301167383
O1,naive,baseline_difference_sd,0,15,0,0.020480146978253518,0.0179116615374345,0.021787270788073188,0.0443686666165,0.014255302328285736,0.001986539491929922,0.0026258342875573096,7.558768045448368e-4,1.0146720109676783,214.14079435641213,0,0,0,0,0,0,0.6049225817745076
O1,naive,time_trend_mean,-0.08998628257887518,15,1,0.003004242020014518,0.004330557305375182,0.013400461571848163,0.05865137971333333,0.018004347364855462,0.003490260942186726,0.004319283426226991,0.0013282747539252945,1.0146720109676783,214.14079435641213,0,0,0,0,0,0,0.6049225817745076
O1,naive,time_trend_sd,0.045528614603915496,15,0.8666666666666667,0.001616663772489215,3.3322540658450167e-4,0.017405165721127044,0.05675381520123333,0.01815879645122425,0.004631616441270159,0.0031808694492353657,0.0010598676945494411,1.0146720109676783,214.14079435641213,0,0,0,0,0,0,0.6049225817745076
O1,naive,treatment_effect_mean,-0.3374485596707819,15,0,-0.23357052937821807,-0.23235663151421804,0.23468294746565077,0.1979232865,0.06029089020647783,0.006099728548669592,0.005156211359682881,0.0016214415117818855,1.0146720109676783,214.14079435641213,0,0,0,0,0,0,0.6049225817745076
O1,naive,treatment_effect_sd,0.07626392697027408,15,0,0.18662804804105926,0.18722474916972592,0.18794211387969273,0.15244141003333334,0.04751604505780096,0.005929405257765636,0.003940426680215594,0.0011992726357648701,1.0146720109676783,214.14079435641213,0,0,0,0,0,0,0.6049225817745076
O2,full,baseline_difference_sd,0,15,0,0.017997996781083207,0.017370421147395,0.018695757446544534,0.04099428482709999,0.013268480879537522,0.0013523381436857523,0.0020517621321117564,6.060621250964811e-4,1.023294255868931,147.4842162553044,0,1.7333333333333334,15,0.3333333333333333,0.06666666666666667,0,0.6781962871753721
O2,full,time_trend_mean,-0.08998628257887518,15,0.4666666666666667,-0.04331912731092381,-0.036947288818624816,0.06085363754858052,0.10182608814333333,0.03224969140251115,0.011422466621012366,0.00957043483141611,0.0030168750852270334,1.023294255868931,147.4842162553044,0,1.7333333333333334,15,0.3333333333333333,0.06666666666666667,0,0.6781962871753721
O2,full,time_trend_sd,0.045528614603915496,15,0.7333333333333333,0.0336842226421708,0.025135467250584506,0.05032057545495738,0.09319728931666665,0.029497018371648257,0.009991187041984003,0.00734320018900805,0.002278604466615907,1.023294255868931,147.4842162553044,0,1.7333333333333334,15,0.3333333333333333,0.06666666666666667,0,0.6781962871753721
O2,full,treatment_effect_mean,-0.3374485596707819,15,0.26666666666666666,-0.09192624925821809,-0.10186316075421809,0.0998534741729181,0.13590212783333333,0.041655011111850944,0.010420724548834597,0.00930708893855205,0.0028583074502723407,1.023294255868931,147.4842162553044,0,1.7333333333333334,15,0.3333333333333333,0.06666666666666667,0,0.6781962871753721
O2,full,treatment_effect_sd,0.07626392697027408,15,0.26666666666666666,0.05877038110322786,0.05873254203272592,0.07535257789657375,0.11399482494966666,0.03537447867825771,0.012604005317586755,0.006966774217951837,0.00213389387311149,1.023294255868931,147.4842162553044,0,1.7333333333333334,15,0.3333333333333333,0.06666666666666667,0,0.6781962871753721
O2,naive,baseline_difference_sd,0,15,0,0.018064504936939493,0.018111309683387,0.01857208117314814,0.04186608741643332,0.01355152445352281,0.0011525084593830288,0.0021791845121757014,6.352790349304894e-4,1.016995042677898,221.1278279731425,0,0,0,0,0,0,0.6191647799930244
O2,naive,time_trend_mean,-0.08998628257887518,15,0.6666666666666666,-0.0034700622208448484,-0.006942479956824815,0.02595201558676153,0.06755501056999999,0.021153062184784854,0.006873685750740067,0.004916266012692881,0.0015744988441857,1.016995042677898,221.1278279731425,0,0,0,0,0,0,0.6191647799930244
O2,naive,time_trend_sd,0.045528614603915496,15,0.8666666666666667,0.012236852393440032,0.0134937874210845,0.02278309537782413,0.06416755778666666,0.020560574979321292,0.005136208151769108,0.003496782062742135,0.0011803478898495155,1.016995042677898,221.1278279731425,0,0,0,0,0,0,0.6191647799930244
O2,naive,treatment_effect_mean,-0.3374485596707819,15,0,-0.17799466365755143,-0.17650115073921813,0.17923258017860344,0.1575477092333333,0.04832727306035595,0.00562022817860791,0.004593432896132397,0.0014932434569746495,1.016995042677898,221.1278279731425,0,0,0,0,0,0,0.6191647799930244
O2,naive,treatment_effect_sd,0.07626392697027408,15,0,0.13691778741169258,0.14187696463472593,0.13895328063326048,0.12560809469999998,0.03903295834031028,0.006333210024670395,0.0038869335483714745,0.0012237118988168301,1.016995042677898,221.1278279731425,0,0,0,0,0,0,0.6191647799930244
O3,full,baseline_difference_sd,0,15,0,0.02097911215720528,0.0194876293961265,0.022349283006402838,0.044768574808899994,0.01425000761698999,0.0020592527076533714,0.0027227056655043766,7.869327865427274e-4,1.0164892099381708,301.25251806357966,0,0.26666666666666666,3,0.13333333333333333,0,0,0.665937376914185
O3,full,time_trend_mean,-0.08998628257887518,15,0.7333333333333333,-0.021013339480310814,-0.02393739920862481,0.029620021802649138,0.07352523477,0.02252163847108679,0.0055792040873396285,0.0045448312354236554,0.0013287187566331504,1.0164892099381708,301.25251806357966,0,0.26666666666666666,3,0.13333333333333333,0,0,0.665937376914185
O3,full,time_trend_sd,0.045528614603915496,15,0.8666666666666667,0.013870256736410371,0.006383489117584504,0.023834578709973447,0.06581933746299999,0.020492170777902448,0.005180341414203605,0.0035542269613034632,0.001117113567522634,1.0164892099381708,301.25251806357966,0,0.26666666666666666,3,0.13333333333333333,0,0,0.665937376914185
O3,full,treatment_effect_mean,-0.3374485596707819,15,0.7333333333333333,-0.03563235461121809,-0.03350217049421811,0.0441884194947063,0.09496721356666667,0.029031626974832764,0.006984430247243532,0.0032616466056846795,9.764350282108113e-4,1.0164892099381708,301.25251806357966,0,0.26666666666666666,3,0.13333333333333333,0,0,0.665937376914185
O3,full,treatment_effect_sd,0.07626392697027408,15,0.8,0.0190531667175602,0.01878043899922592,0.029585944660604917,0.08090077173233333,0.024818849664405035,0.006049232297769179,0.0030106964089729217,8.799385756804882e-4,1.0164892099381708,301.25251806357966,0,0.26666666666666666,3,0.13333333333333333,0,0,0.665937376914185
O3,naive,baseline_difference_sd,0,15,0,0.021652764236919537,0.020039087608235,0.023175497935375437,0.0455834459856,0.014479567459210281,0.002208126313884521,0.0027673133708336567,7.694822339588379e-4,1.0148521576631397,237.1536310754911,0,0,0,0,0,0,0.5986800962544335
O3,naive,time_trend_mean,-0.08998628257887518,15,0.9333333333333333,0.002200322974239185,4.303201099017939e-5,0.014711259185264537,0.06150948471999999,0.01907052751153711,0.0038875233175696233,0.0038838294052447714,0.0012196735209528548,1.0148521576631397,237.1536310754911,0,0,0,0,0,0,0.5986800962544335
O3,naive,time_trend_sd,0.045528614603915496,15,0.9333333333333333,0.005616743040309504,0.0024636370845845038,0.015318563313278341,0.058675234281333324,0.018874724792265634,0.0038089235412388767,0.0026187145101269787,8.682808590305412e-4,1.0148521576631397,237.1536310754911,0,0,0,0,0,0,0.5986800962544335
O3,naive,treatment_effect_mean,-0.3374485596707819,15,0,-0.10253524495188475,-0.09924251979421811,0.1050657336833415,0.11502690463333333,0.03508809023034675,0.006125659947395944,0.003445125835083609,0.0010435321393520798,1.0148521576631397,237.1536310754911,0,0,0,0,0,0,0.5986800962544335
O3,naive,treatment_effect_sd,0.07626392697027408,15,0,0.07406790499005926,0.07806015341072593,0.07581007225026262,0.08890587322333333,0.027637293806441185,0.004318667990526656,0.0025239130990827047,7.750282946616527e-4,1.0148521576631397,237.1536310754911,0,0,0,0,0,0,0.5986800962544335
O4,full,baseline_difference_sd,0,15,0,0.02053222123166271,0.017877829475355,0.021411276325634335,0.043728648925333326,0.014021115016974046,0.001622842417900685,0.001847562572296067,5.031096629295198e-4,1.0102101239073227,244.24496293146666,0,0.3333333333333333,3,0.13333333333333333,0,0,0.6128364352500242
O4,full,time_trend_mean,-0.08998628257887518,15,0.8666666666666667,-0.009330935612406815,-0.009304191994604818,0.021171504222402618,0.060436330633333334,0.018522295531868325,0.005079132600555293,0.002969151987299477,8.864921753180565e-4,1.0102101239073227,244.24496293146666,0,0.3333333333333333,3,0.13333333333333333,0,0,0.6128364352500242
O4,full,time_trend_sd,0.045528614603915496,15,0.8666666666666667,0.006833315225344837,0.009235283045584505,0.01646641977082984,0.056508590385333325,0.017752078748451538,0.004004004986976399,0.0022954431493058284,7.416872377536091e-4,1.0102101239073227,244.24496293146666,0,0.3333333333333333,3,0.13333333333333333,0,0,0.6128364352500242
O4,full,treatment_effect_mean,-0.3374485596707819,15,0.8666666666666667,-0.02318966314221809,-0.019332965639218103,0.03648612640003692,0.08490050069999999,0.026168571362510256,0.007528407833143563,0.004343454942882892,0.0013504143084117947,1.0102101239073227,244.24496293146666,0,0.3333333333333333,3,0.13333333333333333,0,0,0.6128364352500242
O4,full,treatment_effect_sd,0.07626392697027408,15,0.7333333333333333,0.015352714324917955,0.014209340497725917,0.03057491339814212,0.07085265159833333,0.022016883401934632,0.007066619176307262,0.0033985550767584955,0.0010742505032617516,1.0102101239073227,244.24496293146666,0,0.3333333333333333,3,0.13333333333333333,0,0,0.6128364352500242
O4,naive,baseline_difference_sd,0,15,0,0.0206149699675763,0.018268712344672,0.0212898298046756,0.04484751332133333,0.01436566201868367,0.001421263681878629,0.0016229853487996556,4.402209368438649e-4,1.0124931534054795,283.14251029188705,0,0.06666666666666667,1,0.06666666666666667,0,0,0.6237751453372451
O4,naive,time_trend_mean,-0.08998628257887518,15,0.8666666666666667,0.004199496224868687,0.005912465352425178,0.020269307991824588,0.061581179789999996,0.01904229901511148,0.005299656848222464,0.0043592006972117394,0.0013656645260394214,1.0124931534054795,283.14251029188705,0,0.06666666666666667,1,0.06666666666666667,0,0,0.6237751453372451
O4,naive,time_trend_sd,0.045528614603915496,15,0.9333333333333333,0.005916741628367704,0.0015090534216345014,0.018183246575477065,0.05911888030266666,0.018911261908802754,0.00459520421221749,0.0028007425780176283,0.0010139246584334627,1.0124931534054795,283.14251029188705,0,0.06666666666666667,1,0.06666666666666667,0,0,0.6237751453372451
O4,naive,treatment_effect_mean,-0.3374485596707819,15,0,-0.08081637799821809,-0.07920233881921807,0.08371214833848158,0.0966164123,0.029537647559451423,0.005833626822710562,0.0041281099956134324,0.001243147025432218,1.0124931534054795,283.14251029188705,0,0.06666666666666667,1,0.06666666666666667,0,0,0.6237751453372451
O4,naive,treatment_effect_sd,0.07626392697027408,15,0.13333333333333333,0.052967400734525924,0.05319896760872593,0.057798097436616326,0.07887012086333332,0.024689679689546745,0.006182200987632255,0.0037234016002784345,0.0011392438925382207,1.0124931534054795,283.14251029188705,0,0.06666666666666667,1,0.06666666666666667,0,0,0.6237751453372451
O5,full,baseline_difference_sd,0,15,0,0.01911169605449534,0.01621514068624825,0.02022901217616667,0.04134841532493333,0.013290852073975028,0.0017719240459392197,0.0021385800907085285,6.008131484484613e-4,1.014601838866361,244.86733680810784,0,0.06666666666666667,1,0.06666666666666667,0,0,0.6960563949181899
O5,full,time_trend_mean,-0.08998628257887518,15,1,4.437155251185182e-4,0.0016357189348751855,0.01131410404137083,0.058306739419999996,0.017978939754008865,0.003021495216323635,0.0026896587278665905,8.341093900743709e-4,1.014601838866361,244.86733680810784,0,0.06666666666666667,1,0.06666666666666667,0,0,0.6960563949181899
O5,full,time_trend_sd,0.045528614603915496,15,0.8666666666666667,0.008662970516994505,0.003587332987534504,0.01649219083995302,0.05432486345333332,0.016995147046226337,0.0037506694690330597,0.0023420393248437836,7.129778682333461e-4,1.014601838866361,244.86733680810784,0,0.06666666666666667,1,0.06666666666666667,0,0,0.6960563949181899
O5,full,treatment_effect_mean,-0.3374485596707819,15,0.9333333333333333,-0.004172743618884759,2.2532757078191912e-4,0.02110362157881524,0.07528052426666666,0.02302548303185615,0.005528827403662763,0.003979659135176949,0.0012167091225724895,1.014601838866361,244.86733680810784,0,0.06666666666666667,1,0.06666666666666667,0,0,0.6960563949181899
O5,full,treatment_effect_sd,0.07626392697027408,15,0.8666666666666667,0.001783155518417355,0.005276965163725916,0.02258308807525841,0.06545965374866666,0.020175647829980596,0.006016739882622815,0.002433531870384394,7.658296000164088e-4,1.014601838866361,244.86733680810784,0,0.06666666666666667,1,0.06666666666666667,0,0,0.6960563949181899
O5,naive,baseline_difference_sd,0,15,0,0.018646190635767303,0.015740364291148196,0.019649238372508215,0.04103561106796666,0.013194540431362051,0.001656419188539652,0.002244494668247893,6.057550414470866e-4,1.0091087205140095,361.37887276131363,0,0,0,0,0,0,0.6441422623698918
O5,naive,time_trend_mean,-0.08998628257887518,15,0.9333333333333333,0.005121312836035918,0.004375830317375179,0.014195628134936186,0.062364915136666664,0.01929258950716341,0.0035384420803193433,0.004321536771691677,0.0013174409062610413,1.0091087205140095,361.37887276131363,0,0,0,0,0,0,0.6441422623698918
O5,naive,time_trend_sd,0.045528614603915496,15,0.9333333333333333,0.0075721521604678365,0.002640983269934505,0.01872144348509206,0.05872187425333333,0.018909490965226913,0.0045759851228546426,0.004027670577961538,0.0012697430021203048,1.0091087205140095,361.37887276131363,0,0,0,0,0,0,0.6441422623698918
O5,naive,treatment_effect_mean,-0.3374485596707819,15,0.3333333333333333,-0.05116092644588475,-0.04956116498921809,0.054380263010779924,0.0812588103,0.024983664491854518,0.004926405603047793,0.0035377517643623486,0.001048202829699076,1.0091087205140095,361.37887276131363,0,0,0,0,0,0,0.6441422623698918
O5,naive,treatment_effect_sd,0.07626392697027408,15,0.4,0.029487285483559254,0.03172301405572592,0.03461979958145197,0.06470540756,0.020152747416722707,0.004847904686349245,0.0024514473904862443,7.790311453937402e-4,1.0091087205140095,361.37887276131363,0,0,0,0,0,0,0.6441422623698918
O6,full,baseline_difference_sd,0,15,0,0.021309987805007813,0.0178380338475125,0.022936947414581212,0.045326783692,0.014467747084552236,0.0022675974770303546,0.0029220208068682666,8.39632101825652e-4,1.0114987447699246,176.4459730355096,0,1.5333333333333334,23,0.06666666666666667,0.06666666666666667,0,0.6837864392170271
O6,full,time_trend_mean,-0.08998628257887518,15,0.8,0.002686024793592818,0.008438693093649183,0.01680509593879858,0.058795251906666665,0.018042550070065024,0.004433609625192782,0.004628664263554465,0.0014051562988489697,1.0114987447699246,176.4459730355096,0,1.5333333333333334,23,0.06666666666666667,0.06666666666666667,0,0.6837864392170271
O6,full,time_trend_sd,0.045528614603915496,15,0.8,0.006112859218883137,0.002640510582934505,0.0245625612333223,0.05917822784766666,0.018291290860468542,0.006358079036665661,0.005249378610834856,0.0015902383807837332,1.0114987447699246,176.4459730355096,0,1.5333333333333334,23,0.06666666666666667,0.06666666666666667,0,0.6837864392170271
O6,full,treatment_effect_mean,-0.3374485596707819,15,0.8,0.017850384174448584,0.014686359735781918,0.03067088308380309,0.08031115096666665,0.0245736992141641,0.006665834284752327,0.0031531888715550073,9.628411385164586e-4,1.0114987447699246,176.4459730355096,0,1.5333333333333334,23,0.06666666666666667,0.06666666666666667,0,0.6837864392170271
O6,full,treatment_effect_sd,0.07626392697027408,15,0.8,0.007689032412737253,0.008595079229725924,0.01968598154708878,0.07157173478133333,0.0219931646424259,0.004843380239550796,0.004641784231443815,0.001450307091326851,1.0114987447699246,176.4459730355096,0,1.5333333333333334,23,0.06666666666666667,0.06666666666666667,0,0.6837864392170271
O6,naive,baseline_difference_sd,0,15,0,0.021157091615178415,0.017944120395067,0.0228703037921278,0.045143197063666665,0.01446328518899906,0.002321149190920653,0.003003434045012371,8.326135300367753e-4,1.0087429069631917,335.22409289341005,0,0,0,0,0,0,0.6242498139025882
O6,naive,time_trend_mean,-0.08998628257887518,15,0.8666666666666667,-0.002268961744067149,-1.0495117881481608e-4,0.016861260752269933,0.05625592110666666,0.01758354838096723,0.004465374138540099,0.0036802513411875854,0.0011835365826538967,1.0087429069631917,335.22409289341005,0,0,0,0,0,0,0.6242498139025882
O6,naive,time_trend_sd,0.045528614603915496,15,0.9333333333333333,3.2754119283304e-4,4.425430877345038e-4,0.016121304853236366,0.05654259985666666,0.018014063771689424,0.004307710586328891,0.0022394784265787598,7.401624495760568e-4,1.0087429069631917,335.22409289341005,0,0,0,0,0,0,0.6242498139025882
O6,naive,treatment_effect_mean,-0.3374485596707819,15,0.8,-0.023061365656884755,-0.026114068069218066,0.03088398953575835,0.07806169423333333,0.02378825122410441,0.005490213524889327,0.004473201068917839,0.0013597934268075502,1.0087429069631917,335.22409289341005,0,0,0,0,0,0,0.6242498139025882
O6,naive,treatment_effect_sd,0.07626392697027408,15,0.6,0.02313016033442592,0.021165518867225924,0.032812030653776976,0.06279377608333334,0.019599361259009306,0.006219927873537658,0.0034666971132451736,0.0010843574452694463,1.0087429069631917,335.22409289341005,0,0,0,0,0,0,0.6242498139025882
O7,full,baseline_difference_sd,0,15,0,0.017406327059612543,0.0165040070092176,0.017720341375054682,0.04074258146713333,0.013175171853158068,8.876243068790445e-4,0.0016069520524958185,5.122462614900624e-4,1.0089335613060053,292.8635701668952,0,0,0,0,0,0,0.6980424416525411
O7,full,time_trend_mean,-0.08998628257887518,15,0.7333333333333333,0.013008343794385384,0.016117884478148686,0.021594884156255774,0.06408084261,0.019656028719281068,0.0046068428408896096,0.004220452923422317,0.0012769285868411103,1.0089335613060053,292.8635701668952,0,0,0,0,0,0,0.6980424416525411
O7,full,time_trend_sd,0.045528614603915496,15,0.8666666666666667,0.008529670588586785,0.0123287549745845,0.01924925403482605,0.058809130430533325,0.018368784676366007,0.004611929411455412,0.0037734100916693362,0.0011419544682425104,1.0089335613060053,292.8635701668952,0,0,0,0,0,0,0.6980424416525411
O7,full,treatment_effect_mean,-0.3374485596707819,15,0.8,0.02743926788411525,0.03235965773078192,0.0343136213220122,0.08829272706666666,0.02701857029325587,0.005506562229443103,0.004636692718999545,0.0014031128814444428,1.0089335613060053,292.8635701668952,0,0,0,0,0,0,0.6980424416525411
O7,full,treatment_effect_sd,0.07626392697027408,15,0.7333333333333333,0.017984012624532586,0.0057983770207259144,0.031860363450978126,0.07576539179,0.023332161482427442,0.007028808317758501,0.0038911698401984016,0.0011940953522652795,1.0089335613060053,292.8635701668952,0,0,0,0,0,0,0.6980424416525411
O7,naive,baseline_difference_sd,0,15,0,0.017415499895447283,0.017262698781676,0.01774668811245479,0.041432682871299996,0.013416822687764899,9.120347092556984e-4,0.001641801337461356,5.234410390256718e-4,1.0104038182400117,348.36766553859877,0,0,0,0,0,0,0.6373006601891065
O7,naive,time_trend_mean,-0.08998628257887518,15,0.8666666666666667,-5.908031349589985e-4,1.171791698751784e-4,0.01713302361455286,0.06329646018999999,0.019654246034638608,0.0045762699239239165,0.004456913365740509,0.0013770823716463384,1.0104038182400117,348.36766553859877,0,0,0,0,0,0,0.6373006601891065
O7,naive,time_trend_sd,0.045528614603915496,15,0.8666666666666667,0.006433477772125404,0.006354527880084504,0.018689910209186936,0.059295876613333326,0.01916967035444056,0.004689830238955033,0.0031449481806418754,0.0011074986708207054,1.0104038182400117,348.36766553859877,0,0,0,0,0,0,0.6373006601891065
O7,naive,treatment_effect_mean,-0.3374485596707819,15,1,-0.003538405272884759,-4.924861242180945e-4,0.013493263110283413,0.0729495693,0.02214949869194868,0.003480022962651627,0.003885046806284647,0.0012126994764517186,1.0104038182400117,348.36766553859877,0,0,0,0,0,0,0.6373006601891065
O7,naive,treatment_effect_sd,0.07626392697027408,15,0.7333333333333333,0.01512767259802592,0.016419344610725917,0.025299711978519046,0.058367858079999994,0.01818635814465475,0.005419732122814583,0.002702274442031221,8.573159910753462e-4,1.0104038182400117,348.36766553859877,0,0,0,0,0,0,0.6373006601891065
O8,full,baseline_difference_sd,0,15,0,0.022058282250369293,0.02015204340965535,0.02307804331782769,0.046848360736666664,0.015014594125714504,0.0018132107974248774,0.0019108373451724645,5.537576399282234e-4,1.02373155433649,152.51415317809037,0,1.6666666666666667,14,0.13333333333333333,0.13333333333333333,0,0.6307871947004805
O8,full,time_trend_mean,-0.08998628257887518,15,0.7333333333333333,0.032472014457683517,0.035899056546385186,0.039066560186184485,0.0932788048705,0.029093739199325667,0.005804951100081767,0.006077425523948054,0.001851043576897811,1.02373155433649,152.51415317809037,0,1.6666666666666667,14,0.13333333333333333,0.13333333333333333,0,0.6307871947004805
O8,full,time_trend_sd,0.045528614603915496,15,0.8,0.028389482963850507,0.027809868183084507,0.03580890584341125,0.08057823975833334,0.025473777142060026,0.005832880902677844,0.005162733576977709,0.001657125309903087,1.02373155433649,152.51415317809037,0,1.6666666666666667,14,0.13333333333333333,0.13333333333333333,0,0.6307871947004805
O8,full,treatment_effect_mean,-0.3374485596707819,15,0.4666666666666667,0.049848111216115244,0.05666875522078191,0.0542727139578386,0.11759275716666666,0.035945995392756044,0.0057364329915722155,0.0068528776092490855,0.0020759799200790983,1.02373155433649,152.51415317809037,0,1.6666666666666667,14,0.13333333333333333,0.13333333333333333,0,0.6307871947004805
O8,full,treatment_effect_sd,0.07626392697027408,15,0.6,0.036745957941508686,0.031693552421225915,0.05150830969412766,0.09944021907166667,0.030744090831462702,0.009646763122960098,0.005990873832174832,0.001808198241699733,1.02373155433649,152.51415317809037,0,1.6666666666666667,14,0.13333333333333333,0.13333333333333333,0,0.6307871947004805
O8,naive,baseline_difference_sd,0,15,0,0.022144835237669323,0.0205273290263045,0.023125920951129076,0.047837494058999994,0.015209521364731676,0.0017811411296924594,0.0019771738485494946,5.398678612529378e-4,1.011425116715272,226.1497020243978,0,0,0,0,0,0,0.6340977502291792
O8,naive,time_trend_mean,-0.08998628257887518,15,1,-0.0010351655234740816,-0.004681535093474812,0.013389917903890955,0.07081129907,0.021960800648063918,0.0035678958766432443,0.004004398467539129,0.0012210853010802677,1.011425116715272,226.1497020243978,0,0,0,0,0,0,0.6340977502291792
O8,naive,time_trend_sd,0.045528614603915496,15,0.8,0.015872667601184172,0.019828768338584504,0.022284532644616998,0.06585040807333332,0.021422669374459732,0.004180386332209355,0.0027528734953633006,0.0010022555805086393,1.011425116715272,226.1497020243978,0,0,0,0,0,0,0.6340977502291792
O8,naive,treatment_effect_mean,-0.3374485596707819,15,0.6,0.03774904300644858,0.038808953325781936,0.04122289968065878,0.0846832389,0.025599254529732156,0.00442668216758131,0.004605740438977854,0.0013513523370833791,1.011425116715272,226.1497020243978,0,0,0,0,0,0,0.6340977502291792
O8,naive,treatment_effect_sd,0.07626392697027408,15,0.6666666666666666,0.03147544927709259,0.023156999275725926,0.03833981424444568,0.06762161497666666,0.02105926127698551,0.005850747504768521,0.0032266383793490136,9.916671813638422e-4,1.011425116715272,226.1497020243978,0,0,0,0,0,0,0.6340977502291792
O9,full,baseline_difference_sd,0,15,0,0.01754510690045697,0.01740562210298,0.01784881795761539,0.04085650539039999,0.013234641417269268,8.76255276553535e-4,0.0015930058990633118,4.927863962348059e-4,1.024935531873906,128.17788847127673,0,2.066666666666667,19,0.26666666666666666,0.06666666666666667,0,0.6666167294070692
O9,full,time_trend_mean,-0.08998628257887518,15,0.8666666666666667,0.022555650048172313,0.01929819359387519,0.032653410430050774,0.09991744471185332,0.031529952921208866,0.006310353531061546,0.008786253895738356,0.002650286030360465,1.024935531873906,128.17788847127673,0,2.066666666666667,19,0.26666666666666666,0.06666666666666667,0,0.6666167294070692
O9,full,time_trend_sd,0.045528614603915496,15,0.9333333333333333,0.01724762822445274,0.015959299601284505,0.02678438699605969,0.09252701953766666,0.029320944526994665,0.005476721564858152,0.007488124501250135,0.0023061038366428417,1.024935531873906,128.17788847127673,0,2.066666666666667,19,0.26666666666666666,0.06666666666666667,0,0.6666167294070692
O9,full,treatment_effect_mean,-0.3374485596707819,15,0.06666666666666667,0.11272608834881524,0.11893495951128191,0.11700617802274772,0.1459369679,0.04450340654771005,0.008380567237305729,0.006163590934018935,0.0018793942623911014,1.024935531873906,128.17788847127673,0,2.066666666666667,19,0.26666666666666666,0.06666666666666667,0,0.6666167294070692
O9,full,treatment_effect_sd,0.07626392697027408,15,0.4,0.06820166893583558,0.06613372577672592,0.07444558135695048,0.1222429565,0.03729367064561831,0.007976200930361577,0.006387156820939928,0.0019529424617712092,1.024935531873906,128.17788847127673,0,2.066666666666667,19,0.26666666666666666,0.06666666666666667,0,0.6666167294070692
O9,naive,baseline_difference_sd,0,15,0,0.017606295998240283,0.0169571114512575,0.01798968172099189,0.040492511250599994,0.013094823697972253,9.873119945784249e-4,0.0016000518558532246,4.822104622276793e-4,1.0098997945348382,214.05573868061666,0,0,0,0,0,0,0.6385983401921436
O9,naive,time_trend_mean,-0.08998628257887518,15,0.9333333333333333,-0.007014943391445484,-0.0049094092931248196,0.017531920940636967,0.05942077608333333,0.0184575453012589,0.004294172305774755,0.003049900536963453,9.828446427785865e-4,1.0098997945348382,214.05573868061666,0,0,0,0,0,0,0.6385983401921436
O9,naive,time_trend_sd,0.045528614603915496,15,1,0.003758280490781937,0.0018286435125845005,0.012639880771405768,0.05733242398466666,0.018583039309040036,0.003225367240086902,0.0020756479158742605,7.883578988114698e-4,1.0098997945348382,214.05573868061666,0,0,0,0,0,0,0.6385983401921436
O9,naive,treatment_effect_mean,-0.3374485596707819,15,0,0.09371709940621524,0.09430283278578191,0.09516484674312432,0.0931846836,0.028564081010907228,0.0044195453428727185,0.0040079146348795764,0.0012185048940620577,1.0098997945348382,214.05573868061666,0,0,0,0,0,0,0.6385983401921436
O9,naive,treatment_effect_sd,0.07626392697027408,15,0.3333333333333333,0.04624709256219259,0.048884795670225925,0.05073863262421082,0.07486797151666666,0.023326485855379143,0.005578115850091717,0.002935268801541499,9.65421868964576e-4,1.0098997945348382,214.05573868061666,0,0,0,0,0,0,0.6385983401921436
P1,full,time_trend_mean,-0.08998628257887518,15,0.9333333333333333,-0.0014159292580428486,-0.004805632612774821,0.01576622172807904,0.06048214860666666,0.01876419457135517,0.004196672933196775,0.003688038741541399,0.0011636407129253898,1.0215526465083695,159.83235289640308,0,3,19,0.3333333333333333,0.13333333333333333,0,0.4937503037652026
P1,full,time_trend_sd,0.045528614603915496,15,0.9333333333333333,0.004135931602422205,0.004849612455184504,0.01679583584295597,0.05947738530166666,0.019132785431490756,0.004350649963294563,0.003318615529354832,0.001081353720715616,1.0215526465083695,159.83235289640308,0,3,19,0.3333333333333333,0.13333333333333333,0,0.4937503037652026
P1,full,treatment_effect_mean,-0.3374485596707819,15,1,0.009030807614448584,0.012189822275781914,0.016094551178096283,0.06670481730000001,0.020389400653427935,0.0035604884441722507,0.0015716499659430324,5.052994792877194e-4,1.0215526465083695,159.83235289640308,0,3,19,0.3333333333333333,0.13333333333333333,0,0.4937503037652026
P1,full,treatment_effect_sd,0.07626392697027408,15,0.9333333333333333,7.925858934325861e-4,0.0056969521207259205,0.014988157178298865,0.04905887825666667,0.014918286835984567,0.00400014877583075,0.0017844817964539665,5.053556694660727e-4,1.0215526465083695,159.83235289640308,0,3,19,0.3333333333333333,0.13333333333333333,0,0.4937503037652026
P1,naive,time_trend_mean,-0.08998628257887518,15,0.8666666666666667,-0.0023423115882365824,-0.006091623708124813,0.016201336459223028,0.05891438427999999,0.0182096014122326,0.0042844976325665885,0.0038969944693423037,0.0011878543872573197,1.0131818371536967,459.3787789685358,0,0.2,1,0.2,0,0,0.7554696869932419
P1,naive,time_trend_sd,0.045528614603915496,15,0.9333333333333333,0.0034411879272729508,0.003892535661084502,0.01671761923994114,0.05920817342766666,0.01879963428801904,0.004372291150781582,0.003374829699581926,0.0010202223837926844,1.0131818371536967,459.3787789685358,0,0.2,1,0.2,0,0,0.7554696869932419
P1,naive,treatment_effect_mean,-0.3374485596707819,15,0.8666666666666667,0.014538987054781908,0.012435080935781884,0.02139772341469671,0.056465240300000004,0.017293870931704848,0.004195919980449919,0.0019487465931362282,5.922433487594831e-4,1.0131818371536967,459.3787789685358,0,0.2,1,0.2,0,0,0.7554696869932419
P1,naive,treatment_effect_sd,0.07626392697027408,15,1,0.004454965001359254,0.008135057265725915,0.014337365345303773,0.044764005923333336,0.013890757835797856,0.003642147442310273,0.0013042990844874458,3.898000554824219e-4,1.0131818371536967,459.3787789685358,0,0.2,1,0.2,0,0,0.7554696869932419
P1,zero_mean,time_trend_mean,-0.08998628257887518,15,0.8666666666666667,-0.0019689663767301475,-0.004550030785124809,0.01633068580739018,0.06017720510666666,0.018642991511884522,0.004332719950290227,0.004143880326220698,0.00125937195749197,1.007535498360035,210.18636054045734,0,1.8666666666666667,12,0.3333333333333333,0.13333333333333333,0,0.6518776035001567
P1,zero_mean,time_trend_sd,0.045528614603915496,15,0.9333333333333333,0.003686547762582538,0.005326819270584503,0.016797659244261305,0.05901114969599999,0.018841207438031547,0.004379911297866618,0.0031909271478441355,0.0010387972773264911,1.007535498360035,210.18636054045734,0,1.8666666666666667,12,0.3333333333333333,0.13333333333333333,0,0.6518776035001567
P1,zero_mean,treatment_effect_mean,-0.3374485596707819,15,0.8666666666666667,0.014074099243448575,0.012513754435781899,0.02120278290924084,0.055741831299999996,0.01691891557706093,0.004238242000624076,0.0017778997329101452,5.514088997832959e-4,1.007535498360035,210.18636054045734,0,1.8666666666666667,12,0.3333333333333333,0.13333333333333333,0,0.6518776035001567
P1,zero_mean,treatment_effect_sd,0.07626392697027408,15,0.9333333333333333,0.001652258786792589,0.006531177383725925,0.014663627487999329,0.047747276506666665,0.014650086733686774,0.003894061522812435,0.0013920699724362055,4.237454244396269e-4,1.007535498360035,210.18636054045734,0,1.8666666666666667,12,0.3333333333333333,0.13333333333333333,0,0.6518776035001567
P2,full,time_trend_mean,-0.08998628257887518,15,0.7333333333333333,0.008485683950626583,0.010104484169525182,0.02127698827543692,0.05805579136333333,0.01796512586826951,0.0052147003609518475,0.0026566624746152704,7.933666150831182e-4,1.0443643021462647,33.84753041309083,0,9.266666666666667,119,0.3333333333333333,0.13333333333333333,0,0.6068980348927775
P2,full,time_trend_sd,0.045528614603915496,15,1,0.0023980023330695045,0.0015173215900845041,0.011098121229611018,0.05552419691799999,0.017684787139442368,0.002896030283456205,0.0016960549255074038,6.020003647552322e-4,1.0443643021462647,33.84753041309083,0,9.266666666666667,119,0.3333333333333333,0.13333333333333333,0,0.6068980348927775
P2,full,treatment_effect_mean,-0.3374485596707819,15,0.13333333333333333,0.0458238390677819,0.049746410710781896,0.047284710138563266,0.06901602886666663,0.020928137995374487,0.0031169993122733123,0.0017707374192114387,5.650343232794542e-4,1.0443643021462647,33.84753041309083,0,9.266666666666667,119,0.3333333333333333,0.13333333333333333,0,0.6068980348927775
P2,full,treatment_effect_sd,0.07626392697027408,15,0.8666666666666667,0.006043508513692587,0.005151402947725925,0.014824078728214141,0.05097459076,0.015523843845578334,0.0036177075908964402,0.001229036497599156,2.9878293999903807e-4,1.0443643021462647,33.84753041309083,0,9.266666666666667,119,0.3333333333333333,0.13333333333333333,0,0.6068980348927775
P2,naive,time_trend_mean,-0.08998628257887518,15,0.7333333333333333,0.007779868518274518,0.008414674537375183,0.020852583915587388,0.05761852318999999,0.017864231425773598,0.005170685929869977,0.002789333731553787,8.570451301745822e-4,1.0123940871963506,379.65723592334695,0,0.06666666666666667,1,0.06666666666666667,0,0,0.8249392099953463
P2,naive,time_trend_sd,0.045528614603915496,15,1,0.0024957967829012675,0.0028846420510845044,0.011222916512005483,0.05516312575666667,0.01765482811106645,0.0029243418484690706,0.0018376943256568012,6.857663086329039e-4,1.0123940871963506,379.65723592334695,0,0.06666666666666667,1,0.06666666666666667,0,0,0.8249392099953463
P2,naive,treatment_effect_mean,-0.3374485596707819,15,0,0.05007587753244858,0.0512099817857819,0.050891590388992866,0.05817509819999999,0.017750118536905266,0.0024254669900313284,0.001953765025903701,5.794801999680466e-4,1.0123940871963506,379.65723592334695,0,0.06666666666666667,1,0.06666666666666667,0,0,0.8249392099953463
P2,naive,treatment_effect_sd,0.07626392697027408,15,0.8666666666666667,0.009769627917892586,0.009777879844225915,0.015677233699625835,0.045391027986666665,0.013985220855633175,0.003276867262870545,0.0013688685837001135,4.127364351503712e-4,1.0123940871963506,379.65723592334695,0,0.06666666666666667,1,0.06666666666666667,0,0,0.8249392099953463
P2,zero_mean,time_trend_mean,-0.08998628257887518,15,0.7333333333333333,0.008017320751917634,0.008470591465825184,0.020945020368478263,0.05798298065666666,0.018076125421108372,0.005171463223421673,0.0024056662728639826,7.829255044375847e-4,1.0080380409379355,188.19999867813917,0,1,13,0.2,0.06666666666666667,0,0.7984477847809074
P2,zero_mean,time_trend_sd,0.045528614603915496,15,1,0.0025631237863563707,0.0016322456310845015,0.011227360092910678,0.05548716445599999,0.01783398038463634,0.002921399017981642,0.0018954787860305199,6.559627286061343e-4,1.0080380409379355,188.19999867813917,0,1,13,0.2,0.06666666666666667,0,0.7984477847809074
P2,zero_mean,treatment_effect_mean,-0.3374485596707819,15,0,0.04935724197144857,0.0501888025657819,0.050173231376169546,0.05833781426666665,0.017736328159665693,0.002408553384718115,0.0018426099452722945,5.783170485828227e-4,1.0080380409379355,188.19999867813917,0,1,13,0.2,0.06666666666666667,0,0.7984477847809074
P2,zero_mean,treatment_effect_sd,0.07626392697027408,15,0.9333333333333333,0.007217901180259256,0.006261768248225927,0.014801643199198305,0.048609120853333326,0.014939542035270583,0.0034536786179830406,0.0010672372486556082,3.7137696747581775e-4,1.0080380409379355,188.19999867813917,0,1,13,0.2,0.06666666666666667,0,0.7984477847809074
P3,full,time_trend_mean,-0.08998628257887518,15,0.9333333333333333,0.005041900050123519,0.00932872238587519,0.01473351663159128,0.06615036397866665,0.020767176770582436,0.0036999590366259584,0.004310796562440108,0.001332166177542975,1.01178627981817,244.44714089957978,0,1.1333333333333333,12,0.26666666666666666,0.06666666666666667,0,0.7257806029334469
P3,full,time_trend_sd,0.045528614603915496,15,0.9333333333333333,0.007596583580082171,0.004939658503334506,0.016715631520968187,0.06179119649533333,0.020074424074416907,0.003979449486833315,0.0030544545211470676,0.0011070069216024938,1.01178627981817,244.44714089957978,0,1.1333333333333333,12,0.26666666666666666,0.06666666666666667,0,0.7257806029334469
P3,full,treatment_effect_mean,-0.3374485596707819,15,0.26666666666666666,0.06401862047011525,0.06543285681578193,0.06993234845008947,0.07836559103333332,0.023910608277820173,0.007522108333097999,0.0026957704564461588,7.596226019055076e-4,1.01178627981817,244.44714089957978,0,1.1333333333333333,12,0.26666666666666666,0.06666666666666667,0,0.7257806029334469
P3,full,treatment_effect_sd,0.07626392697027408,15,0.7333333333333333,0.018180243252159254,0.022582289688225926,0.023808149743423938,0.05471664354333333,0.016657351863631802,0.004108412532298082,0.002067813354316568,5.52214549898144e-4,1.01178627981817,244.44714089957978,0,1.1333333333333333,12,0.26666666666666666,0.06666666666666667,0,0.7257806029334469
P3,naive,time_trend_mean,-0.08998628257887518,15,0.9333333333333333,0.003720523646095416,0.008202299180290182,0.014197152739726535,0.06449133192999999,0.020024175683269536,0.003661740898553675,0.004184593933852729,0.0013198284926114572,1.0060027837997685,428.5579859138514,0,0.13333333333333333,1,0.13333333333333333,0,0,0.7948681549294974
P3,naive,time_trend_sd,0.045528614603915496,15,0.9333333333333333,0.006950369463592837,0.004518605575084503,0.016861358703498298,0.060624436834999997,0.019260591386966185,0.004105725807138072,0.003278880895202561,0.0010465235439021817,1.0060027837997685,428.5579859138514,0,0.13333333333333333,1,0.13333333333333333,0,0,0.7948681549294974
P3,naive,treatment_effect_mean,-0.3374485596707819,15,0.06666666666666667,0.07254079530344858,0.07324724146578193,0.07535574446889587,0.06472902380000001,0.019684352934603144,0.005453185446564384,0.001783632432461584,5.635006698439693e-4,1.0060027837997685,428.5579859138514,0,0.13333333333333333,1,0.13333333333333333,0,0,0.7948681549294974
P3,naive,treatment_effect_sd,0.07626392697027408,15,0.4666666666666667,0.021542256375459253,0.02322503775122592,0.02533498584176977,0.050179654963333334,0.015465110258644619,0.0035636327558171378,0.0014405108081107,4.541266399596875e-4,1.0060027837997685,428.5579859138514,0,0.13333333333333333,1,0.13333333333333333,0,0,0.7948681549294974
P3,zero_mean,time_trend_mean,-0.08998628257887518,15,1,0.003965221515018551,0.008435420682555178,0.014260679063602085,0.064803749143,0.02017592461546288,0.0036610301603695107,0.004151085974132088,0.0012567702401265332,1.0051550325263052,487.2705262569703,0,0.2,2,0.13333333333333333,0,0,0.797904422159789
P3,zero_mean,time_trend_sd,0.045528614603915496,15,0.8666666666666667,0.007202748766761838,0.004996096821334506,0.016842751783312807,0.05985477602766666,0.019067546822003557,0.004069035493272836,0.0031285263660021686,9.858269252980944e-4,1.0051550325263052,487.2705262569703,0,0.2,2,0.13333333333333333,0,0,0.797904422159789
P3,zero_mean,treatment_effect_mean,-0.3374485596707819,15,0.06666666666666667,0.07096286599278191,0.07115099631078192,0.07386494740668433,0.0648631627,0.019849260680335278,0.0054791951017509185,0.002133692004453193,6.28786955646293e-4,1.0051550325263052,487.2705262569703,0,0.2,2,0.13333333333333333,0,0,0.797904422159789
P3,zero_mean,treatment_effect_sd,0.07626392697027408,15,0.4666666666666667,0.01986911902719259,0.023215518643725924,0.024560680678513896,0.05207385596999999,0.016065093620348893,0.0038586187802223,0.00142866370768189,4.4082354735323903e-4,1.0051550325263052,487.2705262569703,0,0.2,2,0.13333333333333333,0,0,0.797904422159789
P4,full,time_trend_mean,-0.08998628257887518,15,0.9333333333333333,0.0028212565206838535,0.0039375319308751905,0.014495345003774794,0.06798213675999999,0.021284593172315285,0.0037999580676535824,0.004461561716123596,0.0014107004725247526,1.0055864188798789,379.9346937997823,0,0.26666666666666666,2,0.2,0,0,0.7333512222596302
P4,full,time_trend_sd,0.045528614603915496,15,0.8,0.010366115824331504,0.007589209083634502,0.01950547311737668,0.06263876060666666,0.020172612412336696,0.004415938051529517,0.0029691129178023683,0.0010066986748014832,1.0055864188798789,379.9346937997823,0,0.26666666666666666,2,0.2,0,0,0.7333512222596302
P4,full,treatment_effect_mean,-0.3374485596707819,15,0,0.08825204818301524,0.08456445775578192,0.08960667693572706,0.0852264302,0.025990880821478674,0.0041484295046139005,0.002930894228671205,9.062782136219e-4,1.0055864188798789,379.9346937997823,0,0.26666666666666666,2,0.2,0,0,0.7333512222596302
P4,full,treatment_effect_sd,0.07626392697027408,15,0.26666666666666666,0.03458195346859259,0.038619308596725924,0.039984000692579846,0.05961465107666666,0.01838067591698674,0.005363959130026485,0.0018960557995879202,6.082258986927326e-4,1.0055864188798789,379.9346937997823,0,0.26666666666666666,2,0.2,0,0,0.7333512222596302
P4,naive,time_trend_mean,-0.08998628257887518,15,0.9333333333333333,0.0023208599872173033,0.004285747857375191,0.013463833923677962,0.06764764399999999,0.021037021862659218,0.0035444970713579904,0.004798760056117228,0.0014882821136179274,1.0065192034026742,482.31032532042775,0,0.06666666666666667,1,0.06666666666666667,0,0,0.8162447195666634
P4,naive,time_trend_sd,0.045528614603915496,15,0.7333333333333333,0.010211331970410504,0.008627662569584506,0.01960969884568899,0.06269950419666666,0.020061678689713678,0.0044742835676203786,0.003461827697856131,0.0011122477882708297,1.0065192034026742,482.31032532042775,0,0.06666666666666667,1,0.06666666666666667,0,0,0.8162447195666634
P4,naive,treatment_effect_mean,-0.3374485596707819,15,0,0.09278003678978192,0.09004515055078191,0.09450244237030982,0.0722688776,0.022197100123479238,0.004800121927323773,0.0028449951273055783,8.813724699321549e-4,1.0065192034026742,482.31032532042775,0,0.06666666666666667,1,0.06666666666666667,0,0,0.8162447195666634
P4,naive,treatment_effect_sd,0.07626392697027408,15,0.13333333333333333,0.03673474578165926,0.039772804670225925,0.04100762874327604,0.05607748370999999,0.017335583937741955,0.004871081337145544,0.0021389310595009044,6.301308118833877e-4,1.0065192034026742,482.31032532042775,0,0.06666666666666667,1,0.06666666666666667,0,0,0.8162447195666634
P4,zero_mean,time_trend_mean,-0.08998628257887518,15,0.9333333333333333,0.0023911073244231858,0.00455324031357518,0.01387876191480143,0.06810030287333332,0.02114955910428347,0.003653790967228738,0.004972707289603907,0.0015056617081908147,1.015583474111967,257.9252401615177,0,1.0666666666666667,15,0.13333333333333333,0.06666666666666667,0,0.7939634482874005
P4,zero_mean,time_trend_sd,0.045528614603915496,15,0.8,0.010299509236264206,0.007809392909584503,0.019429956805158462,0.06305594598033333,0.02046380757066737,0.004403272573101836,0.003211951012803874,0.0010337811676046104,1.015583474111967,257.9252401615177,0,1.0666666666666667,15,0.13333333333333333,0.06666666666666667,0,0.7939634482874005
P4,zero_mean,treatment_effect_mean,-0.3374485596707819,15,0,0.09128487913811525,0.08876808721078192,0.09296499056942574,0.07377737996666665,0.022555171726476985,0.00470228145473107,0.002877018365661175,8.993925387000073e-4,1.015583474111967,257.9252401615177,0,1.0666666666666667,15,0.13333333333333333,0.06666666666666667,0,0.7939634482874005
P4,zero_mean,treatment_effect_sd,0.07626392697027408,15,0.2,0.03576837138385926,0.03899100013222592,0.040523590072312356,0.057827077833333324,0.017933899993447723,0.005090502086485118,0.0018840316986406683,5.797791862434087e-4,1.015583474111967,257.9252401615177,0,1.0666666666666667,15,0.13333333333333333,0.06666666666666667,0,0.7939634482874005
P5,full,time_trend_mean,-0.08998628257887518,15,0.9333333333333333,0.0046589358585008515,0.006427915080965185,0.013617925374493477,0.06168715409333333,0.019324944828282564,0.0034199228079388852,0.0024839718655192715,7.852892529250525e-4,1.009424897735276,503.1680960987457,0,0.6,3,0.3333333333333333,0,0,0.7582344855312031
P5,full,time_trend_sd,0.045528614603915496,15,1,0.004265519717827337,0.0024096825015845064,0.010550504082854907,0.05700476556899999,0.018232523584272742,0.0025790152874299614,0.001819342002222904,5.887916159363729e-4,1.009424897735276,503.1680960987457,0,0.6,3,0.3333333333333333,0,0,0.7582344855312031
P5,full,treatment_effect_mean,-0.3374485596707819,15,0,0.10176535164344858,0.1020091124857819,0.10300485936055999,0.08351798093333333,0.02549604460374985,0.004257885598459812,0.001603841337169457,4.868721355830128e-4,1.009424897735276,503.1680960987457,0,0.6,3,0.3333333333333333,0,0,0.7582344855312031
P5,full,treatment_effect_sd,0.07626392697027408,15,0.4666666666666667,0.030244243795059255,0.02638324169772592,0.033314830039878666,0.05861375903333333,0.01801273768924545,0.003733665547144,0.001296247834111287,3.9319940907552324e-4,1.009424897735276,503.1680960987457,0,0.6,3,0.3333333333333333,0,0,0.7582344855312031
P5,naive,time_trend_mean,-0.08998628257887518,15,0.9333333333333333,0.003764786794347185,0.003571527275825187,0.01381225024038184,0.06182863306666665,0.019308880755032308,0.0035517062006071433,0.002522357116550862,7.481535981006135e-4,1.0053316253821007,515.6148487046,0,0.4666666666666667,6,0.13333333333333333,0,0,0.7829299682838551
P5,naive,time_trend_sd,0.045528614603915496,15,1,0.004153431235899504,0.002304383764584507,0.010389379594136156,0.058608889374333326,0.01908025570933073,0.0025451384654966228,0.0017339104521051983,6.01963674693686e-4,1.0053316253821007,515.6148487046,0,0.4666666666666667,6,0.13333333333333333,0,0,0.7829299682838551
P5,naive,treatment_effect_mean,-0.3374485596707819,15,0,0.10962499706644857,0.11180987181078192,0.11066744374649476,0.07106188783333334,0.02164362516975203,0.004050071635739677,0.0021802563087674454,6.263650209933345e-4,1.0053316253821007,515.6148487046,0,0.4666666666666667,6,0.13333333333333333,0,0,0.7829299682838551
P5,naive,treatment_effect_sd,0.07626392697027408,15,0.2,0.03375961619319259,0.02866066314072592,0.0362146967893222,0.05458493219999999,0.016844947892348625,0.0035029842178886015,0.0014022668465734094,4.364824471042408e-4,1.0053316253821007,515.6148487046,0,0.4666666666666667,6,0.13333333333333333,0,0,0.7829299682838551
P5,zero_mean,time_trend_mean,-0.08998628257887518,15,0.9333333333333333,0.003811819409869184,0.003785951389625189,0.013271132740539591,0.06285984431333333,0.019634215213316236,0.0033974044399844674,0.00279191675431849,8.788931507016362e-4,1.014339182905184,426.50070358987506,0,0.13333333333333333,1,0.13333333333333333,0,0,0.7822336788401926
P5,zero_mean,time_trend_sd,0.045528614603915496,15,1,0.004424310955638837,0.003164602035584503,0.010925993760451794,0.05801281746499999,0.01906219047274879,0.002669976086319416,0.0019914657798721525,6.742629558073129e-4,1.014339182905184,426.50070358987506,0,0.13333333333333333,1,0.13333333333333333,0,0,0.7822336788401926
P5,zero_mean,treatment_effect_mean,-0.3374485596707819,15,0,0.10834851561778192,0.11014222211078192,0.10940684839242597,0.07135131466666667,0.021703663407014077,0.004057247823221948,0.0019403021721503225,5.669877350604737e-4,1.014339182905184,426.50070358987506,0,0.13333333333333333,1,0.13333333333333333,0,0,0.7822336788401926
P5,zero_mean,treatment_effect_sd,0.07626392697027408,15,0.3333333333333333,0.03236837966172592,0.027943577970725927,0.03504900005846437,0.05625779841333333,0.01741132884180842,0.0035928540502801524,0.0014517491869316225,4.3127183877559737e-4,1.014339182905184,426.50070358987506,0,0.13333333333333333,1,0.13333333333333333,0,0,0.7822336788401926
P6,full,time_trend_mean,-0.08998628257887518,15,1,0.001517856106666952,-0.0026720462453248134,0.020715329338395923,0.08691506995999998,0.027938505846677276,0.005521522709476207,0.018800821208231653,0.006293449858118548,1.3337357424224794,5.468246965800112,0.06666666666666667,0.9333333333333333,5,0.4,0,1.3333333333333333,0.7260441721380034
P6,full,time_trend_sd,0.045528614603915496,15,0.9333333333333333,0.019246176695118838,0.013432244379584506,0.04514135415893705,0.11839138732166664,0.04024939753955515,0.010913054233750278,0.0551220801874998,0.019434810447483308,1.3337357424224794,5.468246965800112,0.06666666666666667,0.9333333333333333,5,0.4,0,1.3333333333333333,0.7260441721380034
P6,full,treatment_effect_mean,-0.3374485596707819,15,0,0.11416897695881524,0.11052041599578191,0.11526503930290027,0.0892512275,0.02713993794127681,0.004238210418128487,0.0025892495502375405,8.062161569508613e-4,1.3337357424224794,5.468246965800112,0.06666666666666667,0.9333333333333333,5,0.4,0,1.3333333333333333,0.7260441721380034
P6,full,treatment_effect_sd,0.07626392697027408,15,0.26666666666666666,0.034369274937459254,0.03457154910072592,0.0371516842257076,0.061272126366666665,0.018992495813846006,0.003770189281720728,0.0025313201094982855,8.526131785570012e-4,1.3337357424224794,5.468246965800112,0.06666666666666667,0.9333333333333333,5,0.4,0,1.3333333333333333,0.7260441721380034
P6,naive,time_trend_mean,-0.08998628257887518,15,1,-0.0014218362564474142,-0.0029522007441248194,0.017165713114995575,0.06966603335333332,0.02236562721763379,0.004571964944920781,0.004391024327707098,0.001573276922808792,1.0092831317798514,243.86723969578262,0,0.3333333333333333,3,0.13333333333333333,0,0,0.8395274219623088
P6,naive,time_trend_sd,0.045528614603915496,15,0.9333333333333333,0.009942969202257837,0.012644885944584502,0.01751337099448458,0.06520082350766666,0.021619999408097446,0.0038531575830127937,0.0032940085081990117,0.0011893129982819884,1.0092831317798514,243.86723969578262,0,0.3333333333333333,3,0.13333333333333333,0,0,0.8395274219623088
P6,naive,treatment_effect_mean,-0.3374485596707819,15,0,0.1261707484893486,0.1259609693257819,0.12665018317816604,0.07359779586666666,0.022459013459581983,0.0029424373363950086,0.0019529922481535964,6.054564349169279e-4,1.0092831317798514,243.86723969578262,0,0.3333333333333333,3,0.13333333333333333,0,0,0.8395274219623088
P6,naive,treatment_effect_sd,0.07626392697027408,15,0.06666666666666667,0.037534606724392586,0.04121094135772592,0.03983220265422277,0.056048144810000006,0.01738996299375733,0.0035632816569265997,0.0015248947941222187,4.8460546610586277e-4,1.0092831317798514,243.86723969578262,0,0.3333333333333333,3,0.13333333333333333,0,0,0.8395274219623088
P6,zero_mean,time_trend_mean,-0.08998628257887518,15,1,-0.001399123653565149,-0.0022658094426248193,0.01736390509069502,0.06849678911,0.021635107717385908,0.00462560924945259,0.003758253771914736,0.0012421674128451166,1.0100106498631893,379.88230715945224,0,0,0,0,0,0.06666666666666667,0.8094907780939863
P6,zero_mean,time_trend_sd,0.045528614603915496,15,0.9333333333333333,0.009856783681257504,0.012238446633084502,0.01711373356258686,0.06404851861566666,0.02091190302419256,0.0037390190836645507,0.0029112370564844726,0.0010428083888182967,1.0100106498631893,379.88230715945224,0,0,0,0,0,0.06666666666666667,0.8094907780939863
P6,zero_mean,treatment_effect_mean,-0.3374485596707819,15,0,0.12441409380361525,0.1245220077607819,0.1248595852962441,0.07361320453333334,0.02262808306437966,0.002816397184033958,0.0020866367486681646,6.52321542082884e-4,1.0100106498631893,379.88230715945224,0,0,0,0,0,0.06666666666666667,0.8094907780939863
P6,zero_mean,treatment_effect_sd,0.07626392697027408,15,0.06666666666666667,0.03727729963165925,0.04032488778472593,0.03966282822637922,0.05731404109999999,0.017747156590886302,0.0036208017569787057,0.001667339636694729,5.117444731519762e-4,1.0100106498631893,379.88230715945224,0,0,0,0,0,0.06666666666666667,0.8094907780939863
P7,full,time_trend_mean,-0.08998628257887518,15,0.8,0.017646171078140083,0.012773858551643688,0.03933546443703022,0.09977232217333333,0.0331981864159303,0.009395635038059964,0.04156118986610826,0.015064072197583682,1.9174328466876014,2.81481247991629,0.06666666666666667,1.5333333333333334,13,0.26666666666666666,0.06666666666666667,0.13333333333333333,0.7981462918557813
P7,full,time_trend_sd,0.045528614603915496,15,1,0.026243900660450636,-0.0018123711898654984,0.10229825813946457,0.1325999676113333,0.046367206147393016,0.026425354838127024,0.0759452902081503,0.028220419754817618,1.9174328466876014,2.81481247991629,0.06666666666666667,1.5333333333333334,13,0.26666666666666666,0.06666666666666667,0.13333333333333333,0.7981462918557813
P7,full,treatment_effect_mean,-0.3374485596707819,15,0,0.14534941135588192,0.1422688623582819,0.1471416845086462,0.10123414155666667,0.030843906021011686,0.006119196600748714,0.0017213873108864936,4.913115117779537e-4,1.9174328466876014,2.81481247991629,0.06666666666666667,1.5333333333333334,13,0.26666666666666666,0.06666666666666667,0.13333333333333333,0.7981462918557813
P7,full,treatment_effect_sd,0.07626392697027408,15,0,0.06651344524002592,0.07031385550372592,0.06752411561431243,0.07137960381666666,0.022096552221239005,0.0031106704812066386,0.0019097053592337886,5.857262816508138e-4,1.9174328466876014,2.81481247991629,0.06666666666666667,1.5333333333333334,13,0.26666666666666666,0.06666666666666667,0.13333333333333333,0.7981462918557813
P7,naive,time_trend_mean,-0.08998628257887518,15,0.8,0.006974548392346084,0.010845014076225179,0.018046808201647297,0.06677694124333333,0.020024017429858595,0.004448458488942842,0.010762449268344682,0.0023928554628588365,1.0595737729444998,52.861458367840285,0.06666666666666667,6.533333333333333,98,0.06666666666666667,0.06666666666666667,0,0.7378591315924272
P7,naive,time_trend_sd,0.045528614603915496,15,1,0.002157218742929504,-0.001710663045715495,0.01552191562047438,0.07111462856533331,0.021917434687522955,0.00410814758241195,0.01484309435363037,0.0038909510508701134,1.0595737729444998,52.861458367840285,0.06666666666666667,6.533333333333333,98,0.06666666666666667,0.06666666666666667,0,0.7378591315924272
P7,naive,treatment_effect_mean,-0.3374485596707819,15,0,0.15753002431421523,0.16371245687628191,0.15840923261423817,0.09107820813333334,0.02784555770566114,0.004454343121322101,0.001806736087166776,5.22001713499013e-4,1.0595737729444998,52.861458367840285,0.06666666666666667,6.533333333333333,98,0.06666666666666667,0.06666666666666667,0,0.7378591315924272
P7,naive,treatment_effect_sd,0.07626392697027408,15,0,0.06888737573375925,0.06732054686072593,0.06962921100895085,0.06929327819999999,0.0214140117983996,0.0027091971694960856,0.0011366051793567397,3.684050657663319e-4,1.0595737729444998,52.861458367840285,0.06666666666666667,6.533333333333333,98,0.06666666666666667,0.06666666666666667,0,0.7378591315924272
P7,zero_mean,time_trend_mean,-0.08998628257887518,15,0.8,0.0057515039706065195,-0.0023911289155748167,0.017477509012741,0.05816100927999999,0.018268296144881898,0.004410891741445587,0.0031108208754977705,0.0010167243329621358,1.005233393434206,509.15157731999074,0,0.06666666666666667,1,0.06666666666666667,0,0,0.8334859867201839
P7,zero_mean,time_trend_sd,0.045528614603915496,15,1,8.38206482639237e-4,-0.0023192709630654937,0.012185744681862025,0.05796111561966666,0.01857789836472302,0.0032490634182790737,0.0024100108134820605,8.624447787666365e-4,1.005233393434206,509.15157731999074,0,0.06666666666666667,1,0.06666666666666667,0,0,0.8334859867201839
P7,zero_mean,treatment_effect_mean,-0.3374485596707819,15,0,0.15654919909471524,0.1627326565412819,0.1574453255559117,0.0913108151,0.02788333293646386,0.004483133488103991,0.0015647767147665532,5.125102374483651e-4,1.005233393434206,509.15157731999074,0,0.06666666666666667,1,0.06666666666666667,0,0,0.8334859867201839
P7,zero_mean,treatment_effect_sd,0.07626392697027408,15,0,0.06864809649862592,0.06640398563172593,0.0693930839406125,0.06991383016666666,0.02163249161901042,0.0027102839322033726,0.0012939381745325075,3.8173742653644434e-4,1.005233393434206,509.15157731999074,0,0.06666666666666667,1,0.06666666666666667,0,0,0.8334859867201839
X1,fixed_zero,baseline_difference_sd,0.10084833067590679,15,0.9333333333333333,-0.007517188999872455,-0.007807364447406789,0.02414642195437773,0.08417870420666665,0.02677107107464952,0.006132708343319284,0.0036444467457384996,0.001233283866801453,1.0080072532832371,437.79536626802457,0,0.13333333333333333,1,0.13333333333333333,0,0,0.6766277682179348
X1,fixed_zero,time_trend_mean,-0.08998628257887518,15,0.8,0.00563072327041585,0.0026039424258751803,0.01792929974499894,0.060622858176666655,0.018815381543904223,0.004549370009745592,0.0046727733188640696,0.0013959379470343048,1.0080072532832371,437.79536626802457,0,0.13333333333333333,1,0.13333333333333333,0,0,0.6766277682179348
X1,fixed_zero,time_trend_sd,0.045528614603915496,15,0.8,0.003535204963787964,0.008208541256584503,0.020833859256606142,0.05749936265143332,0.018291525193857485,0.005487336182963736,0.0036047199485075747,0.001170450786529589,1.0080072532832371,437.79536626802457,0,0.13333333333333333,1,0.13333333333333333,0,0,0.6766277682179348
X1,fixed_zero,treatment_effect_mean,-0.3374485596707819,15,0.4,0.027423859617781918,0.027302080305781906,0.030414316206662188,0.05225842826666666,0.015934574988800135,0.0035148923371341838,0.0017738965488045457,5.686839225347249e-4,1.0080072532832371,437.79536626802457,0,0.13333333333333333,1,0.13333333333333333,0,0,0.6766277682179348
X1,fixed_zero,treatment_effect_sd,0.07626392697027408,15,0.8,-0.005225741076910745,-0.004626138926774076,0.015558555308859993,0.04250592268333333,0.013084951965518123,0.003916633699418994,0.001063302471559578,3.509331664351561e-4,1.0080072532832371,437.79536626802457,0,0.13333333333333333,1,0.13333333333333333,0,0,0.6766277682179348
X1,shared,baseline_difference_mean,0.08998628257887518,15,0.6,-0.02347078363539932,-0.02359116783037518,0.032404443624360985,0.05400916118333333,0.016438913855762762,0.005971182475288297,0.0018987952225222313,5.738237111260593e-4,1.0393122347007242,86.1472771670321,0,6.266666666666667,36,0.4,0.2,0,0.47917544650706084
X1,shared,baseline_difference_sd,0.045528614603915496,15,0.9333333333333333,-0.008003126951169809,-0.010475408042355493,0.014871869535072526,0.051861363462,0.015913245977378435,0.003350079556322695,0.001847831447401488,5.233005003645337e-4,1.0393122347007242,86.1472771670321,0,6.266666666666667,36,0.4,0.2,0,0.47917544650706084
X1,shared,time_trend_mean,-0.08998628257887518,15,0.8,0.004567666059369851,0.006577335200375178,0.01820392500287519,0.05960851006,0.01848983446508005,0.004709559520504053,0.004407966907349024,0.0013423015392046032,1.0393122347007242,86.1472771670321,0,6.266666666666667,36,0.4,0.2,0,0.47917544650706084
X1,shared,time_trend_sd,0.045528614603915496,15,0.8666666666666667,0.002929882308382071,0.007235410964084504,0.018843476884342177,0.05457676083299999,0.017300163087047845,0.004974882703209966,0.002745090339897075,8.522306648397305e-4,1.0393122347007242,86.1472771670321,0,6.266666666666667,36,0.4,0.2,0,0.47917544650706084
X1,shared,treatment_effect_mean,-0.3374485596707819,15,0.8,-0.016233753790551426,-0.016404851344218097,0.025678850540333243,0.0660061338,0.020079785597387594,0.005317549132962143,0.002232970189434805,6.598672736888385e-4,1.0393122347007242,86.1472771670321,0,6.266666666666667,36,0.4,0.2,0,0.47917544650706084
X1,shared,treatment_effect_sd,0.07626392697027408,15,0.8,-0.011330395218627413,-0.009792977893774077,0.01996725568915469,0.048660984883666665,0.014864890306469064,0.004394098671967286,0.0019622743593239577,5.702871481070933e-4,1.0393122347007242,86.1472771670321,0,6.266666666666667,36,0.4,0.2,0,0.47917544650706084
X1,two_pop,baseline_difference_sd,0.10084833067590679,15,0.9333333333333333,-0.008195961634104455,-0.009421212068406792,0.024829696877280913,0.08376172563999998,0.026508524095444307,0.006264070218943348,0.0034439950148058038,0.0011529619741726764,1.0100859007509455,290.8203577042501,0,0.13333333333333333,2,0.06666666666666667,0,0,0.6766048843968518
X1,two_pop,time_trend_mean,-0.08998628257887518,15,0.8,0.005576270294538886,0.0035511455440851852,0.017918061507404173,0.060296820583333334,0.018383710367437904,0.004550997832386105,0.004641548232513214,0.0014059075457657502,1.0100859007509455,290.8203577042501,0,0.13333333333333333,2,0.06666666666666667,0,0,0.6766048843968518
X1,two_pop,time_trend_sd,0.045528614603915496,15,0.6666666666666666,0.0034500746963708946,0.007066487489084505,0.02097000310516824,0.05652867210299999,0.017844481499178628,0.005528097159190021,0.0036045740706196617,0.0011272148826426158,1.0100859007509455,290.8203577042501,0,0.13333333333333333,2,0.06666666666666667,0,0,0.6766048843968518
X1,two_pop,treatment_effect_mean,-0.3374485596707819,15,0.4666666666666667,0.02728615957044857,0.027266839985781888,0.030428681910066018,0.052350197866666656,0.015888765606893313,0.0035993072615236534,0.0019512075027035241,6.17237838952549e-4,1.0100859007509455,290.8203577042501,0,0.13333333333333333,2,0.06666666666666667,0,0,0.6766048843968518
X1,two_pop,treatment_effect_sd,0.07626392697027408,15,0.8,-0.007255734903770745,-0.005214492786774078,0.017275322001046606,0.04301462388,0.01332995246660459,0.00419004825446172,9.490535700022983e-4,3.184824095962044e-4,1.0100859007509455,290.8203577042501,0,0.13333333333333333,2,0.06666666666666667,0,0,0.6766048843968518
X1,zero_mean,baseline_difference_sd,0.10084833067590679,15,0.4666666666666667,-0.030880536691710123,-0.02517976293590679,0.03474758178171553,0.04803148450566666,0.014753359031387522,0.004257656073046983,0.0013825305896503523,4.29947679042884e-4,1.013793801374528,117.26140913093816,0,4.2,22,0.4,0.2,0,0.34151577216540324
X1,zero_mean,time_trend_mean,-0.08998628257887518,15,0.8666666666666667,0.005486456889967318,0.0015811620663751802,0.01739294602277783,0.06033652087,0.018536169461920923,0.00441113333465767,0.004375011340269975,0.0013365241279909672,1.013793801374528,117.26140913093816,0,4.2,22,0.4,0.2,0,0.34151577216540324
X1,zero_mean,time_trend_sd,0.045528614603915496,15,0.7333333333333333,0.0028484866776566,0.006630321801584502,0.019543159511758487,0.05341854633299999,0.01689397757144454,0.005167350850354624,0.0027162231975687663,8.899592426610693e-4,1.013793801374528,117.26140913093816,0,4.2,22,0.4,0.2,0,0.34151577216540324
X1,zero_mean,treatment_effect_mean,-0.3374485596707819,15,0.6666666666666666,0.02358666861678192,0.027034781430781918,0.027501015011352596,0.05642470176666665,0.017258274655760387,0.0037794074574949285,0.00280312470230293,8.424003690718729e-4,1.013793801374528,117.26140913093816,0,4.2,22,0.4,0.2,0,0.34151577216540324
X1,zero_mean,treatment_effect_sd,0.07626392697027408,15,0.6666666666666666,-0.017207697431250744,-0.011878364441274075,0.026206944189544723,0.049012433705666665,0.015059220133441024,0.0052827148923124635,0.0011892320817664267,3.7217057447884124e-4,1.013793801374528,117.26140913093816,0,4.2,22,0.4,0.2,0,0.34151577216540324
X10,free_gamma,time_trend_mean,-0.08998628257887518,15,1,0.0015936326329418513,-6.871889401248166e-4,0.009972262019272505,0.041199225039999995,0.012530787752604858,0.0026309469345282147,0.0018649177794452956,5.67059210096249e-4,1.0102310018165273,477.5812120988751,0,0,0,0,0,0,0.6222554661560514
X10,free_gamma,time_trend_sd,0.045528614603915496,15,0.8666666666666667,0.0028691928250178366,0.0025543768760845006,0.010581538858408438,0.03487209718333333,0.010891587739531241,0.0027220881840558926,0.0011320107108889852,3.5511913547640374e-4,1.0102310018165273,477.5812120988751,0,0,0,0,0,0,0.6222554661560514
X10,free_gamma,treatment_effect_mean,-0.3374485596707819,15,0.8666666666666667,0.009290982593781909,0.00920840641078191,0.017947815579663094,0.06491728413333332,0.019998943340960754,0.004104020037228645,0.0027512619387124984,8.398901599438142e-4,1.0102310018165273,477.5812120988751,0,0,0,0,0,0,0.6222554661560514
X10,free_gamma,treatment_effect_sd,0.07626392697027408,15,0.9333333333333333,0.003787989382125922,0.008469533994725914,0.015289766134569215,0.05478049841999999,0.016966488503752524,0.003958968885335107,0.0019045935012601588,5.926133712740323e-4,1.0102310018165273,477.5812120988751,0,0,0,0,0,0,0.6222554661560514
X10,kappa_0,time_trend_mean,-0.08998628257887518,15,1,0.0013532517792418533,-0.0019091248586248222,0.009741574619848023,0.04049749820333333,0.012370689999592285,0.002578302122605466,0.0017194339647132093,5.327580510426162e-4,1.007310785219295,447.591299742316,0,0,0,0,0,0,0.669863224487792
X10,kappa_0,time_trend_sd,0.045528614603915496,15,0.8666666666666667,0.002861591173650628,0.003121811427084502,0.010668544270857349,0.03480639676,0.010928989656391126,0.0027468050637335004,0.0011971023487187481,3.9483824924940286e-4,1.007310785219295,447.591299742316,0,0,0,0,0,0,0.669863224487792
X10,kappa_0,treatment_effect_mean,-0.3374485596707819,15,0.8,0.008980761117115243,0.008142558365781927,0.01797078768931925,0.06557000053333333,0.020091140587659474,0.004160143712592315,0.0026917051751978436,8.156442248871595e-4,1.007310785219295,447.591299742316,0,0,0,0,0,0,0.669863224487792
X10,kappa_0,treatment_effect_sd,0.07626392697027408,15,0.9333333333333333,0.00468155376172592,0.009809136178725919,0.015010661412646394,0.05412259778,0.016818655610612028,0.00381166452598544,0.0018872917821100427,5.907347576726095e-4,1.007310785219295,447.591299742316,0,0,0,0,0,0,0.669863224487792
X10,kappa_0.5,time_trend_mean,-0.08998628257887518,15,1,0.0014451165134085175,-9.853569386248096e-4,0.009767298137152181,0.04049518519,0.012413148450077694,0.0025816903538281497,0.001828881524604212,5.675746082662088e-4,1.0102036422038827,438.6640406120757,0,0,0,0,0,0,0.6844167012556275
X10,kappa_0.5,time_trend_sd,0.045528614603915496,15,0.8666666666666667,0.0029745464691788375,0.0031365092280845053,0.010577203945534025,0.035788521123333326,0.011092589875821362,0.0027127913485153502,0.0012348804213841678,3.8191726112717523e-4,1.0102036422038827,438.6640406120757,0,0,0,0,0,0,0.6844167012556275
X10,kappa_0.5,treatment_effect_mean,-0.3374485596707819,15,0.8666666666666667,0.009228461756115237,0.009901815360781885,0.018447816731095117,0.06605055409999998,0.01996505906577589,0.004269137046958515,0.002728139781095505,7.953963439966026e-4,1.0102036422038827,438.6640406120757,0,0,0,0,0,0,0.6844167012556275
X10,kappa_0.5,treatment_effect_sd,0.07626392697027408,15,0.9333333333333333,0.0035120317600592526,0.008347922501225916,0.015224292693448712,0.05445498319333333,0.01694780722699073,0.003959118958016245,0.0017624441122190743,5.298097109159339e-4,1.0102036422038827,438.6640406120757,0,0,0,0,0,0,0.6844167012556275
X10,kappa_1,time_trend_mean,-0.08998628257887518,15,1,0.0013684125666085188,-7.74035086248126e-5,0.009614440827068648,0.04041512582666667,0.012427824189980698,0.002543407717789439,0.0017673374564740176,5.474936391762791e-4,1.006935725454025,573.9967334458278,0,0,0,0,0,0,0.6518183462478614
X10,kappa_1,time_trend_sd,0.045528614603915496,15,0.8,0.0030596589553178372,0.0022071270205845026,0.010867805892027916,0.035357094459999995,0.010931635458243692,0.0027870579980630375,0.0013201447968542296,3.936027411502495e-4,1.006935725454025,573.9967334458278,0,0,0,0,0,0,0.6518183462478614
X10,kappa_1,treatment_effect_mean,-0.3374485596707819,15,0.8666666666666667,0.009566153066781909,0.009733137580781925,0.01884714726646449,0.06481150416666667,0.019878454831402676,0.004340043413103302,0.002632327798169527,8.38283162033566e-4,1.006935725454025,573.9967334458278,0,0,0,0,0,0,0.6518183462478614
X10,kappa_1,treatment_effect_sd,0.07626392697027408,15,0.8666666666666667,0.0028403462059225872,0.005942395324225927,0.016357669928524082,0.05625922113666666,0.01758615536913809,0.00430536043721779,0.002039034489798993,6.274576658340342e-4,1.006935725454025,573.9967334458278,0,0,0,0,0,0,0.6518183462478614
X10,kappa_2,time_trend_mean,-0.08998628257887518,15,1,0.0015945682010285187,0.0015225850023751902,0.009727132071822022,0.04070819645999999,0.012507261574367025,0.0025645168104473297,0.00183114078412606,5.472424768300651e-4,1.0062615481334067,529.7694930923591,0,0,0,0,0,0,0.6838818213946621
X10,kappa_2,time_trend_sd,0.045528614603915496,15,0.8666666666666667,0.0032168175697281703,0.002628997024584502,0.010912396562591175,0.03549652614333333,0.011036361567509563,0.0027868631042079735,0.0012008941746179261,3.7633127602579086e-4,1.0062615481334067,529.7694930923591,0,0,0,0,0,0,0.6838818213946621
X10,kappa_2,treatment_effect_mean,-0.3374485596707819,15,0.8666666666666667,0.009088538609781911,0.0077893641957819115,0.019005244990603833,0.06693153613333333,0.02043443724455091,0.004460924016160261,0.003046787669724593,9.522278131150022e-4,1.0062615481334067,529.7694930923591,0,0,0,0,0,0,0.6838818213946621
X10,kappa_2,treatment_effect_sd,0.07626392697027408,15,0.8666666666666667,0.002559453823225921,0.005019009375225925,0.01748851126074486,0.05718461515333333,0.017684917678614003,0.00462367527162394,0.0019367504202838278,6.259607044483954e-4,1.0062615481334067,529.7694930923591,0,0,0,0,0,0,0.6838818213946621
X11,free_gamma,time_trend_mean,-0.08998628257887518,15,0.9333333333333333,-0.003485243848744816,-0.001668260340424818,0.011055554323145539,0.04249838364666666,0.012946975845559084,0.0028040577320683022,0.0020170395713251105,6.2155712387794e-4,1.0068235984009817,438.5285058352758,0,0,0,0,0,0,0.5886433647608657
X11,free_gamma,time_trend_sd,0.045528614603915496,15,0.8666666666666667,0.005658960463951171,0.006016055016584504,0.01277157734676521,0.03621349995333333,0.011291671402718891,0.003059987796332386,0.0013725744194741135,4.653818637386286e-4,1.0068235984009817,438.5285058352758,0,0,0,0,0,0,0.5886433647608657
X11,free_gamma,treatment_effect_mean,-0.3374485596707819,15,0.8666666666666667,-0.00466324371988475,-0.0037203227942180783,0.020214672613289762,0.0667345291,0.020432568064186744,0.005256880843723114,0.0031156480723075596,9.311304974047069e-4,1.0068235984009817,438.5285058352758,0,0,0,0,0,0,0.5886433647608657
X11,free_gamma,treatment_effect_sd,0.07626392697027408,15,0.9333333333333333,0.003178373453192589,-3.811775127407491e-5,0.016307829655132788,0.056390967066666665,0.017662627425139223,0.004274870509758737,0.0020547279782886295,6.346912234300057e-4,1.0068235984009817,438.5285058352758,0,0,0,0,0,0,0.5886433647608657
X11,kappa_0,time_trend_mean,-0.08998628257887518,15,0.9333333333333333,-0.0032205934985414814,-5.052547408748165e-4,0.01089275783327497,0.04239330682,0.012996768555192826,0.0027810577475322167,0.002011743011849165,6.338269492830412e-4,1.0069013329563665,448.64082980372643,0,0,0,0,0,0,0.7017155574889292
X11,kappa_0,time_trend_sd,0.045528614603915496,15,0.8666666666666667,0.005306659100284504,0.0035528790415845016,0.012320231073135212,0.03524414723333333,0.010971523541895185,0.0029716212853401628,0.001380504632546206,4.429390533746033e-4,1.0069013329563665,448.64082980372643,0,0,0,0,0,0,0.7017155574889292
X11,kappa_0,treatment_effect_mean,-0.3374485596707819,15,0.9333333333333333,-0.006460033192218092,-0.005642790974218104,0.02084678960780262,0.06704733426666667,0.02072601623280423,0.005297281028356689,0.0026622636424147523,8.287537938483131e-4,1.0069013329563665,448.64082980372643,0,0,0,0,0,0,0.7017155574889292
X11,kappa_0,treatment_effect_sd,0.07626392697027408,15,0.8666666666666667,0.008349508291559254,0.007944223418225926,0.017641157846848558,0.05540640360666666,0.017359845789482315,0.004153278923819533,0.0019267720489395733,6.565015093919254e-4,1.0069013329563665,448.64082980372643,0,0,0,0,0,0,0.7017155574889292
X11,kappa_0.5,time_trend_mean,-0.08998628257887518,15,0.9333333333333333,-0.003348128487061482,-0.0025987962741248205,0.010915523707601621,0.04185989981,0.012762365955483152,0.002776671870183291,0.0018353811923480536,5.645327181009699e-4,1.01188540855741,512.3989637076796,0,0,0,0,0,0,0.6983172241113247
X11,kappa_0.5,time_trend_sd,0.045528614603915496,15,0.8666666666666667,0.005291931894467836,0.003975739296084503,0.012104451068409343,0.0358576356,0.011243844902898807,0.002909506493398962,0.0012177416262244662,4.13026763473768e-4,1.01188540855741,512.3989637076796,0,0,0,0,0,0,0.6983172241113247
X11,kappa_0.5,treatment_effect_mean,-0.3374485596707819,15,0.9333333333333333,-0.005573984062551429,-0.003501264204218091,0.02038373823706504,0.06677528973333334,0.020403254767488145,0.005240143715229369,0.0030505442462279973,9.196004611438918e-4,1.01188540855741,512.3989637076796,0,0,0,0,0,0,0.6983172241113247
X11,kappa_0.5,treatment_effect_sd,0.07626392697027408,15,0.8666666666666667,0.005821084492592588,0.005622581198725926,0.01683939991544155,0.05577985256666666,0.01733191909081062,0.004223068999489344,0.0019204810163250927,5.746614007996499e-4,1.01188540855741,512.3989637076796,0,0,0,0,0,0,0.6983172241113247
X11,kappa_1,time_trend_mean,-0.08998628257887518,15,0.9333333333333333,-0.0034527817626581487,-0.002975686145624809,0.010973185501618462,0.04300339025666666,0.013140249310446493,0.0027837423186421045,0.002096500729439989,6.16971808004817e-4,1.0061890036443095,520.2776600025901,0,0,0,0,0,0,0.6773067238600832
X11,kappa_1,time_trend_sd,0.045528614603915496,15,0.8666666666666667,0.005544927836007837,0.005479347270584502,0.012621189257417004,0.035969429969999994,0.011197378912117199,0.0030301837941074964,0.0013960237273037217,4.2841723114766487e-4,1.0061890036443095,520.2776600025901,0,0,0,0,0,0,0.6773067238600832
X11,kappa_1,treatment_effect_mean,-0.3374485596707819,15,0.8666666666666667,-0.0044560149948847565,-0.0028914695542180957,0.020435151551331583,0.0651470648,0.020020928733295792,0.005330098828427452,0.002753948724041927,8.65601338740932e-4,1.0061890036443095,520.2776600025901,0,0,0,0,0,0,0.6773067238600832
X11,kappa_1,treatment_effect_sd,0.07626392697027408,15,1,0.0024091626478259217,-0.0012177825742740733,0.01638677556324666,0.05515766058333333,0.01725453310686249,0.004331960531878463,0.0019331277514883782,5.859343387632393e-4,1.0061890036443095,520.2776600025901,0,0,0,0,0,0,0.6773067238600832
X11,kappa_2,time_trend_mean,-0.08998628257887518,15,0.9333333333333333,-0.0037652333127914817,-0.0030984575226248173,0.010915879713892178,0.042947531303333335,0.013144177533628027,0.0027383447558751886,0.0020590796482081305,6.484844603617856e-4,1.0097847760152525,542.9672237191644,0,0,0,0,0,0,0.6746763977625116
X11,kappa_2,time_trend_sd,0.045528614603915496,15,0.8666666666666667,0.005808520426981169,0.006177186381584501,0.013091013088557462,0.036398037919999994,0.01133914687036597,0.003135462077294478,0.0014082701790573068,4.5387429493126436e-4,1.0097847760152525,542.9672237191644,0,0,0,0,0,0,0.6746763977625116
X11,kappa_2,treatment_effect_mean,-0.3374485596707819,15,0.9333333333333333,-0.0042589365822180945,-0.002025003789218105,0.020227798853343547,0.0653267053,0.019970446602704965,0.005284919959117985,0.0028381171570645005,8.825160229447091e-4,1.0097847760152525,542.9672237191644,0,0,0,0,0,0,0.6746763977625116
X11,kappa_2,treatment_effect_sd,0.07626392697027408,15,0.9333333333333333,8.584014140692538e-4,-4.034954442740796e-4,0.016472250122452767,0.05612323089666666,0.017610833233885497,0.004396412263823513,0.0017573846761130302,5.710365659362796e-4,1.0097847760152525,542.9672237191644,0,0,0,0,0,0,0.6746763977625116
X12,free_gamma,time_trend_mean,-0.08998628257887518,15,1,-7.328024359348151e-4,-2.243855471248113e-4,0.008538389336468822,0.0415490078,0.012804498065588041,0.0022735606600819604,0.0023007619101948463,7.271031152612602e-4,1.013927575892919,364.22701740524894,0,0,0,0,0,0,0.6372177521203244
X12,free_gamma,time_trend_sd,0.045528614603915496,15,0.8,0.004283242521173169,0.0052753261205845045,0.014050076354089919,0.03638597631366666,0.011314678745948098,0.0035762957597868417,0.0011924522913811738,3.9394414048939363e-4,1.013927575892919,364.22701740524894,0,0,0,0,0,0,0.6372177521203244
X12,free_gamma,treatment_effect_mean,-0.3374485596707819,15,0.8,0.014425192077781908,0.011540302115781886,0.028418634699953566,0.07088807423333332,0.021564915328562074,0.006543986507411119,0.0033192153202941136,0.001002498151809393,1.013927575892919,364.22701740524894,0,0,0,0,0,0,0.6372177521203244
X12,free_gamma,treatment_effect_sd,0.07626392697027408,15,0.8,0.008679745512792587,0.008839233013725925,0.01898944349939362,0.05961540262666667,0.01850763039718195,0.004513954413417982,0.0019860836806441066,6.177199851864422e-4,1.013927575892919,364.22701740524894,0,0,0,0,0,0,0.6372177521203244
X12,kappa_0,time_trend_mean,-0.08998628257887518,15,1,-3.414754526914809e-4,-0.001526915447624816,0.008950286262813337,0.042494702399999994,0.012983971051069491,0.0023903230310912595,0.0025569363941052225,7.81952913372001e-4,1.0116811662931504,270.71384653726255,0,0,0,0,0,0,0.7054766680827074
X12,kappa_0,time_trend_sd,0.045528614603915496,15,0.7333333333333333,0.005108804177185538,0.010473794772084502,0.0159287691103857,0.03661280514633333,0.011381449515553936,0.004032243307312668,0.001661074018604225,5.044059170616154e-4,1.0116811662931504,270.71384653726255,0,0,0,0,0,0,0.7054766680827074
X12,kappa_0,treatment_effect_mean,-0.3374485596707819,15,0.8,0.01066404550978191,0.006539773095781909,0.028798658163030975,0.07904121866666666,0.024376352334180482,0.00714962958759009,0.003045281857352832,9.637386595808047e-4,1.0116811662931504,270.71384653726255,0,0,0,0,0,0,0.7054766680827074
X12,kappa_0,treatment_effect_sd,0.07626392697027408,15,0.7333333333333333,0.02545055060062592,0.022043949230225915,0.03032805180412524,0.06415521914666666,0.019797177043082537,0.004408273069376681,0.00254385164805033,7.492608353919612e-4,1.0116811662931504,270.71384653726255,0,0,0,0,0,0,0.7054766680827074
X12,kappa_0.5,time_trend_mean,-0.08998628257887518,15,1,-4.435805186581487e-4,-8.733469771248087e-4,0.008818661663413056,0.04156220888666666,0.012702086345474798,0.002353902987702674,0.00239771076940282,7.291617673635014e-4,1.007465319743514,266.7220835136538,0,0,0,0,0,0,0.6026899163390181
X12,kappa_0.5,time_trend_sd,0.045528614603915496,15,0.8,0.004561887807665121,0.008987179074584503,0.01510713384593919,0.03627810520233333,0.011288245464542867,0.0038490692072369703,0.0014165225842413596,4.558569685193308e-4,1.007465319743514,266.7220835136538,0,0,0,0,0,0,0.6026899163390181
X12,kappa_0.5,treatment_effect_mean,-0.3374485596707819,15,0.8,0.012246823457781919,0.00922221728578193,0.028938252311556927,0.07545360980000002,0.023078063397728596,0.00700733168107953,0.0029947512668618043,9.064201348368174e-4,1.007465319743514,266.7220835136538,0,0,0,0,0,0,0.6026899163390181
X12,kappa_0.5,treatment_effect_sd,0.07626392697027408,15,0.8,0.019016190120125922,0.014439207892225928,0.024777227077977915,0.06221827326999999,0.019440666066253554,0.004245127416806467,0.0019773481981216552,6.579697370247165e-4,1.007465319743514,266.7220835136538,0,0,0,0,0,0,0.6026899163390181
X12,kappa_1,time_trend_mean,-0.08998628257887518,15,1,-8.599619433914824e-4,-3.9671766212481807e-4,0.008551799328628614,0.04194794439666666,0.012813661680721225,0.00227397916206452,0.002269125371336595,6.973092571983172e-4,1.005513619631021,346.9359409508581,0,0,0,0,0,0,0.6870208997597751
X12,kappa_1,time_trend_sd,0.045528614603915496,15,0.8,0.004288371884551503,0.007320398035584506,0.014350099693694055,0.035999357184,0.011201648705168746,0.003659969045524316,0.0013513188579064733,4.3279072478434935e-4,1.005513619631021,346.9359409508581,0,0,0,0,0,0,0.6870208997597751
X12,kappa_1,treatment_effect_mean,-0.3374485596707819,15,0.8,0.013978219793781914,0.010653797025781897,0.028182744904898294,0.07262000623333333,0.02213875893252442,0.006540404540629918,0.003025890237371228,9.288179326505076e-4,1.005513619631021,346.9359409508581,0,0,0,0,0,0,0.6870208997597751
X12,kappa_1,treatment_effect_sd,0.07626392697027408,15,0.8,0.012122300641925921,0.007559681069725918,0.020394528340640792,0.05981008970333333,0.018666246569535694,0.004383301213403651,0.0021298278286461343,6.275054743190775e-4,1.005513619631021,346.9359409508581,0,0,0,0,0,0,0.6870208997597751
X12,kappa_2,time_trend_mean,-0.08998628257887518,15,1,-0.0010077574472581498,-4.0147604712481577e-4,0.008509785182505033,0.04149270769,0.012768664736796345,0.0022583316974495947,0.002093034399261853,6.696720824761551e-4,1.00590234329001,389.8619026252808,0,0,0,0,0,0,0.7085684965216495
X12,kappa_2,time_trend_sd,0.045528614603915496,15,0.8,0.004326067624679912,0.005650169379584506,0.01368991016400488,0.03627443280733333,0.011277739264764285,0.0034712984314767413,0.001239478982836,4.014597383648483e-4,1.00590234329001,389.8619026252808,0,0,0,0,0,0,0.7085684965216495
X12,kappa_2,treatment_effect_mean,-0.3374485596707819,15,0.8,0.014677202652781907,0.011751053100781894,0.028386520555475088,0.0708292333,0.02159758241551516,0.006493811733024765,0.0029318480550607983,8.795481212479795e-4,1.00590234329001,389.8619026252808,0,0,0,0,0,0,0.7085684965216495
X12,kappa_2,treatment_effect_sd,0.07626392697027408,15,0.8,0.00828524157702592,0.008632779945225919,0.018624170479271347,0.059432911979999996,0.018486189071240007,0.004457854208755625,0.0019136150102036281,5.942480603883577e-4,1.00590234329001,389.8619026252808,0,0,0,0,0,0,0.7085684965216495
X13,kappa_0,baseline_difference_sd,0,15,0,0.02156337465814132,0.02022988511748495,0.022465979210346897,0.0460314276461,0.01456266401926293,0.0016848292671528572,0.002143324773760779,6.041882097549458e-4,1.0116525983451214,209.76244620397182,0,0.13333333333333333,1,0.13333333333333333,0,0,0.7160623524487247
X13,kappa_0,time_trend_mean,-0.08998628257887518,15,0.8666666666666667,0.004854032679699518,0.003690142901875179,0.01375339295444185,0.06596389441666667,0.02060804519614775,0.0034392086351337507,0.0032258592456247764,0.0010097420988534802,1.0116525983451214,209.76244620397182,0,0.13333333333333333,1,0.13333333333333333,0,0,0.7160623524487247
X13,kappa_0,time_trend_sd,0.045528614603915496,15,0.9333333333333333,0.011717993197726505,0.009152843723084503,0.01799238023907532,0.06405716279966665,0.02041848738844152,0.0036490153474749037,0.003178482114464104,0.0010807204507709968,1.0116525983451214,209.76244620397182,0,0.13333333333333333,1,0.13333333333333333,0,0,0.7160623524487247
X13,kappa_0,treatment_effect_mean,-0.3374485596707819,15,0.5333333333333333,0.02559060469911524,0.025250991800781886,0.032013607952826664,0.054325636533333325,0.01659578925452424,0.005140817370327876,0.001967480916249389,5.925800091705399e-4,1.0116525983451214,209.76244620397182,0,0.13333333333333333,1,0.13333333333333333,0,0,0.7160623524487247
X13,kappa_0,treatment_effect_sd,0.07626392697027408,15,0.8,6.149572801925444e-5,-0.001767938515274084,0.01424291978813048,0.04436537914666666,0.013580765120208635,0.0038065449497876507,0.0013126185485422327,4.16136573983072e-4,1.0116525983451214,209.76244620397182,0,0.13333333333333333,1,0.13333333333333333,0,0,0.7160623524487247
X13,kappa_0.5,baseline_difference_sd,0,15,0,0.02167092601633491,0.0204727788823056,0.022621456178807748,0.04580069999166666,0.014612307289049236,0.0017341371927161032,0.0022598923262108963,6.444356375464401e-4,1.0149950781847343,293.82231078169286,0,0.26666666666666666,4,0.06666666666666667,0,0,0.6218679834963566
X13,kappa_0.5,time_trend_mean,-0.08998628257887518,15,0.8666666666666667,0.00484962757256385,0.0031069007235751817,0.01392741017496559,0.06512486107333333,0.02025706708948963,0.0034893088405786397,0.003058217788042613,9.687500517602271e-4,1.0149950781847343,293.82231078169286,0,0.26666666666666666,4,0.06666666666666667,0,0,0.6218679834963566
X13,kappa_0.5,time_trend_sd,0.045528614603915496,15,0.9333333333333333,0.011101274079271937,0.008922100124584505,0.017202103472826635,0.061936157639,0.019558933232250185,0.003511959950417585,0.002905084495757378,9.315593109719539e-4,1.0149950781847343,293.82231078169286,0,0.26666666666666666,4,0.06666666666666667,0,0,0.6218679834963566
X13,kappa_0.5,treatment_effect_mean,-0.3374485596707819,15,0.5333333333333333,0.025526297258448575,0.024931741315781908,0.0317350387341615,0.05440799133333333,0.01669353789103082,0.005039280218812797,0.002029369396565615,6.391807791026189e-4,1.0149950781847343,293.82231078169286,0,0.26666666666666666,4,0.06666666666666667,0,0,0.6218679834963566
X13,kappa_0.5,treatment_effect_sd,0.07626392697027408,15,0.8,-0.0017059477251907447,-0.003005028383774075,0.01489244420046979,0.045058048866666665,0.013839044844660678,0.003953973016591059,0.0014101563617941648,4.347785255513128e-4,1.0149950781847343,293.82231078169286,0,0.26666666666666666,4,0.06666666666666667,0,0,0.6218679834963566
X13,kappa_1,baseline_difference_sd,0,15,0,0.022165731161455097,0.0221939267428845,0.023140432087924784,0.04684635667106666,0.014893072837005004,0.0017760300692024483,0.002349023926966133,6.52026935163843e-4,1.0085710211732883,159.61574747856204,0,0.9333333333333333,14,0.06666666666666667,0.06666666666666667,0,0.5439881580409227
X13,kappa_1,time_trend_mean,-0.08998628257887518,15,0.8666666666666667,0.005373966227766018,0.00440833394812519,0.014307835266863932,0.06424353233333333,0.020039024170048145,0.0035439549840593303,0.002841053896388415,9.129762066825449e-4,1.0085710211732883,159.61574747856204,0,0.9333333333333333,14,0.06666666666666667,0.06666666666666667,0,0.5439881580409227
X13,kappa_1,time_trend_sd,0.045528614603915496,15,0.9333333333333333,0.01008889851520297,0.007975111293584504,0.015852100352233257,0.06044765216933332,0.019140872880845407,0.003267843460221884,0.002117035560956487,7.059134294939548e-4,1.0085710211732883,159.61574747856204,0,0.9333333333333333,14,0.06666666666666667,0.06666666666666667,0,0.5439881580409227
X13,kappa_1,treatment_effect_mean,-0.3374485596707819,15,0.6,0.025280626588781916,0.026077333080781917,0.03146912251676087,0.054325308499999996,0.016639454250243543,0.005008532656901471,0.0021943885932609597,6.715507163790038e-4,1.0085710211732883,159.61574747856204,0,0.9333333333333333,14,0.06666666666666667,0.06666666666666667,0,0.5439881580409227
X13,kappa_1,treatment_effect_sd,0.07626392697027408,15,0.8666666666666667,-0.006186312272970747,-0.005988468768774083,0.01734328343544569,0.046952886926,0.014394974735636815,0.004330283896858565,0.001255221885854218,3.8011887314615166e-4,1.0085710211732883,159.61574747856204,0,0.9333333333333333,14,0.06666666666666667,0.06666666666666667,0,0.5439881580409227
X13,kappa_2,baseline_difference_sd,0,15,0,0.02255796845530879,0.0227281946042785,0.023528873792178426,0.047228419004533326,0.015017558781084468,0.0017877751755734676,0.0023316818758349093,6.407906352242851e-4,1.0448327751584348,77.59979171647443,0,2.933333333333333,44,0.06666666666666667,0.06666666666666667,0,0.41953698864813327
X13,kappa_2,time_trend_mean,-0.08998628257887518,15,0.8666666666666667,0.007501407873458184,0.007946292329525179,0.0147735612234758,0.06381433100666667,0.019732223099680493,0.0034015436741469444,0.0028260549868466393,8.588972571352294e-4,1.0448327751584348,77.59979171647443,0,2.933333333333333,44,0.06666666666666667,0.06666666666666667,0,0.41953698864813327
X13,kappa_2,time_trend_sd,0.045528614603915496,15,0.9333333333333333,0.008838004676772336,0.008293755672084506,0.014401868964028815,0.05623840316599999,0.017972873483461452,0.0030390729670928865,0.0014681235725893032,5.398150312737491e-4,1.0448327751584348,77.59979171647443,0,2.933333333333333,44,0.06666666666666667,0.06666666666666667,0,0.41953698864813327
X13,kappa_2,treatment_effect_mean,-0.3374485596707819,15,0.5333333333333333,0.02412028425278191,0.02795426345578189,0.030549410354876502,0.05664741946666667,0.017330052397711078,0.005010548591262499,0.002140065897149196,6.707707760226499e-4,1.0448327751584348,77.59979171647443,0,2.933333333333333,44,0.06666666666666667,0.06666666666666667,0,0.41953698864813327
X13,kappa_2,treatment_effect_sd,0.07626392697027408,15,0.8,-0.012817994315664081,-0.009973512232774082,0.0211738908875908,0.04932377137966667,0.015212173416768737,0.0045042256116039365,0.0013121370356894105,4.0381950990315294e-4,1.0448327751584348,77.59979171647443,0,2.933333333333333,44,0.06666666666666667,0.06666666666666667,0,0.41953698864813327
X14,kappa_0.5,baseline_difference_sd,0,15,0,0.02384418814672107,0.0236263961549175,0.024417152359584166,0.05491213212599999,0.017648329322606002,0.0014053982906460775,0.0025423785205314748,7.449949338148621e-4,1.006000360071261,491.12446281299043,0,0,0,0,0,0,0.8042441758451461
X14,kappa_0.5,time_trend_mean,-0.08998628257887518,15,0.8666666666666667,-3.787119211784822e-4,-0.0042131411616048164,0.016542417235762524,0.062415342639999996,0.01929568402311727,0.004419988245643795,0.0044111319448646704,0.0013402124354373994,1.006000360071261,491.12446281299043,0,0,0,0,0,0,0.8042441758451461
X14,kappa_0.5,time_trend_sd,0.045528614603915496,15,0.8666666666666667,0.006520610405179337,0.006945264738584506,0.019220907407767256,0.057857316152199995,0.01831364006716545,0.004832367960814044,0.003456760708659902,0.0010712977297167388,1.006000360071261,491.12446281299043,0,0,0,0,0,0,0.8042441758451461
X14,kappa_0.5,treatment_effect_mean,-0.3374485596707819,15,0.6666666666666666,0.020436810482115247,0.020058473895781914,0.02610388564112887,0.05603585646666667,0.017075345217478496,0.004340421497662891,0.0021347973799336266,6.500456104852441e-4,1.006000360071261,491.12446281299043,0,0,0,0,0,0,0.8042441758451461
X14,kappa_0.5,treatment_effect_sd,0.07626392697027408,15,0.8,0.0011891417833592552,0.0014064989072259254,0.015686673121144277,0.04522281731333333,0.013814295869218896,0.004180376396490593,0.0016405871370648215,4.980222010765199e-4,1.006000360071261,491.12446281299043,0,0,0,0,0,0,0.8042441758451461
X14,kappa_1,baseline_difference_sd,0,15,0,0.023666999746435338,0.0234891258718964,0.02428786436721262,0.05395731548196666,0.01743898344713178,0.0014583130793181674,0.0022420564687979767,6.606026668701522e-4,1.011877784175278,158.0766921498796,0,0.2,2,0.13333333333333333,0,0,0.5228074573475268
X14,kappa_1,time_trend_mean,-0.08998628257887518,15,0.8666666666666667,-3.775907417124492e-4,-0.004374536172124813,0.016551023911753615,0.060752643883333325,0.018945927230228633,0.004422295927288811,0.004297998008979808,0.0013359154908144221,1.011877784175278,158.0766921498796,0,0.2,2,0.13333333333333333,0,0,0.5228074573475268
X14,kappa_1,time_trend_sd,0.045528614603915496,15,0.8666666666666667,0.0055989831868095506,0.003428476785084504,0.018797414634823994,0.056361933403533335,0.018016514841208923,0.004795788213387415,0.0033890927113116986,0.0010350871201720271,1.011877784175278,158.0766921498796,0,0.2,2,0.13333333333333333,0,0,0.5228074573475268
X14,kappa_1,treatment_effect_mean,-0.3374485596707819,15,0.6666666666666666,0.02087497698511525,0.020177936420781917,0.026548217536232353,0.05417280829999999,0.01659811730204366,0.004383762166238555,0.0021632244478798144,6.592471554745838e-4,1.011877784175278,158.0766921498796,0,0.2,2,0.13333333333333333,0,0,0.5228074573475268
X14,kappa_1,treatment_effect_sd,0.07626392697027408,15,0.8,-0.004723120825507412,-0.004852245773774078,0.01694444655398344,0.04669541162,0.014393304262790818,0.004349108272216432,0.001296920902676721,4.240869435757729e-4,1.011877784175278,158.0766921498796,0,0.2,2,0.13333333333333333,0,0,0.5228074573475268
X14,kappa_est,baseline_difference_sd,0,15,0,0.023856109236650328,0.024082461202335,0.02448263431283169,0.05416792051333333,0.017762557347295392,0.0014707975238151397,0.002567952801304331,7.630604856932884e-4,1.007137712149031,221.30461193472755,0,1.3333333333333333,19,0.13333333333333333,0.06666666666666667,0,0.611324168683272
X14,kappa_est,kappa,1,15,0.6666666666666666,-0.4652484911465958,-0.54134244276414,0.5072695524082902,0.9814334323566666,0.30649290930098055,0.054027929474567096,0.03262990363238689,0.00945548871245423,1.007137712149031,221.30461193472755,0,1.3333333333333333,19,0.13333333333333333,0.06666666666666667,0,0.611324168683272
X14,kappa_est,time_trend_mean,-0.08998628257887518,15,0.8666666666666667,-2.246007351533491e-4,-0.004798241075624821,0.016803274335858816,0.06294521176,0.019578435557042903,0.004490462773764447,0.004695107375061176,0.0014965113468406207,1.007137712149031,221.30461193472755,0,1.3333333333333333,19,0.13333333333333333,0.06666666666666667,0,0.611324168683272
X14,kappa_est,time_trend_sd,0.045528614603915496,15,0.8666666666666667,0.006643124320267123,0.007007128402584502,0.0198720100287191,0.05908543737066666,0.01875887482533454,0.005005466168150489,0.0037070398019587816,0.0012123366561438388,1.007137712149031,221.30461193472755,0,1.3333333333333333,19,0.13333333333333333,0.06666666666666667,0,0.611324168683272
X14,kappa_est,treatment_effect_mean,-0.3374485596707819,15,0.6666666666666666,0.020522257509115238,0.021095224500781884,0.02619866530022553,0.055262202866666665,0.016799343425419097,0.004352396796534759,0.0021155055434746274,6.402699655460993e-4,1.007137712149031,221.30461193472755,0,1.3333333333333333,19,0.13333333333333333,0.06666666666666667,0,0.611324168683272
X14,kappa_est,treatment_effect_sd,0.07626392697027408,15,0.8,-5.430390250674127e-4,0.0012494118867259207,0.015735736966778303,0.04660168821,0.014374270676909487,0.004203047589079068,0.0014772536417172553,4.528549836887019e-4,1.007137712149031,221.30461193472755,0,1.3333333333333333,19,0.13333333333333333,0.06666666666666667,0,0.611324168683272
X15,kappa_0.5,time_trend_mean,-0.08998628257887518,15,1,-0.0034745596995848153,-0.0027523291201248107,0.012556018799705453,0.06648501988,0.02043955243608504,0.0032246931525404515,0.0029720242960008377,8.866882314645428e-4,1.005254290547075,608.2085387124273,0,0,0,0,0,0,0.8171514604112539
X15,kappa_0.5,time_trend_sd,0.045528614603915496,15,1,0.011314894417853837,0.011613766065084505,0.01632268529239451,0.06041850693999999,0.018930334341270734,0.003144192145475438,0.0021452090696549475,6.791954647227441e-4,1.005254290547075,608.2085387124273,0,0,0,0,0,0,0.8171514604112539
X15,kappa_0.5,treatment_effect_mean,-0.3374485596707819,15,0.5333333333333333,0.024198812737781912,0.02460843328078194,0.0306017922523624,0.05499148289999999,0.016698328348884264,0.005006332783431909,0.0019673282590200345,6.076265196337924e-4,1.005254290547075,608.2085387124273,0,0,0,0,0,0,0.8171514604112539
X15,kappa_0.5,treatment_effect_sd,0.07626392697027408,15,1,-7.259369326740798e-4,-0.003954225411274076,0.013750966777855126,0.04423924324,0.013631210600806404,0.003669975699563916,0.0013308408763491163,3.955860624554867e-4,1.005254290547075,608.2085387124273,0,0,0,0,0,0,0.8171514604112539
X15,kappa_1,time_trend_mean,-0.08998628257887518,15,1,-0.003334109175369816,-0.004260492324024812,0.012553476522096102,0.06718693960333333,0.020774459796448316,0.0032345621120897696,0.0028768215710880444,8.823241207036847e-4,1.011280063060519,370.85566471973,0,0.3333333333333333,3,0.13333333333333333,0,0,0.8271032775079055
X15,kappa_1,time_trend_sd,0.045528614603915496,15,1,0.011382079416852504,0.011741941484584503,0.016441888720742093,0.059834621128,0.019018042711173196,0.0031711193703455273,0.0021278797848340875,7.227842734025942e-4,1.011280063060519,370.85566471973,0,0.3333333333333333,3,0.13333333333333333,0,0,0.8271032775079055
X15,kappa_1,treatment_effect_mean,-0.3374485596707819,15,0.5333333333333333,0.023913493407781913,0.024482706575781887,0.030242903174667775,0.0550632315,0.016736578246182993,0.004948145579538584,0.0018466226955446145,5.661366683595014e-4,1.011280063060519,370.85566471973,0,0.3333333333333333,3,0.13333333333333333,0,0,0.8271032775079055
X15,kappa_1,treatment_effect_sd,0.07626392697027408,15,0.8666666666666667,-0.005673454810744078,-0.008234236937274084,0.015109045232028573,0.04718968215333333,0.014555492851384855,0.0037425655670745646,0.0011246213652359824,3.2001899712125035e-4,1.011280063060519,370.85566471973,0,0.3333333333333333,3,0.13333333333333333,0,0,0.8271032775079055
X15,kappa_est,kappa,1,15,0.6,-0.3927259102645813,-0.45151312395721,0.4857214453272138,0.9099233377999999,0.28055997329521076,0.07638795803454025,0.02673466633618907,0.007611080452623031,1.011522692722433,244.42421487465913,0,0.4,3,0.2,0,0,0.7371551927294131
X15,kappa_est,time_trend_mean,-0.08998628257887518,15,1,-0.0030768428550574795,-0.00353275205190981,0.012487320853887113,0.06645437330333333,0.02072007972182057,0.003234481854654022,0.0029151020752037505,9.518464616485794e-4,1.011522692722433,244.42421487465913,0,0.4,3,0.2,0,0,0.7371551927294131
X15,kappa_est,time_trend_sd,0.045528614603915496,15,1,0.012048332729771682,0.012649090861584507,0.016999419279555915,0.06220183903966666,0.019652991463338328,0.003205106798698086,0.002760266060100522,8.672561943728238e-4,1.011522692722433,244.42421487465913,0,0.4,3,0.2,0,0,0.7371551927294131
X15,kappa_est,treatment_effect_mean,-0.3374485596707819,15,0.5333333333333333,0.023745898384781916,0.024732123710781928,0.030437640769938264,0.05467722933333333,0.0167215400226339,0.005089079944487719,0.001860285214136397,5.565320305973123e-4,1.011522692722433,244.42421487465913,0,0.4,3,0.2,0,0,0.7371551927294131
X15,kappa_est,treatment_effect_sd,0.07626392697027408,15,0.8666666666666667,-0.002672092194407412,-0.004461932659774084,0.013266964531179582,0.04578669668666666,0.014137434263386848,0.0034730829365294054,0.0013110371825241496,3.9583423349131956e-4,1.011522692722433,244.42421487465913,0,0.4,3,0.2,0,0,0.7371551927294131
X16,kappa_0,time_trend_mean,-0.08998628257887518,15,1,-0.002361354554812048,-0.005862446212124811,0.012957796177184937,0.06731607947666667,0.020754276535222563,0.0034051272939908156,0.004162925479419414,0.0012546320306792396,1.0135178740354804,190.54077102978366,0,0.6666666666666666,9,0.13333333333333333,0,0,0.6555735616838558
X16,kappa_0,time_trend_sd,0.045528614603915496,15,0.8,0.011519624436481838,0.009767646973084507,0.019869333150768307,0.06331278169599999,0.02016316507122983,0.004326732953384366,0.004103965239951203,0.0012964577070488838,1.0135178740354804,190.54077102978366,0,0.6666666666666666,9,0.13333333333333333,0,0,0.6555735616838558
X16,kappa_0,treatment_effect_mean,-0.3374485596707819,15,0.5333333333333333,0.02800273384344858,0.028770989610781894,0.031215965403942395,0.057887291866666656,0.017668438725609987,0.0036866883454735595,0.0019723900952799923,6.133779950892558e-4,1.0135178740354804,190.54077102978366,0,0.6666666666666666,9,0.13333333333333333,0,0,0.6555735616838558
X16,kappa_0,treatment_effect_sd,0.07626392697027408,15,0.8,0.006683190252059254,0.00560789707222592,0.016292043365800275,0.045754065026666665,0.01410036169030067,0.003971016828110338,0.0012784765450916656,3.9522072414627127e-4,1.0135178740354804,190.54077102978366,0,0.6666666666666666,9,0.13333333333333333,0,0,0.6555735616838558
X16,kappa_0.5,time_trend_mean,-0.08998628257887518,15,1,-0.0031133791989364805,-0.006045923886124821,0.012397800003933422,0.06595068659,0.020442332436632224,0.0032072720373413155,0.004110938569754879,0.001251400103629368,1.02253806675289,80.74517284019682,0,0.06666666666666667,1,0.06666666666666667,0,0,0.5615182804780725
X16,kappa_0.5,time_trend_sd,0.045528614603915496,15,0.8666666666666667,0.010444893329960738,0.009140966012084507,0.019060104432297005,0.06063717847333333,0.01943783834370105,0.004261051046529395,0.0032476019392669434,0.0010249135875343405,1.02253806675289,80.74517284019682,0,0.06666666666666667,1,0.06666666666666667,0,0,0.5615182804780725
X16,kappa_0.5,treatment_effect_mean,-0.3374485596707819,15,0.5333333333333333,0.028378244026448573,0.028545231225781897,0.03187456593587122,0.05720026683333334,0.017489552182250994,0.0038790943307457923,0.00221495410048919,6.512279888758793e-4,1.02253806675289,80.74517284019682,0,0.06666666666666667,1,0.06666666666666667,0,0,0.5615182804780725
X16,kappa_0.5,treatment_effect_sd,0.07626392697027408,15,0.8666666666666667,0.0026908557989025876,0.0012752793142259272,0.01711631325072782,0.047087687589999996,0.014477716324458954,0.004517643778774136,0.001265279956073992,4.0481795009629485e-4,1.02253806675289,80.74517284019682,0,0.06666666666666667,1,0.06666666666666667,0,0,0.5615182804780725
X16,kappa_1,time_trend_mean,-0.08998628257887518,15,1,-0.0029864333013864164,-0.006423027891124811,0.011758358552344262,0.06490376973666666,0.020228128950120338,0.003039504329678227,0.00369877854565675,0.0011909894260966755,1.0274741752355023,89.36019050587072,0,3.4,41,0.26666666666666666,0.06666666666666667,0,0.5273208657605165
X16,kappa_1,time_trend_sd,0.045528614603915496,15,0.8,0.009277997749815237,0.0053880962600845045,0.017762211246696632,0.058163339391,0.018547007200518828,0.004048058671641257,0.0022899877221587207,7.500004437142851e-4,1.0274741752355023,89.36019050587072,0,3.4,41,0.26666666666666666,0.06666666666666667,0,0.5273208657605165
X16,kappa_1,treatment_effect_mean,-0.3374485596707819,15,0.6,0.026878653581781913,0.026805473170781913,0.03086537485882908,0.05759739633333332,0.01757133374126247,0.004055061623687122,0.0022483462345991257,6.875071940554782e-4,1.0274741752355023,89.36019050587072,0,3.4,41,0.26666666666666666,0.06666666666666667,0,0.5273208657605165
X16,kappa_1,treatment_effect_sd,0.07626392697027408,15,0.8,-0.00385598478552408,-0.005002264438274076,0.020625390644517797,0.04943119517333333,0.015356895502739581,0.0054151778797638305,0.0014081374838432574,4.385962950839886e-4,1.0274741752355023,89.36019050587072,0,3.4,41,0.26666666666666666,0.06666666666666667,0,0.5273208657605165
X17,kappa_0,time_trend_mean,-0.08998628257887518,15,1,-0.001718648347665482,0.0027665985770751883,0.014021311805930197,0.06723775872763332,0.02089538606742715,0.0037190958253719244,0.005105908098096589,0.0015859132361720407,1.007019448026084,348.2795992296098,0,0.06666666666666667,1,0.06666666666666667,0,0,0.7819043196508396
X17,kappa_0,time_trend_sd,0.045528614603915496,15,0.8,0.013541199551636738,0.012129093257584503,0.024374447059474096,0.06418480213399999,0.020227681301163473,0.00541657234893762,0.00356112336919003,0.0011452077214347625,1.007019448026084,348.2795992296098,0,0.06666666666666667,1,0.06666666666666667,0,0,0.7819043196508396
X17,kappa_0,treatment_effect_mean,-0.3374485596707819,15,0.6666666666666666,0.02171290135078191,0.024963569000781893,0.025313807811011058,0.05446747179999999,0.016616178579403593,0.0034778768238273683,0.0015159168741414523,4.623392650992363e-4,1.007019448026084,348.2795992296098,0,0.06666666666666667,1,0.06666666666666667,0,0,0.7819043196508396
X17,kappa_0,treatment_effect_sd,0.07626392697027408,15,0.9333333333333333,3.4401700929258906e-4,0.0016963602242259235,0.01142206227342686,0.044027469513333334,0.013497234992333603,0.0030512896439205896,0.0012208496584476562,3.754758096629438e-4,1.007019448026084,348.2795992296098,0,0.06666666666666667,1,0.06666666666666667,0,0,0.7819043196508396
X17,kappa_0.5,time_trend_mean,-0.08998628257887518,15,1,-0.0020244343345888166,0.0014966014089251856,0.013427639753748496,0.06780565610666667,0.021121556495964346,0.003547666989741134,0.004525366780853406,0.0014758792225230048,1.0088239476723557,255.4373649993171,0,0.2,2,0.13333333333333333,0,0,0.7480477586108057
X17,kappa_0.5,time_trend_sd,0.045528614603915496,15,0.7333333333333333,0.014494151589020505,0.012583210651084503,0.024652678155749556,0.06482472155666666,0.02050262667397191,0.005329661674906001,0.0038937603295078646,0.0012679265381815262,1.0088239476723557,255.4373649993171,0,0.2,2,0.13333333333333333,0,0,0.7480477586108057
X17,kappa_0.5,treatment_effect_mean,-0.3374485596707819,15,0.6,0.02254063437478191,0.023445295745781913,0.025664215991046888,0.053557388399999996,0.01631256655133685,0.003279501099007797,0.0014857655243819667,4.391565140846916e-4,1.0088239476723557,255.4373649993171,0,0.2,2,0.13333333333333333,0,0,0.7480477586108057
X17,kappa_0.5,treatment_effect_sd,0.07626392697027408,15,0.8666666666666667,-0.005356033919060746,-0.0041826627852740855,0.013251381980703176,0.04600293166333333,0.014118389619479975,0.003239400573478896,0.0014040680835915476,4.1543018299636047e-4,1.0088239476723557,255.4373649993171,0,0.2,2,0.13333333333333333,0,0,0.7480477586108057
X17,kappa_1,time_trend_mean,-0.08998628257887518,15,1,-0.0019641419512834825,-1.81143535624817e-4,0.01353178323070351,0.06906001066,0.02131452803902208,0.0035782208647590404,0.004515164991848697,0.0014181821287620343,1.0283859428648434,68.37088883263411,0,5.2,72,0.13333333333333333,0.06666666666666667,0,0.37393140067325975
X17,kappa_1,time_trend_sd,0.045528614603915496,15,0.7333333333333333,0.014041118786453838,0.011191513906584502,0.023195312140222437,0.06081063014333332,0.019307626721664337,0.004934351082730733,0.003170472572002044,9.93678261809875e-4,1.0283859428648434,68.37088883263411,0,5.2,72,0.13333333333333333,0.06666666666666667,0,0.37393140067325975
X17,kappa_1,treatment_effect_mean,-0.3374485596707819,15,0.5333333333333333,0.02268477964744858,0.021587543505781903,0.02616644324317428,0.053313131033333336,0.016264426897160948,0.003485516198140156,0.0015252542908609534,4.5987916158647115e-4,1.0283859428648434,68.37088883263411,0,5.2,72,0.13333333333333333,0.06666666666666667,0,0.37393140067325975
X17,kappa_1,treatment_effect_sd,0.07626392697027408,15,0.8,-0.01487036097118408,-0.01645219606177408,0.02043249181169576,0.05186996143166666,0.01565722910698753,0.003745083312268992,0.0019170405330915768,4.7621138191437034e-4,1.0283859428648434,68.37088883263411,0,5.2,72,0.13333333333333333,0.06666666666666667,0,0.37393140067325975
X18,kappa_0,time_trend_mean,-0.08998628257887518,15,1,0.009128451933000185,0.009092693554375184,0.015240878027973179,0.061337844113333324,0.019085228967078646,0.0032618545160083925,0.004269877990037291,0.0013007743847068564,1.0100731032047783,310.3896842073987,0,0,0,0,0,0,0.8302849369634373
X18,kappa_0,time_trend_sd,0.045528614603915496,15,0.8666666666666667,0.006060089808287927,0.011184775588084506,0.018746583233740354,0.058815379828999995,0.018800855409246447,0.004741230208463379,0.004168356855413896,0.0013151290108235694,1.0100731032047783,310.3896842073987,0,0,0,0,0,0,0.8302849369634373
X18,kappa_0,treatment_effect_mean,-0.3374485596707819,15,0.5333333333333333,0.028484022732448575,0.03136982675578193,0.03535514693654836,0.057132929966666676,0.017458785621934175,0.005597492192824758,0.0013116419335622654,4.22121058103893e-4,1.0100731032047783,310.3896842073987,0,0,0,0,0,0,0.8302849369634373
X18,kappa_0,treatment_effect_sd,0.07626392697027408,15,0.9333333333333333,0.006722247259259255,0.003976957478725923,0.012745984304988823,0.04494516991666666,0.013905701499989593,0.002894224639425444,0.0012546267564163376,3.7650046110381446e-4,1.0100731032047783,310.3896842073987,0,0,0,0,0,0,0.8302849369634373
X18,kappa_0.5,time_trend_mean,-0.08998628257887518,15,1,0.008627034108181516,0.009350732414375187,0.014580451964153642,0.060656898519999995,0.018836811178224902,0.003141472152343144,0.0039462107197684474,0.001209365256293903,1.0052781744896773,431.72741231914085,0,0,0,0,0,0,0.8565584838969555
X18,kappa_0.5,time_trend_sd,0.045528614603915496,15,0.8666666666666667,0.005716495711375202,0.011679707119584506,0.018489438069693824,0.05810143538066666,0.0186770843507607,0.004699399634260835,0.0037038801375854596,0.0011864191711228494,1.0052781744896773,431.72741231914085,0,0,0,0,0,0,0.8565584838969555
X18,kappa_0.5,treatment_effect_mean,-0.3374485596707819,15,0.5333333333333333,0.02870705373178191,0.03115808002078191,0.035480796618553315,0.05666208016666667,0.01734793925031611,0.00557284227768746,0.0014888339470817684,4.6178924046210394e-4,1.0052781744896773,431.72741231914085,0,0,0,0,0,0,0.8565584838969555
X18,kappa_0.5,treatment_effect_sd,0.07626392697027408,15,0.9333333333333333,0.004428486170059255,0.00228879518622592,0.011601822544652687,0.04544001002,0.014014027804501027,0.0028659428341323663,0.001227470583958409,3.7535950884179793e-4,1.0052781744896773,431.72741231914085,0,0,0,0,0,0,0.8565584838969555
X18,kappa_1,time_trend_mean,-0.08998628257887518,15,1,0.008863626358461418,0.010144494575375182,0.014214833119976442,0.05992586725333333,0.018525480294008283,0.002970060225536166,0.004116491713155835,0.0012469153462568096,1.0111008284758143,424.397488847908,0,0.06666666666666667,1,0.06666666666666667,0,0,0.8186200240017362
X18,kappa_1,time_trend_sd,0.045528614603915496,15,0.8666666666666667,0.005182872048467837,0.009547783372084506,0.018327182875904794,0.05773597391766667,0.01838770133353751,0.004698202311949211,0.0033212621979994026,0.0011328838443392354,1.0111008284758143,424.397488847908,0,0.06666666666666667,1,0.06666666666666667,0,0,0.8186200240017362
X18,kappa_1,treatment_effect_mean,-0.3374485596707819,15,0.4666666666666667,0.029010615644781915,0.03046278105078193,0.035098091975818355,0.056602954466666654,0.017283711930965763,0.005279747290041039,0.0015880417098202467,4.979931763690547e-4,1.0111008284758143,424.397488847908,0,0.06666666666666667,1,0.06666666666666667,0,0,0.8186200240017362
X18,kappa_1,treatment_effect_sd,0.07626392697027408,15,1,-6.074913770074121e-4,-0.003136761133774077,0.010942451768413177,0.04804776227,0.01482358338457764,0.002919982936972043,0.0011071917505583438,3.3202826135706197e-4,1.0111008284758143,424.397488847908,0,0.06666666666666667,1,0.06666666666666667,0,0,0.8186200240017362
X19,mu_gamma_est,time_trend_mean,-0.08998628257887518,15,0.9333333333333333,-0.0017317965090222144,-0.003590201197844811,0.016748281442509415,0.06581338129,0.020329434969464388,0.004452172921561879,0.005304569920977857,0.0016030475811724322,1.020268665932976,219.6367728849095,0,3.3333333333333335,40,0.13333333333333333,0.06666666666666667,0,0.571135598035634
X19,mu_gamma_est,time_trend_sd,0.045528614603915496,15,0.6666666666666666,0.009679942141032972,0.014357815405584506,0.024036581139207078,0.05873295190899999,0.018565951725762916,0.005880087177487491,0.0029839042499213236,9.675468936379503e-4,1.020268665932976,219.6367728849095,0,3.3333333333333335,40,0.13333333333333333,0.06666666666666667,0,0.571135598035634
X19,mu_gamma_est,treatment_effect_mean,-0.3374485596707819,15,0.9333333333333333,-0.0072695670568847515,-0.003197221039218101,0.02604200585868777,0.08649089253333334,0.026435602114175963,0.00668334531262699,0.0035378701625262995,0.001059962752203865,1.020268665932976,219.6367728849095,0,3.3333333333333335,40,0.13333333333333333,0.06666666666666667,0,0.571135598035634
X19,mu_gamma_est,treatment_effect_sd,0.07626392697027408,15,0.8666666666666667,-0.005599731894007412,-0.003764268757274078,0.01542750913846947,0.04795647981,0.014720399592905976,0.0038419771782321663,0.0012743971997852118,3.849294072497099e-4,1.020268665932976,219.6367728849095,0,3.3333333333333335,40,0.13333333333333333,0.06666666666666667,0,0.571135598035634
X19,mu_gamma_zero,time_trend_mean,-0.08998628257887518,15,1,-0.0025785580037281496,-0.004143116323874818,0.016369637891030322,0.06657937117,0.020541875772095257,0.004320351203522241,0.005487253892187737,0.0016588595542729164,1.013363571075208,112.36802869817417,0,12.533333333333333,135,0.2,0.13333333333333333,0,0.4910687414230298
X19,mu_gamma_zero,time_trend_sd,0.045528614603915496,15,0.7333333333333333,0.009408050409239246,0.014916007472084505,0.023504551012850285,0.05791979808433333,0.018367650271274447,0.005756688692375248,0.0028749336780705356,9.153055629512382e-4,1.013363571075208,112.36802869817417,0,12.533333333333333,135,0.2,0.13333333333333333,0,0.4910687414230298
X19,mu_gamma_zero,treatment_effect_mean,-0.3374485596707819,15,0.8666666666666667,0.0014979603261152405,0.003569266600781884,0.0267739745120683,0.08314451003333333,0.02546133604448364,0.007144437526766978,0.003983181943004122,0.001179485271867125,1.013363571075208,112.36802869817417,0,12.533333333333333,135,0.2,0.13333333333333333,0,0.4910687414230298
X19,mu_gamma_zero,treatment_effect_sd,0.07626392697027408,15,0.8,-0.01130794982146408,-0.008096394960274075,0.020741775291795363,0.05148143344666666,0.0159115755491426,0.004647207403304415,0.0015815011647114187,4.7518064358912835e-4,1.013363571075208,112.36802869817417,0,12.533333333333333,135,0.2,0.13333333333333333,0,0.4910687414230298
X2,fixed_zero,baseline_difference_sd,0.18642858491803838,15,1,-5.343330645383763e-4,0.0048687562824616115,0.019626000902770058,0.14702222593333333,0.046657440299495374,0.005243325005673351,0.0038997186505428092,0.0011059193858543991,1.0052436652214511,396.58310485873426,0,0,0,0,0,0,0.7718798869711792
X2,fixed_zero,time_trend_mean,-0.08998628257887518,15,0.9333333333333333,0.004832532338236316,0.004223158963135187,0.012336383004797192,0.06818997088333333,0.02099622216727145,0.003033538443573648,0.00533650162191478,0.0015861193375558014,1.0052436652214511,396.58310485873426,0,0,0,0,0,0,0.7718798869711792
X2,fixed_zero,time_trend_sd,0.045528614603915496,15,0.8,0.011795605213272504,0.0042932386993845065,0.02275675931425474,0.06440054509733333,0.02036806187345993,0.005201193490368604,0.0042208943350585185,0.00131045572554055,1.0052436652214511,396.58310485873426,0,0,0,0,0,0,0.7718798869711792
X2,fixed_zero,treatment_effect_mean,-0.3374485596707819,15,0.5333333333333333,0.02413817138844858,0.027805258410781908,0.030357518795066447,0.053667843966666656,0.016358659810138704,0.004920276047821294,0.0025041405541894922,7.43615725414984e-4,1.0052436652214511,396.58310485873426,0,0,0,0,0,0,0.7718798869711792
X2,fixed_zero,treatment_effect_sd,0.07626392697027408,15,0.8666666666666667,-0.0032604601640407456,-0.00773993807527408,0.016411268847965378,0.044164905969999994,0.013627224360713272,0.004298663785069082,0.0017151380389576307,5.391878802258871e-4,1.0052436652214511,396.58310485873426,0,0,0,0,0,0,0.7718798869711792
X2,shared,baseline_difference_mean,0.17997256515775037,15,0.06666666666666667,-0.07110891476479438,-0.07798540943225037,0.07542089857321238,0.08746551360333332,0.02652990931953933,0.006717961970738268,0.004207719076717246,0.00128193225648337,1.0156508375887814,86.0482173077263,0,4.866666666666666,67,0.3333333333333333,0.06666666666666667,0,0.5460772714327408
X2,shared,baseline_difference_sd,0.048636334823684464,15,0.8,0.018636008690531825,0.020457628435815535,0.02947854329910984,0.06890311208199999,0.021064704733395695,0.006104352634004666,0.0030516768006024386,9.002151015987321e-4,1.0156508375887814,86.0482173077263,0,4.866666666666666,67,0.3333333333333333,0.06666666666666667,0,0.5460772714327408
X2,shared,time_trend_mean,-0.08998628257887518,15,1,-4.333601495854803e-4,-9.050075151748188e-4,0.015529396825212585,0.06566700741999999,0.020329812171327694,0.004148789537199581,0.004547815753211762,0.0013508283522337618,1.0156508375887814,86.0482173077263,0,4.866666666666666,67,0.3333333333333333,0.06666666666666667,0,0.5460772714327408
X2,shared,time_trend_sd,0.045528614603915496,15,0.8,0.009255038045789305,0.0038082671224845058,0.020054275098979245,0.058679836434333325,0.018685502341622633,0.0047548337849613,0.0026069734562205967,8.605136569256739e-4,1.0156508375887814,86.0482173077263,0,4.866666666666666,67,0.3333333333333333,0.06666666666666667,0,0.5460772714327408
X2,shared,treatment_effect_mean,-0.3374485596707819,15,0.6666666666666666,-0.03545250859321809,-0.03541566068421809,0.04477862753594878,0.0905466238,0.02759657850992734,0.007310682587102186,0.0034997444350489946,0.0010537357101991092,1.0156508375887814,86.0482173077263,0,4.866666666666666,67,0.3333333333333333,0.06666666666666667,0,0.5460772714327408
X2,shared,treatment_effect_sd,0.07626392697027408,15,0.9333333333333333,-7.387392313408006e-5,-0.0014583931392740807,0.016231169292431468,0.06235727422333333,0.019155510428890455,0.004337917532337467,0.0027021830894351485,8.524130709010518e-4,1.0156508375887814,86.0482173077263,0,4.866666666666666,67,0.3333333333333333,0.06666666666666667,0,0.5460772714327408
X2,two_pop,baseline_difference_sd,0.18642858491803838,15,1,-2.501078643837307e-5,0.008028143381461628,0.019346541683704224,0.14810865173333332,0.04719517799257322,0.0051705764363633765,0.004200873244167508,0.0013742077173772205,1.0074399211904803,382.02685576523083,0,0.06666666666666667,1,0.06666666666666667,0,0,0.7691750132070765
X2,two_pop,time_trend_mean,-0.08998628257887518,15,0.9333333333333333,0.004611786942316353,0.003919117464975183,0.012690832532283704,0.06797872304,0.02094251689672278,0.0031598898213291145,0.004922216382727906,0.0015083306525452876,1.0074399211904803,382.02685576523083,0,0.06666666666666667,1,0.06666666666666667,0,0,0.7691750132070765
X2,two_pop,time_trend_sd,0.045528614603915496,15,0.8,0.011223924357430503,0.0033946683899845065,0.021906292581541024,0.06279122609433332,0.019849704498844652,0.005027845155352039,0.0032720035534956203,0.0010828274916230105,1.0074399211904803,382.02685576523083,0,0.06666666666666667,1,0.06666666666666667,0,0,0.7691750132070765
X2,two_pop,treatment_effect_mean,-0.3374485596707819,15,0.5333333333333333,0.024116954780115243,0.026573935360781897,0.030439233454616015,0.054074658433333325,0.016536970011646487,0.004963577522013239,0.0023130335831811123,7.140305531533942e-4,1.0074399211904803,382.02685576523083,0,0.06666666666666667,1,0.06666666666666667,0,0,0.7691750132070765
X2,two_pop,treatment_effect_sd,0.07626392697027408,15,0.8,-0.004946185292507413,-0.010022748153774075,0.017206214807250254,0.04433401595,0.013713597517640912,0.004404454555539857,0.001691195804842459,5.419937434507554e-4,1.0074399211904803,382.02685576523083,0,0.06666666666666667,1,0.06666666666666667,0,0,0.7691750132070765
X2,zero_mean,baseline_difference_sd,0.18642858491803838,15,0,-0.06440832703473838,-0.059100663702538386,0.0653468235995019,0.06242465026999999,0.019121050457645145,0.0029492706499187255,0.0013160281553330033,4.1933921562007476e-4,1.0537764583215334,47.282993414309225,0.06666666666666667,8.533333333333333,110,0.4666666666666667,0.06666666666666667,0,0.5709817206452616
X2,zero_mean,time_trend_mean,-0.08998628257887518,15,1,0.006483179280725583,0.006902734776875183,0.011977794102009815,0.06736334999666665,0.020856825044478156,0.002691732553634125,0.0052638324976357,0.0016630054826243174,1.0537764583215334,47.282993414309225,0.06666666666666667,8.533333333333333,110,0.4666666666666667,0.06666666666666667,0,0.5709817206452616
X2,zero_mean,time_trend_sd,0.045528614603915496,15,0.8,0.010140396474230172,0.003141622159299501,0.021572386914238496,0.058496715071999994,0.0186627767424077,0.005088784843183718,0.003502612058901014,0.0011788161507869266,1.0537764583215334,47.282993414309225,0.06666666666666667,8.533333333333333,110,0.4666666666666667,0.06666666666666667,0,0.5709817206452616
X2,zero_mean,treatment_effect_mean,-0.3374485596707819,15,0.6666666666666666,0.02037806352011524,0.0216063959907819,0.02977423269475834,0.06455455379999998,0.019626428727180224,0.005801720555956807,0.002405616732132083,7.294570914646907e-4,1.0537764583215334,47.282993414309225,0.06666666666666667,8.533333333333333,110,0.4666666666666667,0.06666666666666667,0,0.5709817206452616
X2,zero_mean,treatment_effect_sd,0.07626392697027408,15,0.8,-0.01538865163209408,-0.020547356174274077,0.0235118589933413,0.05788627487,0.017451099460492763,0.004750916560207937,0.0017546858906994233,4.762943616430655e-4,1.0537764583215334,47.282993414309225,0.06666666666666667,8.533333333333333,110,0.4666666666666667,0.06666666666666667,0,0.5709817206452616
X20,normalised,baseline_difference_sd,0,15,0,0.03103246462661585,0.0298421520992575,0.03323885395763375,0.057537639499999994,0.01782697548252844,0.0031826264043434836,0.0028416172721602516,7.804278184581228e-4,1.010778473800108,426.00643815956613,0,0,0,0,0,0,0.6339636907427199
X20,normalised,time_trend_mean,-0.08998628257887518,15,0.8666666666666667,-0.004323568803494815,-0.006043070494124822,0.015766679501950168,0.04930350595333333,0.015031477155339012,0.004052291550280637,0.0016065960423621507,4.979761259890376e-4,1.010778473800108,426.00643815956613,0,0,0,0,0,0,0.6339636907427199
X20,normalised,time_trend_sd,0.045528614603915496,15,0.9333333333333333,0.0018119556340626026,0.0028562785945845034,0.013145849520532342,0.04904515241199999,0.01519969306360202,0.0034798417081884346,0.001098987346921948,3.1153866052356237e-4,1.010778473800108,426.00643815956613,0,0,0,0,0,0,0.6339636907427199
X20,normalised,treatment_effect_mean,-0.3374485596707819,15,0.8,0.00674995814944858,0.0047515540157819225,0.026980803465838525,0.0825071717,0.02516582772514913,0.006981617805980098,0.003915462338169998,0.001183718072767913,1.010778473800108,426.00643815956613,0,0,0,0,0,0,0.6339636907427199
X20,normalised,treatment_effect_sd,0.07626392697027408,15,0.8666666666666667,0.011852223074435255,0.022986939629725922,0.027687979748194307,0.07651981527666667,0.023572188893887774,0.006687670055142217,0.0012888598324892603,4.5101735063137854e-4,1.010778473800108,426.00643815956613,0,0,0,0,0,0,0.6339636907427199
X20,raw,baseline_control_mean,0.45,15,0.9333333333333333,0.004594774595333321,0.002224776599999978,0.010470789961046032,0.04399847689999999,0.01347014830187206,0.002514607166514738,0.002151657278905784,6.608727337847601e-4,1.0172675662594315,299.2197343255261,0,0,0,0,0,0,0.594412373372247
X20,raw,baseline_difference_sd,0,15,0,0.03135135675232683,0.029160544340671186,0.03342786945479202,0.057611149742,0.017826892558900333,0.003099710655562967,0.0027111442665085804,7.309578314828326e-4,1.0172675662594315,299.2197343255261,0,0,0,0,0,0,0.594412373372247
X20,raw,time_trend_mean,-0.04,15,0.7333333333333333,-0.0014474837884053333,-0.0025217096325000007,0.007578781649640482,0.021764147446666667,0.0066569086990327835,0.001988228248883754,8.293620873214303e-4,2.5050854642765175e-4,1.0172675662594315,299.2197343255261,0,0,0,0,0,0,0.594412373372247
X20,raw,time_trend_sd,0.02,15,0.8666666666666667,-1.826659972792074e-4,-1.5574078110001943e-5,0.006314954113503205,0.02297310389283333,0.007026690607117741,0.0016870362556246604,6.613447011051917e-4,1.7990085149923945e-4,1.0172675662594315,299.2197343255261,0,0,0,0,0,0,0.594412373372247
X20,raw,treatment_effect_mean,-0.15,15,0.8666666666666667,-2.7851132276667244e-4,-3.295721525000128e-4,0.00987142120951927,0.032705349300000006,0.01003792214754733,0.0026371980279244114,0.0016074017629866928,5.050465658279262e-4,1.0172675662594315,299.2197343255261,0,0,0,0,0,0,0.594412373372247
X20,raw,treatment_effect_sd,0.03,15,0.8,0.003990349438644619,0.0081936712095,0.011510427228836943,0.031923384656999995,0.009748494301364524,0.0028855186009235285,4.259212219443397e-4,0.00016124458457753103,1.0172675662594315,299.2197343255261,0,0,0,0,0,0,0.594412373372247
X21,normalised,baseline_difference_sd,0,15,0,0.013521261362171504,0.01349231841900555,0.013963032901420145,0.029756923485699995,0.009407927485442112,9.312732828149665e-4,0.0014123114135862452,4.1797989370850116e-4,1.0072146732782354,410.90068630566736,0,0,0,0,0,0,0.6295773183279322
X21,normalised,time_trend_mean,-0.08998628257887518,15,0.9333333333333333,0.0033884511426951858,0.003283923288875182,0.009190831290568921,0.038757803283333336,0.011891268272891846,0.002283321181732379,0.0020230967204140408,6.329415059079828e-4,1.0072146732782354,410.90068630566736,0,0,0,0,0,0,0.6295773183279322
X21,normalised,time_trend_sd,0.045528614603915496,15,0.8,3.273186797875041e-4,-0.0017563782104154935,0.012478093300581758,0.03533437771433333,0.010954754409432806,0.0033337631557390592,0.0010573636303446029,3.611613406720971e-4,1.0072146732782354,410.90068630566736,0,0,0,0,0,0,0.6295773183279322
X21,normalised,treatment_effect_mean,-0.3374485596707819,15,0.9333333333333333,-0.002228569573884753,-0.0012416248142180786,0.019019932924524318,0.07303257490000001,0.022316804230802165,0.005048276411012258,0.002588585155979495,8.169730442018526e-4,1.0072146732782354,410.90068630566736,0,0,0,0,0,0,0.6295773183279322
X21,normalised,treatment_effect_sd,0.07626392697027408,15,0.8,0.015392683613792587,0.015246997086725916,0.02152170384481708,0.059969743049999996,0.018648869716039195,0.004020030450752611,0.001776920315651406,5.722601628568522e-4,1.0072146732782354,410.90068630566736,0,0,0,0,0,0,0.6295773183279322
X21,raw,baseline_control_mean,0.45,15,0.8666666666666667,0.0026760957306666572,0.0017265126950000154,0.009832440898496608,0.041256766499999986,0.01258519431175948,0.002528627601553522,0.0012761857820814855,3.9888055168185786e-4,1.0218374742022471,197.46966996672455,0,0,0,0,0,0,0.6245391363988413
X21,raw,baseline_difference_sd,0,15,0,0.013360839507578472,0.012954963082215784,0.013814172830830054,0.029369537145499995,0.009322637286971212,9.380579731084803e-4,0.0014272203640871097,4.158366088446554e-4,1.0218374742022471,197.46966996672455,0,0,0,0,0,0,0.6245391363988413
X21,raw,time_trend_mean,-0.04,15,0.9333333333333333,0.0015764382856433342,0.002001567295500002,0.004038743159943562,0.016967754966666665,0.005208095449370737,9.937766579910055e-4,8.884527313343668e-4,2.6788648599504483e-4,1.0218374742022471,197.46966996672455,0,0,0,0,0,0,0.6245391363988413
X21,raw,time_trend_sd,0.02,15,0.8666666666666667,-2.850854245540604e-4,7.890089044000001e-4,0.005416527479587768,0.015332821807666666,0.00474707929730695,0.0014456213749960416,3.563141674664479e-4,1.2090930992649934e-4,1.0218374742022471,197.46966996672455,0,0,0,0,0,0,0.6245391363988413
X21,raw,treatment_effect_mean,-0.15,15,0.9333333333333333,-0.0019892485828666723,-0.0015551477650000145,0.008111440325449063,0.027646615700000002,0.008541796862641235,0.0021016720253320097,0.001306673710312859,4.0865479124149533e-4,1.0218374742022471,197.46966996672455,0,0,0,0,0,0,0.6245391363988413
X21,raw,treatment_effect_sd,0.03,15,0.8,0.004267726685663335,0.005387204450000002,0.008256007921829598,0.023367438153333333,0.0073090413073342705,0.0018888427247124877,8.718515148767588e-4,2.748904830453899e-4,1.0218374742022471,197.46966996672455,0,0,0,0,0,0,0.6245391363988413
X22,normalised,baseline_difference_sd,0,15,0,0.008284061296714386,0.00663474910738412,0.009175903416937324,0.016355707142766664,0.005150479141803804,0.0010546337193967532,9.640267399987916e-4,2.76000903227436e-4,1.0295502085147508,194.67396024456684,0,0,0,0,0,0,0.6087751392114731
X22,normalised,time_trend_mean,-0.08998628257887518,15,0.8666666666666667,0.0027515690482085168,0.005245864583875187,0.010217525825049792,0.032665881056666665,0.009995509511092817,0.0026298655826391625,0.0017121690507765181,5.303945378005745e-4,1.0295502085147508,194.67396024456684,0,0,0,0,0,0,0.6087751392114731
X22,normalised,time_trend_sd,0.045528614603915496,15,0.9333333333333333,-0.003390193095615496,-0.004128965512915493,0.008993989777975662,0.02615662717,0.00813398219792706,0.0022264392279533274,0.0011337113735220858,3.611743690923536e-4,1.0295502085147508,194.67396024456684,0,0,0,0,0,0,0.6087751392114731
X22,normalised,treatment_effect_mean,-0.3374485596707819,15,0.8,0.002085825004448575,0.002523897160781885,0.021595541992979087,0.06416490826666664,0.019621859859949464,0.0057446668933724965,0.0027667632839910466,8.253409769203738e-4,1.0295502085147508,194.67396024456684,0,0,0,0,0,0,0.6087751392114731
X22,normalised,treatment_effect_sd,0.07626392697027408,15,0.9333333333333333,0.007247443733259254,0.007795101168225918,0.014969592675061183,0.049800767333333336,0.015705556264745436,0.003500645493441037,0.0020351494911809063,6.515704440607278e-4,1.0295502085147508,194.67396024456684,0,0,0,0,0,0,0.6087751392114731
X22,raw,baseline_control_mean,0.45,15,0.9333333333333333,0.0017828228963333284,-3.746373999999886e-4,0.01100075832249015,0.03623470703333332,0.011112112356514438,0.002901209429951412,0.0018341008559979053,5.479285786426839e-4,1.0225928339685506,119.1227344983507,0,0,0,0,0,0,0.650108931864948
X22,raw,baseline_difference_sd,0,15,0,0.008143195540388294,0.0064105146050862,0.009061748438707362,0.016038710358699998,0.005037060360729991,0.0010624651643840754,9.462591925692131e-4,2.6659083734936604e-4,1.0225928339685506,119.1227344983507,0,0,0,0,0,0,0.650108931864948
X22,raw,time_trend_mean,-0.04,15,0.9333333333333333,0.0010398027913000008,0.0023311103094999994,0.004147920633008139,0.014233844763333331,0.004346697069974179,0.0010731813763938164,6.748321974782534e-4,2.0130636565260146e-4,1.0225928339685506,119.1227344983507,0,0,0,0,0,0,0.650108931864948
X22,raw,time_trend_sd,0.02,15,0.8,-0.0018923208957266672,-0.0019867700294500003,0.003934163181033934,0.011307041701333332,0.003520429237697013,9.218289879596999e-4,4.797901981527553e-4,1.4780864803535704e-4,1.0225928339685506,119.1227344983507,0,0,0,0,0,0,0.650108931864948
X22,raw,treatment_effect_mean,-0.15,15,0.8,6.991318823332446e-5,0.0025559959349999994,0.009176943609086682,0.024987032966666677,0.007663618871266152,0.002452570170111171,0.001140753483179013,3.526467079530302e-4,1.0225928339685506,119.1227344983507,0,0,0,0,0,0,0.650108931864948
X22,raw,treatment_effect_sd,0.03,15,0.8,0.0032621648671033346,0.0028095493545000003,0.0064540654820240285,0.020013417789999998,0.00626899707643816,0.0014883653935511827,7.734785971324114e-4,2.538976510434757e-4,1.0225928339685506,119.1227344983507,0,0,0,0,0,0,0.650108931864948
X23,kappa_0,time_trend_mean,-0.08998628257887518,15,0.9333333333333333,-0.005466084449811482,-0.0028336680886248133,0.017457246379327215,0.06533393977999999,0.020371690975942137,0.00443103802685477,0.00394067390068542,0.0012125497961007286,1.010812431306817,504.50095645975665,0,0.06666666666666667,1,0.06666666666666667,0,0,0.8128905708692353
X23,kappa_0,time_trend_sd,0.045528614603915496,15,0.9333333333333333,0.006960478628596953,0.009216930798284506,0.01910716914524121,0.06429422135933333,0.020664252072556316,0.004755715734068269,0.0028052468072664464,9.660509160798268e-4,1.010812431306817,504.50095645975665,0,0.06666666666666667,1,0.06666666666666667,0,0,0.8128905708692353
X23,kappa_0,treatment_effect_mean,-0.3374485596707819,15,0.9333333333333333,0.0014081586666485697,0.002053814415781896,0.025237751338750895,0.11069279756666665,0.034284059256024,0.006734565325914642,0.005488688043356621,0.0016830779158176527,1.010812431306817,504.50095645975665,0,0.06666666666666667,1,0.06666666666666667,0,0,0.8128905708692353
X23,kappa_0,treatment_effect_sd,0.07626392697027408,15,0.9333333333333333,0.01618846338659732,0.013470867763225924,0.02777001337642554,0.10192881233233332,0.033213845771332386,0.006030323943606366,0.004437904989271903,0.0014946113344616208,1.010812431306817,504.50095645975665,0,0.06666666666666667,1,0.06666666666666667,0,0,0.8128905708692353
X23,kappa_0.5,time_trend_mean,-0.08998628257887518,15,0.9333333333333333,-0.005325357344304481,-0.0023252888221248214,0.01747016809271221,0.06611091606333333,0.020669690427702312,0.0044468876944851,0.004168006667902266,0.001271259233842112,1.008178968593055,381.5840905667426,0,0.06666666666666667,1,0.06666666666666667,0,0,0.7936679201614566
X23,kappa_0.5,time_trend_sd,0.045528614603915496,15,0.9333333333333333,0.006916547490568754,0.007715166879684501,0.019370617057828676,0.06559729980433333,0.020835329803818248,0.0048357461827205584,0.0028711974537375374,9.606545176544422e-4,1.008178968593055,381.5840905667426,0,0.06666666666666667,1,0.06666666666666667,0,0,0.7936679201614566
X23,kappa_0.5,treatment_effect_mean,-0.3374485596707819,15,0.9333333333333333,0.0020316703047819074,0.003147291640781924,0.0248075180743171,0.10576438719999999,0.03254175911672433,0.006607816090381348,0.00563328954415264,0.0017482226998549464,1.008178968593055,381.5840905667426,0,0.06666666666666667,1,0.06666666666666667,0,0,0.7936679201614566
X23,kappa_0.5,treatment_effect_sd,0.07626392697027408,15,0.9333333333333333,0.011054668914295122,0.012876004602815919,0.02471413612648601,0.09933864936966666,0.03180648930089712,0.005907518331232052,0.004085514216825937,0.001263612967367435,1.008178968593055,381.5840905667426,0,0.06666666666666667,1,0.06666666666666667,0,0,0.7936679201614566
X23,kappa_1,time_trend_mean,-0.08998628257887518,15,0.8666666666666667,-0.005684061671908816,-0.0032331698851248147,0.01782205639280114,0.06667199436666667,0.020526740623413,0.0045143986862523815,0.004276574701691394,0.0013132121904999364,1.0056145254540871,543.9312873594226,0,0,0,0,0,0,0.7854503195048326
X23,kappa_1,time_trend_sd,0.045528614603915496,15,0.8666666666666667,0.006855542615567572,0.008488486312284507,0.019776085808691987,0.06439458865433333,0.020728212514162937,0.0049576427676214195,0.003066623819973718,0.0010392016760788912,1.0056145254540871,543.9312873594226,0,0,0,0,0,0,0.7854503195048326
X23,kappa_1,treatment_effect_mean,-0.3374485596707819,15,0.9333333333333333,0.002301228688781913,0.005159892740781935,0.024999689820331013,0.10579513183333333,0.032875275520467415,0.006653081120990319,0.0054462523297922226,0.0016081696528638346,1.0056145254540871,543.9312873594226,0,0,0,0,0,0,0.7854503195048326
X23,kappa_1,treatment_effect_sd,0.07626392697027408,15,0.9333333333333333,0.00908661814709198,0.014238323135225925,0.024793555723069106,0.10016222273399998,0.03275135127392823,0.006165304858884986,0.004554790299858349,0.0015197035384038836,1.0056145254540871,543.9312873594226,0,0,0,0,0,0,0.7854503195048326
X24,normalised,baseline_difference_sd,0.044444444444444446,15,0.7333333333333333,-0.0011651118855722927,-0.008672824424730947,0.02438581221903226,0.05894996660766666,0.018653403616269045,0.006509939388987106,0.003663227707794937,0.0011290983759331245,1.010980086186605,337.911669484065,0,0,0,0,0,0,0.6182569419993559
X24,normalised,time_trend_mean,-0.08998628257887518,15,1,9.500600235751851e-4,0.00401179060187519,0.012791246484408585,0.05948129226999999,0.01833528575192153,0.0034091617379444225,0.0027959148945580336,8.729813907147962e-4,1.010980086186605,337.911669484065,0,0,0,0,0,0,0.6182569419993559
X24,normalised,time_trend_sd,0.045528614603915496,15,0.8666666666666667,0.008700026231570271,0.009590230499584504,0.0168076288060325,0.05597135549266666,0.01751581276101903,0.0038434167244724418,0.0014764614541590312,5.147657625083874e-4,1.010980086186605,337.911669484065,0,0,0,0,0,0,0.6182569419993559
X24,normalised,treatment_effect_mean,-0.3374485596707819,15,0.8666666666666667,0.0033399612421152487,0.0014791372407819137,0.024479877781559647,0.08164212393333334,0.024999895416689955,0.006481341765303064,0.002687214791704208,8.627384677021368e-4,1.010980086186605,337.911669484065,0,0,0,0,0,0,0.6182569419993559
X24,normalised,treatment_effect_sd,0.07626392697027408,15,0.9333333333333333,0.012116081195599588,0.005954087966725918,0.020138458059771866,0.06900741189333333,0.02120160377844741,0.0042991533176963085,0.002092615453259815,6.534433297044261e-4,1.010980086186605,337.911669484065,0,0,0,0,0,0,0.6182569419993559
X24,raw,baseline_control_mean,0.45,15,1,0.0012861579466666513,-0.0017181902700000307,0.011246861507219265,0.0628208731,0.019535761904483265,0.002986130935541802,0.004883016266806549,0.0014930547508882337,1.013013097716188,335.1474260764233,0,0.06666666666666667,1,0.06666666666666667,0,0,0.6629759621341197
X24,raw,baseline_difference_sd,0.02,15,0.6666666666666666,0.022634170046598286,0.014622594765784497,0.033436767478159005,0.05868700117049999,0.018494749510596493,0.006577623136112666,0.003581915076085473,0.0011066634931549823,1.013013097716188,335.1474260764233,0,0.06666666666666667,1,0.06666666666666667,0,0,0.6629759621341197
X24,raw,time_trend_mean,-0.04,15,0.9333333333333333,0.0011921088812230016,0.0029466939778500026,0.006176616647070919,0.02448864005333333,0.007531110862917015,0.001619732553324398,0.0010927556662062368,3.2943750656205074e-4,1.013013097716188,335.1474260764233,0,0.06666666666666667,1,0.06666666666666667,0,0,0.6629759621341197
X24,raw,time_trend_sd,0.02,15,0.8666666666666667,0.0017655002140370996,0.0017735140493800004,0.005987095540970411,0.02259371485166666,0.0069958389212578295,0.0015289660841548806,6.207205736602311e-4,1.9339343245941334e-4,1.013013097716188,335.1474260764233,0,0.06666666666666667,1,0.06666666666666667,0,0,0.6629759621341197
X24,raw,treatment_effect_mean,-0.15,15,0.8,6.863172894333266e-4,-0.0012410645300000023,0.010450452695552117,0.03164719636666666,0.009724075312757256,0.0027869713479509997,0.0011274868175793426,3.4831221297013885e-4,1.013013097716188,335.1474260764233,0,0.06666666666666667,1,0.06666666666666667,0,0,0.6629759621341197
X24,raw,treatment_effect_sd,0.03,15,0.8666666666666667,0.0027927362277733337,0.0016280942699999981,0.00769712147533591,0.026737372449999998,0.008293876018547901,0.001916960081709722,7.925884886608918e-4,2.408369457568203e-4,1.013013097716188,335.1474260764233,0,0.06666666666666667,1,0.06666666666666667,0,0,0.6629759621341197
X25,normalised,baseline_difference_sd,0.10084833067590679,15,0.9333333333333333,6.36373874634145e-4,0.005749609372593209,0.022217387276797874,0.09064457537,0.028629517564820284,0.005935410237951443,0.0033523703755646084,0.0010740380718390937,1.0071771028979266,207.455197253777,0,0.13333333333333333,2,0.06666666666666667,0,0,0.6711781847941619
X25,normalised,time_trend_mean,-0.08998628257887518,15,0.9333333333333333,0.002797952512435851,0.0019206035743751793,0.013644147052596969,0.05819166068333333,0.017868215767034148,0.00356905560268744,0.002453727142219242,7.290155942155977e-4,1.0071771028979266,207.455197253777,0,0.13333333333333333,2,0.06666666666666667,0,0,0.6711781847941619
X25,normalised,time_trend_sd,0.045528614603915496,15,0.9333333333333333,0.005610294083692171,0.005213591455934502,0.013467386448191407,0.05337271918633332,0.016577394219690855,0.0032721235791304242,0.0021425482329880275,6.823362935183921e-4,1.0071771028979266,207.455197253777,0,0.13333333333333333,2,0.06666666666666667,0,0,0.6711781847941619
X25,normalised,treatment_effect_mean,-0.3374485596707819,15,0.8,0.026009326118448577,0.030639461085781916,0.030903941780936396,0.07730305956666668,0.023662760576084636,0.004460689988777319,0.003069827079007536,9.206044881986849e-4,1.0071771028979266,207.455197253777,0,0.13333333333333333,2,0.06666666666666667,0,0,0.6711781847941619
X25,normalised,treatment_effect_sd,0.07626392697027408,15,0.8,0.001168182020084622,0.0038962407272259275,0.021913112043974965,0.067346378886,0.020961322232065854,0.005848197709061141,0.0018247170463276668,5.750679127985162e-4,1.0071771028979266,207.455197253777,0,0.13333333333333333,2,0.06666666666666667,0,0,0.6711781847941619
X25,raw,baseline_control_mean,0.45,15,0.8666666666666667,1.9097821633332624e-4,0.003302831894999969,0.01413367942901903,0.054531463466666645,0.01688576251711256,0.0037770398606312423,0.004439192396665759,0.0013626318788026643,1.014613162742848,321.7352186404331,0,0.06666666666666667,1,0.06666666666666667,0,0,0.6399971725474366
X25,raw,baseline_difference_sd,0.044721359549995794,15,0.06666666666666667,0.061238537438781875,0.0628761699335042,0.06543095554476568,0.09426480065,0.02993214016448585,0.006158916160796082,0.0035409955219577348,0.0012215795365592649,1.014613162742848,321.7352186404331,0,0.06666666666666667,1,0.06666666666666667,0,0,0.6399971725474366
X25,raw,time_trend_mean,-0.04,15,0.9333333333333333,5.249213870667235e-6,-0.0011213958061499982,0.005479985788214057,0.025063612493333328,0.0076309146794116154,0.001464587135504205,0.0011922360004268681,3.553402218377215e-4,1.014613162742848,321.7352186404331,0,0.06666666666666667,1,0.06666666666666667,0,0,0.6399971725474366
X25,raw,time_trend_sd,0.02,15,1,0.0010758467933662996,0.001757052786680001,0.005904891593601758,0.023787352128,0.0072903323141947675,0.0015517340164518288,9.428764288637724e-4,3.114413727877417e-4,1.014613162742848,321.7352186404331,0,0.06666666666666667,1,0.06666666666666667,0,0,0.6399971725474366
X25,raw,treatment_effect_mean,-0.15,15,0.9333333333333333,0.005642084243633333,0.006619628034999991,0.008879197798786638,0.03163408793333333,0.009648401572456493,0.001832387960670095,0.0010858377215978742,3.158030342599228e-4,1.014613162742848,321.7352186404331,0,0.06666666666666667,1,0.06666666666666667,0,0,0.6399971725474366
X25,raw,treatment_effect_sd,0.03,15,1,0.0015614488006576346,4.6730412250000145e-4,0.0068685103343101225,0.02766589525733333,0.008575931077231182,0.00178762236055625,9.924669749285708e-4,3.024313173697244e-4,1.014613162742848,321.7352186404331,0,0.06666666666666667,1,0.06666666666666667,0,0,0.6399971725474366
X26,normalised,baseline_difference_sd,0.18642858491803838,15,1,-0.006335622660305041,-0.01352573817303837,0.02223487634400917,0.14141088698999998,0.04526838890126931,0.00569617422699286,0.004002037353970307,0.0013482342944756865,1.0085874953693894,315.01024484771716,0,0,0,0,0,0,0.6352533761277444
X26,normalised,time_trend_mean,-0.08998628257887518,15,1,0.006796736758427198,0.0060868615561251865,0.01273356848371254,0.06232216329,0.019202480087970573,0.002877848101893916,0.0028226358115475293,8.586611766704918e-4,1.0085874953693894,315.01024484771716,0,0,0,0,0,0,0.6352533761277444
X26,normalised,time_trend_sd,0.045528614603915496,15,0.9333333333333333,0.00852021614300566,0.008331532570084503,0.015138180325623047,0.053218583991999996,0.016626661069670413,0.003344189208244508,0.0021041649061116674,6.629487165853519e-4,1.0085874953693894,315.01024484771716,0,0,0,0,0,0,0.6352533761277444
X26,normalised,treatment_effect_mean,-0.3374485596707819,15,0.6,0.02997786774378191,0.02527304628078192,0.037335069675813674,0.08152094693333331,0.024863271856267962,0.005947597793792658,0.003181215473925538,9.221848614783157e-4,1.0085874953693894,315.01024484771716,0,0,0,0,0,0,0.6352533761277444
X26,normalised,treatment_effect_sd,0.07626392697027408,15,0.9333333333333333,0.006436869065367589,0.002660441231225927,0.017361882678571507,0.06855726379999999,0.021198650530666142,0.004309472015885432,0.0023565477378140244,7.352586347927282e-4,1.0085874953693894,315.01024484771716,0,0,0,0,0,0,0.6352533761277444
X26,raw,baseline_control_mean,0.45,15,0.9333333333333333,0.00233690702866665,0.011216419524999965,0.021971493159506764,0.06291898146666666,0.019575273480189316,0.005838819457473653,0.004292603067637127,0.0013515097299373145,1.0096098074496707,346.1659645196721,0,0.13333333333333333,1,0.13333333333333333,0,0,0.6738576275306132
X26,raw,baseline_difference_sd,0.08246211251235322,15,0,0.10375498316868012,0.10255974043414678,0.10603504844753872,0.14665185024333333,0.04659394010564994,0.005845235953558312,0.004340786494558498,0.0012839037979367055,1.0096098074496707,346.1659645196721,0,0.13333333333333333,1,0.13333333333333333,0,0,0.6738576275306132
X26,raw,time_trend_mean,-0.04,15,1,-1.6763062997803257e-4,0.00116761411625,0.005519708582144332,0.025846716606666664,0.008002260792939545,0.0014745237198036658,0.0010223992347398825,3.252652892106492e-4,1.0096098074496707,346.1659645196721,0,0.13333333333333333,1,0.13333333333333333,0,0,0.6738576275306132
X26,raw,time_trend_sd,0.02,15,0.9333333333333333,0.003375850307834295,0.004779519462999999,0.00647858723159261,0.022867467619366665,0.007122289601977106,0.0014778296638857627,9.564825870363993e-4,2.902450337338253e-4,1.0096098074496707,346.1659645196721,0,0.13333333333333333,1,0.13333333333333333,0,0,0.6738576275306132
X26,raw,treatment_effect_mean,-0.15,15,0.9333333333333333,3.0963292043332445e-4,3.706827349999886e-4,0.008478551446961035,0.03167712953333333,0.009723790630953473,0.002264476636055054,0.0013553796920785597,4.1560368704090785e-4,1.0096098074496707,346.1659645196721,0,0.13333333333333333,1,0.13333333333333333,0,0,0.6738576275306132
X26,raw,treatment_effect_sd,0.03,15,0.8,0.0013622465433083012,0.0035832245149000005,0.008851077774110726,0.02769072905233333,0.008605308190659066,0.0023373651545307143,8.007649406158506e-4,2.555065158821513e-4,1.0096098074496707,346.1659645196721,0,0.13333333333333333,1,0.13333333333333333,0,0,0.6738576275306132
X27,normalised,baseline_difference_sd,0.27519266535511244,15,1,0.0038434204242208947,0.0029716229098875613,0.01934569777548161,0.2124494259333333,0.0684824668619702,0.0050672910617505324,0.003669953753158465,0.0013457761099675515,1.0105761062830712,312.7540189823698,0,0.26666666666666666,2,0.2,0,0,0.6007684868116673
X27,normalised,time_trend_mean,-0.08998628257887518,15,0.9333333333333333,0.011797747343117851,0.012682885411375189,0.017880596402928974,0.05870649061333332,0.018076362305208427,0.0035909497883308992,0.0038019080013394465,0.0011722965359429935,1.0105761062830712,312.7540189823698,0,0.26666666666666666,2,0.2,0,0,0.6007684868116673
X27,normalised,time_trend_sd,0.045528614603915496,15,0.8666666666666667,0.0031974511293113403,0.004885350154084506,0.017967205714506256,0.05338906325233333,0.016674927322279452,0.00472528750042223,0.0029903175957430735,9.36672016330892e-4,1.0105761062830712,312.7540189823698,0,0.26666666666666666,2,0.2,0,0,0.6007684868116673
X27,normalised,treatment_effect_mean,-0.3374485596707819,15,0.5333333333333333,0.038617972568781904,0.035519153495781886,0.04312727969397172,0.07703862239999999,0.023494773038382908,0.005131238004885047,0.0032388923880092907,9.603374998674688e-4,1.0105761062830712,312.7540189823698,0,0.26666666666666666,2,0.2,0,0,0.6007684868116673
X27,normalised,treatment_effect_sd,0.07626392697027408,15,0.9333333333333333,-0.0016226300825453442,-5.393021267740827e-4,0.020369950700070204,0.068381760674,0.02100814157753212,0.0054267983401061854,0.0030223867053154256,8.672191669386415e-4,1.0105761062830712,312.7540189823698,0,0.26666666666666666,2,0.2,0,0,0.6007684868116673
X27,raw,baseline_control_mean,0.45,15,0.8,-0.002676718062666672,-0.00370051573000002,0.017792767814191913,0.056155061899999976,0.01727229029194455,0.004701198683791322,0.003795252580816061,0.0011654167036851174,1.010960818634465,331.51929444591104,0,0.06666666666666667,1,0.06666666666666667,0,0,0.6283465444676142
X27,raw,baseline_difference_sd,0.1216552506059644,15,0,0.16556589166336896,0.1667903931790356,0.16669557518154893,0.2215140850333333,0.07152425169721136,0.005177908449923233,0.0036344770068313203,0.0013305041206894824,1.010960818634465,331.51929444591104,0,0.06666666666666667,1,0.06666666666666667,0,0,0.6283465444676142
X27,raw,time_trend_mean,-0.04,15,0.9333333333333333,2.9512942840001037e-5,-9.498857499998237e-6,0.004541004302098948,0.02405568082333333,0.007366468644514953,0.001213608817237901,0.001424475152983605,4.1981656598732395e-4,1.010960818634465,331.51929444591104,0,0.06666666666666667,1,0.06666666666666667,0,0,0.6283465444676142
X27,raw,time_trend_sd,0.02,15,0.8666666666666667,0.0010108684115844658,-2.4355698900000583e-5,0.008020370659987074,0.02229374124783333,0.0069118850136940194,0.0021264405298533537,7.99989724668914e-4,2.3999200738227355e-4,1.010960818634465,331.51929444591104,0,0.06666666666666667,1,0.06666666666666667,0,0,0.6283465444676142
X27,raw,treatment_effect_mean,-0.15,15,1,0.0022306678894666644,0.0033381203900000045,0.00779051400955447,0.029584437766666662,0.009073360795829528,0.001994926230286058,0.0011755249411329704,3.605320426951775e-4,1.010960818634465,331.51929444591104,0,0.06666666666666667,1,0.06666666666666667,0,0,0.6283465444676142
X27,raw,treatment_effect_sd,0.03,15,0.8666666666666667,-0.0012412243863978685,-0.0012023166143499998,0.007690296590225207,0.025495378935633334,0.007933517251800045,0.002028370628084112,7.013638490820803e-4,2.128457639839783e-4,1.010960818634465,331.51929444591104,0,0.06666666666666667,1,0.06666666666666667,0,0,0.6283465444676142
X3,fixed_zero,baseline_difference_sd,0.27519266535511244,15,1,7.008821557542252e-4,0.0041179535148875845,0.022103473223190853,0.21161562473333329,0.06719987376370594,0.0059044311007681845,0.005058154644070337,0.0015121894535917646,1.0061046363626562,459.519290939677,0,0,0,0,0,0,0.7838325256774706
X3,fixed_zero,time_trend_mean,-0.08998628257887518,15,0.8666666666666667,-0.0036167130904591486,-0.0065584846026248145,0.014393907411197513,0.05995077813666666,0.018689945014773522,0.0037235155909381055,0.004122349405959017,0.0012968002407732888,1.0061046363626562,459.519290939677,0,0,0,0,0,0,0.7838325256774706
X3,fixed_zero,time_trend_sd,0.045528614603915496,15,0.8666666666666667,0.0036484457426807105,0.0038140592125345055,0.017169246216491133,0.05681849280366666,0.018123146150699522,0.004483874753772122,0.0030703164430978874,9.575364412958803e-4,1.0061046363626562,459.519290939677,0,0,0,0,0,0,0.7838325256774706
X3,fixed_zero,treatment_effect_mean,-0.3374485596707819,15,0.6,0.027974901129448573,0.024594640805781887,0.030334857421014466,0.055995027866666665,0.017102526731439832,0.003135151870903925,0.0015844148817306752,5.099953800237488e-4,1.0061046363626562,459.519290939677,0,0,0,0,0,0,0.7838325256774706
X3,fixed_zero,treatment_effect_sd,0.07626392697027408,15,0.9333333333333333,0.002226160044659254,2.7580656672591963e-4,0.013446886301731001,0.044571111926666664,0.013729517486771318,0.0035442404250441866,0.0012565102716319179,3.7736050821608145e-4,1.0061046363626562,459.519290939677,0,0,0,0,0,0,0.7838325256774706
X3,shared,baseline_difference_mean,0.26995884773662554,15,0,-0.1456037498299675,-0.15005331297362554,0.146675463938669,0.11435977259999999,0.034553865131467645,0.004730144644994926,0.0041798989508763495,0.0011341622115505889,1.0194566810020285,116.91326363807522,0,0.9333333333333333,8,0.2,0,0,0.5187767835382117
X3,shared,baseline_difference_sd,0.05341557445131835,15,0.2,0.06010602685996631,0.06485450949218165,0.06269485134178002,0.08366097781,0.025503113334535355,0.004765275586970689,0.0035969273351841333,9.460347386094741e-4,1.0194566810020285,116.91326363807522,0,0.9333333333333333,8,0.2,0,0,0.5187767835382117
X3,shared,time_trend_mean,-0.08998628257887518,15,0.8666666666666667,-0.005932276055241482,-0.0054469058061248216,0.01671871565408731,0.05908876481666666,0.018163537788269915,0.004177521085922955,0.003986075759856003,0.0011960821595426681,1.0194566810020285,116.91326363807522,0,0.9333333333333333,8,0.2,0,0,0.5187767835382117
X3,shared,time_trend_sd,0.045528614603915496,15,0.9333333333333333,0.0017559469986327169,0.0022381004230845047,0.015651855978264906,0.053727679419999994,0.016947365038544035,0.004156726439522363,0.0022018764059589997,7.134896152891267e-4,1.0194566810020285,116.91326363807522,0,0.9333333333333333,8,0.2,0,0,0.5187767835382117
X3,shared,treatment_effect_mean,-0.3374485596707819,15,0.8666666666666667,-0.03179964529388475,-0.036068480819218096,0.03849648841479746,0.10136141503333333,0.03097197547006526,0.005798781765248806,0.004094303748438701,0.0012509256974419139,1.0194566810020285,116.91326363807522,0,0.9333333333333333,8,0.2,0,0,0.5187767835382117
X3,shared,treatment_effect_sd,0.07626392697027408,15,0.9333333333333333,0.0027693218290259195,-0.0018766686762740764,0.017000935519330726,0.06873568252,0.021320303875746176,0.004483004932438267,0.0015979059315231574,5.150298733723727e-4,1.0194566810020285,116.91326363807522,0,0.9333333333333333,8,0.2,0,0,0.5187767835382117
X3,two_pop,baseline_difference_sd,0.27519266535511244,15,1,6.193662378875568e-4,0.0017961703698875509,0.020915714470823833,0.20874211916666663,0.06705208134677479,0.005587508371923382,0.004023707437037454,0.0012974122330408108,1.00760050027942,401.2437395960064,0,0,0,0,0,0,0.8385931265023114
X3,two_pop,time_trend_mean,-0.08998628257887518,15,0.9333333333333333,-0.003471842169110915,-0.006217597906074818,0.014033834169575283,0.06118668920999999,0.019107782482814233,0.003634112324821977,0.00401924326300685,0.001280201202417206,1.00760050027942,401.2437395960064,0,0,0,0,0,0,0.8385931265023114
X3,two_pop,time_trend_sd,0.045528614603915496,15,0.8666666666666667,0.0037404826098719037,0.0034946420655845023,0.016820959953353917,0.056793029553,0.018192726142366736,0.004383031270035956,0.0029270130185913,9.555742230368193e-4,1.00760050027942,401.2437395960064,0,0,0,0,0,0,0.8385931265023114
X3,two_pop,treatment_effect_mean,-0.3374485596707819,15,0.5333333333333333,0.02800127707711525,0.02441371784078189,0.030205908642915235,0.05606659226666666,0.017124523725169264,0.003027556758872943,0.0016996381601382298,5.292378693267547e-4,1.00760050027942,401.2437395960064,0,0,0,0,0,0,0.8385931265023114
X3,two_pop,treatment_effect_sd,0.07626392697027408,15,0.9333333333333333,4.506944147592553e-4,-3.8678385277407523e-4,0.013616042431724656,0.04616764443666666,0.014232128868641706,0.003637046349198276,0.0012632973671100943,3.747446870035806e-4,1.00760050027942,401.2437395960064,0,0,0,0,0,0,0.8385931265023114
X3,zero_mean,baseline_difference_sd,0.27519266535511244,15,0,-0.10109662810374578,-0.10295565900011244,0.10205492614244853,0.08265671699999999,0.025364587357741646,0.003729034114634806,0.0018583820488537529,5.244920576951691e-4,1.0198114799969602,72.99602143637212,0,3,42,0.13333333333333333,0.06666666666666667,0,0.4674778340883186
X3,zero_mean,time_trend_mean,-0.08998628257887518,15,0.9333333333333333,-0.0017937396349406822,-0.005342176630524817,0.013700947229708701,0.061369273373333325,0.019069839789611066,0.003630214998683228,0.003972835008149022,0.0012270014973591852,1.0198114799969602,72.99602143637212,0,3,42,0.13333333333333333,0.06666666666666667,0,0.4674778340883186
X3,zero_mean,time_trend_sd,0.045528614603915496,15,0.8,0.003554279158320138,0.002973384184584503,0.01657397551926319,0.056321034106666654,0.018167856069459597,0.004326527510419764,0.0027229389693097022,8.780368935941351e-4,1.0198114799969602,72.99602143637212,0,3,42,0.13333333333333333,0.06666666666666667,0,0.4674778340883186
X3,zero_mean,treatment_effect_mean,-0.3374485596707819,15,0.9333333333333333,0.017367554308115245,0.014103258855781897,0.02230853060805567,0.07544584326666666,0.02308813634437031,0.003742025761967748,0.0028404412203986477,8.954995408955758e-4,1.0198114799969602,72.99602143637212,0,3,42,0.13333333333333333,0.06666666666666667,0,0.4674778340883186
X3,zero_mean,treatment_effect_sd,0.07626392697027408,15,0.9333333333333333,-0.00546732941828408,-0.008208824789774083,0.018684678929543022,0.06348280066,0.019630740889613987,0.004775125546083836,0.0015197682319270539,4.660006107991713e-4,1.0198114799969602,72.99602143637212,0,3,42,0.13333333333333333,0.06666666666666667,0,0.4674778340883186
X4,fixed_zero,baseline_difference_sd,0.09938079899999065,15,1,0.005558756400809348,0.00476904506100935,0.018644016360643622,0.08980307086666665,0.02882714815180669,0.004756195758710106,0.0029809319827588422,0.0010299559649966927,1.0115307889235938,346.4626220586251,0,0.06666666666666667,1,0.06666666666666667,0,0,0.7520863289106359
X4,fixed_zero,time_trend_mean,-0.08998628257887518,15,0.8,0.013362701331383318,0.01086508691137518,0.023837142225210307,0.058837788477666665,0.01819548870521022,0.0052756012696804164,0.0041745595747132045,0.0013004200213135796,1.0115307889235938,346.4626220586251,0,0.06666666666666667,1,0.06666666666666667,0,0,0.7520863289106359
X4,fixed_zero,time_trend_sd,0.045528614603915496,15,0.8666666666666667,-1.7401574627639652e-4,0.0035221394135845005,0.016448200724391834,0.055605082977333326,0.01754113121301723,0.0043957205291862474,0.0023263371074963356,7.636922324408598e-4,1.0115307889235938,346.4626220586251,0,0.06666666666666667,1,0.06666666666666667,0,0,0.7520863289106359
X4,fixed_zero,treatment_effect_mean,-0.3374485596707819,15,0.6666666666666666,0.01872975246744858,0.016677475830781885,0.028420742998239597,0.052929667666666666,0.016116238165572047,0.005712986491195107,0.0013240829407090823,3.910082405374525e-4,1.0115307889235938,346.4626220586251,0,0.06666666666666667,1,0.06666666666666667,0,0,0.7520863289106359
X4,fixed_zero,treatment_effect_sd,0.07626392697027408,15,0.9333333333333333,-0.003408105058707411,-0.004443674413274076,0.011986012913945741,0.042630275606666664,0.013178807992727502,0.0030711715480076867,9.310364369856472e-4,2.933372247806606e-4,1.0115307889235938,346.4626220586251,0,0.06666666666666667,1,0.06666666666666667,0,0,0.7520863289106359
X4,shared,baseline_difference_mean,0,15,0.6666666666666666,0.010532752640346487,0.013947728953364,0.02967529083273176,0.06711164502196666,0.020587626484493554,0.007414676603218817,0.001938980889270197,5.857620592183572e-4,1.015413580414151,192.42619318075404,0,1.1333333333333333,3,0.5333333333333333,0,0,0.5519148798154286
X4,shared,baseline_difference_sd,0.09938079899999065,15,0.6666666666666666,-0.024894979473923984,-0.024343780629990652,0.027480665565716458,0.04839756350666666,0.01494699552460219,0.003110201841494003,0.001261659599043873,4.08601777623956e-4,1.015413580414151,192.42619318075404,0,1.1333333333333333,3,0.5333333333333333,0,0,0.5519148798154286
X4,shared,time_trend_mean,-0.08998628257887518,15,0.7333333333333333,0.01472767930243035,0.01040688669087518,0.025060388408743303,0.05792244384293333,0.017977670621416288,0.0054190044523341335,0.004047904294835014,0.0012469823380541292,1.015413580414151,192.42619318075404,0,1.1333333333333333,3,0.5333333333333333,0,0,0.5519148798154286
X4,shared,time_trend_sd,0.045528614603915496,15,0.8,-6.85441663498633e-5,0.004356830894584503,0.016400782290527136,0.053016422074333325,0.016785289026678397,0.004383255162209669,0.0020681301841324828,6.731402492472315e-4,1.015413580414151,192.42619318075404,0,1.1333333333333333,3,0.5333333333333333,0,0,0.5519148798154286
X4,shared,treatment_effect_mean,-0.3374485596707819,15,0.5333333333333333,0.006064101997781909,0.01000621774578192,0.03729395791724946,0.07149285466666665,0.02179441870876134,0.009834581711251924,0.002369061268954594,7.044952869023426e-4,1.015413580414151,192.42619318075404,0,1.1333333333333333,3,0.5333333333333333,0,0,0.5519148798154286
X4,shared,treatment_effect_sd,0.07626392697027408,15,0.8,-0.011969854862440744,-0.016309521491274077,0.019485361735333478,0.05192674747,0.015931330629082936,0.0041092395588556785,0.0014104788795984138,4.247338160596019e-4,1.015413580414151,192.42619318075404,0,1.1333333333333333,3,0.5333333333333333,0,0,0.5519148798154286
X4,two_pop,baseline_difference_sd,0.09938079899999065,15,1,0.005670147067842684,0.005791667016009347,0.018670410580608802,0.09054633325666665,0.028976450342310188,0.004754198621651214,0.0030228369540803973,9.884332597608315e-4,1.00617426339033,544.9615583844314,0,0.06666666666666667,1,0.06666666666666667,0,0,0.8158788592856483
X4,two_pop,time_trend_mean,-0.08998628257887518,15,0.7333333333333333,0.013375555227145085,0.010451223976875187,0.023885217570964852,0.058722094127333334,0.018285991099239465,0.00528878963183935,0.004159822716423467,0.0013064174133951645,1.00617426339033,544.9615583844314,0,0.06666666666666667,1,0.06666666666666667,0,0,0.8158788592856483
X4,two_pop,time_trend_sd,0.045528614603915496,15,0.8666666666666667,-2.0706213498182757e-5,0.003134561116234502,0.01630109614300071,0.05569627651366666,0.017485893550566827,0.004356647684992237,0.002345336900132313,7.774857247779399e-4,1.00617426339033,544.9615583844314,0,0.06666666666666667,1,0.06666666666666667,0,0,0.8158788592856483
X4,two_pop,treatment_effect_mean,-0.3374485596707819,15,0.6666666666666666,0.018454905082115242,0.016365213040781923,0.02846042563420551,0.05383138316666666,0.016324389493835023,0.005790462020119558,0.0014983024473946124,4.472325839236384e-4,1.00617426339033,544.9615583844314,0,0.06666666666666667,1,0.06666666666666667,0,0,0.8158788592856483
X4,two_pop,treatment_effect_sd,0.07626392697027408,15,0.9333333333333333,-0.004939331779107412,-0.006410606514274081,0.012898933994048173,0.04345854446,0.01338819863656591,0.0031846226481855758,7.907480935522709e-4,2.444162319248796e-4,1.00617426339033,544.9615583844314,0,0.06666666666666667,1,0.06666666666666667,0,0,0.8158788592856483
X4,zero_mean,baseline_difference_sd,0.09938079899999065,15,0.6666666666666666,-0.022236138970605987,-0.020463578834990656,0.02517124139783197,0.04889020239,0.015111878156048017,0.003152612490208124,0.0010221942287571542,3.265189903010585e-4,1.0206453099020125,229.8567002560637,0,0.5333333333333333,3,0.26666666666666666,0,0,0.5422421648175493
X4,zero_mean,time_trend_mean,-0.08998628257887518,15,0.7333333333333333,0.01487512521163603,0.01109009450037518,0.024552467433899293,0.05760557908816666,0.018138263159997454,0.005220524789102251,0.004190141227580675,0.0013215640784470543,1.0206453099020125,229.8567002560637,0,0.5333333333333333,3,0.26666666666666666,0,0,0.5422421648175493
X4,zero_mean,time_trend_sd,0.045528614603915496,15,0.8,4.3800739268986996e-4,0.004751323220584504,0.016425633445293,0.05447888379366666,0.0173678463784294,0.004388374118078332,0.0022996323541583648,8.156401674774702e-4,1.0206453099020125,229.8567002560637,0,0.5333333333333333,3,0.26666666666666666,0,0,0.5422421648175493
X4,zero_mean,treatment_effect_mean,-0.3374485596707819,15,0.7333333333333333,0.011231364268115248,0.009220059365781907,0.026989480412377,0.06000000876666666,0.018274391226609787,0.006559009668316583,0.001679106473294464,5.076094244052394e-4,1.0206453099020125,229.8567002560637,0,0.5333333333333333,3,0.26666666666666666,0,0,0.5422421648175493
X4,zero_mean,treatment_effect_sd,0.07626392697027408,15,0.9333333333333333,-0.011890402920927412,-0.015566199791274077,0.018632337843563943,0.05173116484333333,0.015883269613949775,0.0038338933204353763,0.0010424342084846292,3.1499477102361884e-4,1.0206453099020125,229.8567002560637,0,0.5333333333333333,3,0.26666666666666666,0,0,0.5422421648175493
X5,fixed_zero,baseline_difference_sd,0.18324913891634048,15,1,0.016352312746059517,0.013851068378659515,0.02575304890610205,0.1566004634333333,0.050346546436596556,0.005317232066022586,0.0035302806913820014,0.0011695476990730307,1.0051209769923355,473.65439424776787,0,0,0,0,0,0,0.6938701209630989
X5,fixed_zero,time_trend_mean,-0.08998628257887518,15,0.8666666666666667,0.010302013063934485,0.010695216785520184,0.01851915111647813,0.06539278907666665,0.020630561985169563,0.004112936775811141,0.004271346219528372,0.0013635597833346733,1.0051209769923355,473.65439424776787,0,0,0,0,0,0,0.6938701209630989
X5,fixed_zero,time_trend_sd,0.045528614603915496,15,0.8666666666666667,0.007359815774005718,0.007929525552584506,0.01743750176874749,0.06179426795333333,0.019625292683017544,0.004224922482025714,0.0033689402467488535,0.0011237723084320415,1.0051209769923355,473.65439424776787,0,0,0,0,0,0,0.6938701209630989
X5,fixed_zero,treatment_effect_mean,-0.3374485596707819,15,0.7333333333333333,0.018189703541781913,0.015173090590781924,0.023514959885382283,0.054666172899999976,0.016601804102941313,0.003982892196392901,0.0021094300453771936,6.241311617311518e-4,1.0051209769923355,473.65439424776787,0,0,0,0,0,0,0.6938701209630989
X5,fixed_zero,treatment_effect_sd,0.07626392697027408,15,0.8666666666666667,-0.0023189486552074134,-0.0020670429322740824,0.014197716775946227,0.04373576960333333,0.01347276662385923,0.0037435433824166476,0.0014249837871816845,4.443991958604411e-4,1.0051209769923355,473.65439424776787,0,0,0,0,0,0,0.6938701209630989
X5,shared,baseline_difference_mean,0,15,0.8666666666666667,0.013989379905132812,0.01195978610537315,0.033793480930127864,0.08547364269266666,0.02603579994301809,0.008221472770585842,0.0014688359103291395,4.254216828976737e-4,1.0524747803806151,63.67965529350604,0.06666666666666667,16.133333333333333,112,0.3333333333333333,0.2,0,0.3754873326832063
X5,shared,baseline_difference_sd,0.18324913891634048,15,0.13333333333333333,-0.055331280771707146,-0.05366448213884048,0.05786102870441332,0.06381460659,0.01966137381947455,0.004522546776947167,0.0016102285686137926,4.775817349103991e-4,1.0524747803806151,63.67965529350604,0.06666666666666667,16.133333333333333,112,0.3333333333333333,0.2,0,0.3754873326832063
X5,shared,time_trend_mean,-0.08998628257887518,15,0.8666666666666667,0.012509263915330918,0.013939980724355178,0.020265669726497036,0.06535932095666666,0.02022628984607691,0.0042612513735492755,0.0037964857308483715,0.0011941924879620971,1.0524747803806151,63.67965529350604,0.06666666666666667,16.133333333333333,112,0.3333333333333333,0.2,0,0.3754873326832063
X5,shared,time_trend_sd,0.045528614603915496,15,0.8666666666666667,0.007730377355508038,0.008021708631084506,0.017519044299462126,0.059326275986666656,0.018890681359540473,0.00420168485855007,0.0025143928566693135,8.562282214940383e-4,1.0524747803806151,63.67965529350604,0.06666666666666667,16.133333333333333,112,0.3333333333333333,0.2,0,0.3754873326832063
X5,shared,treatment_effect_mean,-0.3374485596707819,15,0.8,-1.0242033788476028e-4,0.0021659062407818896,0.02518182929998209,0.07531392646666667,0.023087731242271457,0.006730071305968161,0.003035698998978557,9.164961220360884e-4,1.0524747803806151,63.67965529350604,0.06666666666666667,16.133333333333333,112,0.3333333333333333,0.2,0,0.3754873326832063
X5,shared,treatment_effect_sd,0.07626392697027408,15,0.8666666666666667,-0.011471542174180746,-0.008281359071274086,0.02300438116765615,0.05783448848333333,0.017831264409910834,0.0053292003759127845,0.0012321847346432894,3.7098587951075454e-4,1.0524747803806151,63.67965529350604,0.06666666666666667,16.133333333333333,112,0.3333333333333333,0.2,0,0.3754873326832063
X5,two_pop,baseline_difference_sd,0.18324913891634048,15,1,0.016774793225726184,0.014374859010659519,0.026606689939079393,0.1549503038833333,0.048988913885836455,0.005519590187611237,0.003979409700369125,0.0012163027802969497,1.0255676951458825,76.01284967752129,0,0.7333333333333333,10,0.13333333333333333,0,0,0.6150504384658829
X5,two_pop,time_trend_mean,-0.08998628257887518,15,0.8666666666666667,0.010075124274931185,0.009937891755550182,0.018047015574842902,0.06484200924666667,0.020119748761199156,0.004001666099472235,0.004354222684991346,0.0014028949273526025,1.0255676951458825,76.01284967752129,0,0.7333333333333333,10,0.13333333333333333,0,0,0.6150504384658829
X5,two_pop,time_trend_sd,0.045528614603915496,15,0.8666666666666667,0.007365862978362271,0.008650261285584507,0.01767517621215572,0.061060865317333325,0.019384675598976903,0.00429414815030498,0.003811431686309703,0.0012155236826913688,1.0255676951458825,76.01284967752129,0,0.7333333333333333,10,0.13333333333333333,0,0,0.6150504384658829
X5,two_pop,treatment_effect_mean,-0.3374485596707819,15,0.6666666666666666,0.01822192764044857,0.014540328335781894,0.023413681122704727,0.053893528666666655,0.016452257838345256,0.0039293930536585045,0.0021894360350321993,6.547881472939159e-4,1.0255676951458825,76.01284967752129,0,0.7333333333333333,10,0.13333333333333333,0,0,0.6150504384658829
X5,two_pop,treatment_effect_sd,0.07626392697027408,15,0.8666666666666667,-0.0038893596706540785,-0.0031838610672740852,0.0152313999613951,0.04553206307333333,0.013914853733941725,0.003935810191927054,0.0016879444596493024,4.473711438167199e-4,1.0255676951458825,76.01284967752129,0,0.7333333333333333,10,0.13333333333333333,0,0,0.6150504384658829
X5,zero_mean,baseline_difference_sd,0.18324913891634048,15,0.06666666666666667,-0.052774226811640484,-0.05494515981534048,0.054050790303161726,0.06387145708,0.019730251776369986,0.0031209993457898427,0.0014956073643954354,4.425769939201238e-4,1.031696313518326,60.22984442914798,0,5.266666666666667,39,0.26666666666666666,0.13333333333333333,0,0.3145357388533254
X5,zero_mean,time_trend_mean,-0.08998628257887518,15,0.8666666666666667,0.01352291810116405,0.01531213071543068,0.020644566103348336,0.065849982169,0.020436816644476656,0.004169008066544031,0.004245673027410601,0.001371968069622296,1.031696313518326,60.22984442914798,0,5.266666666666667,39,0.26666666666666666,0.13333333333333333,0,0.3145357388533254
X5,zero_mean,time_trend_sd,0.045528614603915496,15,0.8666666666666667,0.007868697243390737,0.007186333919984501,0.018032224646501217,0.05963286711299999,0.019019674626470938,0.004336265092991408,0.0027828853146807508,9.425854941752286e-4,1.031696313518326,60.22984442914798,0,5.266666666666667,39,0.26666666666666666,0.13333333333333333,0,0.3145357388533254
X5,zero_mean,treatment_effect_mean,-0.3374485596707819,15,0.8,0.005225591230448582,0.004474046885781902,0.02109244646202701,0.0685612134,0.020770064645447284,0.0054614525412576475,0.0026366890040332987,7.820901515941159e-4,1.031696313518326,60.22984442914798,0,5.266666666666667,39,0.26666666666666666,0.13333333333333333,0,0.3145357388533254
X5,zero_mean,treatment_effect_sd,0.07626392697027408,15,0.8,-0.01063722540872808,-0.00903625145327408,0.022678837734658747,0.058477634938666666,0.0180160280965052,0.005353097345055018,0.001744544024562645,5.210124836427845e-4,1.031696313518326,60.22984442914798,0,5.266666666666667,39,0.26666666666666666,0.13333333333333333,0,0.3145357388533254
X6,fixed_zero,baseline_difference_sd,0.27034500134658757,15,1,0.02280041618207911,0.011738498603412417,0.03913944555444147,0.22192650836666664,0.07075103661715552,0.008502256928239168,0.005976520977417039,0.0018598134206065189,1.0175480358771656,162.9748163190915,0,0.26666666666666666,4,0.06666666666666667,0,0,0.4877029991931521
X6,fixed_zero,time_trend_mean,-0.08998628257887518,15,1,0.0012847484304130505,0.0010382370556251824,0.01626045207817283,0.06849174681499999,0.021465546130646315,0.004332202699857251,0.004415100367692834,0.0013660126820725226,1.0175480358771656,162.9748163190915,0,0.26666666666666666,4,0.06666666666666667,0,0,0.4877029991931521
X6,fixed_zero,time_trend_sd,0.045528614603915496,15,0.8666666666666667,0.012472174465702071,0.008253997230084506,0.020899001283999786,0.06714761877466666,0.021375640967524805,0.004481813398659982,0.005165530523753577,0.0016139514486991175,1.0175480358771656,162.9748163190915,0,0.26666666666666666,4,0.06666666666666667,0,0,0.4877029991931521
X6,fixed_zero,treatment_effect_mean,-0.3374485596707819,15,0.6,0.02207866048478191,0.022247010215781904,0.02807607719586159,0.05330074346666667,0.01628493072704145,0.004635259754670166,0.0014123074092851962,4.208197869892461e-4,1.0175480358771656,162.9748163190915,0,0.26666666666666666,4,0.06666666666666667,0,0,0.4877029991931521
X6,fixed_zero,treatment_effect_sd,0.07626392697027408,15,0.8666666666666667,-0.004404590468837414,-0.004803698352774083,0.01269186868673959,0.04497282193,0.013744023571637254,0.0031812296989334565,0.0018632712504142049,5.20322112360389e-4,1.0175480358771656,162.9748163190915,0,0.26666666666666666,4,0.06666666666666667,0,0,0.4877029991931521
X6,shared,baseline_difference_mean,0,15,0.9333333333333333,0.017845371673969202,0.0186913528634985,0.025996024327369582,0.10141245678566665,0.03071625727181885,0.005052128198287819,0.0015703023393101529,4.618630266326294e-4,1.0463227761316807,53.97612455881812,0,19.666666666666668,113,0.5333333333333333,0.26666666666666666,0,0.35204674586954465
X6,shared,baseline_difference_sd,0.27034500134658757,15,0,-0.08893591437515423,-0.09504860541658758,0.09064620728948275,0.08318417933333333,0.025697279244630587,0.004683847855153087,0.0020864514813595174,6.273376559105937e-4,1.0463227761316807,53.97612455881812,0,19.666666666666668,113,0.5333333333333333,0.26666666666666666,0,0.35204674586954465
X6,shared,time_trend_mean,-0.08998628257887518,15,1,0.004785529622238519,0.0058894401207251895,0.01611293362291435,0.067372368315,0.021010020554560752,0.004112049681564114,0.003772019878002541,0.00122008414109643,1.0463227761316807,53.97612455881812,0,19.666666666666668,113,0.5333333333333333,0.26666666666666666,0,0.35204674586954465
X6,shared,time_trend_sd,0.045528614603915496,15,0.8666666666666667,0.010434712064406104,0.009582200621584505,0.01757995527303354,0.05969483188799999,0.01918145137017193,0.0037812659589726745,0.0026967021974151576,8.885131023831162e-4,1.0463227761316807,53.97612455881812,0,19.666666666666668,113,0.5333333333333333,0.26666666666666666,0,0.35204674586954465
X6,shared,treatment_effect_mean,-0.3374485596707819,15,0.7333333333333333,0.002641834346781909,0.004755288265781921,0.025150181490912017,0.07297724123333335,0.022342166427099627,0.006684482778954644,0.003963258116610395,0.0011884032049019105,1.0463227761316807,53.97612455881812,0,19.666666666666668,113,0.5333333333333333,0.26666666666666666,0,0.35204674586954465
X6,shared,treatment_effect_sd,0.07626392697027408,15,0.8,-0.01654705821731408,-0.020094651439774076,0.027768823457230717,0.060915694861,0.01881536881221244,0.005960000123152357,0.0020903490266914937,5.913666352893954e-4,1.0463227761316807,53.97612455881812,0,19.666666666666668,113,0.5333333333333333,0.26666666666666666,0,0.35204674586954465
X6,two_pop,baseline_difference_sd,0.27034500134658757,15,1,0.021750761055412432,0.01159679511341244,0.03930966807121185,0.2240464357,0.07160695337003947,0.008751140323161181,0.008190357157018043,0.0025552828835251453,1.0214903206348063,126.53625603720482,0,0.8,12,0.06666666666666667,0.06666666666666667,0,0.47924565608478825
X6,two_pop,time_trend_mean,-0.08998628257887518,15,1,0.0011458835323258517,2.188061111518813e-5,0.016290520660915787,0.06927073578833333,0.021604197800973165,0.004343040527540819,0.004256360832013296,0.0013804693631138305,1.0214903206348063,126.53625603720482,0,0.8,12,0.06666666666666667,0.06666666666666667,0,0.47924565608478825
X6,two_pop,time_trend_sd,0.045528614603915496,15,0.8666666666666667,0.012165016517569505,0.009046487326084506,0.0205069235535666,0.06523635465733332,0.021020841601606267,0.004412209413815629,0.004280011271710186,0.0013449603975912014,1.0214903206348063,126.53625603720482,0,0.8,12,0.06666666666666667,0.06666666666666667,0,0.47924565608478825
X6,two_pop,treatment_effect_mean,-0.3374485596707819,15,0.6666666666666666,0.021808000310781908,0.02313873676578193,0.02771254086563813,0.05362271043333334,0.016383604171198506,0.004570058171516291,0.001380934454351805,4.4422556075653986e-4,1.0214903206348063,126.53625603720482,0,0.8,12,0.06666666666666667,0.06666666666666667,0,0.47924565608478825
X6,two_pop,treatment_effect_sd,0.07626392697027408,15,0.8666666666666667,-0.006389611843520745,-0.005958197337774085,0.014254483532057492,0.04628805152,0.014133420851400702,0.0034054909574185964,0.0018904299116873533,5.006658779941581e-4,1.0214903206348063,126.53625603720482,0,0.8,12,0.06666666666666667,0.06666666666666667,0,0.47924565608478825
X6,zero_mean,baseline_difference_sd,0.27034500134658757,15,0,-0.08800516227098756,-0.08785792511658758,0.0899602580075181,0.08217191619999999,0.02542392116361936,0.004985259947631125,0.0019982439739867695,6.498985149815043e-4,1.0483316883638223,24.04794233038682,0,6.2,42,0.3333333333333333,0.26666666666666666,23.333333333333332,0.10992551753865461
X6,zero_mean,time_trend_mean,-0.08998628257887518,15,1,0.005230584000293318,0.007637696049985182,0.01628744898570675,0.06802905169611333,0.021106592448991927,0.004122429809485414,0.00385630248722302,0.0012000517467194015,1.0483316883638223,24.04794233038682,0,6.2,42,0.3333333333333333,0.26666666666666666,23.333333333333332,0.10992551753865461
X6,zero_mean,time_trend_sd,0.045528614603915496,15,0.8666666666666667,0.010816478672071037,0.009189868390584506,0.017964561705873298,0.06034699699466666,0.019350202182045157,0.0038333989619504746,0.0025487547958866407,8.816458287874629e-4,1.0483316883638223,24.04794233038682,0,6.2,42,0.3333333333333333,0.26666666666666666,23.333333333333332,0.10992551753865461
X6,zero_mean,treatment_effect_mean,-0.3374485596707819,15,0.8,0.006641006672781913,0.0024296899307819086,0.024740959882659362,0.06860529273333334,0.020934401866400935,0.006369638508959213,0.0038844527298291624,0.0011478645812650241,1.0483316883638223,24.04794233038682,0,6.2,42,0.3333333333333333,0.26666666666666666,23.333333333333332,0.10992551753865461
X6,zero_mean,treatment_effect_sd,0.07626392697027408,15,0.8,-0.01749167178727141,-0.020834562860774078,0.028791257115436293,0.060739862211199994,0.018795039222769733,0.006111919878246898,0.0022593514363871726,6.264031792126802e-4,1.0483316883638223,24.04794233038682,0,6.2,42,0.3333333333333333,0.26666666666666666,23.333333333333332,0.10992551753865461
X7,kappa_0.5,baseline_difference_sd,0,15,0,0.02023260330507291,0.0196449759438032,0.02069765315143383,0.044821470770233324,0.01436833997222061,0.0011660252838661372,0.0015793272118315455,4.7415291523548694e-4,1.005516520603284,483.4144627436814,0,0,0,0,0,0,0.7575747184387899
X7,kappa_0.5,time_trend_mean,-0.08998628257887518,15,1,-0.006029655008764046,-0.007512635821124811,0.017351516456467875,0.059906387729999996,0.018435361589103014,0.004348385445971889,0.004043555935835251,0.0012359624175116107,1.005516520603284,483.4144627436814,0,0,0,0,0,0,0.7575747184387899
X7,kappa_0.5,time_trend_sd,0.045528614603915496,15,0.8666666666666667,0.003099770101192336,3.983689952345021e-4,0.016514232076617737,0.055450668679,0.017462769308160875,0.004335165892361677,0.002945637657682248,9.155946789984193e-4,1.005516520603284,483.4144627436814,0,0,0,0,0,0,0.7575747184387899
X7,kappa_0.5,treatment_effect_mean,-0.3374485596707819,15,0.6,0.02266155028078191,0.022892293605781933,0.027571335182686785,0.0547059034,0.016711293953175176,0.0041972155959776785,0.002390138614586661,7.066493135904667e-4,1.005516520603284,483.4144627436814,0,0,0,0,0,0,0.7575747184387899
X7,kappa_0.5,treatment_effect_sd,0.07626392697027408,15,0.7333333333333333,-5.877718950407451e-4,-7.716564457740799e-4,0.01610727305837467,0.04383734844666667,0.013522265864087496,0.004301982678922116,0.001527131926597193,4.8337082219366135e-4,1.005516520603284,483.4144627436814,0,0,0,0,0,0,0.7575747184387899
X7,kappa_1,baseline_difference_sd,0,15,0,0.020530623628365788,0.0196765956340245,0.021080073795531132,0.04503825060403333,0.014437163834309198,0.001277916961739655,0.0018118454052547923,5.267752824425696e-4,1.0062022401004016,442.5854503075736,0,0,0,0,0,0,0.7957369296818648
X7,kappa_1,time_trend_mean,-0.08998628257887518,15,1,-0.005362570310603483,-0.007792603625124822,0.017425054800443995,0.05852984662333333,0.018137200802952138,0.004431021927133339,0.003652590981907616,0.0011979688825723622,1.0062022401004016,442.5854503075736,0,0,0,0,0,0,0.7957369296818648
X7,kappa_1,time_trend_sd,0.045528614603915496,15,0.9333333333333333,0.0026495727584026707,7.081985526845025e-4,0.01582578958348403,0.054224426694999994,0.01711624845370979,0.004169921035040643,0.002342672296553958,7.978523528950035e-4,1.0062022401004016,442.5854503075736,0,0,0,0,0,0,0.7957369296818648
X7,kappa_1,treatment_effect_mean,-0.3374485596707819,15,0.6,0.021889961602448573,0.020934115460781888,0.027126739584099214,0.055071196066666654,0.016790545361367867,0.00428193532268214,0.002114195236601096,6.440878066267046e-4,1.0062022401004016,442.5854503075736,0,0,0,0,0,0,0.7957369296818648
X7,kappa_1,treatment_effect_sd,0.07626392697027408,15,0.7333333333333333,-0.003828087542307411,-0.0010824336222740732,0.016811768788209478,0.04556632021,0.014055673354206122,0.004375102574770147,0.0012776258587611816,4.1527289380350994e-4,1.0062022401004016,442.5854503075736,0,0,0,0,0,0,0.7957369296818648
X7,kappa_2,baseline_difference_sd,0,15,0,0.020666367827338796,0.01980133584352075,0.021232772342419465,0.04536946940603333,0.014521450145229297,0.0013019727386368316,0.0018740252895055969,5.580624521176492e-4,1.0070865300686678,360.76495300476444,0,0.2,1,0.2,0,0,0.7267929785654306
X7,kappa_2,time_trend_mean,-0.08998628257887518,15,1,-0.004360350651918815,-0.0082363608481248185,0.017430948217097095,0.06041474459666666,0.018697329705294186,0.004510505973672003,0.0039554696964779566,0.001278778417114119,1.0070865300686678,360.76495300476444,0,0.2,1,0.2,0,0,0.7267929785654306
X7,kappa_2,time_trend_sd,0.045528614603915496,15,0.9333333333333333,0.0035396412035016904,7.860103046345018e-4,0.016295229077985328,0.054187594315,0.017421460022929193,0.004251095916302823,0.0027243085623957167,9.300313111154205e-4,1.0070865300686678,360.76495300476444,0,0.2,1,0.2,0,0,0.7267929785654306
X7,kappa_2,treatment_effect_mean,-0.3374485596707819,15,0.7333333333333333,0.019123038511448587,0.01871966695078192,0.02608712323212659,0.05871243796666667,0.017990303855867806,0.004742267364712286,0.0020676126790876866,6.386993375108336e-4,1.0070865300686678,360.76495300476444,0,0.2,1,0.2,0,0,0.7267929785654306
X7,kappa_2,treatment_effect_sd,0.07626392697027408,15,0.8,-0.008129120104680745,-0.008332057717274077,0.017960930114098803,0.049974157869999994,0.015346110993394021,0.0042804573928429705,0.0015688654756610503,4.726568416489715e-4,1.0070865300686678,360.76495300476444,0,0.2,1,0.2,0,0,0.7267929785654306
X7,kappa_unanchored,baseline_difference_sd,0,15,0,0.020405730434533597,0.019071188287829,0.02092127894261733,0.04555137763186666,0.014483374941193637,0.0012336380005019015,0.001850372958308494,5.163386487074802e-4,1.0062064240876636,515.8846218624419,0,0.26666666666666666,2,0.2,0,0,0.7396783483430336
X7,kappa_unanchored,kappa,0,15,0,0.37838229011711966,0.374625794909925,0.37947216360866565,0.8835389260233332,0.28113591188973996,0.007680985239843998,0.018469800916292158,0.005790378567011102,1.0062064240876636,515.8846218624419,0,0.26666666666666666,2,0.2,0,0,0.7396783483430336
X7,kappa_unanchored,time_trend_mean,-0.08998628257887518,15,1,-0.006001138608919947,-0.007751808142124811,0.017485920770355677,0.059664985866666666,0.018437307046632434,0.004389465966409048,0.003711367538053452,0.0011601252016756821,1.0062064240876636,515.8846218624419,0,0.26666666666666666,2,0.2,0,0,0.7396783483430336
X7,kappa_unanchored,time_trend_sd,0.045528614603915496,15,0.8666666666666667,0.00315189384393687,2.0008972993450225e-4,0.016207310516060024,0.05510405336366666,0.017623213603757668,0.004248886235243157,0.002479280697983729,8.803807525040136e-4,1.0062064240876636,515.8846218624419,0,0.26666666666666666,2,0.2,0,0,0.7396783483430336
X7,kappa_unanchored,treatment_effect_mean,-0.3374485596707819,15,0.6,0.022787989767448568,0.022848563305781888,0.02774016105308544,0.05455312400000001,0.016738703363491,0.004227664481971929,0.0023661395226894032,7.215118633546094e-4,1.0062064240876636,515.8846218624419,0,0.26666666666666666,2,0.2,0,0,0.7396783483430336
X7,kappa_unanchored,treatment_effect_sd,0.07626392697027408,15,0.7333333333333333,-5.355825487207454e-4,-5.65604334274078e-4,0.016014694437929553,0.0435979511,0.013464688325303795,0.004277712917584394,0.0015488549303098592,4.963141680124435e-4,1.0062064240876636,515.8846218624419,0,0.26666666666666666,2,0.2,0,0,0.7396783483430336
X8,kappa_0.5,baseline_difference_sd,0,15,0,0.023427990343548154,0.0211798467221555,0.024740064626324016,0.04765000654866666,0.015064832471348214,0.002124685962968635,0.0020690504740895495,5.80906521048951e-4,1.0076923487775127,445.2941042306022,0,0.26666666666666666,4,0.06666666666666667,0,0,0.851395070193029
X8,kappa_0.5,time_trend_mean,-0.08998628257887518,15,0.9333333333333333,-0.0032365845354698146,-0.00974710980862481,0.018219183031615346,0.05987478659999999,0.018559858330635406,0.0047918319706131045,0.00378185609397442,0.0011350451943756244,1.0076923487775127,445.2941042306022,0,0.26666666666666666,4,0.06666666666666667,0,0,0.851395070193029
X8,kappa_0.5,time_trend_sd,0.045528614603915496,15,0.9333333333333333,0.003094155035657657,0.008492781750584502,0.015988166662227583,0.05664072033633333,0.017737380684117805,0.00419223498041728,0.002354559809805801,7.755332658209146e-4,1.0076923487775127,445.2941042306022,0,0.26666666666666666,4,0.06666666666666667,0,0,0.851395070193029
X8,kappa_0.5,treatment_effect_mean,-0.3374485596707819,15,0.3333333333333333,0.04261391108211525,0.04294017957078189,0.04434119378679568,0.060094789133333326,0.018440018265226493,0.0032754067220046217,0.0016366921604938664,5.147013527899846e-4,1.0076923487775127,445.2941042306022,0,0.26666666666666666,4,0.06666666666666667,0,0,0.851395070193029
X8,kappa_0.5,treatment_effect_sd,0.07626392697027408,15,0.9333333333333333,0.011487337444292589,0.008713679917725925,0.016473487835354413,0.04750079687,0.01470653558265647,0.0031556851180791065,0.001273620092119843,4.037393567507128e-4,1.0076923487775127,445.2941042306022,0,0.26666666666666666,4,0.06666666666666667,0,0,0.851395070193029
X8,kappa_1,baseline_difference_sd,0,15,0,0.02319966453937788,0.021126864496184,0.02458173630882382,0.047670816014699996,0.015092564610860074,0.002171854461331537,0.0022097016182588253,6.205191091387504e-4,1.008853851913508,499.530904003805,0,0.2,2,0.13333333333333333,0,0,0.792695669855903
X8,kappa_1,time_trend_mean,-0.08998628257887518,15,0.9333333333333333,-0.003038626893550449,-0.00950757792667481,0.018247641527890504,0.05949626224333333,0.0185143186754162,0.004808795274822598,0.003830880558188822,0.0011920963819813232,1.008853851913508,499.530904003805,0,0.2,2,0.13333333333333333,0,0,0.792695669855903
X8,kappa_1,time_trend_sd,0.045528614603915496,15,0.9333333333333333,0.00309744394271588,0.009388891820084504,0.01576934616350035,0.056012356125333326,0.017837948163458486,0.004132433729881182,0.002429460857234791,8.289559709402692e-4,1.008853851913508,499.530904003805,0,0.2,2,0.13333333333333333,0,0,0.792695669855903
X8,kappa_1,treatment_effect_mean,-0.3374485596707819,15,0.3333333333333333,0.041277425242781905,0.0402980928757819,0.04297802430928697,0.06046285143333331,0.01847605960810576,0.0031991599216067974,0.001901062050412825,5.59569680199438e-4,1.008853851913508,499.530904003805,0,0.2,2,0.13333333333333333,0,0,0.792695669855903
X8,kappa_1,treatment_effect_sd,0.07626392697027408,15,0.9333333333333333,0.0076723875504925865,0.003431891277725918,0.014439181041685423,0.049703841869999994,0.015296325340084715,0.0032691678542494797,0.001187684170540158,3.5636646661020224e-4,1.008853851913508,499.530904003805,0,0.2,2,0.13333333333333333,0,0,0.792695669855903
X8,kappa_2,baseline_difference_sd,0,15,0,0.023703944339745518,0.0205789265820075,0.025205489834701916,0.04759266677266666,0.015112098956173721,0.0022903483912388896,0.0020338130971469626,6.066693633778811e-4,1.0084289862231046,434.96476738996716,0,0,0,0,0,0,0.7622228648996555
X8,kappa_2,time_trend_mean,-0.08998628257887518,15,0.9333333333333333,-0.0015410780717650095,-0.007007225776074322,0.017620574510787836,0.059539540203333324,0.018543733988208147,0.004691251161675856,0.0037630371820149625,0.0011959445712592957,1.0084289862231046,434.96476738996716,0,0,0,0,0,0,0.7622228648996555
X8,kappa_2,time_trend_sd,0.045528614603915496,15,0.9333333333333333,0.003433686121619368,0.007255805918084501,0.01558135130512,0.05588174976766666,0.01775600948189002,0.004061916403020371,0.0022684691790530323,7.298739624021045e-4,1.0084289862231046,434.96476738996716,0,0,0,0,0,0,0.7622228648996555
X8,kappa_2,treatment_effect_mean,-0.3374485596707819,15,0.3333333333333333,0.03545887650511525,0.03801692568078191,0.03728679337512594,0.062165807299999994,0.018887140440267267,0.003081894561030388,0.0016374524301197351,4.913098108687363e-4,1.0084289862231046,434.96476738996716,0,0,0,0,0,0,0.7622228648996555
X8,kappa_2,treatment_effect_sd,0.07626392697027408,15,1,-0.001237564872074079,-0.006589206434774078,0.013009596236511274,0.05291896885666666,0.01632518428551297,0.0034611933060357805,0.0012263151326642162,3.862733254386393e-4,1.0084289862231046,434.96476738996716,0,0,0,0,0,0,0.7622228648996555
X8,kappa_unanchored,baseline_difference_sd,0,15,0,0.02305714520608015,0.02092498600550605,0.024343411435818734,0.04738800244503333,0.015036885507051111,0.0020868591450736514,0.002099231900571371,5.762586269226421e-4,1.005190623579785,637.0737491245666,0,0,0,0,0,0,0.7614038305289742
X8,kappa_unanchored,kappa,0,15,0,0.40295737205144244,0.4074082386866,0.4037810924139538,0.9367919883833332,0.2980007043454139,0.006889572350409076,0.017161228314620778,0.005106283773009535,1.005190623579785,637.0737491245666,0,0,0,0,0,0,0.7614038305289742
X8,kappa_unanchored,time_trend_mean,-0.08998628257887518,15,0.9333333333333333,-0.003481018280826316,-0.00936544145487482,0.01824869897698727,0.05802053328666666,0.017952310476155836,0.004787614422961228,0.003675039978448755,0.0011373228389909029,1.005190623579785,637.0737491245666,0,0,0,0,0,0,0.7614038305289742
X8,kappa_unanchored,time_trend_sd,0.045528614603915496,15,0.9333333333333333,0.0026701986467835043,0.008603009192084503,0.01570665175394012,0.05565119553399999,0.01769678471841499,0.004136673512672659,0.00237641756555724,7.766303910976196e-4,1.005190623579785,637.0737491245666,0,0,0,0,0,0,0.7614038305289742
X8,kappa_unanchored,treatment_effect_mean,-0.3374485596707819,15,0.26666666666666666,0.04249407374411525,0.04111285503578194,0.044224881729924864,0.059945417800000005,0.018255501082368744,0.0032742922970962884,0.0016626862844447512,5.024213916823703e-4,1.005190623579785,637.0737491245666,0,0,0,0,0,0,0.7614038305289742
X8,kappa_unanchored,treatment_effect_sd,0.07626392697027408,15,0.8,0.011550976068225919,0.008199205378725927,0.016544763423854195,0.04820353583,0.014848337890219374,0.003165710805113529,0.001246123998980967,3.682210658841174e-4,1.005190623579785,637.0737491245666,0,0,0,0,0,0,0.7614038305289742
X9,kappa_0.5,baseline_difference_sd,0,15,0,0.0239130102724976,0.0173089817067359,0.027385602567486542,0.045936030702733326,0.0145255347269784,0.0035671033435683373,0.003421076422259879,9.585155472422493e-4,1.0056191596006554,345.592513951601,0,0,0,0,0,0,0.8360230645177177
X9,kappa_0.5,time_trend_mean,-0.08998628257887518,15,0.8666666666666667,8.519081483113834e-4,1.555590503751897e-4,0.02009133290848042,0.07310514263633333,0.022662325773300577,0.005364805352255362,0.0042173268177512985,0.0013242419477937563,1.0056191596006554,345.592513951601,0,0,0,0,0,0,0.8360230645177177
X9,kappa_0.5,time_trend_sd,0.045528614603915496,15,0.8,0.01670932111409817,0.016813802641584503,0.02285018014121445,0.06597990635999999,0.02094889026193319,0.00416558451045078,0.0033637470809694697,0.0010283102757713148,1.0056191596006554,345.592513951601,0,0,0,0,0,0,0.8360230645177177
X9,kappa_0.5,treatment_effect_mean,-0.3374485596707819,15,0,0.05586823735444858,0.05738916534578192,0.0570949195616527,0.06453596366666665,0.01964764154854709,0.0031460848078954605,0.0023413902950198484,6.865556913901929e-4,1.0056191596006554,345.592513951601,0,0,0,0,0,0,0.8360230645177177
X9,kappa_0.5,treatment_effect_sd,0.07626392697027408,15,0.6666666666666666,0.017964351345059255,0.021206171547725916,0.023642240047995002,0.0504785377,0.015593940325455555,0.0041078113327649175,0.0014108779047403337,4.4240567936576296e-4,1.0056191596006554,345.592513951601,0,0,0,0,0,0,0.8360230645177177
X9,kappa_1,baseline_difference_sd,0,15,0,0.023528236668656475,0.017591685828318,0.027023694860824513,0.045175257797466666,0.014463430877892012,0.003552686741795789,0.003303138096020023,9.386102073420525e-4,1.015864046860779,314.8423057265986,0,0,0,0,0,0,0.8071685699057937
X9,kappa_1,time_trend_mean,-0.08998628257887518,15,0.8666666666666667,0.0015591089129493524,4.290170155751838e-4,0.020671101964471774,0.07399270496999999,0.023050321262536855,0.0055088476616073235,0.004535819584189003,0.0014327712307389013,1.015864046860779,314.8423057265986,0,0,0,0,0,0,0.8071685699057937
X9,kappa_1,time_trend_sd,0.045528614603915496,15,0.8,0.016749105281374504,0.015970463641584505,0.022768794186260502,0.06594172562666666,0.020980069437695058,0.0041221133706746205,0.003284376921923653,0.001012852481655,1.015864046860779,314.8423057265986,0,0,0,0,0,0,0.8071685699057937
X9,kappa_1,treatment_effect_mean,-0.3374485596707819,15,0,0.054002563866448576,0.0561640500957819,0.05524531941802246,0.06381910033333334,0.019547630505615487,0.003114120071194976,0.002017067828494608,6.191691414089148e-4,1.015864046860779,314.8423057265986,0,0,0,0,0,0,0.8071685699057937
X9,kappa_1,treatment_effect_sd,0.07626392697027408,15,0.7333333333333333,0.013999007868892589,0.015539249520725926,0.020901747884798188,0.05212584706666666,0.01614668129063787,0.00414824268581932,0.0014226607924262872,4.7666786895421176e-4,1.015864046860779,314.8423057265986,0,0,0,0,0,0,0.8071685699057937
X9,kappa_2,baseline_difference_sd,0,15,0,0.023734072840005165,0.0178387622896426,0.027278875981720678,0.04543527798386666,0.014457585995703747,0.0035939518763316246,0.00340645024027625,9.985737440790044e-4,1.0132495503679728,318.05030740260156,0,0.2,1,0.2,0,0,0.799778115622181
X9,kappa_2,time_trend_mean,-0.08998628257887518,15,0.8666666666666667,0.003446130469826855,0.0018695489390251896,0.021007544346832562,0.07585863125333332,0.023526275377045054,0.00553844423919278,0.005279802802924239,0.0016060456843656752,1.0132495503679728,318.05030740260156,0,0.2,1,0.2,0,0,0.799778115622181
X9,kappa_2,time_trend_sd,0.045528614603915496,15,0.8,0.01753000042355117,0.017282657692084508,0.02387951284364207,0.06660580830666667,0.021576379517732603,0.0043336739510815795,0.0038731526386180317,0.0013389327780283814,1.0132495503679728,318.05030740260156,0,0.2,1,0.2,0,0,0.799778115622181
X9,kappa_2,treatment_effect_mean,-0.3374485596707819,15,0.13333333333333333,0.046102920250781915,0.05056858003078191,0.04744710939322023,0.06525687436666665,0.019863588824872776,0.002997009630117637,0.002080876022514667,6.237729244384991e-4,1.0132495503679728,318.05030740260156,0,0.2,1,0.2,0,0,0.799778115622181
X9,kappa_2,treatment_effect_sd,0.07626392697027408,15,1,0.003221468541192588,-3.836207462740854e-4,0.01569813773174582,0.05724107131333333,0.017583218485099694,0.004106211920310219,0.001383076299637846,4.135788637491797e-4,1.0132495503679728,318.05030740260156,0,0.2,1,0.2,0,0,0.799778115622181
X9,kappa_unanchored,baseline_difference_sd,0,15,0,0.023748077836320502,0.0175452996274915,0.02718615505864125,0.0457450843564,0.01450356701810048,0.003536703731205779,0.0033577534160294125,9.73371548421206e-4,1.011394533021349,329.2327319392805,0,0.2,1,0.2,0,0,0.7863434431965783
X9,kappa_unanchored,kappa,0,15,0,0.40095313765127616,0.396550157265595,0.40216149297011866,0.9491717918599999,0.30115031077491305,0.008325725346142352,0.01812580777064696,0.006025033008380049,1.011394533021349,329.2327319392805,0,0.2,1,0.2,0,0,0.7863434431965783
X9,kappa_unanchored,time_trend_mean,-0.08998628257887518,15,0.8666666666666667,9.251801371933187e-4,-3.879604949981463e-5,0.020053217083960014,0.07380198626333333,0.023224743221813945,0.005353740729154901,0.0046953939724524345,0.0014955438309272363,1.011394533021349,329.2327319392805,0,0.2,1,0.2,0,0,0.7863434431965783
X9,kappa_unanchored,time_trend_sd,0.045528614603915496,15,0.8,0.016686560386994505,0.0163078674500845,0.022805966467582095,0.06621101209666666,0.021325130490427203,0.004154780456393959,0.00364103036476776,0.0011488864532135385,1.011394533021349,329.2327319392805,0,0.2,1,0.2,0,0,0.7863434431965783
X9,kappa_unanchored,treatment_effect_mean,-0.3374485596707819,15,0,0.05575039222511524,0.0575869178057819,0.05700767299529331,0.0647474403,0.019641194346177067,0.0031821886794660224,0.0020225298633685523,6.207142460894901e-4,1.011394533021349,329.2327319392805,0,0.2,1,0.2,0,0,0.7863434431965783
X9,kappa_unanchored,treatment_effect_sd,0.07626392697027408,15,0.6666666666666666,0.017698426712625923,0.020963157273725927,0.02321217495054621,0.05075512573666666,0.01557429687211104,0.004014000123074364,0.001445413145882162,4.389513105355028e-4,1.011394533021349,329.2327319392805,0,0.2,1,0.2,0,0,0.7863434431965783
