study_id,Study_Reference,Intervention_ID,Indicator,design,randomisation,randomisation_source,Covariate_3rd,Covariate_bat,Covariate_cbt,Covariate_dyn,Covariate_ipt,Covariate_lrt,Covariate_other_psy,Covariate_pst,Covariate_sup,n_control,mean_pre_control,mean_post_control,sd_pre_control,sd_post_control,n_treatment,mean_pre_treatment,mean_post_treatment,sd_pre_treatment,sd_post_treatment,mean_change_control,sd_change_control,mean_change_treatment,sd_change_treatment,n_pre_control,n_post_control,n_pre_treatment,n_post_treatment
1,"Aagaard, 2017",1,BDI-I,did,individual,per_arm_count,0,0,1,0,0,0,0,0,0,35.0,24.1,17.5,12.3,12.4,40.0,21.5,17.5,14.1,12.6,-6.600000000000001,,-4.0,,38.0,35.0,42.0,40.0
2,"Abas, 2018",2,DSSQ,did,individual,per_arm_count,0,0,0,0,0,0,0,1,0,15.0,9.3,5.5,1.2,2.7,13.0,8.5,3.8,1.9,3.3,-3.800000000000001,,-4.7,,18.0,15.0,14.0,13.0
2,"Abas, 2018",3,PHQ-9,did,individual,per_arm_count,0,0,0,0,0,0,0,1,0,15.0,9.2,5.7,3.3,3.9,13.0,13.8,3.1,2.2,3.1,-3.499999999999999,,-10.7,,18.0,15.0,14.0,13.0
3,"Abbas, 2023a",4,PHQ-9,did,individual,per_arm_count,0,0,1,0,0,0,0,0,0,35.0,15.8,16.54,4.12,3.97,27.0,15.85,8.81,3.81,2.59,0.7399999999999984,,-7.039999999999999,,35.0,35.0,27.0,27.0
4,"Abbas, 2023b",5,PHQ-9,did,individual,per_arm_count,0,0,1,0,0,0,0,0,0,40.0,9.92,9.62,3.42,3.2,40.0,11.7,3.1,4.23,2.79,-0.3000000000000007,,-8.6,,63.0,40.0,63.0,40.0
5,"Afonso, 2009",6,CES-D,did,,,0,0,0,0,0,1,0,0,0,30.0,33.97,30.57,7.37,9.94,30.0,39.87,13.6,7.9,5.14,-3.399999999999999,,-26.27,,30.0,30.0,30.0,30.0
5,"Afonso, 2009",7,CES-D,did,,,0,0,0,0,0,1,0,0,0,30.0,30.93,34.1,7.07,8.76,30.0,39.87,13.6,7.9,5.14,3.170000000000002,,-26.27,,30.0,30.0,30.0,30.0
6,"Aguilar-Raab, 2023",8,HAMD-17,did,individual,per_arm_count,1,0,0,0,0,0,0,0,0,16.0,32.55,24.5,8.22,12.2,23.0,28.48,16.8,11.05,11.8,-8.049999999999997,,-11.68,,22.0,16.0,27.0,23.0
7,"Ahmadpanah, 2016",9,BDI-I,did,individual,per_arm_count,1,0,0,0,0,0,0,0,0,15.0,22.0,23.33,5.53,4.88,15.0,24.26,16.26,5.12,3.83,1.329999999999998,,-8.0,,15.0,15.0,15.0,15.0
7,"Ahmadpanah, 2016",10,BDI-I,did,individual,per_arm_count,0,0,0,0,0,0,1,0,0,15.0,22.0,23.33,5.53,4.88,15.0,20.2,14.93,5.12,4.29,1.329999999999998,,-5.27,,15.0,15.0,15.0,15.0
9,"Alhusen, 2021",11,EPDS,did,individual,per_arm_count,0,0,1,0,0,0,0,0,0,30.0,17.4,14.9,1.9,1.4,30.0,17.8,12.0,1.4,2.4,-2.499999999999998,,-5.800000000000001,,30.0,30.0,30.0,30.0
10,"Allart van Dam, 2003",12,BDI-I,did,individual,per_arm_count,0,0,1,0,0,0,0,0,0,41.0,14.0,14.12,6.9,8.77,61.0,15.78,9.64,6.89,7.09,0.1199999999999992,,-6.139999999999999,,41.0,41.0,61.0,61.0
11,"Amani, 2021",13,EPDS,did,individual,per_arm_count,0,0,1,0,0,0,0,0,0,16.0,16.8,16.8,4.0,5.2,22.0,16.0,10.6,3.7,4.2,0.0,,-5.4,,27.0,16.0,27.0,22.0
12,"Amano, 2023",14,BDI-II,did,individual,per_arm_count,0,0,1,0,0,0,0,0,0,15.0,32.3,18.5,9.7,12.0,16.0,30.4,18.9,7.34,12.3,-13.8,,-11.5,,15.0,15.0,16.0,16.0
12,"Amano, 2023",15,HAMD-17,did,individual,per_arm_count,0,0,1,0,0,0,0,0,0,15.0,22.1,11.2,5.5,7.5,16.0,20.6,11.4,4.38,6.7,-10.9,,-9.200000000000001,,15.0,15.0,16.0,16.0
13,"Ammerman, 2013",16,HAMD-17,did,individual,per_arm_count,0,0,1,0,0,0,0,0,0,46.0,21.96,15.05,4.4,8.24,47.0,21.87,8.71,4.37,7.86,-6.91,,-13.16,,46.0,46.0,47.0,47.0
13,"Ammerman, 2013",17,EPDS,did,individual,per_arm_count,0,0,1,0,0,0,0,0,0,46.0,19.22,15.26,4.07,5.47,47.0,18.77,9.49,3.96,7.35,-3.959999999999999,,-9.28,,46.0,46.0,47.0,47.0
13,"Ammerman, 2013",18,BDI-II,did,individual,per_arm_count,0,0,1,0,0,0,0,0,0,46.0,34.54,26.51,10.04,13.49,47.0,33.11,12.7,9.9,15.44,-8.029999999999998,,-20.41,,46.0,46.0,47.0,47.0
14,"Andersson, 2005",19,MADRS,did,individual,per_arm_count,0,0,1,0,0,0,0,0,0,49.0,21.6,19.0,7.2,7.6,36.0,20.1,12.7,5.7,8.3,-2.600000000000001,,-7.400000000000002,,49.0,49.0,36.0,36.0
14,"Andersson, 2005",20,BDI-I,did,individual,per_arm_count,0,0,1,0,0,0,0,0,0,49.0,20.9,19.5,8.5,8.1,36.0,20.5,12.2,6.7,6.8,-1.399999999999999,,-8.3,,49.0,49.0,36.0,36.0
16,"Arean, 1993",21,GDS,did,individual,per_arm_count,0,0,0,0,0,1,0,0,0,20.0,17.0,18.4,5.1,4.3,28.0,19.2,16.5,6.6,6.8,1.399999999999999,,-2.699999999999999,,20.0,20.0,28.0,28.0
16,"Arean, 1993",22,BDI-I,did,individual,per_arm_count,0,0,0,0,0,1,0,0,0,20.0,23.0,21.2,4.3,6.0,28.0,23.6,16.9,6.5,9.5,-1.800000000000001,,-6.700000000000003,,20.0,20.0,28.0,28.0
16,"Arean, 1993",23,HAMD-17,did,individual,per_arm_count,0,0,0,0,0,1,0,0,0,20.0,22.4,22.0,5.5,4.5,28.0,25.3,17.6,6.1,9.9,-0.3999999999999986,,-7.699999999999999,,20.0,20.0,28.0,28.0
16,"Arean, 1993",24,BDI-I,did,individual,per_arm_count,0,0,0,0,0,0,0,1,0,20.0,23.0,21.2,4.3,6.0,19.0,23.7,15.7,5.2,6.9,-1.800000000000001,,-8.0,,20.0,20.0,19.0,19.0
16,"Arean, 1993",25,GDS,did,individual,per_arm_count,0,0,0,0,0,0,0,1,0,20.0,17.0,18.4,5.1,4.3,19.0,19.8,13.6,4.8,6.6,1.399999999999999,,-6.200000000000001,,20.0,20.0,19.0,19.0
16,"Arean, 1993",26,HAMD-17,did,individual,per_arm_count,0,0,0,0,0,0,0,1,0,20.0,22.4,22.0,5.5,4.5,19.0,25.2,8.8,5.7,6.3,-0.3999999999999986,,-16.4,,20.0,20.0,19.0,19.0
17,"Arjadi, 2018",27,PHQ-9,did,individual,per_arm_count,0,1,0,0,0,0,0,0,0,145.0,18.01,10.83,5.05,6.21,120.0,17.92,8.5,5.38,5.75,-7.180000000000001,,-9.420000000000002,,154.0,145.0,159.0,120.0
17,"Arjadi, 2018",28,IDS,did,individual,per_arm_count,0,1,0,0,0,0,0,0,0,145.0,39.98,32.61,9.55,12.79,120.0,40.02,27.57,11.12,12.17,-7.369999999999997,,-12.45,,154.0,145.0,159.0,120.0
18,"Au, 2022",29,BDI-II,did,individual,per_arm_count,0,0,1,0,0,0,0,0,0,66.0,12.1,10.54,6.31,5.17,66.0,13.29,8.54,8.3,5.59,-1.56,,-4.75,,84.0,66.0,84.0,66.0
19,"Ayen, 2004",30,BDI-I,did,individual,per_arm_count,0,0,0,0,0,0,0,0,1,10.0,21.9,22.1,4.3,3.7,20.0,22.7,14.6,3.9,4.5,0.2000000000000028,,-8.1,,10.0,10.0,20.0,20.0
19,"Ayen, 2004",31,BDI-I,did,individual,per_arm_count,0,0,0,0,0,0,0,0,1,10.0,22.2,22.5,4.2,4.0,20.0,22.7,14.6,3.9,4.5,0.3000000000000007,,-8.1,,10.0,10.0,20.0,20.0
19,"Ayen, 2004",32,IDS,did,individual,per_arm_count,0,0,0,0,0,0,0,0,1,10.0,34.0,32.3,5.5,5.4,20.0,33.7,21.0,4.3,4.9,-1.700000000000003,,-12.7,,10.0,10.0,20.0,20.0
19,"Ayen, 2004",33,IDS,did,individual,per_arm_count,0,0,0,0,0,0,0,0,1,10.0,35.3,32.7,4.8,5.1,20.0,33.7,21.0,4.3,4.9,-2.599999999999994,,-12.7,,10.0,10.0,20.0,20.0
19,"Ayen, 2004",34,BDI-I,did,individual,per_arm_count,0,0,1,0,0,0,0,0,0,10.0,22.2,22.5,4.2,4.0,11.0,21.8,8.5,4.6,4.0,0.3000000000000007,,-13.3,,10.0,10.0,11.0,11.0
19,"Ayen, 2004",35,BDI-I,did,individual,per_arm_count,0,0,1,0,0,0,0,0,0,10.0,21.9,22.1,4.3,3.7,11.0,21.8,8.5,4.6,4.0,0.2000000000000028,,-13.3,,10.0,10.0,11.0,11.0
19,"Ayen, 2004",36,IDS,did,individual,per_arm_count,0,0,1,0,0,0,0,0,0,10.0,34.0,32.3,5.5,5.4,11.0,34.5,12.8,5.7,3.9,-1.700000000000003,,-21.7,,10.0,10.0,11.0,11.0
19,"Ayen, 2004",37,IDS,did,individual,per_arm_count,0,0,1,0,0,0,0,0,0,10.0,35.3,32.7,4.8,5.1,11.0,34.5,12.8,5.7,3.9,-2.599999999999994,,-21.7,,10.0,10.0,11.0,11.0
20,"Baker, 2010",38,BDI-II,did,individual,per_arm_count,0,0,1,0,0,0,0,0,0,70.0,29.81,22.16,8.14,12.74,71.0,32.04,23.28,9.68,13.24,-7.649999999999999,,-8.759999999999998,,70.0,70.0,71.0,71.0
20,"Baker, 2010",39,BDI-II,did,individual,per_arm_count,0,0,1,0,0,0,0,0,0,70.0,29.81,22.16,8.14,12.74,75.0,31.16,19.67,8.58,12.63,-7.649999999999999,,-11.49,,70.0,70.0,75.0,75.0
22,"Barnhofer, 2009",40,BDI-II,did,individual,per_arm_count,1,0,0,0,0,0,0,0,0,15.0,31.32,28.86,10.79,12.97,16.0,29.36,17.62,9.66,10.94,-2.460000000000001,,-11.74,,15.0,15.0,16.0,16.0
24,"Basirat, 2022",41,BDI-II,did,individual,per_arm_count,0,0,1,0,0,0,0,0,0,20.0,24.4,24.2,8.1,9.5,19.0,23.1,13.4,9.89,12.2,-0.1999999999999993,,-9.700000000000001,,20.0,20.0,20.0,19.0
25,"Baumeister, 2021",42,HAMD-17,did,individual,per_arm_count,0,0,1,0,0,0,0,0,0,105.0,14.61,11.14,5.32,7.26,104.0,14.4,9.67,5.45,6.41,-3.469999999999999,,-4.73,,105.0,105.0,104.0,104.0
25,"Baumeister, 2021",43,QIDS,did,individual,per_arm_count,0,0,1,0,0,0,0,0,0,105.0,12.24,8.56,3.8,4.78,104.0,12.12,7.29,3.79,4.27,-3.68,,-4.829999999999999,,105.0,105.0,104.0,104.0
25,"Baumeister, 2021",44,PHQ-9,did,individual,per_arm_count,0,0,1,0,0,0,0,0,0,105.0,13.0,11.29,4.33,5.82,104.0,12.69,8.92,4.18,4.71,-1.710000000000001,,-3.77,,105.0,105.0,104.0,104.0
26,"Baumgartner, 2021",45,CES-D,did,individual,per_arm_count,0,0,1,0,0,0,0,0,0,234.0,22.0,18.88,6.9,10.41,234.0,22.9,16.12,7.6,9.22,-3.120000000000001,,-6.779999999999998,,234.0,234.0,234.0,234.0
26,"Baumgartner, 2021",46,CES-D,did,individual,per_arm_count,0,0,1,0,0,0,0,0,0,234.0,22.0,18.88,6.9,10.41,221.0,22.2,15.9,7.8,8.12,-3.120000000000001,,-6.299999999999999,,234.0,234.0,221.0,221.0
27,"Beach, 1992",47,BDI-I,did,individual,per_arm_count,0,0,1,0,0,0,0,0,0,15.0,28.33,20.47,5.55,10.68,15.0,28.27,10.87,6.98,7.7,-7.859999999999999,,-17.4,,15.0,15.0,15.0,15.0
27,"Beach, 1992",48,BDI-I,did,individual,per_arm_count,0,0,1,0,0,0,0,0,0,15.0,28.33,20.47,5.55,10.68,15.0,23.93,8.4,7.35,6.22,-7.859999999999999,,-15.53,,15.0,15.0,15.0,15.0
28,"Bedard, 2014",49,SCL,did,individual,per_arm_count,1,0,0,0,0,0,0,0,0,37.0,1.74,1.49,0.94,1.04,38.0,1.62,1.36,0.8,0.9,-0.25,,-0.26,,37.0,37.0,38.0,38.0
28,"Bedard, 2014",50,PHQ-9,did,individual,per_arm_count,1,0,0,0,0,0,0,0,0,38.0,14.08,12.84,6.52,6.74,36.0,11.53,10.19,5.03,5.88,-1.24,,-1.34,,38.0,38.0,36.0,36.0
28,"Bedard, 2014",51,BDI-II,did,individual,per_arm_count,1,0,0,0,0,0,0,0,0,38.0,27.13,25.0,10.61,13.12,38.0,25.47,18.84,8.12,10.26,-2.129999999999999,,-6.629999999999999,,38.0,38.0,38.0,38.0
29,"Beeber, 2010",52,CES-D,did,individual,per_arm_count,0,0,0,0,1,0,0,0,0,37.0,22.8,19.1,12.5,9.9,34.0,26.3,11.5,13.4,9.5,-3.699999999999999,,-14.8,,37.0,37.0,34.0,34.0
30,"Bendig, 2021",53,PHQ-9,did,individual,per_arm_count,0,0,1,0,0,0,0,0,0,16.0,10.69,10.73,4.67,5.31,18.0,11.61,9.04,3.94,5.16,0.04000000000000092,,-2.57,,16.0,16.0,18.0,18.0
31,"Bengtson, 2023",54,EPDS,did,individual,per_arm_count,0,0,0,0,0,0,0,1,0,39.0,11.5,7.5,3.7,4.9,39.0,12.2,5.2,3.2,3.8,-4.0,,-6.999999999999999,,40.0,39.0,40.0,39.0
32,"Berger, 2011",55,BDI-II,did,individual,per_arm_count,0,0,1,0,0,0,0,0,0,26.0,29.8,28.5,8.6,9.4,25.0,28.8,17.3,8.2,10.2,-1.300000000000001,,-11.5,,26.0,26.0,25.0,25.0
33,"Berman, 2022",56,PHQ-9,did,individual,per_arm_count,1,0,0,0,0,0,0,0,0,10.0,12.0,9.0,6.32,6.32,9.0,14.9,2.9,6.0,6.0,-3.0,,-12.0,,10.0,10.0,9.0,9.0
33,"Berman, 2022",57,HAMD-17,did,individual,per_arm_count,1,0,0,0,0,0,0,0,0,10.0,17.7,12.8,6.32,6.32,9.0,15.1,6.2,6.0,6.0,-4.899999999999999,,-8.899999999999999,,10.0,10.0,9.0,9.0
35,"Bilich, 2008",58,BDI-II,did,individual,per_arm_count,0,0,1,0,0,0,0,0,0,34.0,19.17,18.21,5.73,7.39,16.0,20.43,12.35,5.0,8.63,-0.9600000000000009,,-8.08,,34.0,34.0,16.0,16.0
35,"Bilich, 2008",59,DASS-D,did,individual,per_arm_count,0,0,1,0,0,0,0,0,0,34.0,19.37,20.56,8.32,10.01,16.0,19.81,13.0,6.79,8.36,1.189999999999998,,-6.809999999999999,,34.0,34.0,16.0,16.0
36,"Boele, 2018",60,CES-D,did,individual,per_arm_count,0,0,0,0,0,0,0,1,0,34.0,24.98,23.09,6.9,7.1,19.0,21.96,18.84,5.9,6.4,-1.890000000000001,,-3.120000000000001,,43.0,34.0,45.0,19.0
37,"Boele, 2021",61,CES-D,did,individual,per_arm_count,0,0,1,0,0,0,0,0,0,35.0,11.68,6.71,5.68,51.0,5.96,9.68,7.06,5.74,9.63,-4.97,,-2.62,,40.0,35.0,80.0,5.96
38,"Boeschoten, 2017",62,BDI-II,did,individual,per_arm_count,0,0,0,0,0,0,0,1,0,78.0,27.2,21.0,6.6,9.1,74.0,28.2,20.3,6.3,8.8,-6.199999999999999,,-7.899999999999999,,86.0,78.0,85.0,74.0
39,"Bohlmeijer, 2011",63,CES-D,did,individual,per_arm_count,1,0,0,0,0,0,0,0,0,44.0,26.11,22.07,9.12,9.99,49.0,23.94,15.94,9.91,10.37,-4.039999999999999,,-8.000000000000002,,44.0,44.0,49.0,49.0
40,"Bolton, 2003",64,HSCL-D,did,individual,per_arm_count,0,0,0,0,1,0,0,0,0,145.0,24.19,21.11,6.1,8.5,139.0,23.06,9.56,6.6,9.0,-3.080000000000002,,-13.5,,145.0,145.0,139.0,139.0
41,"Bower, 2021",65,CES-D,did,individual,per_arm_count,0,0,0,0,0,0,1,0,0,81.0,17.9,14.0,10.0,8.7,85.0,18.5,13.6,10.1,8.9,-3.899999999999999,,-4.9,,81.0,81.0,85.0,85.0
41,"Bower, 2021",66,CES-D,did,individual,per_arm_count,0,0,0,0,0,0,1,0,0,81.0,16.5,16.0,9.9,11.3,85.0,18.5,13.6,10.1,8.9,-0.5,,-4.9,,81.0,81.0,85.0,85.0
42,"Bowman, 1995",67,BDI-I,did,individual,per_arm_count,0,0,1,0,0,0,0,0,0,10.0,23.4,23.0,9.6,10.3,10.0,20.5,12.4,7.9,11.4,-0.3999999999999986,,-8.1,,10.0,10.0,10.0,10.0
42,"Bowman, 1995",68,HAMD-21,did,individual,per_arm_count,0,0,1,0,0,0,0,0,0,10.0,18.9,18.7,3.8,8.3,10.0,20.1,11.6,7.3,5.6,-0.1999999999999993,,-8.500000000000002,,10.0,10.0,10.0,10.0
42,"Bowman, 1995",69,HAMD-21,did,individual,per_arm_count,0,0,0,0,0,0,0,1,0,10.0,18.9,18.7,3.8,8.3,10.0,20.7,11.1,4.1,4.3,-0.1999999999999993,,-9.6,,10.0,10.0,10.0,10.0
42,"Bowman, 1995",70,BDI-I,did,individual,per_arm_count,0,0,0,0,0,0,0,1,0,10.0,23.4,23.0,9.6,10.3,10.0,19.1,10.3,4.3,5.4,-0.3999999999999986,,-8.8,,10.0,10.0,10.0,10.0
43,"Braun, 2021",71,QIDS,did,individual,per_arm_count,0,0,0,0,0,0,1,0,0,169.0,10.27,7.62,4.02,3.9,171.0,9.76,6.57,4.79,3.56,-2.649999999999999,,-3.19,,169.0,169.0,171.0,171.0
44,"Brown, 1984",72,BDI-I,did,individual,per_arm_count,0,0,1,0,0,0,0,0,0,11.0,31.09,18.18,9.74,11.29,25.0,31.16,15.48,11.42,12.28,-12.91,,-15.68,,11.0,11.0,25.0,25.0
44,"Brown, 1984",73,BDI-I,did,individual,per_arm_count,0,0,1,0,0,0,0,0,0,11.0,31.09,18.18,9.74,11.29,13.0,35.85,15.08,7.83,10.43,-12.91,,-20.77,,11.0,11.0,13.0,13.0
44,"Brown, 1984",74,CES-D,did,individual,per_arm_count,0,0,1,0,0,0,0,0,0,11.0,21.55,13.82,9.6,9.29,13.0,26.77,10.62,5.97,7.4,-7.73,,-16.15,,11.0,11.0,13.0,13.0
44,"Brown, 1984",75,CES-D,did,individual,per_arm_count,0,0,1,0,0,0,0,0,0,11.0,21.55,13.82,9.6,9.29,14.0,21.29,10.29,6.71,7.22,-7.73,,-11.0,,11.0,11.0,14.0,14.0
44,"Brown, 1984",76,BDI-I,did,individual,per_arm_count,0,0,1,0,0,0,0,0,0,11.0,31.09,18.18,9.74,11.29,14.0,29.43,13.07,10.83,10.89,-12.91,,-16.36,,11.0,11.0,14.0,14.0
44,"Brown, 1984",77,CES-D,did,individual,per_arm_count,0,0,1,0,0,0,0,0,0,11.0,21.55,13.82,9.6,9.29,25.0,20.72,8.76,6.94,7.42,-7.73,,-11.96,,11.0,11.0,25.0,25.0
45,"Buhrman, 2015",78,MADRS,did,individual,per_arm_count,0,0,1,0,0,0,0,0,0,24.0,20.83,17.95,6.19,6.51,28.0,23.14,15.77,6.94,7.79,-2.879999999999999,,-7.370000000000001,,24.0,24.0,28.0,28.0
46,"Buntrock, 2015",79,CES-D,did,individual,per_arm_count,0,0,0,0,0,0,1,0,0,204.0,26.42,23.61,8.0,9.74,202.0,26.26,17.52,7.85,8.69,-2.810000000000002,,-8.740000000000002,,204.0,204.0,202.0,202.0
48,"Burns, 2013",80,PHQ-9,did,individual,per_arm_count,0,0,1,0,0,0,0,0,0,13.0,16.0,11.8,5.0,7.8,16.0,16.0,6.2,4.6,4.2,-4.199999999999999,,-9.8,,18.0,13.0,18.0,16.0
48,"Burns, 2013",81,EPDS,did,individual,per_arm_count,0,0,1,0,0,0,0,0,0,13.0,20.0,13.8,5.1,7.5,16.0,16.5,7.9,4.3,4.7,-6.199999999999999,,-8.6,,18.0,13.0,18.0,16.0
48,"Burns, 2013",82,CIS-R,did,individual,per_arm_count,0,0,1,0,0,0,0,0,0,13.0,30.5,22.3,7.5,11.1,16.0,26.5,12.4,7.9,9.2,-8.2,,-14.1,,18.0,13.0,18.0,16.0
48,"Burns, 2013",83,CIS-R,did,individual,per_arm_count,0,0,1,0,0,0,0,0,0,11.0,30.5,22.4,7.5,11.9,16.0,26.5,9.8,7.9,8.8,-8.100000000000001,,-16.7,,18.0,11.0,18.0,16.0
48,"Burns, 2013",84,EPDS,did,individual,per_arm_count,0,0,1,0,0,0,0,0,0,11.0,20.0,13.7,5.1,6.2,16.0,16.5,7.1,4.3,4.8,-6.300000000000001,,-9.4,,18.0,11.0,18.0,16.0
48,"Burns, 2013",85,PHQ-9,did,individual,per_arm_count,0,0,1,0,0,0,0,0,0,11.0,16.0,10.7,5.0,5.8,16.0,16.0,6.2,4.6,4.3,-5.300000000000001,,-9.8,,18.0,11.0,18.0,16.0
49,"Carlbring, 2013",86,MADRS,did,individual,per_arm_count,1,0,0,0,0,0,0,0,0,40.0,23.0,16.73,3.72,6.58,40.0,21.45,12.6,3.0,6.34,-6.27,,-8.85,,40.0,40.0,40.0,40.0
49,"Carlbring, 2013",87,BDI-II,did,individual,per_arm_count,1,0,0,0,0,0,0,0,0,40.0,25.13,23.43,5.19,7.67,40.0,26.32,16.65,5.97,8.04,-1.699999999999999,,-9.670000000000002,,40.0,40.0,40.0,40.0
50,"Carpenter, 2008",88,BDI-II,rct,,,0,1,0,0,0,0,0,0,0,20.0,,16.2,,13.4,18.0,,22.8,,14.3,,,,,,20.0,,18.0
50,"Carpenter, 2008",89,HAMD-29,did,,,0,1,0,0,0,0,0,0,0,20.0,21.8,12.7,9.8,9.9,18.0,19.2,14.8,7.5,9.8,-9.100000000000001,,-4.399999999999999,,20.0,20.0,18.0,18.0
51,"Carr, 2017",90,HAMD-17,did,individual,per_arm_count,0,0,1,0,0,0,0,0,0,42.0,20.5,14.24,5.54,9.89,40.0,19.45,11.6,4.78,7.57,-6.26,,-7.85,,42.0,42.0,40.0,40.0
51,"Carr, 2017",91,MADRS,did,individual,per_arm_count,0,0,1,0,0,0,0,0,0,42.0,31.55,21.12,7.39,14.35,40.0,31.65,16.9,6.27,12.1,-10.43,,-14.75,,42.0,42.0,40.0,40.0
51,"Carr, 2017",92,BDI-II,did,individual,per_arm_count,0,0,1,0,0,0,0,0,0,42.0,36.74,25.31,9.45,15.5,40.0,34.05,19.58,7.35,12.78,-11.43,,-14.47,,42.0,42.0,40.0,40.0
52,"Carta, 2012",93,BDI-I,did,individual,per_arm_count,0,0,1,0,0,0,0,0,0,30.0,17.1,10.2,6.4,8.3,34.0,18.7,6.3,9.1,4.7,-6.900000000000002,,-12.4,,30.0,30.0,34.0,34.0
53,"Casanas, 2012",94,BDI-I,did,individual,per_arm_count,0,0,1,0,0,0,0,0,0,112.0,19.62,17.54,5.79,7.18,119.0,20.9,15.42,5.68,7.53,-2.080000000000002,,-5.479999999999999,,112.0,112.0,119.0,119.0
54,"Chan, 2012",95,HAMD-17,did,individual,per_arm_count,0,0,1,0,0,0,0,0,0,16.0,11.56,10.0,5.53,4.41,17.0,12.24,6.82,3.9,5.73,-1.56,,-5.42,,16.0,16.0,17.0,17.0
54,"Chan, 2012",96,HAMD-17,did,individual,per_arm_count,0,0,0,0,0,0,1,0,0,16.0,11.56,10.0,5.53,4.41,17.0,12.06,6.88,4.48,4.47,-1.56,,-5.180000000000001,,16.0,16.0,17.0,17.0
54,"Chan, 2012",97,BDI-II,did,individual,per_arm_count,0,0,0,0,0,0,1,0,0,16.0,28.13,23.5,14.25,4.45,17.0,28.29,17.94,14.84,2.7,-4.629999999999999,,-10.35,,16.0,16.0,17.0,17.0
54,"Chan, 2012",98,BDI-II,did,individual,per_arm_count,0,0,1,0,0,0,0,0,0,16.0,28.13,23.5,14.25,4.45,17.0,25.82,14.94,14.09,0.6,-4.629999999999999,,-10.88,,16.0,16.0,17.0,17.0
55,"Chan, 2013",99,GDS,did,individual,per_arm_count,0,0,0,0,0,1,0,0,0,12.0,6.3,5.3,2.5,2.1,14.0,7.9,2.5,3.0,1.7,-1.0,,-5.4,,12.0,12.0,14.0,14.0
57,"Chesney, 2003",100,CES-D,did,individual,per_arm_count,0,0,0,0,0,0,1,0,0,44.0,15.7,14.8,9.5,8.9,46.0,17.9,14.5,9.6,9.6,-0.8999999999999986,,-3.399999999999999,,44.0,44.0,46.0,46.0
57,"Chesney, 2003",101,CES-D,did,individual,per_arm_count,0,0,0,0,0,0,1,0,0,38.0,16.9,16.0,9.2,9.0,46.0,17.9,14.5,9.6,9.6,-0.8999999999999986,,-3.399999999999999,,38.0,38.0,46.0,46.0
58,"Chiang, 2015",102,BDI-II,did,individual,per_arm_count,0,0,1,0,0,0,0,0,0,32.0,37.59,37.75,10.24,9.66,30.0,40.3,10.17,9.09,4.33,0.1599999999999966,,-30.13,,32.0,32.0,30.0,30.0
58,"Chiang, 2015",103,HAMD-21,did,individual,per_arm_count,0,0,1,0,0,0,0,0,0,32.0,37.66,37.28,7.09,7.15,30.0,40.37,8.77,9.46,3.99,-0.3799999999999955,,-31.6,,32.0,32.0,30.0,30.0
59,"Cho, 2008",104,BDI-I,did,individual,per_arm_count,0,0,1,0,0,0,0,0,0,10.0,21.0,18.1,8.7,9.8,12.0,22.9,9.3,4.1,6.4,-2.899999999999999,,-13.6,,10.0,10.0,12.0,12.0
60,"Choi, 2012",105,K-10,did,individual,per_arm_count,0,0,1,0,0,0,0,0,0,31.0,24.9,24.5,6.51,6.44,32.0,28.4,22.6,7.49,7.15,-0.3999999999999986,,-5.799999999999997,,31.0,31.0,32.0,32.0
60,"Choi, 2012",106,PHQ-9,did,individual,per_arm_count,0,0,1,0,0,0,0,0,0,31.0,9.93,10.03,3.79,3.66,32.0,12.28,7.96,5.0,4.76,0.09999999999999964,,-4.319999999999999,,31.0,31.0,32.0,32.0
60,"Choi, 2012",107,BDI-I,did,individual,per_arm_count,0,0,1,0,0,0,0,0,0,31.0,20.83,21.27,7.58,7.86,32.0,25.76,13.48,8.53,9.28,0.4400000000000013,,-12.28,,31.0,31.0,32.0,32.0
62,"Choi, 2020b",108,HAMD-24,did,individual,per_arm_count,0,1,0,0,0,0,0,0,0,94.0,22.9,18.1,5.7,5.44127330934487,90.0,23.2,14.6,5.7,5.32424299926309,-4.799999999999997,,-8.6,,94.0,94.0,90.0,90.0
62,"Choi, 2020b",109,HAMD-24,did,individual,per_arm_count,0,0,0,0,0,0,0,1,0,94.0,22.9,18.1,5.7,5.44127330934487,93.0,22.7,12.4,5.7,5.41225297810829,-4.799999999999997,,-10.3,,94.0,94.0,93.0,93.0
63,"Chowdhary, 2016",110,BDI-II,rct,individual,per_arm_count,0,1,0,0,0,0,0,0,0,31.0,,22.8,,13.3,24.0,,16.5,,14.4,,,,,,31.0,,24.0
64,"Choy, 2016",111,GDS,did,individual,per_arm_count,0,0,0,0,0,1,0,0,0,42.0,9.56,9.6,1.54,2.77,39.0,9.78,6.79,1.53,2.84,0.03999999999999915,,-2.989999999999999,,68.0,42.0,46.0,39.0
65,"Cladder-Micus, 2018",112,IDS,did,individual,per_arm_count,1,0,0,0,0,0,0,0,0,52.0,42.21,40.52,9.12,11.83,44.0,39.83,35.27,9.59,12.66,-1.689999999999998,,-4.559999999999995,,57.0,52.0,49.0,44.0
66,"Clark, 2008",113,BDI-I,did,individual,per_arm_count,0,0,0,0,0,0,1,0,0,15.0,22.0,20.5,7.41,7.27,14.0,22.61,12.42,9.43,7.08,-1.5,,-10.19,,15.0,15.0,14.0,14.0
67,"Cohen, 2010",114,BDI-II,did,individual,per_arm_count,0,0,0,0,0,0,1,0,0,14.0,30.16,25.28,11.13,13.86,16.0,31.38,20.34,9.32,13.48,-4.879999999999999,,-11.04,,17.0,14.0,18.0,16.0
67,"Cohen, 2010",115,HAMD-24,did,individual,per_arm_count,0,0,0,0,0,0,1,0,0,14.0,28.53,26.29,6.93,10.55,16.0,26.89,18.38,6.76,10.77,-2.240000000000002,,-8.510000000000002,,17.0,14.0,18.0,16.0
68,"Cooper, 2003",116,EPDS,rct,individual,per_arm_count,0,0,0,0,0,0,0,0,1,50.0,,11.3,,4.8,47.0,,9.9,,5.9,,,,,52.0,50.0,48.0,47.0
68,"Cooper, 2003",117,EPDS,rct,individual,per_arm_count,0,0,1,0,0,0,0,0,0,50.0,,11.3,,4.8,42.0,,9.2,,4.8,,,,,52.0,50.0,43.0,42.0
68,"Cooper, 2003",118,EPDS,rct,individual,per_arm_count,0,0,0,1,0,0,0,0,0,50.0,,11.3,,4.8,45.0,,8.9,,4.2,,,,,52.0,50.0,50.0,45.0
69,"Cramer, 2011",119,PHQ-9,did,individual,per_arm_count,0,0,1,0,0,0,0,0,0,19.0,12.7,11.5,1.9,5.4,48.0,13.6,10.0,3.1,6.2,-1.199999999999999,,-3.6,,21.0,19.0,52.0,48.0
70,"Cuijpers, 2022a",120,PHQ-9,did,individual,per_arm_count,0,1,0,0,0,0,0,0,0,141.0,16.29,13.57,4.1,5.51,96.0,16.47,9.34,4.12,6.1,-2.719999999999999,,-7.129999999999999,,349.0,141.0,331.0,96.0
71,"Cuijpers, 2022b",121,PHQ-9,did,individual,per_arm_count,0,1,0,0,0,0,0,0,0,321.0,16.37,13.57,4.24,5.48,238.0,16.39,10.19,4.15,6.32,-2.800000000000001,,-6.200000000000001,,635.0,321.0,614.0,238.0
72,"Davoudi, 2020",122,BDI-I,did,individual,per_arm_count,1,0,0,0,0,0,0,0,0,20.0,28.1,25.1,7.5,7.2,20.0,27.6,20.4,6.4,5.6,-3.0,,-7.200000000000003,,20.0,20.0,20.0,20.0
73,"De Groot, 2019",123,BDI-II,did,individual,per_arm_count,0,0,1,0,0,0,0,0,0,28.0,27.73,18.04,9.75,11.63,24.0,21.18,11.35,8.53,9.17,-9.690000000000001,,-9.83,,36.0,28.0,36.0,24.0
74,"De Jong, 2018",124,QIDS,did,individual,per_arm_count,1,0,0,0,0,0,0,0,0,14.0,11.5,9.5,3.7,3.7,26.0,13.1,9.4,3.4,6.1,-2.0,,-3.699999999999999,,14.0,14.0,26.0,26.0
74,"De Jong, 2018",125,HAMD-17,did,individual,per_arm_count,1,0,0,0,0,0,0,0,0,14.0,18.1,15.6,5.6,4.9,26.0,18.9,14.9,4.6,8.1,-2.500000000000002,,-3.999999999999998,,14.0,14.0,26.0,26.0
75,"Dekker, 2012",126,BDI-II,did,individual,per_arm_count,0,0,1,0,0,0,0,0,0,21.0,17.6,13.0,6.87,7.33,20.0,14.9,9.9,7.16,7.16,-4.600000000000001,,-5.0,,21.0,21.0,20.0,20.0
76,"Demir, 2022",127,BDI-I,did,individual,per_arm_count,0,0,1,0,0,0,0,0,0,32.0,13.34,11.84,3.33,5.14,31.0,13.65,10.97,3.14,7.15,-1.5,,-2.68,,32.0,32.0,31.0,31.0
77,"Dennis, 2020",128,EPDS,did,individual,per_arm_count,0,0,0,0,1,0,0,0,0,100.0,17.47,12.4,2.93,4.36,104.0,17.57,7.27,2.85,5.14,-5.069999999999999,,-10.3,,121.0,100.0,120.0,104.0
79,"Desautels, 2018",129,HAMD-17,did,individual,per_arm_count,0,0,1,0,0,0,0,0,0,11.0,13.1,11.9,5.3,6.96,25.0,11.3,6.8,4.5,4.5,-1.199999999999999,,-4.500000000000001,,11.0,11.0,25.0,25.0
79,"Desautels, 2018",130,HADS-D,did,individual,per_arm_count,0,0,1,0,0,0,0,0,0,11.0,8.9,7.3,1.7,2.65,25.0,8.8,4.1,2.5,3.0,-1.600000000000001,,-4.700000000000001,,11.0,11.0,25.0,25.0
79,"Desautels, 2018",131,BDI-II,did,individual,per_arm_count,0,0,1,0,0,0,0,0,0,11.0,23.5,17.7,4.97,7.3,25.0,21.9,9.8,6.5,6.0,-5.800000000000001,,-12.1,,11.0,11.0,25.0,25.0
80,"Dimidjian, 2006",132,BDI-I,did,individual,per_arm_count,0,0,1,0,0,0,0,0,0,50.0,31.25,19.53,7.3,11.31,35.0,31.09,13.71,6.24,12.53,-11.72,,-17.38,,53.0,50.0,45.0,35.0
80,"Dimidjian, 2006",133,HAMD-17,did,individual,per_arm_count,0,0,1,0,0,0,0,0,0,50.0,21.15,14.55,3.07,6.9,34.0,20.02,8.85,2.3,6.22,-6.599999999999998,,-11.17,,53.0,50.0,45.0,34.0
80,"Dimidjian, 2006",134,BDI-I,did,individual,per_arm_count,0,1,0,0,0,0,0,0,0,50.0,31.25,19.53,7.3,11.31,29.0,33.35,9.76,5.4,9.33,-11.72,,-23.59,,53.0,50.0,43.0,29.0
80,"Dimidjian, 2006",135,HAMD-17,did,individual,per_arm_count,0,1,0,0,0,0,0,0,0,50.0,21.15,14.55,3.07,6.9,29.0,20.7,7.72,2.15,7.28,-6.599999999999998,,-12.98,,53.0,50.0,43.0,29.0
81,"Dimidjian, 2017",136,PHQ-9,did,individual,per_arm_count,0,1,0,0,0,0,0,0,0,68.0,14.6,10.46,3.2,4.71,70.0,14.83,8.76,3.47,5.39,-4.139999999999999,,-6.07,,77.0,68.0,86.0,70.0
82,"Dindo, 2020",137,HAMD-17,did,individual,per_arm_count,1,0,0,0,0,0,0,0,0,47.0,18.9,12.3,4.8,6.78,56.0,19.3,10.3,4.49,7.07,-6.599999999999998,,-9.0,,47.0,47.0,56.0,56.0
83,"Dobkin, 2011",138,BDI-I,did,individual,per_arm_count,0,0,1,0,0,0,0,0,0,39.0,19.05,17.45,7.37,7.17,41.0,19.18,9.74,7.47,7.4,-1.600000000000001,,-9.44,,39.0,39.0,41.0,41.0
83,"Dobkin, 2011",139,HAMD-17,did,individual,per_arm_count,0,0,1,0,0,0,0,0,0,39.0,19.38,19.33,4.56,4.55,41.0,20.93,13.58,4.56,4.72,-0.05000000000000071,,-7.35,,39.0,39.0,41.0,41.0
84,"Dobkin, 2020",140,BDI-I,did,individual,per_arm_count,0,0,1,0,0,0,0,0,0,35.0,20.89,19.03,7.81,8.37,37.0,21.0,13.09,7.82,8.14,-1.859999999999999,,-7.91,,35.0,35.0,37.0,37.0
84,"Dobkin, 2020",141,HAMD-17,did,individual,per_arm_count,0,0,1,0,0,0,0,0,0,35.0,21.06,21.33,4.4,4.66,37.0,20.97,14.44,4.4,4.55,0.2699999999999996,,-6.529999999999999,,35.0,35.0,37.0,37.0
85,"Dobkin, 2021",142,BDI-I,did,individual,per_arm_count,0,0,1,0,0,0,0,0,0,45.0,21.16,18.91,9.27,9.45,45.0,21.09,11.19,8.03,7.59,-2.25,,-9.9,,45.0,45.0,45.0,45.0
85,"Dobkin, 2021",143,HAMD-17,did,individual,per_arm_count,0,0,1,0,0,0,0,0,0,45.0,21.6,21.37,4.3,5.27,45.0,22.49,16.46,3.85,5.18,-0.2300000000000004,,-6.029999999999998,,45.0,45.0,45.0,45.0
87,"Dong, 2019",144,SDS,did,individual,per_arm_count,0,0,0,0,0,1,0,0,0,45.0,60.21,59.45,3.87,4.47,45.0,59.57,45.27,5.73,8.86,-0.759999999999998,,-14.3,,45.0,45.0,45.0,45.0
87,"Dong, 2019",145,HAMD-24,did,individual,per_arm_count,0,0,0,0,0,1,0,0,0,45.0,14.96,15.78,4.91,4.68,45.0,13.33,4.76,3.98,4.03,0.8199999999999985,,-8.57,,45.0,45.0,45.0,45.0
88,"Dowrick, 2000",146,BDI-I,did,,,0,0,0,0,0,0,0,1,0,139.0,22.51,14.97,8.01,10.23,98.0,23.11,12.48,7.65,9.95,-7.540000000000001,,-10.63,,189.0,139.0,128.0,98.0
88,"Dowrick, 2000",147,BDI-I,did,,,0,0,1,0,0,0,0,0,0,139.0,22.51,14.97,8.01,10.23,80.0,22.41,14.26,9.08,9.71,-7.540000000000001,,-8.15,,189.0,139.0,108.0,80.0
89,"Duarte, 2009",148,BDI-I,did,individual,per_arm_count,0,0,1,0,0,0,0,0,0,44.0,27.3,21.2,10.7,9.1,41.0,24.2,14.1,9.7,8.7,-6.100000000000001,,-10.1,,44.0,44.0,41.0,41.0
89,"Duarte, 2009",149,Other,did,individual,per_arm_count,0,0,1,0,0,0,0,0,0,44.0,6.4,4.3,1.2,2.9,41.0,6.4,1.9,1.3,2.8,-2.100000000000001,,-4.5,,44.0,44.0,41.0,41.0
90,"Dunn, 2007",150,BDI-II,did,individual,per_arm_count,0,0,0,0,0,0,1,0,0,44.0,39.09,36.12,8.21,10.1,33.0,36.5,33.74,7.75,10.12,-2.970000000000006,,-2.759999999999998,,50.0,44.0,51.0,33.0
90,"Dunn, 2007",151,HAMD-18,did,individual,per_arm_count,0,0,0,0,0,0,1,0,0,44.0,22.36,21.98,5.2,5.84,33.0,23.09,18.64,5.52,5.84,-0.379999999999999,,-4.449999999999999,,50.0,44.0,51.0,33.0
91,"Dwight-Johnson, 2011",152,SCL,did,individual,per_arm_count,0,0,1,0,0,0,0,0,0,51.0,1.75,1.21,0.11,0.13,50.0,1.83,1.0,0.12,0.13,-0.54,,-0.8300000000000001,,51.0,51.0,50.0,50.0
91,"Dwight-Johnson, 2011",153,PHQ-9,did,individual,per_arm_count,0,0,1,0,0,0,0,0,0,51.0,17.34,10.08,0.81,0.93,50.0,17.02,8.23,0.82,0.94,-7.26,,-8.79,,51.0,51.0,50.0,50.0
92,"Ebert, 2014",154,CES-D,did,individual,per_arm_count,0,0,0,0,0,0,0,1,0,75.0,22.81,21.2,9.15,8.37,75.0,22.76,15.37,9.24,8.43,-1.609999999999999,,-7.390000000000002,,75.0,75.0,75.0,75.0
93,"Ebert, 2018",155,HAMD-24,did,individual,per_arm_count,0,0,0,0,0,0,1,0,0,102.0,14.63,11.59,6.81,5.86,102.0,13.72,9.6,6.21,5.6,-3.040000000000001,,-4.120000000000001,,102.0,102.0,102.0,102.0
93,"Ebert, 2018",156,QIDS,did,individual,per_arm_count,0,0,0,0,0,0,1,0,0,102.0,8.11,6.25,3.89,3.22,102.0,8.17,4.98,3.62,3.11,-1.859999999999999,,-3.19,,102.0,102.0,102.0,102.0
93,"Ebert, 2018",157,CES-D,did,individual,per_arm_count,0,0,0,0,0,0,1,0,0,102.0,27.73,24.06,7.5,7.85,102.0,26.67,17.79,6.5,7.03,-3.670000000000002,,-8.880000000000003,,102.0,102.0,102.0,102.0
94,"Ede, 2020",158,CES-D,did,individual,per_arm_count,0,0,1,0,0,0,0,0,0,80.0,50.44,49.3,68.69,44.63,82.0,49.1,12.45,56.6,59.86,-1.140000000000001,,-36.65000000000001,,80.0,80.0,82.0,82.0
95,"Ekers, 2011",159,BDI-II,did,individual,per_arm_count,0,1,0,0,0,0,0,0,0,22.0,35.08,27.4,9.6,14.01,16.0,35.57,11.93,9.6,11.84,-7.68,,-23.64,,24.0,22.0,23.0,16.0
96,"Ekkers, 2011",160,GDS,did,individual,per_arm_count,0,0,1,0,0,0,0,0,0,40.0,17.81,20.37,4.26,5.91,53.0,17.77,15.02,4.88,5.9,2.560000000000002,,-2.75,,40.0,40.0,53.0,53.0
96,"Ekkers, 2011",161,QIDS,did,individual,per_arm_count,0,0,1,0,0,0,0,0,0,38.0,12.08,15.31,5.05,4.5,53.0,12.67,9.46,3.84,4.59,3.23,,-3.209999999999999,,38.0,38.0,53.0,53.0
97,"Elkin, 1989",162,BDI-I,did,,,0,0,1,0,0,0,0,0,0,62.0,27.1,15.0,6.9,10.5,59.0,27.0,13.4,7.9,10.6,-12.1,,-13.6,,62.0,62.0,59.0,59.0
97,"Elkin, 1989",163,BDI-I,did,,,0,0,0,0,1,0,0,0,0,62.0,27.1,15.0,6.9,10.5,61.0,26.0,12.0,7.8,10.6,-12.1,,-14.0,,62.0,62.0,61.0,61.0
97,"Elkin, 1989",164,HAMD-17,did,,,0,0,1,0,0,0,0,0,0,62.0,19.5,13.2,4.6,7.8,59.0,19.6,10.7,3.9,7.9,-6.300000000000001,,-8.900000000000002,,62.0,62.0,59.0,59.0
97,"Elkin, 1989",165,HAMD-17,did,,,0,0,0,0,1,0,0,0,0,62.0,19.5,13.2,4.6,7.8,61.0,19.6,9.8,4.6,7.9,-6.300000000000001,,-9.8,,62.0,62.0,61.0,61.0
98,"Embling, 2002",166,BDI-I,did,individual,per_arm_count,0,0,1,0,0,0,0,0,0,19.0,30.33,32.17,8.91,8.01,19.0,31.67,15.17,10.33,5.15,1.840000000000003,,-16.5,,19.0,19.0,19.0,19.0
99,"Eseadi, 2018",167,BDI-II,did,individual,per_arm_count,0,0,1,0,0,0,0,0,0,15.0,55.83,54.4,2.64,17.47,15.0,56.33,18.5,1.37,9.76,-1.43,,-37.83,,15.0,15.0,15.0,15.0
100,"Eseadi, 2022",168,BDI-II,did,individual,per_arm_count,0,0,1,0,0,0,0,0,0,33.0,41.97,44.39,4.92,31.94,34.0,40.15,12.91,4.24,33.24,2.420000000000002,,-27.24,,33.0,33.0,34.0,34.0
101,"Euteneuer, 2017",169,BDI-II,did,individual,per_arm_count,0,0,1,0,0,0,0,0,0,30.0,26.2,23.5,9.9,11.0,34.0,27.0,14.6,9.1,13.5,-2.699999999999999,,-12.4,,30.0,30.0,34.0,34.0
101,"Euteneuer, 2017",170,BDI-II,did,individual,per_arm_count,0,0,1,0,0,0,0,0,0,30.0,26.2,23.5,9.9,11.0,34.0,27.3,14.8,8.7,11.4,-2.699999999999999,,-12.5,,30.0,30.0,34.0,34.0
102,"Euteneuer, 2022",171,BDI-II,did_change,individual,per_arm_count,0,0,1,0,0,0,0,0,0,40.0,30.55,,8.07,,40.0,28.24,,8.7,,-3.38,10.84,-9.19,9.94,40.0,,40.0,
102,"Euteneuer, 2022",172,MADRS,did_change,individual,per_arm_count,0,0,1,0,0,0,0,0,0,40.0,29.58,,6.49,,40.0,28.48,,6.62,,-5.16,12.65,-12.38,11.81,40.0,,40.0,
103,"Ewais, 2021",173,DASS-D,did,individual,per_arm_count,1,0,0,0,0,0,0,0,0,31.0,22.0,20.8,7.66,6.51,33.0,22.0,14.8,7.65,7.33,-1.199999999999999,,-7.199999999999999,,31.0,31.0,33.0,33.0
104,"Fann, 2015",174,HAMD-17,did,individual,per_arm_count,0,0,1,0,0,0,0,0,0,42.0,17.6,12.2,4.3,6.8,18.0,17.5,11.9,5.0,6.1,-5.400000000000002,,-5.6,,42.0,42.0,18.0,18.0
104,"Fann, 2015",175,HAMD-17,did,individual,per_arm_count,0,0,1,0,0,0,0,0,0,42.0,17.6,12.2,4.3,6.8,40.0,17.5,11.5,3.3,6.2,-5.400000000000002,,-6.0,,42.0,42.0,40.0,40.0
104,"Fann, 2015",176,SCL,did,individual,per_arm_count,0,0,1,0,0,0,0,0,0,42.0,1.89,1.3,0.5,0.68,40.0,2.07,1.18,0.58,0.74,-0.5899999999999999,,-0.8899999999999999,,42.0,42.0,40.0,40.0
104,"Fann, 2015",177,SCL,did,individual,per_arm_count,0,0,1,0,0,0,0,0,0,42.0,1.89,1.3,0.5,0.68,18.0,1.81,1.18,0.45,0.68,-0.5899999999999999,,-0.6300000000000001,,42.0,42.0,18.0,18.0
105,"Faramarzi, 2008",178,BDI-I,did,individual,per_arm_count,0,0,1,0,0,0,0,0,0,30.0,19.8,19.7,8.5,8.4,29.0,20.1,7.7,7.9,4.8,-0.1000000000000014,,-12.4,,30.0,30.0,29.0,29.0
106,"Fereydouni, 2022",179,DASS-D,did,individual,per_arm_count,0,0,0,0,0,0,1,0,0,30.0,23.6,23.1,4.08,3.9,30.0,23.3,15.5,4.03,1.3,-0.5,,-7.800000000000001,,30.0,30.0,30.0,30.0
106,"Fereydouni, 2022",180,BDI-II,did,individual,per_arm_count,0,0,0,0,0,0,1,0,0,30.0,32.1,30.7,6.7,7.5,30.0,31.2,10.2,8.3,7.1,-1.400000000000002,,-21.0,,30.0,30.0,30.0,30.0
107,"Fissler, 2016",181,BDI-II,did,individual,per_arm_count,1,0,0,0,0,0,0,0,0,32.0,28.2,19.4,6.5,9.0,36.0,26.1,10.0,6.4,6.8,-8.8,,-16.1,,32.0,32.0,36.0,36.0
108,"Fledderus, 2012",182,CES-D,did,individual,per_arm_count,1,0,0,0,0,0,0,0,0,126.0,22.45,19.76,6.68,8.48,125.0,23.14,13.84,6.48,7.55,-2.689999999999998,,-9.3,,126.0,126.0,125.0,125.0
108,"Fledderus, 2012",183,CES-D,did,individual,per_arm_count,1,0,0,0,0,0,0,0,0,126.0,22.45,19.76,6.68,8.48,125.0,22.43,12.82,6.65,6.99,-2.689999999999998,,-9.61,,126.0,126.0,125.0,125.0
109,"Floyd, 2004",184,GDS,did,individual,per_arm_count,0,0,1,0,0,0,0,0,0,14.0,15.86,15.07,7.06,7.29,13.0,16.06,10.46,6.63,6.75,-0.7899999999999991,,-5.599999999999998,,14.0,14.0,16.0,13.0
109,"Floyd, 2004",185,HAMD-21,did,individual,per_arm_count,0,0,1,0,0,0,0,0,0,14.0,16.36,16.07,5.09,6.11,13.0,17.12,10.31,5.43,6.52,-0.2899999999999991,,-6.81,,14.0,14.0,16.0,13.0
109,"Floyd, 2004",186,GDS,did,individual,per_arm_count,0,0,1,0,0,0,0,0,0,14.0,15.86,15.07,7.06,7.29,8.0,18.81,7.13,5.76,2.64,-0.7899999999999991,,-11.68,,14.0,14.0,16.0,8.0
109,"Floyd, 2004",187,HAMD-21,did,individual,per_arm_count,0,0,1,0,0,0,0,0,0,14.0,16.36,16.07,5.09,6.11,8.0,16.62,6.0,5.25,2.73,-0.2899999999999991,,-10.62,,14.0,14.0,16.0,8.0
110,"Flygare, 2020",188,MADRS,did,individual,per_arm_count,0,0,1,0,0,0,0,0,0,47.0,22.9,16.5,4.1,8.9,48.0,23.2,14.5,4.2,8.3,-6.399999999999999,,-8.7,,47.0,47.0,48.0,48.0
110,"Flygare, 2020",189,BDI-II,did,individual,per_arm_count,0,0,1,0,0,0,0,0,0,47.0,27.0,21.2,7.5,11.7,48.0,29.5,18.5,7.6,11.8,-5.800000000000001,,-11.0,,47.0,47.0,48.0,48.0
111,"Folke, 2012",190,BDI-I,did,individual,per_arm_count,1,0,0,0,0,0,0,0,0,16.0,22.38,22.45,11.41,11.13,18.0,21.11,15.43,10.94,9.61,0.07000000000000028,,-5.68,,16.0,16.0,18.0,18.0
112,"Fonagy, 2015",191,HAMD-17,did,individual,per_arm_count,0,0,0,1,0,0,0,0,0,46.0,20.2,17.9,4.8,6.5,51.0,19.8,16.4,5.1,6.2,-2.300000000000001,,-3.400000000000002,,62.0,46.0,67.0,51.0
112,"Fonagy, 2015",192,BDI-II,did,individual,per_arm_count,0,0,0,1,0,0,0,0,0,46.0,36.7,34.3,9.5,16.6,51.0,36.5,28.0,10.1,12.8,-2.400000000000006,,-8.5,,62.0,46.0,67.0,51.0
113,"Fonagy, 2019",193,HAMD-17,did,individual,per_arm_count,0,0,1,0,0,0,0,0,0,54.0,18.92,14.84,5.14,10.21,20.0,19.14,13.22,4.59999999999998,7.6,-4.080000000000002,,-5.92,,54.0,54.0,20.0,20.0
113,"Fonagy, 2019",194,BDI-II,did,individual,per_arm_count,0,0,1,0,0,0,0,0,0,54.0,32.61,25.46,9.48,16.75,20.0,33.2999999999998,20.73,8.9,13.86,-7.149999999999999,,-12.5699999999998,,54.0,54.0,20.0,20.0
113,"Fonagy, 2019",195,BSI-D,did,individual,per_arm_count,0,0,1,0,0,0,0,0,0,54.0,2.37,1.87,0.96,1.32,20.0,2.38,1.2,0.94,1.12,-0.5,,-1.18,,54.0,54.0,20.0,20.0
113,"Fonagy, 2019",196,HAMD-17,did,individual,per_arm_count,0,0,0,1,0,0,0,0,0,54.0,18.92,14.84,5.14,10.21,73.0,18.11,9.96,4.87,7.95,-4.080000000000002,,-8.149999999999999,,54.0,54.0,73.0,73.0
113,"Fonagy, 2019",197,BDI-II,did,individual,per_arm_count,0,0,0,1,0,0,0,0,0,54.0,32.61,25.46,9.48,16.75,73.0,32.72,16.68,9.23,15.04,-7.149999999999999,,-16.04,,54.0,54.0,73.0,73.0
113,"Fonagy, 2019",198,BSI-D,did,individual,per_arm_count,0,0,0,1,0,0,0,0,0,54.0,2.37,1.87,0.96,1.32,73.0,2.18,1.03,0.94,1.28,-0.5,,-1.15,,54.0,54.0,73.0,73.0
114,"Forand, 2018",199,HAMD-17,did,individual,per_arm_count,0,0,1,0,0,0,0,0,0,27.0,21.57,18.56,5.23,6.96,45.0,20.9,9.2,5.2,5.28,-3.010000000000002,,-11.7,,30.0,27.0,59.0,45.0
114,"Forand, 2018",200,PHQ-9,did,individual,per_arm_count,0,0,1,0,0,0,0,0,0,30.0,18.22,14.75,4.84,6.68,59.0,16.55,6.45,3.99,4.2,-3.469999999999999,,-10.1,,30.0,30.0,59.0,59.0
115,"Forsell, 2017",201,EPDS,did,individual,per_arm_count,0,0,1,0,0,0,0,0,0,17.0,18.5,15.0,4.5,4.9,19.0,16.3,12.4,3.9,4.9,-3.5,,-3.9,,20.0,17.0,22.0,19.0
115,"Forsell, 2017",202,MADRS,did,individual,per_arm_count,0,0,1,0,0,0,0,0,0,18.0,24.4,21.1,5.9,6.4,21.0,24.2,14.3,5.2,4.6,-3.299999999999997,,-9.899999999999999,,20.0,18.0,22.0,21.0
116,"Frangou, 2021",203,PHQ-9,did,individual,per_arm_count,0,0,1,0,0,0,0,0,0,33.0,9.97,6.85,3.62,5.06,34.0,10.29,7.21,4.64,4.97,-3.120000000000001,,-3.079999999999999,,33.0,33.0,34.0,34.0
117,"Freedland, 2009",204,HAMD-17,did,individual,per_arm_count,0,0,0,0,0,0,0,0,1,40.0,18.5,10.7,6.32,6.32,42.0,20.8,7.8,6.48,6.48,-7.800000000000001,,-13.0,,40.0,40.0,42.0,42.0
117,"Freedland, 2009",205,BDI-I,did,individual,per_arm_count,0,0,0,0,0,0,0,0,1,40.0,20.8,13.8,8.85,8.85,42.0,23.7,9.3,8.43,9.07,-7.0,,-14.4,,40.0,40.0,42.0,42.0
117,"Freedland, 2009",206,HAMD-17,did,individual,per_arm_count,0,0,1,0,0,0,0,0,0,40.0,18.5,10.7,6.32,6.32,41.0,19.3,5.5,6.4,6.4,-7.800000000000001,,-13.8,,40.0,40.0,41.0,41.0
117,"Freedland, 2009",207,BDI-I,did,individual,per_arm_count,0,0,1,0,0,0,0,0,0,40.0,20.8,13.8,8.85,8.85,41.0,22.3,5.4,8.32,8.32,-7.0,,-16.9,,40.0,40.0,41.0,41.0
118,"Freedland, 2015",208,BDI-II,did,individual,per_arm_count,0,0,1,0,0,0,0,0,0,79.0,29.6,17.3,10.2,10.7,79.0,30.7,12.8,10.2,10.6,-12.3,,-17.9,,79.0,79.0,79.0,79.0
118,"Freedland, 2015",209,HAMD-17,did,individual,per_arm_count,0,0,1,0,0,0,0,0,0,79.0,25.1,12.1,5.7,6.0,79.0,25.1,8.2,5.7,5.9,-13.0,,-16.9,,79.0,79.0,79.0,79.0
118,"Freedland, 2015",210,Other,did,individual,per_arm_count,0,0,1,0,0,0,0,0,0,79.0,62.2,58.1,7.5,8.3,79.0,63.8,51.6,7.5,8.2,-4.100000000000001,,-12.2,,79.0,79.0,79.0,79.0
120,"Fuhr, 2019",213,PHQ-9,rct,individual,per_arm_count,0,0,1,0,0,0,0,0,0,129.0,12.0,4.48,,5.11,122.0,13.0,3.47,,4.49,-7.52,,-9.53,,140.0,129.0,140.0,122.0
121,"Funderburk, 2021",214,PHQ-9,did,individual,per_arm_count,0,1,0,0,0,0,0,0,0,72.0,15.94,12.56,4.49,5.4,68.0,16.0,11.4,4.27,4.94,-3.379999999999999,,-4.6,,72.0,72.0,68.0,68.0
122,"Furukawa, 2012",215,K-6,did,individual,per_arm_count,0,0,1,0,0,0,0,0,0,60.0,12.4,9.0,3.0,3.56,58.0,13.0,6.5,3.0,3.89,-3.4,,-6.5,,60.0,60.0,58.0,58.0
122,"Furukawa, 2012",216,BDI-II,did,individual,per_arm_count,0,0,1,0,0,0,0,0,0,60.0,16.8,15.7,5.7,6.72,58.0,17.7,11.0,6.5,6.99,-1.100000000000001,,-6.699999999999999,,60.0,60.0,58.0,58.0
124,"Garcia, 2023",217,BDI-II,did,individual,per_arm_count,1,0,0,0,0,0,0,0,0,23.0,37.26,24.87,11.5,14.2,22.0,34.59,19.95,11.76,12.0,-12.39,,-14.64,,31.0,23.0,29.0,22.0
125,"Gawrysiak, 2009",218,BDI-II,did,individual,per_arm_count,0,1,0,0,0,0,0,0,0,16.0,19.8,14.7,4.7,4.5,14.0,21.0,8.1,6.6,3.0,-5.100000000000001,,-12.9,,16.0,16.0,14.0,14.0
126,"Gellis, 2008",219,GDS,did,individual,per_arm_count,0,0,0,0,0,0,0,1,0,32.0,15.3,13.64,6.4,5.6,30.0,15.25,8.11,6.1,4.3,-1.66,,-7.140000000000001,,32.0,32.0,30.0,30.0
126,"Gellis, 2008",220,HAMD-17,did,individual,per_arm_count,0,0,0,0,0,0,0,1,0,32.0,20.72,20.84,4.53,3.96,30.0,20.31,10.06,4.26,3.68,0.120000000000001,,-10.25,,32.0,32.0,30.0,30.0
127,"Gellis, 2010",221,HAMD-17,did,individual,per_arm_count,0,0,0,0,0,0,0,1,0,18.0,18.2,17.3,9.5,8.1,18.0,17.9,11.4,8.8,8.3,-0.8999999999999986,,-6.499999999999998,,18.0,18.0,18.0,18.0
127,"Gellis, 2010",222,BDI-I,did,individual,per_arm_count,0,0,0,0,0,0,0,1,0,18.0,27.1,25.8,4.9,7.5,18.0,27.6,18.3,6.1,7.7,-1.300000000000001,,-9.3,,18.0,18.0,18.0,18.0
128,"Geraedts, 2014",223,CES-D,did,individual,per_arm_count,0,0,1,0,0,0,0,0,0,115.0,26.1,18.3,7.0,9.1,116.0,25.7,15.8,7.5,10.6,-7.800000000000001,,-9.899999999999999,,115.0,115.0,116.0,116.0
129,"Ghorbani, 2021",224,DASS-D,did,individual,per_arm_count,1,0,0,0,0,0,0,0,0,20.0,27.7,29.1,6.56,4.07,20.0,29.1,11.9,7.29,3.4,1.400000000000002,,-17.2,,20.0,20.0,20.0,20.0
130,"Gibbons, 2012",225,BASIS-24-D,did,individual,per_arm_count,0,0,0,1,0,0,0,0,0,13.0,2.28,1.86,0.74,0.94,16.0,2.74,1.97,0.85,0.68,-0.4199999999999997,,-0.7700000000000002,,15.0,13.0,16.0,16.0
130,"Gibbons, 2012",226,HAMD-24,did,individual,per_arm_count,0,0,0,1,0,0,0,0,0,13.0,19.7,15.8,3.4,7.62,16.0,23.0,16.6,4.73,6.5,-3.899999999999999,,-6.399999999999999,,15.0,13.0,16.0,16.0
131,"Gitlin, 2013",227,PHQ-9,did,individual,per_arm_count,0,0,0,0,0,0,1,0,0,102.0,12.7,8.9,5.05,6.06,106.0,13.3,6.4,5.15,6.18,-3.799999999999999,,-6.9,,102.0,102.0,106.0,106.0
131,"Gitlin, 2013",228,CES-D,did,individual,per_arm_count,0,0,0,0,0,0,1,0,0,102.0,14.6,11.6,6.06,6.06,106.0,14.9,8.4,6.18,6.18,-3.0,,-6.5,,102.0,102.0,106.0,106.0
133,"Goodman, 2015",230,EPDS,did,individual,per_arm_count,0,0,0,0,0,0,1,0,0,21.0,12.14,6.35,2.67,5.45,21.0,12.48,6.19,3.39,3.64,-5.790000000000001,,-6.29,,21.0,21.0,21.0,21.0
134,"Greenberg, 2018",231,HAMD-28,did,individual,per_arm_count,1,0,0,0,0,0,0,0,0,12.0,24.0,21.0,6.34,6.55,16.0,22.8,12.65,8.62,8.48,-3.0,,-10.15,,18.0,12.0,22.0,16.0
134,"Greenberg, 2018",232,BDI-II,did,individual,per_arm_count,1,0,0,0,0,0,0,0,0,12.0,22.18,26.33,9.39,16.09,16.0,23.6,12.23,7.08,8.67,4.149999999999999,,-11.37,,18.0,12.0,22.0,16.0
135,"Grote, 2009",233,BDI-I,did,,,0,0,0,0,1,0,0,0,0,28.0,25.9,21.3,11.1,11.1,25.0,24.3,10.0,10.2,7.7,-4.599999999999998,,-14.3,,28.0,28.0,25.0,25.0
135,"Grote, 2009",234,EPDS,did,,,0,0,0,0,1,0,0,0,0,28.0,18.1,13.6,3.8,6.6,25.0,18.9,5.7,3.4,4.6,-4.500000000000002,,-13.2,,28.0,28.0,25.0,25.0
136,"Gureje, 2022",235,EPDS,did,individual,per_arm_count,0,0,0,0,0,0,1,0,0,80.0,13.9,7.2,1.9,4.0,115.0,14.4,5.5,2.3,3.6,-6.7,,-8.9,,101.0,80.0,141.0,115.0
137,"Hagen, 2017",236,BDI-I,did,individual,per_arm_count,1,0,0,0,0,0,0,0,0,19.0,26.89,23.89,5.61,7.05,20.0,27.85,6.4,6.85,6.84,-3.0,,-21.45,,19.0,19.0,20.0,20.0
138,"Hallford, 2016",237,DASS-D,did,individual,per_arm_count,0,0,0,0,0,1,0,0,0,12.0,12.8,10.8,3.1,3.1,14.0,12.1,5.5,3.4,4.8,-2.0,,-6.6,,12.0,12.0,14.0,14.0
139,"Hallgren, 2015",238,MADRS,did,individual,per_arm_count,0,0,1,0,0,0,0,0,0,232.0,20.9,13.8,7.5,8.9,259.0,21.5,11.2,6.7,7.3,-7.099999999999998,,-10.3,,312.0,232.0,317.0,259.0
140,"Hamamci, 2006",239,BDI-I,did,individual,per_arm_count,0,0,1,0,0,0,0,0,0,11.0,29.87,23.18,8.5,9.36,10.0,33.7,10.9,5.77,7.21,-6.690000000000001,,-22.8,,11.0,11.0,10.0,10.0
140,"Hamamci, 2006",240,BDI-I,did,individual,per_arm_count,0,0,1,0,0,0,0,0,0,11.0,29.87,23.18,8.5,9.36,10.0,27.1,10.3,7.32,8.09,-6.690000000000001,,-16.8,,11.0,11.0,10.0,10.0
141,"Hamdan-Mansour, 2009",241,BDI-I,did,individual,per_arm_count,0,0,1,0,0,0,0,0,0,40.0,21.1,18.0,9.9,7.0,44.0,26.8,13.5,8.3,7.1,-3.100000000000001,,-13.3,,40.0,40.0,44.0,44.0
142,"Haringsma, 2006",242,HADS-D,did,individual,per_arm_count,0,0,1,0,0,0,0,0,0,58.0,9.97,9.34,4.32,4.3,52.0,9.65,7.56,3.81,4.08,-0.6300000000000008,,-2.090000000000001,,58.0,58.0,52.0,52.0
142,"Haringsma, 2006",243,CES-D,did,individual,per_arm_count,0,0,1,0,0,0,0,0,0,58.0,23.69,23.63,9.62,10.85,52.0,25.84,18.77,10.0,9.23,-0.06000000000000227,,-7.07,,58.0,58.0,52.0,52.0
143,"Harley, 2008",244,BDI-I,did,individual,per_arm_count,1,0,0,0,0,0,0,0,0,9.0,27.44,25.89,11.66,16.3,10.0,27.9,15.1,9.15,12.13,-1.550000000000001,,-12.8,,9.0,9.0,10.0,10.0
143,"Harley, 2008",245,HAMD-17,did,individual,per_arm_count,1,0,0,0,0,0,0,0,0,9.0,18.89,17.11,4.93,6.23,10.0,16.9,11.3,4.15,5.31,-1.780000000000001,,-5.599999999999998,,9.0,9.0,10.0,10.0
144,"Harrer, 2021",246,CES-D,did,individual,per_arm_count,0,0,0,0,0,0,1,0,0,100.0,25.05,21.91,7.85,10.3,100.0,23.6,18.18,8.17,10.09,-3.140000000000001,,-5.420000000000002,,100.0,100.0,100.0,100.0
145,"Hashemi, 2022",247,BDI-II,did,individual,per_arm_count,1,0,0,0,0,0,0,0,0,25.0,25.52,27.2,2.2,5.27,25.0,26.6,19.04,2.97,3.66,1.68,,-7.560000000000002,,25.0,25.0,25.0,25.0
146,"Hassiotis, 2013",248,BDI-I,did,individual,per_arm_count,0,0,1,0,0,0,0,0,0,15.0,55.13,54.93,11.79,11.48,15.0,56.0,54.67,14.21,13.11,-0.2000000000000028,,-1.329999999999998,,16.0,15.0,16.0,15.0
147,"Hautzinger, 2004",249,GDS,did,individual,per_arm_count,0,0,1,0,0,0,0,0,0,35.0,17.73,17.73,5.46,5.86,65.0,18.37,13.55,5.39,6.67,0.0,,-4.82,,35.0,35.0,65.0,65.0
147,"Hautzinger, 2004",250,SCL,did,individual,per_arm_count,0,0,1,0,0,0,0,0,0,35.0,1.465,1.44,0.628,0.595,65.0,1.5,0.986,0.789,0.675,-0.02500000000000013,,-0.514,,35.0,35.0,65.0,65.0
147,"Hautzinger, 2004",251,IDS,did,individual,per_arm_count,0,0,1,0,0,0,0,0,0,35.0,25.36,25.73,8.02,8.78,65.0,25.45,12.9,9.69,8.53,0.370000000000001,,-12.55,,35.0,35.0,65.0,65.0
150,"Heckman, 2011",253,GDS,did,individual,per_arm_count,0,0,0,0,0,0,1,0,0,86.0,12.01,11.83,2.41,4.08,105.0,12.01,10.34,2.66,7.17,-0.1799999999999997,,-1.67,,86.0,86.0,105.0,105.0
150,"Heckman, 2011",254,GDS,did,individual,per_arm_count,0,0,0,0,0,0,1,0,0,86.0,12.01,11.83,2.41,4.08,104.0,12.01,9.77,2.65,6.32,-0.1799999999999997,,-2.24,,86.0,86.0,104.0,104.0
151,"Heckman, 2013",255,GDS,did,individual,per_arm_count,0,0,0,0,0,0,1,0,0,121.0,13.7,14.34,7.9,5.17,118.0,15.5,14.36,7.4,5.1055068308641,0.6400000000000006,,-1.140000000000001,,121.0,121.0,118.0,118.0
151,"Heckman, 2013",256,GDS,did,individual,per_arm_count,0,0,0,0,0,0,1,0,0,121.0,13.7,14.34,7.9,5.17,122.0,15.7,11.94,6.9,5.19131967807801,0.6400000000000006,,-3.76,,121.0,121.0,122.0,122.0
154,"Heim, 2021",257,PHQ-9,did,individual,per_arm_count,0,1,0,0,0,0,0,0,0,20.0,17.18,11.75,4.93,6.82,25.0,16.52,7.56,4.49,4.98,-5.43,,-8.96,,71.0,20.0,67.0,25.0
155,"Hemanny, 2019",258,BDI-I,did,individual,per_arm_count,0,1,0,0,0,0,0,0,0,26.0,30.62,25.88,6.3,10.6,24.0,32.38,12.62,8.6,10.4,-4.740000000000002,,-19.76000000000001,,26.0,26.0,24.0,24.0
155,"Hemanny, 2019",259,BDI-I,did,individual,per_arm_count,0,0,1,0,0,0,0,0,0,26.0,30.62,25.88,6.3,10.6,26.0,31.38,12.65,7.1,9.9,-4.740000000000002,,-18.73,,26.0,26.0,26.0,26.0
155,"Hemanny, 2019",260,HAMD-17,did,individual,per_arm_count,0,1,0,0,0,0,0,0,0,26.0,20.42,17.98,4.3,6.3,24.0,22.38,9.1,5.8,7.3,-2.440000000000001,,-13.28,,26.0,26.0,24.0,24.0
155,"Hemanny, 2019",261,HAMD-17,did,individual,per_arm_count,0,0,1,0,0,0,0,0,0,26.0,20.42,17.98,4.3,6.3,26.0,20.62,9.84,5.3,5.9,-2.440000000000001,,-10.78,,26.0,26.0,26.0,26.0
156,"Hermanns, 2015",262,PHQ-9,did,individual,per_arm_count,0,0,1,0,0,0,0,0,0,88.0,9.6,8.4,3.8,5.0,93.0,10.9,7.5,4.3,4.8,-1.199999999999999,,-3.4,,88.0,88.0,93.0,93.0
156,"Hermanns, 2015",263,CES-D,did,individual,per_arm_count,0,0,1,0,0,0,0,0,0,88.0,22.1,19.4,8.6,11.8,93.0,24.4,17.0,7.5,10.0,-2.700000000000003,,-7.399999999999999,,88.0,88.0,93.0,93.0
157,"Herrmann-Lingen, 2016",264,HADS-D,did,individual,per_arm_count,0,0,0,1,0,0,0,0,0,285.0,10.4,10.0,2.5,3.7,284.0,10.4,10.0,2.5,3.8,-0.4000000000000004,,-0.4000000000000004,,284.0,285.0,284.0,284.0
158,"Heshmati, 2023",265,WAI-D,did,individual,per_arm_count,0,0,0,1,0,0,0,0,0,39.0,30.4,29.33,3.72,3.72,36.0,30.07,21.81,4.59,5.18,-1.07,,-8.260000000000002,,43.0,39.0,43.0,36.0
159,"Hoifodt, 2013",266,BDI-II,did,individual,per_arm_count,0,0,1,0,0,0,0,0,0,54.0,22.27,18.63,6.74,8.64,52.0,21.13,14.2,6.85,8.15,-3.640000000000001,,-6.93,,54.0,54.0,52.0,52.0
159,"Hoifodt, 2013",267,HADS-D,did,individual,per_arm_count,0,0,1,0,0,0,0,0,0,54.0,7.61,7.19,3.13,3.63,52.0,8.08,4.24,2.92,2.61,-0.4199999999999999,,-3.84,,54.0,54.0,52.0,52.0
161,"Honey, 2002",268,EPDS,did,individual,per_arm_count,0,0,1,0,0,0,0,0,0,22.0,17.95,16.95,3.95,5.44,23.0,19.35,14.87,4.39,5.97,-1.0,,-4.480000000000002,,22.0,22.0,23.0,23.0
162,"Horrell, 2014",269,BDI-II,did,individual,per_arm_count,0,0,1,0,0,0,0,0,0,202.0,29.7,25.4,10.8,11.8,180.0,28.9,19.0,10.1,13.3,-4.300000000000001,,-9.899999999999999,,230.0,202.0,228.0,180.0
163,"Hou, 2014",270,EPDS,did,individual,per_arm_count,0,0,1,0,0,0,0,0,0,109.0,17.1,15.6,1.6,3.5,104.0,16.7,13.3,1.9,2.9,-1.500000000000002,,-3.399999999999999,,109.0,109.0,104.0,104.0
164,"Hsiao, 2014",271,BDI-II,did,individual,per_arm_count,0,0,0,0,0,0,1,0,0,37.0,13.65,18.82,13.5,14.29,37.0,20.8,26.4,11.83,12.87,5.17,,5.599999999999998,,33.0,37.0,33.0,37.0
165,"Huang, 2016",272,CES-D,did,individual,per_arm_count,0,0,1,0,0,0,0,0,0,30.0,21.97,23.03,3.37,3.63,31.0,21.81,15.51,5.68,3.96,1.060000000000002,,-6.299999999999999,,30.0,30.0,31.0,31.0
166,"Huh, 2023",273,EPDS,did,individual,per_arm_count,0,0,1,0,0,0,0,0,0,65.0,14.92,12.86,4.77,4.84,71.0,14.6,10.8,4.72,4.88,-2.06,,-3.799999999999999,,65.0,65.0,71.0,71.0
167,"Hum, 2019",274,NDDI-E,rct,individual,per_arm_count,1,0,0,0,0,0,0,0,0,23.0,,15.35,,3.3570820663189,19.0,,16.05,,3.48711915483254,,,,,,23.0,,19.0
167,"Hum, 2019",275,QIDS,did,individual,per_arm_count,1,0,0,0,0,0,0,0,0,24.0,13.79,10.63,3.92,4.89897948556636,20.0,12.3,9.55,4.02,4.91934955049954,-3.159999999999998,,-2.75,,24.0,24.0,20.0,20.0
167,"Hum, 2019",276,QIDS,did,individual,per_arm_count,1,0,0,0,0,0,0,0,0,11.0,13.27,10.73,3.98,4.9749371855331,20.0,12.3,9.55,4.02,4.91934955049954,-2.539999999999999,,-2.75,,11.0,11.0,20.0,20.0
168,"Hummel, 2017",277,HADS-D,rct,individual,per_arm_count,0,0,1,0,0,0,0,0,0,89.0,,12.69,,5.0,54.0,,7.02,,4.3,,,,,,89.0,,54.0
168,"Hummel, 2017",278,HADS-D,did,individual,per_arm_count,0,0,1,0,0,0,0,0,0,89.0,2.69,3.13,1.2,1.0,54.0,2.88,1.56,1.2,1.4,0.4399999999999999,,-1.32,,99.0,89.0,56.0,54.0
168,"Hummel, 2017",279,HAMD-17,did,individual,per_arm_count,0,0,1,0,0,0,0,0,0,89.0,16.8,21.47,5.6,6.9,54.0,17.05,10.57,5.4,6.4,4.669999999999998,,-6.48,,99.0,89.0,56.0,54.0
170,"Husain, 2017",280,EPDS,did,individual,per_arm_count,0,0,1,0,0,0,0,0,0,104.0,15.85,13.86,3.08,4.5,112.0,15.89,10.29,2.7,5.29,-1.99,,-5.600000000000001,,124.0,104.0,123.0,112.0
170,"Husain, 2017",281,HAMD-17,did,individual,per_arm_count,0,0,1,0,0,0,0,0,0,110.0,18.98,15.95,3.37,5.87,112.0,19.15,9.6,3.69,6.05,-3.030000000000001,,-9.549999999999999,,124.0,110.0,123.0,112.0
171,"Husain, 2021a",282,EPDS,did,individual,per_arm_count,0,0,1,0,0,0,0,0,0,370.0,18.2,15.6,3.1,5.2,399.0,18.4,8.2,3.1,5.1,-2.6,,-10.2,,372.0,370.0,402.0,399.0
171,"Husain, 2021a",283,PHQ-9,did,individual,per_arm_count,0,0,1,0,0,0,0,0,0,370.0,15.2,13.8,3.7,5.3,399.0,15.4,6.6,3.6,4.5,-1.399999999999999,,-8.8,,372.0,370.0,402.0,399.0
172,"Husain, 2021b",284,EPDS,did,individual,per_arm_count,0,0,1,0,0,0,0,0,0,49.0,16.3,13.8,3.1,3.2,48.0,17.1,5.0,3.5,4.5,-2.5,,-12.1,,49.0,49.0,48.0,48.0
172,"Husain, 2021b",285,HAMD-17,did,individual,per_arm_count,0,0,1,0,0,0,0,0,0,49.0,18.3,16.9,2.7,3.0,48.0,19.5,5.1,3.1,3.9,-1.400000000000002,,-14.4,,49.0,49.0,48.0,48.0
173,"Husain, 2023",286,HAMD-21,did,individual,per_arm_count,0,0,1,0,0,0,0,0,0,32.0,13.0,6.0,6.1,5.7,32.0,14.8,5.9,5.7,5.6,-7.0,,-8.9,,38.0,32.0,42.0,32.0
173,"Husain, 2023",287,PHQ-9,did,individual,per_arm_count,0,0,1,0,0,0,0,0,0,32.0,8.1,5.1,5.7,4.5,30.0,11.0,4.9,6.7,4.6,-3.0,,-6.1,,37.0,32.0,38.0,30.0
173,"Husain, 2023",288,EPDS,did,individual,per_arm_count,0,0,1,0,0,0,0,0,0,32.0,14.9,8.2,4.6,6.3,32.0,16.3,7.9,6.0,5.9,-6.700000000000001,,-8.4,,41.0,32.0,42.0,32.0
174,"Jalali, 2019",289,BDI-II,did,individual,per_arm_count,0,0,0,0,0,0,1,0,0,21.0,18.14,19.57,9.32,8.36,21.0,25.04,12.14,7.22,6.52,1.43,,-12.9,,21.0,21.0,21.0,21.0
175,"Jamison, 1995",290,BDI-I,did,individual,per_arm_count,0,0,1,0,0,0,0,0,0,39.0,20.9,19.5,5.7,8.2,33.0,21.9,9.2,6.6,7.1,-1.399999999999999,,-12.7,,39.0,39.0,33.0,33.0
175,"Jamison, 1995",291,HAMD-21,did,individual,per_arm_count,0,0,1,0,0,0,0,0,0,39.0,19.6,19.0,3.7,4.5,33.0,20.2,9.6,4.4,5.5,-0.6000000000000014,,-10.6,,39.0,39.0,33.0,33.0
176,"Janssen, 2023",292,QIDS,did,individual,per_arm_count,0,1,0,0,0,0,0,0,0,65.0,12.9,11.5,2.42,4.84,96.0,13.1,8.8,1.96,4.9,-1.4,,-4.299999999999999,,65.0,65.0,96.0,96.0
177,"Jarrett, 1999",293,HAMD-21,did,individual,per_arm_count,0,0,1,0,0,0,0,0,0,36.0,21.22,14.44,3.54,7.56,36.0,21.11,10.25,4.5,8.1,-6.779999999999999,,-10.86,,36.0,36.0,36.0,36.0
177,"Jarrett, 1999",294,BDI-I,did,individual,per_arm_count,0,0,1,0,0,0,0,0,0,36.0,28.42,18.94,7.02,12.72,36.0,27.58,11.72,7.32,9.72,-9.48,,-15.86,,36.0,36.0,36.0,36.0
178,"Jelinek, 2016",295,BDI-I,did,individual,per_arm_count,1,0,0,0,0,0,0,0,0,29.0,27.03,21.1,11.77,13.09,31.0,24.85,16.8,8.12,9.28,-5.93,,-8.05,,42.0,29.0,41.0,31.0
178,"Jelinek, 2016",296,HAMD-17,did,individual,per_arm_count,1,0,0,0,0,0,0,0,0,29.0,16.51,15.1,5.81,6.52,31.0,14.41,12.16,4.28,4.49,-1.410000000000002,,-2.25,,43.0,29.0,41.0,31.0
179,"Jesse, 2015",297,EPDS,did,individual,per_arm_count,0,0,1,0,0,0,0,0,0,36.0,10.04,8.67,2.875,4.25,19.5,10.305,7.54,2.765,3.6,-1.369999999999999,,-2.765,,36.0,36.0,19.5,19.5
179,"Jesse, 2015",298,BDI-II,did,individual,per_arm_count,0,0,1,0,0,0,0,0,0,36.0,17.04,14.81,6.44,6.595,19.5,17.865,12.09,6.49,6.325,-2.229999999999999,,-5.774999999999999,,36.0,36.0,19.5,19.5
180,"Jiang, 2014",299,EPDS,did,individual,per_arm_count,0,0,0,0,0,0,1,0,0,514.0,12.44,6.94,2.78,4.02,257.0,12.84,3.05,3.02,2.93,-5.499999999999999,,-9.79,,514.0,514.0,257.0,257.0
181,"Johansson, 2012a",300,MADRS,did,individual,per_arm_count,0,0,0,1,0,0,0,0,0,46.0,23.48,18.61,5.1,6.4,46.0,23.07,12.5,4.6,7.8,-4.870000000000001,,-10.57,,46.0,46.0,46.0,46.0
181,"Johansson, 2012a",301,PHQ-9,did,individual,per_arm_count,0,0,0,1,0,0,0,0,0,46.0,13.3,10.87,4.3,4.8,46.0,12.61,6.24,4.1,5.0,-2.430000000000001,,-6.369999999999999,,46.0,46.0,46.0,46.0
181,"Johansson, 2012a",302,BDI-II,did,individual,per_arm_count,0,0,0,1,0,0,0,0,0,46.0,26.33,20.22,6.7,7.8,46.0,26.54,11.48,5.8,7.8,-6.109999999999999,,-15.06,,46.0,46.0,46.0,46.0
182,"Johansson, 2012b",303,BDI-II,did,individual,per_arm_count,0,0,1,0,0,0,0,0,0,39.0,26.24,21.67,7.9,9.5,34.0,25.3,16.06,8.0,10.4,-4.569999999999997,,-9.240000000000002,,42.0,39.0,37.0,34.0
182,"Johansson, 2012b",304,MADRS,did,individual,per_arm_count,0,0,1,0,0,0,0,0,0,39.0,23.4,19.67,4.7,7.8,34.0,22.46,15.21,5.7,7.7,-3.729999999999997,,-7.25,,42.0,39.0,37.0,34.0
182,"Johansson, 2012b",305,MADRS,did,individual,per_arm_count,0,0,1,0,0,0,0,0,0,39.0,23.4,19.67,4.7,7.8,36.0,22.86,13.81,3.9,6.8,-3.729999999999997,,-9.049999999999999,,42.0,39.0,36.0,36.0
182,"Johansson, 2012b",306,BDI-II,did,individual,per_arm_count,0,0,1,0,0,0,0,0,0,39.0,26.24,21.67,7.9,9.5,36.0,26.44,13.78,7.6,9.4,-4.569999999999997,,-12.66,,42.0,39.0,36.0,36.0
183,"Johansson, 2019a",307,HADS-D,did,individual,per_arm_count,0,0,1,0,0,0,0,0,0,27.0,11.7,11.1,3.7,2.6,27.0,12.3,6.2,4.1,3.6,-0.5999999999999996,,-6.100000000000001,,27.0,27.0,27.0,27.0
183,"Johansson, 2019a",308,MADRS,did,individual,per_arm_count,0,0,1,0,0,0,0,0,0,27.0,23.4,23.1,5.1,5.7,27.0,26.2,13.6,8.7,6.1,-0.2999999999999972,,-12.6,,27.0,27.0,27.0,27.0
184,"Johansson, 2019b",309,PHQ-9,did,individual,per_arm_count,0,0,1,0,0,0,0,0,0,72.0,10.22,8.3,5.19,4.65,72.0,10.71,6.39,4.47,4.71,-1.92,,-4.320000000000001,,72.0,72.0,72.0,72.0
184,"Johansson, 2019b",310,MADRS,did,individual,per_arm_count,0,0,1,0,0,0,0,0,0,72.0,17.67,15.6,6.31,8.26,72.0,18.01,10.57,7.25,7.51,-2.070000000000002,,-7.440000000000001,,72.0,72.0,72.0,72.0
185,"Johnson, 2012",311,HAMD-17,did,individual,per_arm_count,0,0,0,0,1,0,0,0,0,19.0,27.2,20.6,7.5,10.5,19.0,28.0,14.1,6.0,8.3,-6.599999999999998,,-13.9,,19.0,19.0,19.0,19.0
187,"Joling, 2011",314,CES-D,did,individual,per_arm_count,0,0,1,0,0,0,0,0,0,84.0,22.05,17.27,5.24,6.53,86.0,21.17,16.6,4.95,6.41,-4.780000000000001,,-4.57,,84.0,84.0,86.0,86.0
188,"Jordans, 2019",315,PHQ-9,rct,individual,per_arm_count,0,1,0,0,0,0,0,0,0,60.0,12.0,6.15,,4.9,60.0,13.0,4.36,,3.71,-5.85,,-8.64,,,60.0,,60.0
189,"Kamga, 2017",316,PHQ-9,did,individual,per_arm_count,0,0,1,0,0,0,0,0,0,35.0,9.2,6.0,4.2,4.3,35.0,9.1,4.2,3.5,4.0,-3.199999999999999,,-4.899999999999999,,35.0,35.0,35.0,35.0
190,"Kanter, 2015",317,BDI-II,did,individual,per_arm_count,0,1,0,0,0,0,0,0,0,22.0,29.41,18.17,10.05,15.27,21.0,34.38,17.0,9.19,16.73,-11.24,,-17.38,,22.0,22.0,21.0,21.0
190,"Kanter, 2015",318,HAMD-17,did,individual,per_arm_count,0,1,0,0,0,0,0,0,0,22.0,20.82,12.83,5.21,9.7,21.0,21.05,11.0,3.75,9.14,-7.99,,-10.05,,22.0,22.0,21.0,21.0
191,"Kay-Lambkin, 2009",319,BDI-II,did,individual,per_arm_count,0,0,1,0,0,0,0,0,0,21.0,22.95,22.95,10.46,10.46,23.0,17.09,17.09,12.14,12.14,0.0,,0.0,,21.0,21.0,23.0,23.0
191,"Kay-Lambkin, 2009",320,BDI-II,did,individual,per_arm_count,0,0,1,0,0,0,0,0,0,21.0,22.95,22.95,10.46,10.46,23.0,13.04,13.04,10.51,10.51,0.0,,0.0,,21.0,21.0,23.0,23.0
192,"Keeley, 2016",321,PHQ-9,did,individual,per_arm_count,0,0,0,0,0,0,1,0,0,80.0,15.95,11.8,0.82,6.34,88.0,15.71,9.09,1.48,7.04,-4.149999999999999,,-6.620000000000001,,80.0,80.0,88.0,88.0
193,"Kelly, 1993",322,SCL,did,,,0,0,1,0,0,0,0,0,0,27.0,2.1,1.8,0.7,0.8,27.0,1.9,1.4,0.7,0.9,-0.3,,-0.5,,27.0,27.0,27.0,27.0
193,"Kelly, 1993",323,CES-D,did,,,0,0,1,0,0,0,0,0,0,27.0,31.0,27.0,6.6,9.6,27.0,27.4,21.2,8.9,11.8,-4.0,,-6.199999999999999,,27.0,27.0,27.0,27.0
193,"Kelly, 1993",324,CES-D,did,,,0,0,0,0,0,0,0,0,1,27.0,31.0,27.0,6.6,9.6,14.0,28.1,18.3,8.5,7.4,-4.0,,-9.8,,27.0,27.0,14.0,14.0
193,"Kelly, 1993",325,SCL,did,,,0,0,0,0,0,0,0,0,1,27.0,2.1,1.8,0.7,0.8,14.0,1.8,1.0,0.7,0.6,-0.3,,-0.8,,27.0,27.0,14.0,14.0
194,"Kemmeren, 2023",326,PHQ-9,did,individual,per_arm_count,0,0,1,0,0,0,0,0,0,35.0,16.6,11.3,5.6,6.2,42.0,16.1,9.5,5.6,7.4,-5.300000000000001,,-6.600000000000001,,41.0,35.0,42.0,42.0
194,"Kemmeren, 2023",327,QIDS,did,individual,per_arm_count,0,0,1,0,0,0,0,0,0,35.0,16.5,12.2,4.5,5.9,42.0,15.6,10.6,4.6,6.9,-4.300000000000001,,-5.0,,41.0,35.0,42.0,42.0
195,"Kenter, 2016",328,CES-D,did,individual,per_arm_count,0,0,0,0,0,0,0,1,0,133.0,35.2,25.9,12.1,14.9,136.0,37.0,27.0,11.6,15.1,-9.300000000000004,,-10.0,,133.0,133.0,136.0,136.0
196,"Kessler, 2009",329,BDI-I,did,individual,per_arm_count,0,0,1,0,0,0,0,0,0,97.0,33.5,22.0,9.3,13.5,113.0,32.8,14.5,8.3,11.2,-11.5,,-18.3,,148.0,97.0,149.0,113.0
197,"Khazraee, 2023",330,BDI-II,did,individual,per_arm_count,1,0,0,0,0,0,0,0,0,15.0,37.47,34.13,7.34,7.77,16.0,36.75,10.13,6.51,11.74,-3.339999999999996,,-26.62,,15.0,15.0,16.0,16.0
198,"Khoshbooii, 2021",331,BDI-II,did,individual,per_arm_count,0,0,1,0,0,0,0,0,0,22.0,34.09,33.77,8.34,7.17,22.0,33.95,12.63,9.64,6.41,-0.3200000000000003,,-21.32,,22.0,22.0,22.0,22.0
198,"Khoshbooii, 2021",332,BDI-II,did,individual,per_arm_count,0,0,1,0,0,0,0,0,0,22.0,34.09,33.77,8.34,7.17,20.0,32.3,11.75,8.73,6.59,-0.3200000000000003,,-20.55,,22.0,22.0,20.0,20.0
199,"Kim, 2018",333,POMS-D,did,individual,per_arm_count,0,0,1,0,0,0,0,0,0,30.0,29.1,29.3,14.7,21.4,30.0,28.4,16.5,18.7,14.1,0.1999999999999993,,-11.9,,30.0,30.0,30.0,30.0
199,"Kim, 2018",334,HADS-D,did,individual,per_arm_count,0,0,1,0,0,0,0,0,0,30.0,8.2,9.8,2.5,4.2,30.0,8.4,6.4,3.3,2.8,1.600000000000001,,-2.0,,30.0,30.0,30.0,30.0
200,"King, 2000",335,BDI-I,did,individual,per_arm_count,0,0,1,0,0,0,0,0,0,67.0,26.5,18.3,8.9,12.4,63.0,27.6,14.3,8.4,10.8,-8.2,,-13.3,,67.0,67.0,63.0,63.0
200,"King, 2000",336,BDI-I,did,individual,per_arm_count,0,0,0,0,0,0,0,0,1,67.0,26.5,18.3,8.9,12.4,67.0,25.4,12.9,8.6,9.3,-8.2,,-12.5,,67.0,67.0,67.0,67.0
202,"Korrelboom, 2012",337,BDI-II,did,individual,per_arm_count,0,0,0,0,0,0,1,0,0,30.0,29.9,26.0,10.8,10.1,31.0,27.3,16.8,9.9,12.8,-3.899999999999999,,-10.5,,30.0,30.0,31.0,31.0
203,"Korte, 2012",338,CES-D,did,individual,per_arm_count,0,0,0,0,0,1,0,0,0,102.0,20.6,21.2,7.47,9.09,100.0,20.5,15.8,11.0,12.0,0.5999999999999979,,-4.699999999999999,,102.0,102.0,100.0,100.0
204,"Kramer, 2014",339,CES-D,did,individual,per_arm_count,0,0,0,0,0,0,1,0,0,132.0,39.74,32.51,7.13,9.68,131.0,39.49,29.2,8.58,10.66,-7.230000000000004,,-10.29,,132.0,132.0,131.0,131.0
205,"Kramer, 2021",340,CES-D,did,individual,per_arm_count,0,0,1,0,0,0,0,0,0,69.0,35.8,30.0,6.65,10.8,67.0,34.1,24.2,6.55,11.46,-5.799999999999997,,-9.900000000000002,,69.0,69.0,67.0,67.0
206,"Laidlaw, 2008",341,GDS,did,individual,per_arm_count,0,0,1,0,0,0,0,0,0,20.0,8.5,5.3,3.55,3.48,20.0,7.6,3.85,2.7,3.83,-3.2,,-3.75,,20.0,20.0,20.0,20.0
206,"Laidlaw, 2008",342,BDI-II,did,individual,per_arm_count,0,0,1,0,0,0,0,0,0,20.0,19.5,13.25,5.48,10.3,20.0,19.6,9.4,5.22,8.56,-6.25,,-10.2,,20.0,20.0,20.0,20.0
206,"Laidlaw, 2008",343,HAMD-17,did,individual,per_arm_count,0,0,1,0,0,0,0,0,0,20.0,11.8,7.75,2.84,6.05,20.0,11.4,5.25,3.08,4.48,-4.050000000000001,,-6.15,,20.0,20.0,20.0,20.0
207,"Lamers, 2010",344,BDI-I,did,individual,per_arm_count,0,0,1,0,0,0,0,0,0,135.0,17.7,17.17,8.0,6.16,127.0,17.1,16.18,7.2,6.2,-0.5299999999999976,,-0.9200000000000017,,178.0,135.0,183.0,127.0
208,"Lamers, 2015",345,CES-D,did,individual,per_arm_count,0,0,0,0,0,1,0,0,0,58.0,22.9,18.75,8.61,8.82,58.0,24.31,15.88,9.17,7.73,-4.149999999999999,,-8.429999999999998,,58.0,58.0,58.0,58.0
209,"Landreville, 1997",346,GDS,did,individual,per_arm_count,0,0,1,0,0,0,0,0,0,13.0,18.84,17.69,5.06,4.95,10.0,20.4,16.3,3.68,4.76,-1.149999999999999,,-4.099999999999998,,13.0,13.0,10.0,10.0
209,"Landreville, 1997",347,IDD,did,individual,per_arm_count,0,0,1,0,0,0,0,0,0,13.0,31.07,26.92,11.3,14.41,10.0,35.2,23.0,10.41,8.94,-4.149999999999999,,-12.2,,13.0,13.0,10.0,10.0
209,"Landreville, 1997",348,BDI-I,did,individual,per_arm_count,0,0,1,0,0,0,0,0,0,13.0,21.76,17.0,12.49,12.59,10.0,19.7,13.5,6.11,6.11,-4.760000000000002,,-6.199999999999999,,13.0,13.0,10.0,10.0
210,"Lappalainen, 2015",349,BDI-II,did,individual,per_arm_count,1,0,0,0,0,0,0,0,0,20.0,20.65,17.85,6.8,7.34,18.0,22.11,13.34,7.79,6.75,-2.799999999999997,,-8.77,,20.0,20.0,19.0,18.0
211,"Larcombe, 1984",350,HAMD-17,did,individual,per_arm_count,0,0,1,0,0,0,0,0,0,10.0,16.9,17.4,6.41,8.29,9.0,16.22,2.0,5.12,1.49,0.5,,-14.22,,10.0,10.0,9.0,9.0
211,"Larcombe, 1984",351,BDI-I,did,individual,per_arm_count,0,0,1,0,0,0,0,0,0,10.0,29.0,33.4,8.67,9.72,9.0,27.44,8.11,5.64,5.04,4.399999999999999,,-19.33,,10.0,10.0,9.0,9.0
212,"Lee, 2021",352,HAMD-17,did,individual,per_arm_count,0,1,0,0,0,0,0,0,0,16.0,23.48,18.5,7.82,10.54,22.0,24.23,14.82,5.41,7.83,-4.98,,-9.41,,33.0,16.0,31.0,22.0
212,"Lee, 2021",353,CES-D,did,individual,per_arm_count,0,1,0,0,0,0,0,0,0,16.0,33.27,25.94,13.88,15.74,22.0,35.1,18.95,12.08,10.87,-7.330000000000002,,-16.15,,33.0,16.0,31.0,22.0
213,"Lemma, 2013",354,PHQ-9,did,individual,per_arm_count,0,0,0,1,0,0,0,0,0,8.0,10.63,8.0,3.46,3.85,8.0,12.5,8.63,3.78,6.23,-2.630000000000001,,-3.869999999999999,,8.0,8.0,8.0,8.0
214,"Lenze, 2017",355,EPDS,did,individual,per_arm_count,0,0,0,0,1,0,0,0,0,21.0,17.9,11.41,4.6,1.72,21.0,17.81,12.04,3.71,1.22,-6.489999999999998,,-5.77,,21.0,21.0,21.0,21.0
215,"Lerner, 2015",356,PHQ-9,did,individual,per_arm_count,0,0,1,0,0,0,0,0,0,190.0,14.3,10.6,4.9,5.6,190.0,14.4,7.1,5.2,6.1,-3.700000000000001,,-7.300000000000001,,214.0,190.0,217.0,190.0
216,"Leung, 2013",357,HADS-D,did,individual,per_arm_count,0,0,1,0,0,0,0,0,0,50.0,4.82,5.41,2.81,2.81,47.0,6.0,5.64,3.0,3.11,0.5899999999999999,,-0.3600000000000003,,50.0,50.0,47.0,47.0
216,"Leung, 2013",358,EPDS,did,individual,per_arm_count,0,0,1,0,0,0,0,0,0,50.0,13.92,12.69,2.87,5.89,47.0,12.17,9.04,2.33,3.76,-1.23,,-3.130000000000001,,50.0,50.0,47.0,47.0
217,"Leung, 2016",359,HADS-D,did,individual,per_arm_count,0,0,1,0,0,0,0,0,0,82.0,8.32,7.81,4.53,5.11,82.0,8.5,7.5,5.18,5.44,-0.5100000000000007,,-1.0,,82.0,82.0,82.0,82.0
217,"Leung, 2016",360,EPDS,did,individual,per_arm_count,0,0,1,0,0,0,0,0,0,82.0,12.1,11.56,2.56,2.89,82.0,12.79,10.71,2.25,3.76,-0.5399999999999991,,-2.079999999999998,,82.0,82.0,82.0,82.0
218,"Lexis, 2011",361,HADS-D,did,individual,per_arm_count,0,0,0,0,0,0,0,1,0,70.0,9.97,8.55,2.34,3.81,69.0,10.45,7.67,2.67,4.26,-1.42,,-2.779999999999999,,70.0,70.0,69.0,69.0
218,"Lexis, 2011",362,BDI-II,did,individual,per_arm_count,0,0,0,0,0,0,0,1,0,70.0,14.84,16.3,8.11,10.08,69.0,17.03,12.77,9.55,10.48,1.460000000000001,,-4.260000000000002,,70.0,70.0,69.0,69.0
219,"Liang, 2021",363,SSS-D,did,individual,per_arm_count,1,0,0,0,0,0,0,0,0,26.0,8.88,8.15,1.86,1.99,26.0,9.42,7.31,1.5,2.13,-0.7300000000000004,,-2.11,,26.0,26.0,26.0,26.0
219,"Liang, 2021",364,PHQ-9,did,individual,per_arm_count,1,0,0,0,0,0,0,0,0,26.0,11.46,10.12,2.63,4.39,26.0,11.42,7.12,2.18,3.96,-1.340000000000002,,-4.3,,26.0,26.0,26.0,26.0
221,"Liu, 2009",366,BDI-II,did,individual,per_arm_count,0,0,1,0,0,0,0,0,0,25.0,23.4,20.9,7.6,8.6,27.0,27.7,18.2,9.1,9.5,-2.5,,-9.5,,25.0,25.0,27.0,27.0
222,"Liu, 2021",367,EPDS,did,individual,per_arm_count,0,0,1,0,0,0,0,0,0,115.0,10.95,11.45,2.75,2.73,113.0,11.24,8.11,3.05,2.18,0.5,,-3.130000000000001,,115.0,115.0,113.0,113.0
222,"Liu, 2021",368,HAMD-17,did,individual,per_arm_count,0,0,1,0,0,0,0,0,0,115.0,13.89,16.58,2.93,3.34,113.0,14.36,11.51,3.04,2.85,2.689999999999998,,-2.85,,115.0,115.0,113.0,113.0
223,"Liu, 2023",369,HAMD-24,did,individual,per_arm_count,1,0,0,0,0,0,0,0,0,69.0,10.2,10.72,2.632,3.625,70.0,10.9,5.69,2.644,2.13,0.5200000000000014,,-5.21,,69.0,69.0,70.0,70.0
224,"Liu, 2024",370,PHQ-9,did,individual,per_arm_count,1,0,0,0,0,0,0,0,0,30.0,14.77,13.77,0.86,0.97,26.0,15.54,8.85,1.61,2.77,-1.0,,-6.69,,30.0,30.0,26.0,26.0
225,"Lloyd-Williams, 2018",371,PHQ-9,did,individual,per_arm_count,0,0,0,0,0,0,1,0,0,14.0,14.6,13.4,3.499,5.15,20.0,17.6,12.6,3.81,6.6169,-1.199999999999999,,-5.000000000000002,,24.0,14.0,33.0,20.0
226,"Lök, 2019",372,CSDD,did,individual,per_arm_count,0,0,0,0,0,1,0,0,0,30.0,11.43,11.76,3.78,1.69,30.0,10.66,8.86,3.61,1.56,0.3300000000000001,,-1.800000000000001,,30.0,30.0,30.0,30.0
227,"Losada, 2015",373,CES-D,did,individual,per_arm_count,0,0,1,0,0,0,0,0,0,48.0,28.1,25.23,9.63,11.5,42.0,27.88,16.3,9.656,11.08,-2.870000000000001,,-11.58,,48.0,48.0,42.0,42.0
227,"Losada, 2015",374,CES-D,did,individual,per_arm_count,1,0,0,0,0,0,0,0,0,48.0,28.1,25.23,9.63,11.5,45.0,28.18,14.83,9.659,10.93,-2.870000000000001,,-13.35,,48.0,48.0,45.0,45.0
228,"Lovell, 2008",375,PHQ-9,did,individual,per_arm_count,0,0,1,0,0,0,0,0,0,21.0,14.79,10.81,5.1,5.8,19.0,14.96,10.21,5.7,7.3,-3.979999999999999,,-4.75,,29.0,21.0,29.0,19.0
228,"Lovell, 2008",376,BDI-II,did,individual,per_arm_count,0,0,1,0,0,0,0,0,0,23.0,29.97,22.26,8.1,12.4,19.0,27.97,18.74,8.4,12.96,-7.709999999999997,,-9.23,,29.0,23.0,29.0,19.0
229,"Lund, 2020",377,HAMD-17,did,individual,per_arm_count,0,0,0,0,0,0,1,0,0,155.0,15.5,12.8,4.69,4.53,133.0,15.7,12.6,4.82,5.51,-2.699999999999999,,-3.1,,200.0,155.0,184.0,133.0
230,"Lundgren, 2016",378,PHQ-9,did,individual,per_arm_count,0,0,1,0,0,0,0,0,0,25.0,10.6,9.8,5.0,4.3,25.0,10.8,8.6,5.7,4.6,-0.7999999999999989,,-2.200000000000001,,25.0,25.0,25.0,25.0
233,"Lynch, 2004",380,DHP-D,rct,individual,per_arm_count,0,0,0,0,0,0,0,1,0,9.0,,32.2,,24.4,9.0,,38.9,,19.0,,,,,,9.0,,9.0
233,"Lynch, 2004",381,DHP-D,rct,individual,per_arm_count,0,0,0,0,0,0,0,1,0,13.0,,37.5,,23.0,9.0,,38.9,,19.0,,,,,,13.0,,9.0
233,"Lynch, 2004",382,BDI-I,rct,individual,per_arm_count,0,0,0,0,0,0,0,1,0,13.0,,9.7,,7.8,9.0,,9.0,,5.4,,,,,,13.0,,9.0
233,"Lynch, 2004",383,BDI-I,rct,individual,per_arm_count,0,0,0,0,0,0,0,1,0,9.0,,12.6,,9.7,9.0,,9.0,,5.4,,,,,,9.0,,9.0
234,"Lynch, 2020",384,PHQ-9,did,individual,per_arm_count,0,0,0,0,0,0,1,0,0,62.0,19.69,16.56,4.78,6.84,121.0,18.99,13.42,5.14,7.47,-3.130000000000003,,-5.569999999999999,,88.0,62.0,162.0,121.0
234,"Lynch, 2020",385,HAMD-17,did,individual,per_arm_count,0,0,0,0,0,0,1,0,0,62.0,23.48,19.74,5.2,7.22,121.0,22.96,15.97,5.27,8.8,-3.740000000000002,,-6.99,,88.0,62.0,162.0,121.0
235,"MacLean, 2020",386,PHQ-9,did,individual,per_arm_count,0,0,0,0,0,0,1,0,0,46.0,15.4,12.4,5.4,6.4,47.0,14.9,11.3,6.0,6.4,-3.0,,-3.6,,48.0,46.0,47.0,47.0
236,"MacPherson, 2013",387,BDI-II,did,individual,per_arm_count,0,0,0,0,0,0,0,0,1,151.0,31.8,23.8,8.17,12.63,211.0,33.3,21.4,9.11,13.64,-8.0,,-11.9,,151.0,151.0,302.0,211.0
236,"MacPherson, 2013",388,PHQ-9,did,individual,per_arm_count,0,0,0,0,0,0,0,0,1,128.0,16.2,12.7,5.09,6.47,237.0,16.6,10.9,5.27,6.45,-3.5,,-5.700000000000001,,151.0,128.0,302.0,237.0
237,"Mahmoodi, 2021",389,BDI-II,did,individual,per_arm_count,0,0,1,0,0,0,0,0,0,19.0,23.79,24.0,7.53,7.38,23.0,25.43,16.35,9.99,5.82,0.2100000000000009,,-9.079999999999998,,19.0,19.0,23.0,23.0
237,"Mahmoodi, 2021",390,BDI-II,did,individual,per_arm_count,0,0,1,0,0,0,0,0,0,19.0,23.79,24.0,7.53,7.38,22.0,23.77,15.14,9.19,5.68,0.2100000000000009,,-8.629999999999999,,19.0,19.0,22.0,22.0
238,"Maina, 2005",391,HAMD-17,did,individual,per_arm_count,0,0,0,1,0,0,0,0,0,10.0,11.8,12.0,2.3,2.0,10.0,12.6,8.9,2.4,3.3,0.1999999999999993,,-3.699999999999999,,10.0,10.0,10.0,10.0
238,"Maina, 2005",392,HAMD-17,did,individual,per_arm_count,0,0,0,0,0,0,0,0,1,10.0,11.8,12.0,2.3,2.0,10.0,11.5,9.0,2.7,2.9,0.1999999999999993,,-2.5,,10.0,10.0,10.0,10.0
239,"Majidzadeh, 2023",393,BDI-II,did,individual,per_arm_count,0,0,1,0,0,0,0,0,0,42.0,23.3,24.5,3.2,2.8,42.0,24.4,6.7,5.0,4.3,1.199999999999999,,-17.7,,42.0,42.0,42.0,42.0
240,"Malouff, 1988",394,BDI-I,did,individual,per_arm_count,0,0,0,0,0,0,0,1,0,14.0,20.31,18.12,6.68,8.75,15.0,21.13,10.0,6.08,6.88,-2.189999999999998,,-11.13,,14.0,14.0,15.0,15.0
240,"Malouff, 1988",395,POMS-D,did,individual,per_arm_count,0,0,1,0,0,0,0,0,0,14.0,1.85,1.73,0.98,0.82,14.0,2.17,0.8,0.74,0.58,-0.1200000000000001,,-1.37,,14.0,14.0,14.0,14.0
240,"Malouff, 1988",396,POMS-D,did,individual,per_arm_count,0,0,0,0,0,0,0,1,0,14.0,1.85,1.73,0.98,0.82,15.0,2.08,0.75,0.68,0.52,-0.1200000000000001,,-1.33,,14.0,14.0,15.0,15.0
240,"Malouff, 1988",397,BDI-I,did,individual,per_arm_count,0,0,1,0,0,0,0,0,0,14.0,20.31,18.12,6.68,8.75,14.0,20.13,7.26,6.11,4.77,-2.189999999999998,,-12.87,,14.0,14.0,14.0,14.0
241,"Mansour, 2022",398,BDI-II,did,individual,per_arm_count,0,0,1,0,0,0,0,0,0,36.0,19.0,15.89,6.24,8.12,41.0,21.0,12.78,6.16,7.78,-3.109999999999999,,-8.22,,50.0,36.0,50.0,41.0
242,"Martin, 2015",399,PHQ-9,did,individual,per_arm_count,0,0,1,0,0,0,0,0,0,26.0,17.47,12.62,4.88,5.28,18.0,17.31,6.67,5.0,4.56,-4.85,,-10.64,,30.0,26.0,36.0,18.0
242,"Martin, 2015",400,BDI-II,did,individual,per_arm_count,0,0,1,0,0,0,0,0,0,26.0,33.17,28.73,9.45,9.46,18.0,30.58,13.11,8.1,8.64,-4.440000000000001,,-17.47,,30.0,26.0,36.0,18.0
243,"Matsuzaka, 2017",401,HAMD-17,did,individual,per_arm_count,0,0,0,0,1,0,0,0,0,40.0,15.93,13.03,5.56,6.56,39.0,18.3,13.31,5.83,7.08,-2.9,,-4.99,,43.0,40.0,43.0,39.0
243,"Matsuzaka, 2017",402,PHQ-9,did,individual,per_arm_count,0,0,0,0,1,0,0,0,0,40.0,16.02,11.83,4.89,5.67,39.0,17.58,11.36,5.16,6.98,-4.19,,-6.219999999999999,,43.0,40.0,43.0,39.0
245,"McCusker, 2021",404,CES-D,did,individual,per_arm_count,0,0,1,0,0,0,0,0,0,103.0,24.9,22.3,10.0,10.2,100.0,23.9,17.8,8.5,9.7,-2.599999999999998,,-6.099999999999998,,124.0,103.0,121.0,100.0
246,"McIndoo, 2016",405,BDI-II,did,individual,per_arm_count,1,0,0,0,0,0,0,0,0,14.0,30.17,25.5,13.16,11.83,20.0,29.67,16.5,9.81,12.8,-4.670000000000002,,-13.17,,14.0,14.0,20.0,20.0
246,"McIndoo, 2016",406,BDI-II,did,individual,per_arm_count,0,1,0,0,0,0,0,0,0,14.0,30.17,25.5,13.16,11.83,16.0,27.21,13.93,7.17,10.15,-4.670000000000002,,-13.28,,14.0,14.0,16.0,16.0
246,"McIndoo, 2016",407,HAMD-17,did,individual,per_arm_count,1,0,0,0,0,0,0,0,0,14.0,14.67,13.08,2.81,4.85,20.0,14.44,7.44,4.34,5.24,-1.59,,-6.999999999999999,,14.0,14.0,20.0,20.0
246,"McIndoo, 2016",408,HAMD-17,did,individual,per_arm_count,0,1,0,0,0,0,0,0,0,14.0,14.67,13.08,2.81,4.85,16.0,13.93,6.57,3.71,4.47,-1.59,,-7.359999999999999,,14.0,14.0,16.0,16.0
247,"McKee, 2006",409,BDI-II,did,individual,per_arm_count,0,0,1,0,0,0,0,0,0,20.0,22.4,12.6,7.0,7.0,21.0,20.5,12.1,6.2,6.4,-9.799999999999999,,-8.4,,43.0,20.0,57.0,21.0
248,"Mennen, 2021",410,CES-D,did,individual,per_arm_count,0,0,0,0,1,0,0,0,0,70.0,19.2,18.7,11.4,11.6,49.0,20.3,14.4,11.6,10.3,-0.5,,-5.9,,70.0,70.0,49.0,49.0
249,"Merza, 2023",411,EPDS,did,individual,per_arm_count,0,0,1,0,0,0,0,0,0,91.0,15.79,13.96,4.51,4.9,92.0,16.19,10.2,4.71,4.32,-1.829999999999998,,-5.990000000000002,,91.0,91.0,92.0,92.0
250,"Michalak, 2015",412,HAMD-24,did,individual,per_arm_count,1,0,0,0,0,0,0,0,0,32.0,23.87,21.16,6.33,8.16,26.0,23.03,17.86,6.27,10.37,-2.710000000000001,,-5.170000000000002,,35.0,32.0,36.0,26.0
250,"Michalak, 2015",413,BDI-I,did,individual,per_arm_count,1,0,0,0,0,0,0,0,0,32.0,29.76,28.34,7.42,10.27,26.0,31.31,22.69,9.55,12.11,-1.420000000000002,,-8.619999999999997,,35.0,32.0,36.0,26.0
250,"Michalak, 2015",414,BDI-I,did,individual,per_arm_count,0,0,0,0,0,0,1,0,0,32.0,29.76,28.34,7.42,10.27,28.0,30.26,22.28,7.52,12.54,-1.420000000000002,,-7.98,,35.0,32.0,35.0,28.0
250,"Michalak, 2015",415,HAMD-24,did,individual,per_arm_count,0,0,0,0,0,0,1,0,0,32.0,23.87,21.16,6.33,8.16,28.0,24.71,14.64,6.69,8.85,-2.710000000000001,,-10.07,,35.0,32.0,35.0,28.0
252,"Milgrom, 2011",416,BDI-II,did,individual,per_arm_count,0,0,1,0,0,0,0,0,0,23.0,27.9,11.0,10.8,8.0,23.0,30.9,10.4,10.7,9.5,-16.9,,-20.5,,23.0,23.0,23.0,23.0
252,"Milgrom, 2011",417,BDI-II,did,individual,per_arm_count,0,0,1,0,0,0,0,0,0,23.0,27.9,11.0,10.8,8.0,22.0,25.5,6.7,8.3,4.3,-16.9,,-18.8,,23.0,23.0,22.0,22.0
253,"Milgrom, 2015b",418,BDI-II,did,individual,per_arm_count,0,0,1,0,0,0,0,0,0,21.0,30.77,18.42,8.71,9.85,23.0,30.7,12.81,9.28,9.61,-12.35,,-17.89,,27.0,21.0,27.0,23.0
254,"Milgrom, 2016",419,BDI-II,did,individual,per_arm_count,0,0,1,0,0,0,0,0,0,22.0,26.3,23.0,8.6,7.5,21.0,25.3,14.5,6.4,12.2,-3.300000000000001,,-10.8,,22.0,22.0,21.0,21.0
255,"Milgrom, 2021",420,BDI-II,did,individual,per_arm_count,0,0,1,0,0,0,0,0,0,38.0,29.97,18.85,8.76,10.16,39.0,27.18,21.36,9.95,12.15,-11.12,,-5.82,,38.0,38.0,39.0,39.0
255,"Milgrom, 2021",421,BDI-II,did,individual,per_arm_count,0,0,1,0,0,0,0,0,0,38.0,29.97,18.85,8.76,10.16,39.0,28.1,11.63,7.91,8.96,-11.12,,-16.47,,38.0,38.0,39.0,39.0
256,"Miranda, 2003",422,HAMD-17,did,individual,per_arm_count,0,0,1,0,0,0,0,0,0,89.0,13.9,12.4,9.15,6.26,90.0,14.2,11.4,9.196,6.29,-1.5,,-2.799999999999999,,89.0,89.0,90.0,90.0
257,"Mohr, 2000",423,POMS-D,did,individual,per_arm_count,0,0,1,0,0,0,0,0,0,16.0,27.9,26.7,12.1,13.7,16.0,33.1,18.7,12.4,13.8,-1.199999999999999,,-14.4,,16.0,16.0,16.0,16.0
258,"Mohr, 2011",424,HAMD-17,did,individual,per_arm_count,0,0,1,0,0,0,0,0,0,44.0,19.23,17.0,3.72,5.68,41.0,20.83,15.43,3.96,5.51,-2.23,,-5.399999999999999,,44.0,44.0,41.0,41.0
258,"Mohr, 2011",425,PHQ-9,did,individual,per_arm_count,0,0,1,0,0,0,0,0,0,35.0,17.39,12.9,4.79,5.28,38.0,17.12,11.15,5.1,6.46,-4.49,,-5.970000000000001,,44.0,35.0,41.0,38.0
259,"Mohr, 2013",426,PHQ-9,did,individual,per_arm_count,0,0,1,0,0,0,0,0,0,33.0,15.36,12.51,4.77,4.94,34.0,15.71,9.84,4.78,5.25,-2.85,,-5.870000000000001,,33.0,33.0,34.0,34.0
260,"Moldovan, 2013",427,BDI-II,did,individual,per_arm_count,0,0,1,0,0,0,0,0,0,21.0,11.7,7.1,1.6,5.3,21.0,11.7,7.7,2.2,4.8,-4.6,,-3.999999999999999,,24.0,21.0,24.0,21.0
260,"Moldovan, 2013",428,BDI-II,did,individual,per_arm_count,0,0,1,0,0,0,0,0,0,20.0,11.3,11.0,1.9,6.1,21.0,11.7,7.7,2.2,4.8,-0.3000000000000007,,-3.999999999999999,,24.0,20.0,24.0,21.0
260,"Moldovan, 2013",429,BDI-II,did,individual,per_arm_count,0,0,1,0,0,0,0,0,0,22.0,12.7,12.0,2.3,7.9,21.0,11.7,7.7,2.2,4.8,-0.6999999999999993,,-3.999999999999999,,24.0,22.0,24.0,21.0
261,"Montero-Marin, 2016",430,BDI-II,did,individual,per_arm_count,0,0,1,0,0,0,0,0,0,67.0,21.76,17.91,5.39,11.06,64.0,21.73,17.08,4.83,10.24,-3.850000000000001,,-4.650000000000002,,67.0,67.0,64.0,64.0
262,"Moon, 2021",431,BDI-I,did,individual,per_arm_count,0,0,1,0,0,0,0,0,0,20.0,19.25,18.84,2.2,2.24,19.0,19.64,14.68,2.62,2.74,-0.4100000000000001,,-4.960000000000001,,21.0,20.0,21.0,19.0
262,"Moon, 2021",432,HAMD-17,did,individual,per_arm_count,0,0,1,0,0,0,0,0,0,20.0,16.92,16.55,2.18,2.26,19.0,16.78,10.63,1.84,3.0,-0.370000000000001,,-6.15,,21.0,20.0,21.0,19.0
264,"Mueller-Weinitschke, 2023",433,QIDS,did,individual,per_arm_count,0,1,0,0,0,0,0,0,0,64.0,12.9,11.6,4.0,4.8,64.0,12.3,7.8,4.0,4.8,-1.300000000000001,,-4.500000000000001,,64.0,64.0,64.0,64.0
264,"Mueller-Weinitschke, 2023",434,PHQ-9,did,individual,per_arm_count,0,1,0,0,0,0,0,0,0,64.0,16.3,13.5,3.2,4.0,64.0,15.6,9.2,3.2,4.8,-2.800000000000001,,-6.4,,64.0,64.0,64.0,64.0
265,"Mukhtar, 2011",435,BDI-I,did,individual,per_arm_count,0,0,1,0,0,0,0,0,0,55.0,34.53,36.64,5.022,7.163,58.0,34.24,4.33,5.47,6.12,2.109999999999999,,-29.91,,55.0,55.0,58.0,58.0
266,"Mulcahy, 2010",436,HAMD-17,did,individual,per_arm_count,0,0,0,0,1,0,0,0,0,27.0,16.03,12.81,4.01,6.54,23.0,15.82,9.52,3.0,5.35,-3.220000000000001,,-6.300000000000001,,27.0,27.0,23.0,23.0
266,"Mulcahy, 2010",437,EPDS,did,individual,per_arm_count,0,0,0,0,1,0,0,0,0,27.0,16.11,13.77,3.72,5.8,23.0,17.56,10.34,3.97,4.76,-2.34,,-7.219999999999999,,27.0,27.0,30.033,23.0
266,"Mulcahy, 2010",438,BDI-II,did,individual,per_arm_count,0,0,0,0,1,0,0,0,0,27.0,28.33,23.11,9.02,10.64,23.0,29.48,16.95,9.94,8.14,-5.219999999999999,,-12.53,,27.0,27.0,23.0,23.0
267,"Musa, 2021",439,BDI-II,did,individual,per_arm_count,1,0,0,0,0,0,0,0,0,50.0,29.5,24.9,7.35,2.97,50.0,32.7,22.5,6.35,6.19,-4.600000000000001,,-10.2,,51.0,50.0,50.0,50.0
268,"Mynors-Wallis, 1995",440,HAMD-17,did,individual,per_arm_count,0,0,0,0,0,0,0,1,0,26.0,18.4,11.8,3.6,7.3,29.0,19.4,7.1,4.9,6.7,-6.599999999999998,,-12.3,,26.0,26.0,29.0,29.0
268,"Mynors-Wallis, 1995",441,BDI-I,did,individual,per_arm_count,0,0,0,0,0,0,0,1,0,26.0,25.9,16.8,8.5,12.4,29.0,26.5,9.0,9.9,9.9,-9.099999999999998,,-17.5,,26.0,26.0,29.0,29.0
269,"Nadort, 2022",442,BDI-II,did,individual,per_arm_count,0,0,0,0,0,0,0,1,0,68.0,19.0,15.2,8.1,7.7,54.0,19.0,14.7,7.2,8.5,-3.800000000000001,,-4.300000000000001,,101.0,68.0,89.0,54.0
270,"Naeem, 2013",443,HADS-D,did,individual,per_arm_count,0,0,1,0,0,0,0,0,0,89.0,13.3,10.4,2.7,3.9,94.0,13.0,6.2,3.4,3.6,-2.9,,-6.8,,89.0,89.0,94.0,94.0
271,"Naeem, 2015",444,HADS-D,did,individual,per_arm_count,0,0,1,0,0,0,0,0,0,68.0,15.1,7.6,3.9,3.6,69.0,15.3,4.4,3.4,3.8,-7.5,,-10.9,,68.0,68.0,69.0,69.0
272,"Nakagawa, 2017",445,QIDS,did,individual,per_arm_count,0,0,1,0,0,0,0,0,0,40.0,14.0,8.7,4.0,5.3,40.0,13.8,8.1,4.6,5.8,-5.300000000000001,,-5.700000000000001,,40.0,40.0,40.0,40.0
272,"Nakagawa, 2017",446,BDI-II,did,individual,per_arm_count,0,0,1,0,0,0,0,0,0,40.0,27.2,17.9,9.7,12.0,40.0,27.0,15.0,10.4,11.8,-9.3,,-12.0,,40.0,40.0,40.0,40.0
272,"Nakagawa, 2017",447,HAMD-17,did,individual,per_arm_count,0,0,1,0,0,0,0,0,0,40.0,20.8,13.2,3.4,6.9,40.0,20.9,8.2,3.4,4.7,-7.600000000000001,,-12.7,,40.0,40.0,40.0,40.0
273,"Nakimuli-Mpungu, 2015",448,SRQ-20,did,individual,per_arm_count,0,0,0,0,0,0,1,0,0,52.0,15.57,5.67,3.28,3.46,57.0,15.39,5.48,3.4,3.62,-9.9,,-9.91,,52.0,52.0,57.0,57.0
275,"Nasrin, 2017",449,PHQ-9,did,individual,per_arm_count,0,1,0,0,0,0,0,0,0,17.0,17.0,23.85,4.23,8.92,19.0,16.15,10.75,4.78,5.6,6.850000000000001,,-5.399999999999999,,17.0,17.0,19.0,19.0
276,"Neugebauer, 2006",450,HAMD-17,did,individual,per_arm_count,0,0,0,0,1,0,0,0,0,9.0,14.8,12.9,6.6,8.3,10.0,18.0,11.6,8.4,8.2,-1.9,,-6.4,,9.0,9.0,10.0,10.0
277,"Newby, 2013",451,PHQ-9,did,individual,per_arm_count,0,0,1,0,0,0,0,0,0,53.0,11.62,10.41,4.8,4.88,43.0,10.39,5.76,3.9,4.24,-1.209999999999999,,-4.630000000000001,,53.0,53.0,46.0,43.0
278,"Newby, 2014",452,BDI-II,did,individual,per_arm_count,0,0,1,0,0,0,0,0,0,20.0,26.74,25.21,8.17,10.55,20.0,30.16,24.05,8.27,12.44,-1.529999999999998,,-6.109999999999999,,20.0,20.0,20.0,20.0
279,"Newby, 2017",453,PHQ-9,did,individual,per_arm_count,0,0,1,0,0,0,0,0,0,46.0,14.29,11.7,5.25,5.15,31.0,15.95,7.72,5.25,4.96,-2.59,,-8.23,,49.0,46.0,41.0,31.0
279,"Newby, 2017",454,K-10,did,individual,per_arm_count,0,0,1,0,0,0,0,0,0,46.0,29.39,26.28,6.51,6.44,31.0,30.73,19.54,6.47,6.12,-3.109999999999999,,-11.19,,49.0,46.0,41.0,31.0
280,"Nezu, 1986",455,BDI-I,did,individual,per_arm_count,0,0,0,0,0,0,0,1,0,6.0,20.67,21.0,5.39,6.27,9.0,23.22,18.0,6.59,7.48,0.3299999999999983,,-5.219999999999999,,6.0,6.0,9.0,9.0
280,"Nezu, 1986",456,MMPI-D,did,individual,per_arm_count,0,0,0,0,0,0,0,1,0,6.0,78.67,76.33,7.05,4.89,9.0,80.44,67.32,6.44,6.61,-2.340000000000003,,-13.12,,6.0,6.0,9.0,9.0
280,"Nezu, 1986",457,BDI-I,did,individual,per_arm_count,0,0,0,0,0,0,0,1,0,6.0,20.67,21.0,5.39,6.27,11.0,23.91,9.82,7.09,4.71,0.3299999999999983,,-14.09,,6.0,6.0,11.0,11.0
280,"Nezu, 1986",458,MMPI-D,did,individual,per_arm_count,0,0,0,0,0,0,0,1,0,6.0,78.67,76.33,7.05,4.89,11.0,81.36,54.27,8.12,4.62,-2.340000000000003,,-27.09,,6.0,6.0,11.0,11.0
281,"Nezu, 1989",459,HAMD-17,did,individual,per_arm_count,0,0,0,0,0,0,0,1,0,11.0,25.91,21.0,4.09,5.46,14.0,25.29,13.07,5.51,6.12,-4.91,,-12.22,,11.0,11.0,14.0,14.0
281,"Nezu, 1989",460,BDI-I,did,individual,per_arm_count,0,0,0,0,0,0,0,1,0,11.0,27.27,24.73,4.29,7.76,14.0,27.71,13.0,6.43,4.84,-2.539999999999999,,-14.71,,11.0,11.0,14.0,14.0
281,"Nezu, 1989",461,HAMD-17,did,individual,per_arm_count,0,0,0,0,0,0,0,1,0,11.0,25.91,21.0,4.09,5.46,14.0,24.07,7.71,2.97,4.46,-4.91,,-16.36,,11.0,11.0,14.0,14.0
281,"Nezu, 1989",462,BDI-I,did,individual,per_arm_count,0,0,0,0,0,0,0,1,0,11.0,27.27,24.73,4.29,7.76,14.0,26.0,6.57,2.96,3.29,-2.539999999999999,,-19.43,,11.0,11.0,14.0,14.0
282,"Ng, 2013",463,GDS,did,individual,per_arm_count,0,0,0,0,0,1,0,0,0,12.0,6.3,5.3,2.5,2.1,14.0,7.9,2.5,3.0,1.7,-1.0,,-5.4,,12.0,12.0,14.0,14.0
283,"Ngai, 2015",464,EPDS,did,individual,per_arm_count,0,0,1,0,0,0,0,0,0,200.0,12.815,11.43,17.68,7.78,197.0,12.52,7.98,17.54,7.79,-1.385,,-4.539999999999999,,200.0,200.0,197.0,197.0
284,"Niedermoser, 2020",465,BDI-II,did,individual,per_arm_count,0,0,0,0,1,0,0,0,0,13.0,28.23,21.92,12.23,13.81,14.0,24.07,16.14,8.11,8.74,-6.309999999999999,,-7.93,,13.0,13.0,14.0,14.0
284,"Niedermoser, 2020",466,HAMD-24,did,individual,per_arm_count,0,0,0,0,1,0,0,0,0,13.0,27.46,23.85,12.18,15.88,14.0,25.5,16.36,4.88,9.16,-3.609999999999999,,-9.14,,13.0,13.0,14.0,14.0
285,"Nobis, 2015",467,HADS-D,did,individual,per_arm_count,0,0,0,0,0,0,1,0,0,127.0,11.69,11.26,3.08,3.72,129.0,11.99,8.12,3.23,3.92,-0.4299999999999997,,-3.870000000000001,,127.0,127.0,129.0,129.0
285,"Nobis, 2015",468,CES-D,did,individual,per_arm_count,0,0,0,0,0,0,1,0,0,127.0,31.53,28.9,7.51,8.65,129.0,32.17,21.08,6.95,8.84,-2.630000000000003,,-11.09,,127.0,127.0,129.0,129.0
287,"Noone, 2022",469,PHQ-9,did,individual,per_arm_count,1,0,0,0,0,0,0,0,0,19.0,17.3,11.49,5.14,4.67,10.0,13.17,11.4,4.26,5.21,-5.81,,-1.77,,10.0,19.0,10.0,10.0
287,"Noone, 2022",470,CSDD,did,individual,per_arm_count,1,0,0,0,0,0,0,0,0,10.0,13.6,11.33,4.06,3.64,10.0,11.9,10.2,5.38,5.34,-2.27,,-1.700000000000001,,10.0,10.0,10.0,10.0
288,"Northwood, 2020",471,HSCL-D,did,individual,per_arm_count,0,0,0,0,0,0,1,0,0,102.0,52.78,51.42,5.25,5.51,112.0,52.66,45.96,5.53,6.27,-1.359999999999999,,-6.699999999999996,,102.0,102.0,112.0,112.0
289,"Nyström, 2017",472,PHQ-9,did,individual,per_arm_count,0,1,0,0,0,0,0,0,0,53.0,12.01,9.26,5.08,6.45,49.0,13.31,5.29,4.65,5.63,-2.75,,-8.02,,53.0,53.0,49.0,49.0
289,"Nyström, 2017",473,PHQ-9,did,individual,per_arm_count,0,1,0,0,0,0,0,0,0,53.0,12.01,9.26,5.08,6.45,63.0,12.77,4.53,3.99,2.83,-2.75,,-8.239999999999998,,53.0,53.0,63.0,63.0
290,"O'Hara, 2000",474,BDI-I,did,individual,per_arm_count,0,0,0,0,1,0,0,0,0,51.0,23.0,19.2,6.9,8.7,48.0,23.6,10.6,7.2,6.8,-3.800000000000001,,-13.0,,51.0,51.0,48.0,48.0
290,"O'Hara, 2000",475,HAMD-17,did,individual,per_arm_count,0,0,0,0,1,0,0,0,0,51.0,19.8,16.8,5.3,8.4,48.0,19.4,8.3,4.6,5.3,-3.0,,-11.1,,51.0,51.0,48.0,48.0
291,"O'Mahen, 2013a",476,BDI-II,did,individual,per_arm_count,0,0,1,0,0,0,0,0,0,25.0,26.56,23.39,6.52,2.31,30.0,29.93,15.19,9.66,2.12,-3.169999999999998,,-14.74,,25.0,25.0,30.0,30.0
292,"O'Neil, 2014",477,CDS,did,individual,per_arm_count,0,0,1,0,0,0,0,0,0,60.0,88.2,85.8,25.0,25.8,61.0,94.2,89.1,26.3,28.6,-2.400000000000006,,-5.100000000000009,,60.0,60.0,61.0,61.0
292,"O'Neil, 2014",478,PHQ-9,did,individual,per_arm_count,0,0,1,0,0,0,0,0,0,60.0,9.4,8.1,5.2,5.8,61.0,9.0,6.1,5.4,5.5,-1.300000000000001,,-2.9,,60.0,60.0,61.0,61.0
293,"Oehler, 2020",479,PHQ-9,did,individual,per_arm_count,0,0,1,0,0,0,0,0,0,129.0,9.7,7.4,3.3,3.7,133.0,9.1,6.9,3.6,3.7,-2.299999999999999,,-2.199999999999999,,173.0,129.0,173.0,133.0
293,"Oehler, 2020",480,IDS,did,individual,per_arm_count,0,0,1,0,0,0,0,0,0,129.0,27.9,23.1,8.8,10.3,135.0,27.5,20.8,8.9,9.4,-4.799999999999997,,-6.699999999999999,,174.0,129.0,173.0,135.0
294,"Okeke, 2023",481,HAMD-17,did,individual,per_arm_count,0,0,0,0,0,0,1,0,0,35.0,46.43,36.6,3.17,4.69,35.0,46.4,14.14,3.52,3.73,-9.829999999999998,,-32.26,,35.0,35.0,35.0,35.0
295,"Olukolade, 2017",482,BDI-II,rct,individual,per_arm_count,0,0,0,0,0,0,1,0,0,10.0,14.8,13.3,,5.45,10.0,17.3,14.3,,7.64,-1.5,,-3.0,,10.0,10.0,10.0,10.0
295,"Olukolade, 2017",483,BDI-II,rct,individual,per_arm_count,0,0,1,0,0,0,0,0,0,10.0,14.8,13.3,,5.45,10.0,16.0,4.9,,2.07,-1.5,,-11.1,,10.0,10.0,10.0,10.0
296,"Omidi, 2013",484,BSI-D,did,individual,per_arm_count,1,0,0,0,0,0,0,0,0,30.0,2.18,1.96,0.85,0.86,30.0,2.05,0.79,0.84,0.63,-0.2200000000000002,,-1.26,,30.0,30.0,30.0,30.0
296,"Omidi, 2013",485,BSI-D,did,individual,per_arm_count,0,0,1,0,0,0,0,0,0,30.0,2.18,1.96,0.85,0.86,30.0,2.18,0.79,0.57,0.51,-0.2200000000000002,,-1.39,,30.0,30.0,30.0,30.0
297,"Onuigbo, 2019",486,BDI-II,did,individual,per_arm_count,0,0,1,0,0,0,0,0,0,32.0,32.25,32.29,15.43,15.12,33.0,30.82,12.91,16.53,4.25,0.03999999999999915,,-17.91,,32.0,32.0,33.0,33.0
298,"Otu, 2023",487,BDI-II,did,individual,per_arm_count,0,0,1,0,0,0,0,0,0,48.0,57.23,52.24,4.17,27.78,49.0,55.2,15.23,1.61,1.4,-4.989999999999995,,-39.97,,48.0,48.0,49.0,49.0
299,"Pace, 1993",488,BDI-I,did,individual,per_arm_count,0,0,1,0,0,0,0,0,0,43.0,15.95,11.83,5.02,8.9,31.0,18.16,6.06,5.08,5.6,-4.119999999999999,,-12.1,,43.0,43.0,31.0,31.0
302,"Patel, 2017",490,BDI-II,rct,individual,per_arm_count,0,1,0,0,0,0,0,0,0,236.0,,27.52,,13.26,230.0,,19.99,,15.7,,,,,,236.0,,230.0
303,"Pecheur, 1984",491,BDI-I,did,individual,per_arm_count,0,0,1,0,0,0,0,0,0,7.0,22.1,19.6,5.7,8.4,7.0,23.3,8.1,5.4,3.1,-2.5,,-15.2,,7.0,7.0,7.0,7.0
303,"Pecheur, 1984",492,HAMD-17,did,individual,per_arm_count,0,0,1,0,0,0,0,0,0,7.0,35.4,36.3,9.8,8.4,7.0,35.1,19.7,7.4,8.6,0.8999999999999986,,-15.4,,7.0,7.0,7.0,7.0
303,"Pecheur, 1984",493,BDI-I,did,individual,per_arm_count,0,0,1,0,0,0,0,0,0,7.0,22.1,19.6,5.7,8.4,7.0,22.7,6.1,4.9,3.9,-2.5,,-16.6,,7.0,7.0,7.0,7.0
303,"Pecheur, 1984",494,HAMD-17,did,individual,per_arm_count,0,0,1,0,0,0,0,0,0,7.0,35.4,36.3,9.8,8.4,7.0,34.0,16.9,7.2,7.7,0.8999999999999986,,-17.1,,7.0,7.0,7.0,7.0
305,"Pellas, 2022",495,PHQ-9,did,individual,per_arm_count,0,1,0,0,0,0,0,0,0,18.0,9.75,10.72,5.59,7.51,19.0,9.65,6.95,5.06,5.49,0.9700000000000006,,-2.7,,20.0,18.0,20.0,19.0
305,"Pellas, 2022",496,GDS,did,individual,per_arm_count,0,1,0,0,0,0,0,0,0,18.0,8.05,8.39,2.14,2.62,20.0,8.45,6.1,2.76,3.84,0.3399999999999999,,-2.35,,20.0,18.0,20.0,20.0
305,"Pellas, 2022",497,MADRS,did,individual,per_arm_count,0,1,0,0,0,0,0,0,0,18.0,18.2,19.33,5.36,8.96,20.0,17.3,12.45,6.88,7.21,1.129999999999999,,-4.850000000000001,,20.0,18.0,20.0,20.0
306,"Penckofer, 2012",498,CES-D,did,individual,per_arm_count,0,0,1,0,0,0,0,0,0,36.0,28.9,23.1,9.5,11.4,29.0,27.7,15.2,9.3,7.9,-5.799999999999997,,-12.5,,36.0,36.0,38.0,29.0
307,"Perini, 2009",499,K-10,did,individual,per_arm_count,0,0,1,0,0,0,0,0,0,17.0,28.18,25.24,4.77,5.91,27.0,28.15,23.7,4.7,7.29,-2.940000000000001,,-4.449999999999999,,17.0,17.0,27.0,27.0
307,"Perini, 2009",500,BDI-II,did,individual,per_arm_count,0,0,1,0,0,0,0,0,0,17.0,27.24,23.33,6.18,9.29,27.0,27.3,17.3,7.3,9.86,-3.91,,-10.0,,17.0,17.0,27.0,27.0
307,"Perini, 2009",501,PHQ-9,did,individual,per_arm_count,0,0,1,0,0,0,0,0,0,18.0,14.72,14.11,3.91,4.21,27.0,13.78,9.59,4.53,5.82,-0.6100000000000012,,-4.19,,18.0,18.0,27.0,27.0
308,"Petersen, 2014",502,PHQ-9,did,individual,per_arm_count,0,0,0,0,1,0,0,0,0,17.0,15.18,11.06,5.46,4.58,17.0,15.47,6.94,4.46,4.14,-4.119999999999999,,-8.530000000000001,,17.0,17.0,17.0,17.0
310,"Pibernik-Okanovic, 2015",503,CES-D,did,individual,per_arm_count,0,0,1,0,0,0,0,0,0,57.0,19.0,17.4,8.6,9.0,64.0,19.7,16.7,9.1,7.9,-1.600000000000001,,-3.0,,57.0,57.0,64.0,64.0
311,"Piers, 2023",504,BDI-II,did,individual,per_arm_count,0,0,1,0,0,0,0,0,0,6.0,21.6,17.6,9.0,4.2,6.0,19.8,9.9,4.2,4.6,-4.0,,-9.9,,6.0,6.0,6.0,6.0
313,"Pinniger, 2012",506,DASS-D,did,individual,per_arm_count,0,0,0,0,0,0,1,0,0,29.0,18.62,16.92,11.98,9.74,16.0,18.5,10.63,11.23,12.47,-1.699999999999999,,-7.869999999999999,,29.0,29.0,16.0,16.0
314,"Poleshuck, 2014",507,BDI-I,did,individual,per_arm_count,0,0,0,0,1,0,0,0,0,24.0,29.4,23.6,8.5,12.3,26.0,29.5,21.9,9.3,13.3,-5.799999999999997,,-7.600000000000001,,28.0,24.0,33.0,26.0
314,"Poleshuck, 2014",508,HAMD-17,did,individual,per_arm_count,0,0,0,0,1,0,0,0,0,24.0,18.3,15.4,4.2,9.0,27.0,18.4,13.6,3.5,7.8,-2.9,,-4.799999999999999,,28.0,24.0,33.0,27.0
315,"Pot, 2010",509,CES-D,did,individual,per_arm_count,0,0,0,0,0,1,0,0,0,88.0,20.07,18.17,7.59,8.95,83.0,21.31,14.97,7.68,7.4,-1.899999999999999,,-6.339999999999998,,88.0,88.0,83.0,83.0
316,"Pots, 2014",510,CES-D,did,individual,per_arm_count,1,0,0,0,0,0,0,0,0,75.0,16.46,16.43,8.32,9.94,76.0,15.62,11.79,7.86,8.76,-0.03000000000000114,,-3.83,,75.0,75.0,76.0,76.0
317,"Pots, 2016",511,CES-D,did,individual,per_arm_count,1,0,0,0,0,0,0,0,0,87.0,26.51,19.34,8.16,8.55,82.0,26.7,14.68,8.02,8.05,-7.170000000000002,,-12.02,,87.0,87.0,82.0,82.0
318,"Pott, 2022",512,PHQ-9,did,individual,per_arm_count,0,1,0,0,0,0,0,0,0,17.0,18.82,17.06,4.0,4.12,17.0,18.47,15.94,4.06,7.76,-1.760000000000002,,-2.529999999999999,,17.0,17.0,17.0,17.0
319,"Power, 2012",513,BDI-I,did,individual,per_arm_count,0,0,1,0,0,0,0,0,0,10.0,31.2,23.6,9.91,14.841,22.0,29.82,18.14,7.896,14.701,-7.599999999999998,,-11.68,,10.0,10.0,22.0,22.0
319,"Power, 2012",514,BDI-I,did,individual,per_arm_count,0,0,0,0,1,0,0,0,0,10.0,31.2,23.6,9.91,14.841,39.0,30.79,14.15,8.971,13.941,-7.599999999999998,,-16.64,,10.0,10.0,39.0,39.0
320,"Powers, 2023",515,PHQ-9,did,individual,per_arm_count,1,0,0,0,0,0,0,0,0,15.0,18.5,14.01,4.37,5.92,11.0,16.82,10.09,4.99,7.01,-4.49,,-6.73,,16.0,15.0,18.0,11.0
321,"Prendergast, 2001",516,EPDS,did,individual,per_arm_count,0,0,1,0,0,0,0,0,0,20.0,13.7,6.5,2.3,6.2,17.0,15.9,8.1,2.8,2.9,-7.199999999999999,,-7.800000000000001,,20.0,20.0,17.0,17.0
321,"Prendergast, 2001",517,MADRS,did,individual,per_arm_count,0,0,1,0,0,0,0,0,0,20.0,20.0,12.1,5.0,8.3,17.0,21.7,8.4,3.6,5.3,-7.9,,-13.3,,20.0,20.0,17.0,17.0
322,"Preschl, 2012",518,BDI-II,did,individual,per_arm_count,0,0,0,0,0,1,0,0,0,16.0,16.5,15.1,5.6,7.8,20.0,19.0,10.0,6.6,6.3,-1.4,,-9.0,,16.0,16.0,20.0,20.0
323,"Propst, 1992",519,BDI-I,did,,,0,0,1,0,0,0,0,0,0,10.0,19.1,7.8,9.11,6.14,10.0,20.5,10.3,7.57,4.34,-11.3,,-10.2,,10.0,10.0,10.0,10.0
323,"Propst, 1992",520,HAMD-17,did,,,0,0,1,0,0,0,0,0,0,10.0,17.6,9.0,5.27,4.09,10.0,16.3,9.7,2.94,2.04,-8.600000000000001,,-6.600000000000001,,10.0,10.0,10.0,10.0
323,"Propst, 1992",521,HAMD-17,did,,,0,0,1,0,0,0,0,0,0,10.0,17.6,9.0,5.27,4.09,10.0,16.65,10.2,5.71,6.89,-8.600000000000001,,-6.449999999999999,,10.0,10.0,10.0,10.0
323,"Propst, 1992",522,HAMD-17,did,,,0,0,1,0,0,0,0,0,0,10.0,17.6,9.0,5.27,4.09,9.0,16.72,9.38,5.64,4.78,-8.600000000000001,,-7.339999999999998,,10.0,10.0,9.0,9.0
323,"Propst, 1992",523,BDI-I,did,,,0,0,1,0,0,0,0,0,0,10.0,19.1,7.8,9.11,6.14,10.0,16.5,6.7,6.34,6.48,-11.3,,-9.8,,10.0,10.0,10.0,10.0
323,"Propst, 1992",524,HAMD-17,did,,,0,0,1,0,0,0,0,0,0,10.0,17.6,9.0,5.27,4.09,9.0,16.72,7.88,4.31,5.4,-8.600000000000001,,-8.84,,10.0,10.0,9.0,9.0
323,"Propst, 1992",525,BDI-I,did,,,0,0,1,0,0,0,0,0,0,11.0,17.27,13.54,7.1,8.03,10.0,20.5,10.3,7.57,4.34,-3.73,,-10.2,,11.0,11.0,10.0,10.0
323,"Propst, 1992",526,BDI-I,did,,,0,0,1,0,0,0,0,0,0,10.0,19.1,7.8,9.11,6.14,9.0,14.55,5.0,6.4,4.71,-11.3,,-9.55,,10.0,10.0,9.0,9.0
323,"Propst, 1992",527,HAMD-17,did,,,0,0,1,0,0,0,0,0,0,11.0,17.18,13.72,2.48,6.08,10.0,16.65,10.2,5.71,6.89,-3.459999999999999,,-6.449999999999999,,11.0,11.0,10.0,10.0
323,"Propst, 1992",528,HAMD-17,did,,,0,0,1,0,0,0,0,0,0,11.0,17.18,13.72,2.48,6.08,9.0,16.72,9.38,5.64,4.78,-3.459999999999999,,-7.339999999999998,,11.0,11.0,9.0,9.0
323,"Propst, 1992",529,BDI-I,did,,,0,0,1,0,0,0,0,0,0,10.0,19.1,7.8,9.11,6.14,9.0,17.44,3.11,11.06,5.66,-11.3,,-14.33,,10.0,10.0,9.0,9.0
323,"Propst, 1992",530,HAMD-17,did,,,0,0,1,0,0,0,0,0,0,11.0,17.18,13.72,2.48,6.08,10.0,16.3,9.7,2.94,2.04,-3.459999999999999,,-6.600000000000001,,11.0,11.0,10.0,10.0
323,"Propst, 1992",531,BDI-I,did,,,0,0,1,0,0,0,0,0,0,11.0,17.27,13.54,7.1,8.03,10.0,16.5,6.7,6.34,6.48,-3.73,,-9.8,,11.0,11.0,10.0,10.0
323,"Propst, 1992",532,HAMD-17,did,,,0,0,1,0,0,0,0,0,0,11.0,17.18,13.72,2.48,6.08,9.0,16.72,7.88,4.31,5.4,-3.459999999999999,,-8.84,,11.0,11.0,9.0,9.0
323,"Propst, 1992",533,BDI-I,did,,,0,0,1,0,0,0,0,0,0,11.0,17.27,13.54,7.1,8.03,9.0,14.55,5.0,6.4,4.71,-3.73,,-9.55,,11.0,11.0,9.0,9.0
323,"Propst, 1992",534,BDI-I,did,,,0,0,1,0,0,0,0,0,0,11.0,17.27,13.54,7.1,8.03,9.0,17.44,3.11,11.06,5.66,-3.73,,-14.33,,11.0,11.0,9.0,9.0
324,"Psaros, 2022",535,EPDS,did,individual,per_arm_count,0,0,0,0,0,0,0,1,0,6.0,20.3,11.8,6.1,9.0,12.0,20.8,1.2,5.7,1.7,-8.5,,-19.6,,9.0,6.0,14.0,12.0
325,"Psarraki, 2021",536,DASS-D,did,individual,per_arm_count,0,0,0,0,0,0,1,0,0,32.0,21.31,18.41,13.96,12.66,30.0,20.64,13.31,12.66,9.71,-2.899999999999999,,-7.33,,35.0,32.0,34.0,30.0
325,"Psarraki, 2021",537,BDI-II,did,individual,per_arm_count,0,0,0,0,0,0,1,0,0,32.0,22.97,22.28,13.3,13.45,30.0,20.8,14.7,11.4,9.77,-0.6899999999999977,,-6.100000000000001,,35.0,32.0,34.0,30.0
326,"Puckering, 2010",538,EPDS,did,individual,per_arm_count,0,0,0,0,0,0,1,0,0,4.0,15.7,17.4,7.1,8.0,10.0,18.8,11.9,4.7,5.6,1.699999999999999,,-6.9,,6.0,4.0,11.0,10.0
327,"Pugh, 2016",539,DASS-D,did,individual,per_arm_count,0,0,1,0,0,0,0,0,0,21.0,15.39,11.52,9.07,8.39,19.0,15.2,5.05,7.14,5.67,-3.870000000000001,,-10.15,,24.0,21.0,25.0,19.0
327,"Pugh, 2016",540,EPDS,did,individual,per_arm_count,0,0,1,0,0,0,0,0,0,21.0,15.13,12.71,4.06,3.7,19.0,14.92,8.68,4.32,3.8,-2.42,,-6.24,,24.0,21.0,25.0,19.0
328,"Qiu, 2013",541,HAMD-17,did,individual,per_arm_count,0,0,1,0,0,0,0,0,0,31.0,20.68,15.06,3.18,5.09,31.0,20.61,6.03,2.68,2.82,-5.619999999999999,,-14.58,,31.0,31.0,31.0,31.0
329,"Raevuori, 2021",542,PHQ-9,did,individual,per_arm_count,0,0,0,0,0,0,1,0,0,61.0,11.56,8.57,4.6,5.0,63.0,12.44,9.89,4.2,5.16,-2.99,,-2.549999999999999,,61.0,61.0,63.0,63.0
330,"Rahman, 2008",543,HAMD-17,did,individual,per_arm_count,0,0,1,0,0,0,0,0,0,400.0,14.4,8.7,4.0,7.4,418.0,14.8,4.5,4.2,6.0,-5.700000000000001,,-10.3,,440.0,400.0,463.0,418.0
331,"Raji, 2022",544,BDI-II,did,individual,per_arm_count,0,0,0,0,0,0,1,0,0,44.0,21.7,17.7,6.9,7.0,46.0,23.4,10.7,7.2,6.1,-4.0,,-12.7,,44.0,44.0,46.0,46.0
332,"Ransom, 2008",545,BDI-II,did,individual,per_arm_count,0,0,0,0,1,0,0,0,0,38.0,26.1,25.6,10.8,13.5,41.0,28.7,23.5,11.2,12.5,-0.5,,-5.199999999999999,,38.0,38.0,41.0,41.0
333,"Raue, 2019",546,HAMD-17,did,individual,per_arm_count,0,1,0,0,0,0,0,0,0,8.0,18.6,18.6,4.0,7.5,6.0,21.2,13.2,3.7,4.3,0.0,,-8.0,,10.0,8.0,8.0,6.0
334,"Raya-Tena, 2021",547,BDI-II,did,individual,per_arm_count,0,0,0,0,0,0,1,0,0,176.0,19.3,15.4,5.2,8.1,204.0,19.7,14.9,5.2,8.2,-3.9,,-4.799999999999999,,176.0,176.0,204.0,204.0
335,"Rehm, 1981",548,BDI-I,did,individual,per_arm_count,0,0,0,0,0,0,1,0,0,14.0,26.0,21.87,7.72,8.2,6.0,31.16,20.89,5.35,12.12,-4.129999999999999,,-10.27,,15.0,14.0,9.0,6.0
335,"Rehm, 1981",549,HAMD-17,did,individual,per_arm_count,0,0,0,0,0,0,1,0,0,14.0,18.5,14.27,4.56,7.09,12.0,18.92,13.08,4.96,7.09,-4.23,,-5.840000000000002,,15.0,14.0,12.0,12.0
335,"Rehm, 1981",550,BDI-I,did,individual,per_arm_count,0,0,0,0,0,0,1,0,0,14.0,26.0,21.87,7.72,8.2,11.0,29.63,19.64,8.11,12.12,-4.129999999999999,,-9.989999999999998,,15.0,14.0,11.0,11.0
335,"Rehm, 1981",551,MMPI-D,did,individual,per_arm_count,0,0,0,0,0,0,1,0,0,14.0,88.31,84.33,9.4,12.43,6.0,86.75,80.0,6.85,14.51,-3.980000000000004,,-6.75,,15.0,14.0,9.0,6.0
335,"Rehm, 1981",552,BDI-I,did,individual,per_arm_count,0,0,0,0,0,0,1,0,0,14.0,26.0,21.87,7.72,8.2,12.0,26.41,18.0,5.72,11.33,-4.129999999999999,,-8.41,,15.0,14.0,12.0,12.0
335,"Rehm, 1981",553,HAMD-17,did,individual,per_arm_count,0,0,0,0,0,0,1,0,0,14.0,18.5,14.27,4.56,7.09,11.0,18.64,10.73,4.03,6.92,-4.23,,-7.91,,15.0,14.0,11.0,11.0
335,"Rehm, 1981",554,MMPI-D,did,individual,per_arm_count,0,0,0,0,0,0,1,0,0,14.0,88.31,84.33,9.4,12.43,11.0,88.63,75.73,9.11,17.03,-3.980000000000004,,-12.89999999999999,,15.0,14.0,11.0,11.0
335,"Rehm, 1981",555,HAMD-17,did,individual,per_arm_count,0,0,0,0,0,0,1,0,0,14.0,18.5,14.27,4.56,7.09,6.0,20.08,10.0,8.71,6.73,-4.23,,-10.08,,15.0,14.0,9.0,6.0
335,"Rehm, 1981",556,MMPI-D,did,individual,per_arm_count,0,0,0,0,0,0,1,0,0,14.0,88.31,84.33,9.4,12.43,12.0,88.0,73.67,8.29,18.33,-3.980000000000004,,-14.33,,15.0,14.0,12.0,12.0
335,"Rehm, 1981",557,HAMD-17,did,individual,per_arm_count,0,0,0,0,0,0,1,0,0,14.0,18.5,14.27,4.56,7.09,6.0,17.5,9.33,4.68,6.1,-4.23,,-8.17,,15.0,14.0,9.0,6.0
335,"Rehm, 1981",558,MMPI-D,did,individual,per_arm_count,0,0,0,0,0,0,1,0,0,14.0,88.31,84.33,9.4,12.43,6.0,85.16,74.78,11.61,14.59,-3.980000000000004,,-10.38,,15.0,14.0,9.0,6.0
335,"Rehm, 1981",559,BDI-I,did,individual,per_arm_count,0,0,0,0,0,0,1,0,0,14.0,26.0,21.87,7.72,8.2,6.0,27.91,11.56,8.94,6.23,-4.129999999999999,,-16.35,,15.0,14.0,9.0,6.0
336,"Reins, 2019",560,PHQ-9,did,individual,per_arm_count,0,0,0,0,0,0,1,0,0,66.0,16.06,12.11,4.31,5.44,65.0,15.72,10.62,4.41,4.99,-3.949999999999999,,-5.100000000000001,,66.0,66.0,65.0,65.0
336,"Reins, 2019",561,QIDS,did,individual,per_arm_count,0,0,0,0,0,0,1,0,0,66.0,11.82,9.46,4.43,5.14,65.0,12.02,7.99,4.49,4.53,-2.359999999999999,,-4.029999999999999,,66.0,66.0,65.0,65.0
336,"Reins, 2019",562,HAMD-24,did,individual,per_arm_count,0,0,0,0,0,0,1,0,0,66.0,21.83,16.47,8.62,9.45,65.0,22.06,13.75,7.71,7.52,-5.359999999999999,,-8.309999999999999,,66.0,66.0,65.0,65.0
337,"Richards, 2015",563,BDI-II,did,individual,per_arm_count,0,0,1,0,0,0,0,0,0,92.0,20.84,20.43,4.17,6.97,96.0,20.9,15.67,3.83,7.68,-0.4100000000000001,,-5.229999999999999,,92.0,92.0,96.0,96.0
338,"Richards, 2018",564,BDI-II,did,individual,per_arm_count,0,1,0,0,0,0,0,0,0,14.0,12.5,7.4,4.9,3.7,13.0,18.4,10.2,7.4,8.4,-5.1,,-8.2,,14.0,14.0,15.0,13.0
339,"Rief, 2018",565,BDI-II,did,individual,per_arm_count,0,0,0,0,0,0,1,0,0,42.0,26.93,23.38,9.2,10.78,43.0,27.28,17.68,7.91,10.63,-3.550000000000001,,-9.600000000000001,,42.0,42.0,43.0,43.0
339,"Rief, 2018",566,BDI-II,did,individual,per_arm_count,0,0,1,0,0,0,0,0,0,42.0,26.93,23.38,9.2,10.78,43.0,27.98,14.97,8.94,10.7,-3.550000000000001,,-13.01,,42.0,42.0,43.0,43.0
339,"Rief, 2018",567,BDI-II,did,individual,per_arm_count,0,0,1,0,0,0,0,0,0,42.0,26.93,23.38,9.2,10.78,45.0,27.87,14.2,9.64,11.46,-3.550000000000001,,-13.67,,42.0,42.0,45.0,45.0
340,"Ritvo, 2021",568,BDI-II,did,individual,per_arm_count,1,0,0,0,0,0,0,0,0,23.0,27.0,19.78,7.91,16.64,22.0,30.14,13.6,8.397,9.73,-7.219999999999999,,-16.54,,23.0,23.0,22.0,22.0
340,"Ritvo, 2021",569,HAMD-24,did,individual,per_arm_count,1,0,0,0,0,0,0,0,0,23.0,26.17,22.67,6.436,13.134,22.0,26.27,14.75,6.964,8.735,-3.5,,-11.52,,23.0,23.0,22.0,22.0
342,"Rohan, 2007",570,HAMD-21,did,individual,per_arm_count,0,0,1,0,0,0,0,0,0,15.0,16.3,13.9,3.9,6.5,15.0,19.3,8.3,4.6,5.9,-2.4,,-11.0,,15.0,15.0,15.0,15.0
342,"Rohan, 2007",571,BDI-II,did,individual,per_arm_count,0,0,1,0,0,0,0,0,0,15.0,25.6,22.1,5.7,9.6,15.0,26.9,11.9,10.7,10.5,-3.5,,-15.0,,15.0,15.0,15.0,15.0
342,"Rohan, 2007",572,SIGH-SAD,did,individual,per_arm_count,0,0,1,0,0,0,0,0,0,15.0,27.9,23.1,6.1,8.8,15.0,29.7,12.9,5.3,10.5,-4.799999999999997,,-16.8,,15.0,15.0,15.0,15.0
343,"Rohde, 2014b",573,Other,did,individual,per_arm_count,0,0,1,0,0,0,0,0,0,33.0,1.43,1.4,0.35,0.33,27.0,1.52,1.43,0.38,0.33,-0.03000000000000003,,-0.09000000000000008,,33.0,33.0,27.0,27.0
344,"Rohde, 2016",574,Other,did,individual,per_arm_count,0,0,1,0,0,0,0,0,0,31.0,1.39,1.48,0.37,0.35,28.0,1.44,1.29,0.34,0.25,0.09000000000000008,,-0.1499999999999999,,31.0,31.0,28.0,28.0
344,"Rohde, 2016",575,BDI-I,did,individual,per_arm_count,0,0,1,0,0,0,0,0,0,31.0,16.9,12.71,7.31,8.85,28.0,13.86,6.7,8.14,5.27,-4.189999999999998,,-7.159999999999999,,31.0,31.0,28.0,28.0
345,"Rohricht, 2013",576,HAMD-21,did,individual,per_arm_count,0,0,0,0,0,0,1,0,0,12.0,27.2,29.5,5.4,9.1,11.0,28.2,20.9,6.3,8.9,2.300000000000001,,-7.300000000000001,,15.0,12.0,16.0,11.0
346,"Ross, 1985",577,MADRS,did,individual,per_arm_count,0,0,1,0,0,0,0,0,0,21.0,22.6,18.7,5.3,9.0,20.0,21.7,7.6,7.9,5.2,-3.900000000000002,,-14.1,,21.0,21.0,20.0,20.0
346,"Ross, 1985",578,BDI-I,did,individual,per_arm_count,0,0,1,0,0,0,0,0,0,21.0,26.2,22.8,6.6,11.1,20.0,25.9,9.4,9.3,5.6,-3.399999999999999,,-16.5,,21.0,21.0,20.0,20.0
348,"Russell, 2020",579,HAMD-17,did,individual,per_arm_count,0,1,0,0,0,0,0,0,0,17.0,17.6,13.2,6.9,6.0,27.0,17.4,13.6,5.6,5.7,-4.400000000000002,,-3.799999999999999,,29.0,17.0,34.0,27.0
348,"Russell, 2020",580,BDI-II,did,individual,per_arm_count,0,1,0,0,0,0,0,0,0,23.0,32.0,28.2,11.5,11.8,31.0,29.9,23.2,8.8,11.4,-3.800000000000001,,-6.699999999999999,,31.0,23.0,33.0,31.0
348,"Russell, 2020",581,PHQ-9,did,individual,per_arm_count,0,1,0,0,0,0,0,0,0,23.0,16.5,14.1,4.8,6.5,31.0,15.0,11.0,3.2,5.3,-2.4,,-4.0,,35.0,23.0,35.0,31.0
349,"Ruwaard, 2009",582,DASS-D,did,individual,per_arm_count,0,0,1,0,0,0,0,0,0,18.0,20.8,11.8,8.1,9.8,36.0,20.6,7.6,8.4,6.9,-9.0,,-13.0,,18.0,18.0,36.0,36.0
349,"Ruwaard, 2009",583,BDI-I,did,individual,per_arm_count,0,0,1,0,0,0,0,0,0,18.0,21.3,15.6,5.3,7.6,36.0,19.7,9.8,5.5,6.5,-5.700000000000001,,-9.899999999999999,,18.0,18.0,36.0,36.0
349,"Ruwaard, 2009",584,SCL,did,individual,per_arm_count,0,0,1,0,0,0,0,0,0,18.0,38.1,34.4,7.5,10.5,36.0,39.9,26.7,8.6,8.1,-3.700000000000003,,-13.2,,18.0,18.0,36.0,36.0
351,"Sadler, 2018",585,GDS,did,individual,per_arm_count,0,0,1,0,0,0,0,0,0,23.0,16.52,15.08,1.22,1.23,25.0,18.28,11.86,1.17,1.18,-1.44,,-6.420000000000002,,23.0,23.0,25.0,25.0
351,"Sadler, 2018",586,GDS,did,individual,per_arm_count,0,0,1,0,0,0,0,0,0,23.0,16.52,15.08,1.22,1.23,24.0,17.17,9.92,1.19,1.19,-1.44,,-7.250000000000002,,23.0,23.0,24.0,24.0
352,"Safren, 2009",587,HAMD-17,did,individual,per_arm_count,0,0,1,0,0,0,0,0,0,22.0,18.05,16.77,6.45,5.77,23.0,20.39,13.3,7.09,6.2,-1.280000000000001,,-7.09,,22.0,22.0,23.0,23.0
352,"Safren, 2009",588,BDI-I,did,individual,per_arm_count,0,0,1,0,0,0,0,0,0,22.0,23.86,19.54,8.89,9.19,23.0,23.65,12.26,11.99,10.55,-4.32,,-11.39,,22.0,22.0,23.0,23.0
353,"Safren, 2014",589,MADRS,did,individual,per_arm_count,0,0,1,0,0,0,0,0,0,42.0,23.31,20.66,7.2,9.85,45.0,25.6,14.22,8.99,9.73,-2.649999999999999,,-11.38,,42.0,42.0,45.0,45.0
354,"Safren, 2016",590,MADRS,did,individual,per_arm_count,0,0,0,0,0,0,0,0,1,49.0,24.33,21.16,7.95,9.59,97.0,26.86,18.98,8.3,9.65,-3.169999999999998,,-7.879999999999999,,49.0,49.0,97.0,97.0
354,"Safren, 2016",591,MADRS,did,individual,per_arm_count,0,0,1,0,0,0,0,0,0,49.0,24.33,21.16,7.95,9.59,94.0,23.48,17.9,8.04,9.889,-3.169999999999998,,-5.580000000000002,,49.0,49.0,94.0,94.0
354,"Safren, 2016",592,CES-D,did,individual,per_arm_count,0,0,0,0,0,0,0,0,1,49.0,29.33,25.04,8.36,8.12,97.0,27.42,21.17,7.71,8.37,-4.289999999999999,,-6.25,,49.0,49.0,97.0,97.0
354,"Safren, 2016",593,CES-D,did,individual,per_arm_count,0,0,1,0,0,0,0,0,0,49.0,29.33,25.04,8.36,8.12,94.0,26.31,20.75,6.8,8.338,-4.289999999999999,,-5.559999999999999,,49.0,49.0,94.0,94.0
355,"Safren, 2021",594,CES-D,did,individual,per_arm_count,0,0,1,0,0,0,0,0,0,81.0,36.86,18.92,12.69,14.94,80.0,33.61,9.47,12.7,14.76,-17.94,,-24.14,,81.0,81.0,80.0,80.0
355,"Safren, 2021",595,HAMD-17,did,individual,per_arm_count,0,0,1,0,0,0,0,0,0,81.0,25.76,14.67,7.47,8.64,80.0,23.75,9.04,7.42,8.5,-11.09,,-14.71,,81.0,81.0,80.0,80.0
356,"Saisanan, 2020",596,GDS,did,individual,per_arm_count,0,1,0,0,0,0,0,0,0,40.0,17.07,16.54,2.68,3.16,39.0,16.49,12.9,2.73,3.3,-0.5300000000000011,,-3.589999999999998,,41.0,40.0,41.0,39.0
356,"Saisanan, 2020",597,DASS-D,did,individual,per_arm_count,0,1,0,0,0,0,0,0,0,40.0,8.44,8.15,2.2,1.97,39.0,8.2,6.1,2.28,1.43,-0.2899999999999991,,-2.1,,41.0,40.0,41.0,39.0
357,"Salamanca-Sanabria, 2020",598,PHQ-9,did,individual,per_arm_count,0,0,1,0,0,0,0,0,0,54.0,13.82,13.09,2.93,5.06,21.0,14.22,8.33,2.81,5.71,-0.7300000000000004,,-5.890000000000001,,107.0,54.0,107.0,21.0
358,"Saloheimo, 2016",599,HAMD-17,did_change,individual,per_arm_count,0,0,0,0,1,0,0,0,0,46.0,18.9,,3.7,,46.0,18.7,,4.0,,-11.1,6.4,-9.1,6.4,46.0,,46.0,
358,"Saloheimo, 2016",600,HAMD-17,did_change,individual,per_arm_count,0,0,1,0,0,0,0,0,0,46.0,18.9,,3.7,,42.0,19.3,,3.8,,-11.1,6.4,-8.3,6.3,46.0,,42.0,
359,"Sanabria-Mazo, 2023",601,DASS-D,did,individual,per_arm_count,1,0,0,0,0,0,0,0,0,64.0,7.62,7.28,6.07,6.3,52.0,7.29,5.27,5.47,5.75,-0.3399999999999999,,-2.02,,78.0,64.0,78.0,52.0
359,"Sanabria-Mazo, 2023",602,DASS-D,did,individual,per_arm_count,0,1,0,0,0,0,0,0,0,64.0,7.62,7.28,6.07,6.3,42.0,6.77,4.67,5.26,4.63,-0.3399999999999999,,-2.1,,78.0,64.0,78.0,42.0
359,"Sanabria-Mazo, 2023",603,DASS-D,did,individual,per_arm_count,1,0,0,0,0,0,0,0,0,53.0,7.62,9.06,6.07,6.51,44.0,7.29,6.68,5.47,5.94,1.44,,-0.6100000000000003,,78.0,53.0,78.0,44.0
360,"Sander, 2020",604,PHQ-9,did,individual,per_arm_count,0,0,1,0,0,0,0,0,0,146.0,7.98,7.86,3.78,3.99,149.0,8.02,6.28,3.43,3.45,-0.1200000000000001,,-1.739999999999999,,146.0,146.0,149.0,149.0
361,"Savard, 2006",605,HADS-D,did,individual,per_arm_count,0,0,1,0,0,0,0,0,0,16.0,8.87,5.83,2.6,2.72,21.0,9.42,5.19,2.43,2.89,-3.039999999999999,,-4.23,,16.0,16.0,21.0,21.0
361,"Savard, 2006",606,BDI-I,did,individual,per_arm_count,0,0,1,0,0,0,0,0,0,16.0,20.4,15.93,5.76,6.12,21.0,21.13,11.52,5.41,6.42,-4.469999999999999,,-9.61,,16.0,16.0,21.0,21.0
361,"Savard, 2006",607,HAMD-17,did,individual,per_arm_count,0,0,1,0,0,0,0,0,0,16.0,14.4,12.21,4.52,4.64,21.0,14.21,6.88,4.26,4.81,-2.19,,-7.330000000000001,,16.0,16.0,21.0,21.0
362,"Savari, 2021",608,BDI-II,did,individual,per_arm_count,1,0,0,0,0,0,0,0,0,15.0,26.9,25.5,8.6,6.7,15.0,28.1,16.2,7.2,3.9,-1.399999999999999,,-11.9,,15.0,15.0,15.0,15.0
363,"Scazufca, 2022",609,PHQ-9,did,individual,per_arm_count,0,1,0,0,0,0,0,0,0,284.0,16.34,11.52,4.69,6.92,253.0,16.04,8.82,4.58,7.23,-4.82,,-7.219999999999999,,355.0,284.0,360.0,253.0
364,"Schlicker, 2020",610,QIDS,did,individual,per_arm_count,0,0,1,0,0,0,0,0,0,36.0,15.55,14.21,4.53,3.15,40.0,15.0,13.06,4.57,4.35,-1.34,,-1.94,,36.0,36.0,40.0,40.0
364,"Schlicker, 2020",611,CES-D,did,individual,per_arm_count,0,0,1,0,0,0,0,0,0,36.0,33.55,28.91,7.84,6.38,40.0,32.5,25.66,7.27,8.48,-4.639999999999997,,-6.84,,36.0,36.0,40.0,40.0
365,"Schmidt, 1983",612,MMPI-D,did,individual,per_arm_count,0,0,1,0,0,0,0,0,0,10.0,35.3,34.6,7.4,7.1,11.0,37.5,32.5,3.5,8.0,-0.6999999999999957,,-5.0,,10.0,10.0,11.0,11.0
365,"Schmidt, 1983",613,DACL,did,individual,per_arm_count,0,0,1,0,0,0,0,0,0,10.0,17.8,17.7,7.6,8.7,11.0,17.7,13.3,7.3,6.7,-0.1000000000000014,,-4.399999999999999,,10.0,10.0,11.0,11.0
365,"Schmidt, 1983",614,POMS-D,did,individual,per_arm_count,0,0,1,0,0,0,0,0,0,10.0,31.6,30.2,12.7,19.4,11.0,30.9,19.9,6.1,11.7,-1.400000000000002,,-11.0,,10.0,10.0,11.0,11.0
365,"Schmidt, 1983",615,BDI-I,did,individual,per_arm_count,0,0,1,0,0,0,0,0,0,10.0,26.0,21.7,7.2,9.0,11.0,25.5,16.0,6.1,7.3,-4.300000000000001,,-9.5,,10.0,10.0,11.0,11.0
365,"Schmidt, 1983",616,SDS,did,individual,per_arm_count,0,0,1,0,0,0,0,0,0,10.0,62.5,64.7,9.8,12.7,11.0,62.6,55.3,5.7,12.1,2.200000000000003,,-7.300000000000004,,10.0,10.0,11.0,11.0
365,"Schmidt, 1983",617,POMS-D,did,individual,per_arm_count,0,0,1,0,0,0,0,0,0,10.0,31.6,30.2,12.7,19.4,11.0,26.0,15.1,12.9,12.9,-1.400000000000002,,-10.9,,10.0,10.0,11.0,11.0
365,"Schmidt, 1983",618,MMPI-D,did,individual,per_arm_count,0,0,1,0,0,0,0,0,0,10.0,35.3,34.6,7.4,7.1,11.0,34.8,26.5,8.2,7.8,-0.6999999999999957,,-8.299999999999997,,10.0,10.0,11.0,11.0
365,"Schmidt, 1983",619,SDS,did,individual,per_arm_count,0,0,1,0,0,0,0,0,0,10.0,62.5,64.7,9.8,12.7,12.0,56.3,46.7,12.8,18.5,2.200000000000003,,-9.599999999999994,,10.0,10.0,12.0,12.0
365,"Schmidt, 1983",620,MMPI-D,did,individual,per_arm_count,0,0,1,0,0,0,0,0,0,10.0,35.3,34.6,7.4,7.1,12.0,33.9,25.1,6.8,7.4,-0.6999999999999957,,-8.799999999999997,,10.0,10.0,12.0,12.0
365,"Schmidt, 1983",621,BDI-I,did,individual,per_arm_count,0,0,1,0,0,0,0,0,0,10.0,26.0,21.7,7.2,9.0,11.0,24.4,9.5,6.1,9.2,-4.300000000000001,,-14.9,,10.0,10.0,11.0,11.0
365,"Schmidt, 1983",622,POMS-D,did,individual,per_arm_count,0,0,1,0,0,0,0,0,0,10.0,31.6,30.2,12.7,19.4,12.0,29.4,10.0,12.0,9.7,-1.400000000000002,,-19.4,,10.0,10.0,12.0,12.0
365,"Schmidt, 1983",623,SDS,did,individual,per_arm_count,0,0,1,0,0,0,0,0,0,10.0,62.5,64.7,9.8,12.7,12.0,62.3,47.9,7.8,11.9,2.200000000000003,,-14.4,,10.0,10.0,12.0,12.0
365,"Schmidt, 1983",624,DACL,did,individual,per_arm_count,0,0,1,0,0,0,0,0,0,10.0,17.8,17.7,7.6,8.7,12.0,16.9,7.9,8.4,5.3,-0.1000000000000014,,-8.999999999999998,,10.0,10.0,12.0,12.0
365,"Schmidt, 1983",625,MMPI-D,did,individual,per_arm_count,0,0,1,0,0,0,0,0,0,10.0,35.3,34.6,7.4,7.1,12.0,31.4,23.8,8.2,7.6,-0.6999999999999957,,-7.599999999999998,,10.0,10.0,12.0,12.0
365,"Schmidt, 1983",626,POMS-D,did,individual,per_arm_count,0,0,1,0,0,0,0,0,0,10.0,31.6,30.2,12.7,19.4,12.0,24.0,6.9,13.9,8.1,-1.400000000000002,,-17.1,,10.0,10.0,12.0,12.0
365,"Schmidt, 1983",627,DACL,did,individual,per_arm_count,0,0,1,0,0,0,0,0,0,10.0,17.8,17.7,7.6,8.7,11.0,17.0,6.4,7.0,4.7,-0.1000000000000014,,-10.6,,10.0,10.0,11.0,11.0
365,"Schmidt, 1983",628,SDS,did,individual,per_arm_count,0,0,1,0,0,0,0,0,0,10.0,62.5,64.7,9.8,12.7,11.0,60.5,46.7,10.1,8.5,2.200000000000003,,-13.8,,10.0,10.0,11.0,11.0
365,"Schmidt, 1983",629,DACL,did,individual,per_arm_count,0,0,1,0,0,0,0,0,0,10.0,17.8,17.7,7.6,8.7,12.0,11.8,5.8,6.4,4.8,-0.1000000000000014,,-6.000000000000001,,10.0,10.0,12.0,12.0
365,"Schmidt, 1983",630,BDI-I,did,individual,per_arm_count,0,0,1,0,0,0,0,0,0,10.0,26.0,21.7,7.2,9.0,12.0,23.8,8.5,8.0,5.8,-4.300000000000001,,-15.3,,10.0,10.0,12.0,12.0
365,"Schmidt, 1983",631,BDI-I,did,individual,per_arm_count,0,0,1,0,0,0,0,0,0,10.0,26.0,21.7,7.2,9.0,12.0,23.7,7.3,7.7,6.4,-4.300000000000001,,-16.4,,10.0,10.0,12.0,12.0
366,"Schramm, 2020",632,HAMD-24,rct,individual,per_arm_count,0,0,0,0,1,0,0,0,0,14.0,,12.0,,8.12,12.0,,6.6,,5.06,,,,,,14.0,,12.0
366,"Schramm, 2020",633,BDI-I,rct,individual,per_arm_count,0,0,0,0,1,0,0,0,0,14.0,,18.83,,10.1024749442896,12.0,,8.83,,5.85433172958281,,,,,,14.0,,12.0
367,"Schulberg, 1996",634,HAMD-17,did,individual,per_arm_count,0,0,0,0,1,0,0,0,0,92.0,23.4,13.1,5.3,8.63,93.0,22.3,9.3,4.6,8.68,-10.3,,-13.0,,92.0,92.0,93.0,93.0
368,"Schuster, 2017",635,CES-D,did,individual,per_arm_count,0,0,0,0,0,0,1,0,0,24.0,23.5,23.5,7.28,6.65,22.0,22.0,18.1,5.41,5.82,0.0,,-3.899999999999999,,24.0,24.0,22.0,22.0
369,"Scogin, 1987",636,BDI-I,did,individual,per_arm_count,0,0,1,0,0,0,0,0,0,8.0,10.1,8.4,6.8,5.9,9.0,8.4,5.0,4.8,2.8,-1.699999999999999,,-3.4,,8.0,8.0,9.0,9.0
369,"Scogin, 1987",637,GDS,did,individual,per_arm_count,0,0,1,0,0,0,0,0,0,8.0,16.9,16.3,7.6,8.7,9.0,15.6,9.8,7.3,5.5,-0.5999999999999979,,-5.799999999999999,,8.0,8.0,9.0,9.0
369,"Scogin, 1987",638,HAMD-17,did,individual,per_arm_count,0,0,1,0,0,0,0,0,0,8.0,13.4,10.9,2.1,2.4,9.0,16.1,7.6,5.1,4.1,-2.5,,-8.500000000000002,,8.0,8.0,9.0,9.0
369,"Scogin, 1987",639,BDI-I,did,individual,per_arm_count,0,0,1,0,0,0,0,0,0,8.0,10.3,9.6,5.4,5.1,9.0,8.4,5.0,4.8,2.8,-0.7000000000000011,,-3.4,,8.0,8.0,9.0,9.0
369,"Scogin, 1987",640,GDS,did,individual,per_arm_count,0,0,1,0,0,0,0,0,0,8.0,16.8,16.8,7.7,5.7,9.0,15.6,9.8,7.3,5.5,0.0,,-5.799999999999999,,8.0,8.0,9.0,9.0
369,"Scogin, 1987",641,HAMD-17,did,individual,per_arm_count,0,0,1,0,0,0,0,0,0,8.0,15.5,16.6,4.5,5.6,9.0,16.1,7.6,5.1,4.1,1.100000000000001,,-8.500000000000002,,8.0,8.0,9.0,9.0
370,"Scogin, 1989",642,GDS,did,individual,per_arm_count,0,0,1,0,0,0,0,0,0,21.0,12.9,12.4,6.2,6.0,19.0,16.8,14.1,6.4,6.3,-0.5,,-2.700000000000001,,21.0,21.0,19.0,19.0
370,"Scogin, 1989",643,GDS,did,individual,per_arm_count,0,0,1,0,0,0,0,0,0,21.0,12.9,12.4,6.2,6.0,21.0,14.7,9.1,6.2,4.7,-0.5,,-5.6,,21.0,21.0,21.0,21.0
370,"Scogin, 1989",644,HAMD-17,did,individual,per_arm_count,0,0,1,0,0,0,0,0,0,21.0,16.4,15.9,5.2,6.9,19.0,17.8,9.7,4.8,5.7,-0.4999999999999982,,-8.100000000000001,,21.0,21.0,19.0,19.0
370,"Scogin, 1989",645,HAMD-17,did,individual,per_arm_count,0,0,1,0,0,0,0,0,0,21.0,16.4,15.9,5.2,6.9,21.0,16.3,7.5,3.7,3.6,-0.4999999999999982,,-8.8,,21.0,21.0,21.0,21.0
371,"Scogin, 2018",646,HSCL-D,did,individual,per_arm_count,0,0,1,0,0,0,0,0,0,64.0,18.48,16.06,10.46,12.32,70.0,16.54,11.73,11.55,9.14,-2.420000000000002,,-4.809999999999999,,64.0,64.0,70.0,70.0
372,"Scott, 1990",647,BDI-I,did,individual,per_arm_count,0,0,1,0,0,0,0,0,0,23.0,27.43,22.78,6.59,10.96,27.0,28.56,16.81,6.07,10.58,-4.649999999999999,,-11.75,,23.0,23.0,27.0,27.0
372,"Scott, 1990",648,BDI-I,did,individual,per_arm_count,0,0,1,0,0,0,0,0,0,23.0,27.43,22.78,6.59,10.96,17.0,27.24,13.82,5.32,10.27,-4.649999999999999,,-13.42,,23.0,23.0,17.0,17.0
373,"Scott, 1992",649,HAMD-17,did,individual,per_arm_count,0,0,1,0,0,0,0,0,0,29.0,19.7,8.4,5.4,7.5,29.0,18.3,6.7,5.4,6.1,-11.3,,-11.6,,29.0,29.0,29.0,29.0
373,"Scott, 1992",650,HAMD-17,did,individual,per_arm_count,0,0,0,0,0,0,0,0,1,29.0,19.7,8.4,5.4,7.5,29.0,15.7,4.9,5.7,5.5,-11.3,,-10.8,,29.0,29.0,29.0,29.0
374,"Scott, 1997",651,BDI-I,did,individual,per_arm_count,0,0,1,0,0,0,0,0,0,16.0,29.8,22.7,6.2,11.2,18.0,29.2,17.7,6.0,10.0,-7.100000000000001,,-11.5,,24.0,16.0,24.0,18.0
374,"Scott, 1997",652,HAMD-17,did,individual,per_arm_count,0,0,1,0,0,0,0,0,0,16.0,22.5,16.5,4.9,6.8,18.0,21.4,13.5,5.3,5.3,-6.0,,-7.899999999999999,,24.0,16.0,24.0,18.0
375,"Segal, 2020",653,PHQ-9,did,individual,per_arm_count,1,0,0,0,0,0,0,0,0,193.0,7.29,6.48,1.53,4.09,157.0,7.2,4.39,1.41,3.07,-0.8099999999999996,,-2.81,,230.0,193.0,230.0,157.0
376,"Segre, 2015",654,EPDS,did,individual,per_arm_count,0,0,0,0,0,0,1,0,0,21.0,15.1,11.14,4.44,6.04,39.0,17.18,10.33,3.97,6.03,-3.959999999999999,,-6.85,,21.0,21.0,39.0,39.0
376,"Segre, 2015",655,IDAS-GD,did,individual,per_arm_count,0,0,0,0,0,0,1,0,0,21.0,57.33,47.86,13.79,16.42,39.0,63.13,44.67,12.77,15.14,-9.469999999999999,,-18.46,,21.0,21.0,39.0,39.0
376,"Segre, 2015",656,HAMD-17,did,individual,per_arm_count,0,0,0,0,0,0,1,0,0,21.0,16.57,14.29,6.56,8.19,39.0,18.39,11.03,6.52,7.3,-2.280000000000001,,-7.360000000000001,,21.0,21.0,39.0,39.0
377,"Selmi, 1990",657,SCL,did,individual,per_arm_count,0,0,1,0,0,0,0,0,0,12.0,1.98,1.65,0.55,0.76,12.0,1.76,1.11,0.61,0.72,-0.3300000000000001,,-0.6499999999999999,,12.0,12.0,12.0,12.0
377,"Selmi, 1990",658,SCL,did,individual,per_arm_count,0,0,1,0,0,0,0,0,0,12.0,1.98,1.65,0.55,0.76,12.0,1.91,1.16,0.63,0.54,-0.3300000000000001,,-0.75,,12.0,12.0,12.0,12.0
377,"Selmi, 1990",659,BDI-I,did,individual,per_arm_count,0,0,1,0,0,0,0,0,0,12.0,22.92,18.5,5.02,9.32,12.0,23.18,11.64,7.19,8.2,-4.420000000000002,,-11.54,,12.0,12.0,12.0,12.0
377,"Selmi, 1990",660,BDI-I,did,individual,per_arm_count,0,0,1,0,0,0,0,0,0,12.0,22.92,18.5,5.02,9.32,12.0,21.42,10.33,3.96,5.18,-4.420000000000002,,-11.09,,12.0,12.0,12.0,12.0
377,"Selmi, 1990",661,HAMD-17,did,individual,per_arm_count,0,0,1,0,0,0,0,0,0,12.0,15.57,13.83,5.0,4.74,12.0,15.09,6.36,4.55,4.08,-1.74,,-8.73,,12.0,12.0,12.0,12.0
377,"Selmi, 1990",662,HAMD-17,did,individual,per_arm_count,0,0,1,0,0,0,0,0,0,12.0,15.57,13.83,5.0,4.74,12.0,14.33,5.83,4.01,2.62,-1.74,,-8.5,,12.0,12.0,12.0,12.0
378,"Serfaty, 2009",663,BDI-II,did,individual,per_arm_count,0,0,1,0,0,0,0,0,0,55.0,27.7,20.3,7.7,11.3,64.0,27.3,18.4,8.7,10.8,-7.399999999999999,,-8.900000000000002,,67.0,55.0,70.0,64.0
378,"Serfaty, 2009",664,BDI-II,did,individual,per_arm_count,0,0,1,0,0,0,0,0,0,58.0,26.4,20.2,6.9,9.0,64.0,27.3,18.4,8.7,10.8,-6.199999999999999,,-8.900000000000002,,67.0,58.0,70.0,64.0
379,"Serfaty, 2020",665,BDI-II,did,individual,per_arm_count,0,0,1,0,0,0,0,0,0,79.0,24.5,21.4,9.7,11.1,69.0,25.2,21.3,10.4,11.0,-3.100000000000001,,-3.899999999999999,,115.0,79.0,115.0,69.0
379,"Serfaty, 2020",666,PHQ-9,did,individual,per_arm_count,0,0,1,0,0,0,0,0,0,79.0,13.5,11.4,4.8,5.8,68.0,14.0,10.3,5.3,5.7,-2.1,,-3.699999999999999,,115.0,79.0,115.0,68.0
380,"Serrano-Selva, 2012",667,Other,did,individual,per_arm_count,0,0,0,0,0,1,0,0,0,8.0,6.7,4.1,1.5,3.0,9.0,6.0,3.1,1.3,3.4,-2.600000000000001,,-2.9,,8.0,8.0,9.0,9.0
380,"Serrano-Selva, 2012",668,GDS,did,individual,per_arm_count,0,0,0,0,0,1,0,0,0,8.0,22.5,18.5,3.2,7.4,9.0,17.3,14.1,5.2,9.8,-4.0,,-3.200000000000001,,8.0,8.0,9.0,9.0
381,"Serrano, 2004",669,CES-D,did,individual,per_arm_count,0,0,0,0,0,1,0,0,0,23.0,27.61,27.61,6.29,7.48,20.0,30.7,20.45,6.76,7.25,0.0,,-10.25,,23.0,23.0,20.0,20.0
384,"Sheeber, 2012",675,BDI-I,did,individual,per_arm_count,0,0,1,0,0,0,0,0,0,35.0,25.4,22.5,9.0,11.0,34.0,26.2,13.4,9.8,10.4,-2.899999999999999,,-12.8,,35.0,35.0,35.0,34.0
385,"Sheeber, 2017",676,HAMD-17,did,individual,per_arm_count,0,0,1,0,0,0,0,0,0,132.0,13.71,9.41,7.95,6.58,134.0,13.31,7.48,7.6,5.89,-4.300000000000001,,-5.83,,132.0,132.0,134.0,134.0
385,"Sheeber, 2017",677,PHQ-9,did,individual,per_arm_count,0,0,1,0,0,0,0,0,0,132.0,14.43,7.9,5.95,5.37,134.0,14.03,6.27,4.98,5.0,-6.529999999999999,,-7.76,,132.0,132.0,134.0,134.0
386,"Shih, 2021",678,HAMD-17,did,individual,per_arm_count,1,0,0,0,0,0,0,0,0,29.0,12.17,9.44,3.45,4.77,28.0,13.36,7.02,3.41,4.54,-2.73,,-6.34,,29.0,29.0,28.0,28.0
387,"Sikander, 2019",679,PHQ-9,rct,individual,per_arm_count,0,0,1,0,0,0,0,0,0,211.0,14.0,7.82,,6.92,223.0,14.0,6.11,,5.63,-6.18,,-7.89,,287.0,211.0,283.0,223.0
388,"Simoni, 2013",680,BDI-I,did,individual,per_arm_count,0,0,1,0,0,0,0,0,0,20.0,16.8,11.8,6.3,7.0,20.0,22.0,15.0,9.2,7.4,-5.0,,-7.0,,20.0,20.0,20.0,20.0
388,"Simoni, 2013",681,MADRS,did,individual,per_arm_count,0,0,1,0,0,0,0,0,0,20.0,22.1,19.2,9.8,11.2,20.0,25.1,17.8,9.7,12.2,-2.900000000000002,,-7.300000000000001,,20.0,20.0,20.0,20.0
389,"Simpson, 2003",682,BDI-I,did,individual,per_arm_count,0,0,0,1,0,0,0,0,0,65.0,19.7,15.6,5.6,7.4,65.0,22.0,16.1,6.1,9.7,-4.1,,-5.899999999999999,,72.0,65.0,73.0,65.0
390,"Simson, 2008",683,HADS-D,did,individual,per_arm_count,0,0,0,0,0,0,0,0,1,15.0,10.6,10.9,2.9,3.3,15.0,11.7,10.1,2.7,3.5,0.3000000000000007,,-1.6,,15.0,15.0,15.0,15.0
391,"Sinniah, 2017",684,DASS-D,did,individual,per_arm_count,0,0,1,0,0,0,0,0,0,36.0,8.94,8.88,5.27,5.46,33.0,10.12,7.96,3.14,3.24,-0.05999999999999872,,-2.159999999999999,,36.0,36.0,33.0,33.0
391,"Sinniah, 2017",685,BDI-I,did,individual,per_arm_count,0,0,1,0,0,0,0,0,0,36.0,39.55,39.47,3.93,4.06,33.0,41.39,34.48,4.69,4.03,-0.0799999999999983,,-6.910000000000004,,36.0,36.0,33.0,33.0
393,"Sloane, 1985",686,BDI-I,did_change,individual,per_arm_count,0,0,0,0,1,0,0,0,0,10.0,29.5,,,,19.0,29.1,,,,-9.4,9.6,-9.1,10.4,10.0,,19.0,
393,"Sloane, 1985",687,HAMD-17,did_change,individual,per_arm_count,0,0,0,0,1,0,0,0,0,10.0,22.6,,,,19.0,23.8,,,,-6.6,6.5,-7.9,6.2,10.0,,19.0,
395,"Smith, 2017",688,PHQ-9,did,individual,per_arm_count,0,0,1,0,0,0,0,0,0,48.0,16.07,13.14,5.03,4.91,33.0,16.39,8.95,5.03,4.77,-2.93,,-7.440000000000001,,59.0,48.0,54.0,33.0
395,"Smith, 2017",689,K-10,did,individual,per_arm_count,0,0,1,0,0,0,0,0,0,48.0,32.69,27.93,6.74,6.57,33.0,33.67,21.98,6.74,6.36,-4.759999999999998,,-11.69,,59.0,48.0,54.0,33.0
397,"Spek, 2007",690,BDI-II,did,individual,per_arm_count,0,0,1,0,0,0,0,0,0,100.0,18.13,14.46,8.1,10.42,99.0,17.89,11.43,9.95,9.41,-3.669999999999998,,-6.460000000000001,,100.0,100.0,99.0,99.0
400,"Spruill, 2021",691,PHQ-9,did,individual,per_arm_count,0,0,0,0,0,0,1,0,0,32.0,8.7,8.2,4.7,5.1,35.0,8.1,7.6,4.8,4.8,-0.5,,-0.5,,36.0,32.0,36.0,35.0
401,"Steel, 2020",692,BDI-II,did,individual,per_arm_count,0,0,0,0,0,0,1,0,0,49.0,30.3,24.9,9.8,11.6,48.0,0.6,21.1,10.3,11.8,-5.400000000000002,,20.5,,51.0,49.0,49.0,48.0
402,"Stiles-Shields, 2018",693,PHQ-9,did,individual,per_arm_count,0,1,0,0,0,0,0,0,0,10.0,16.1,11.3,3.76,5.58,10.0,15.2,6.6,5.49,3.95,-4.800000000000001,,-8.6,,10.0,10.0,10.0,10.0
402,"Stiles-Shields, 2018",694,PHQ-9,did,individual,per_arm_count,0,0,1,0,0,0,0,0,0,10.0,16.1,11.3,3.76,5.58,7.0,17.0,3.43,4.62,3.82,-4.800000000000001,,-13.57,,10.0,10.0,10.0,7.0
403,"Strauss, 2012",695,BDI-II,did,individual,per_arm_count,0,0,1,0,0,0,0,0,0,14.0,40.48,43.19,8.71,8.58,14.0,37.74,27.93,7.66,7.62,2.710000000000001,,-9.810000000000002,,14.0,14.0,14.0,14.0
404,"Strong, 2008",696,SCL,rct,individual,per_arm_count,0,0,0,0,0,0,0,1,0,99.0,,1.54,,0.8,97.0,,1.25,,0.77,,,,,99.0,99.0,101.0,97.0
405,"Sugg, 2018",697,PHQ-9,did,individual,per_arm_count,0,0,0,0,0,0,1,0,0,30.0,16.1,12.4,4.5,5.7,33.0,17.4,8.4,4.7,6.5,-3.700000000000001,,-8.999999999999998,,33.0,30.0,34.0,33.0
406,"Sun, 2022",698,HAMD-17,did,individual,per_arm_count,0,1,0,0,0,0,0,0,0,32.0,12.38,11.15,2.01,1.66,33.0,13.12,10.0,2.31,1.67,-1.23,,-3.119999999999999,,32.0,32.0,33.0,33.0
406,"Sun, 2022",699,CES-D,did,individual,per_arm_count,0,1,0,0,0,0,0,0,0,32.0,24.46,22.13,1.93,1.18,33.0,23.69,19.39,1.87,1.98,-2.330000000000002,,-4.300000000000001,,32.0,32.0,33.0,33.0
407,"Swartz, 2008",700,HAMD-17,did,individual,per_arm_count,0,0,0,0,1,0,0,0,0,18.0,22.4,10.8,4.2,6.6,24.0,20.7,6.4,4.4,4.0,-11.6,,-14.3,,21.0,18.0,26.0,24.0
407,"Swartz, 2008",701,BDI-I,did,individual,per_arm_count,0,0,0,0,1,0,0,0,0,17.0,27.1,14.2,8.3,6.7,23.0,24.5,8.3,8.3,6.5,-12.9,,-16.2,,21.0,17.0,26.0,23.0
408,"Szumska, 2020",702,HADS-D,did,individual,per_arm_count,1,0,0,0,0,0,0,0,0,8.0,11.6,9.1,0.6,1.4,12.0,12.3,4.5,2.2,3.8,-2.5,,-7.800000000000001,,8.0,8.0,12.0,12.0
409,"Takagaki, 2016",703,BDI-II,did,individual,per_arm_count,0,1,0,0,0,0,0,0,0,56.0,13.3,12.64,5.95,7.02,62.0,12.76,7.03,6.66,5.47,-0.6600000000000001,,-5.73,,56.0,56.0,62.0,62.0
410,"Talbot, 2011",704,BDI-II,did,individual,per_arm_count,0,0,0,0,1,0,0,0,0,22.0,34.82,27.14,10.28,13.64,31.0,34.41,22.87,10.36,15.54,-7.68,,-11.54,,33.0,22.0,37.0,31.0
410,"Talbot, 2011",705,HAMD-17,did,individual,per_arm_count,0,0,0,0,1,0,0,0,0,22.0,22.85,18.5,4.19,7.01,31.0,23.08,16.1,4.73,7.22,-4.350000000000001,,-6.979999999999997,,33.0,22.0,37.0,31.0
411,"Taylor, 1977",706,D-30,did,individual,per_arm_count,0,1,0,0,0,0,0,0,0,7.0,76.6,76.0,6.6,6.9,7.0,81.6,68.7,5.8,8.6,-0.5999999999999943,,-12.89999999999999,,7.0,7.0,7.0,7.0
411,"Taylor, 1977",707,D-30,did,individual,per_arm_count,0,0,1,0,0,0,0,0,0,7.0,76.6,76.0,6.6,6.9,7.0,74.0,66.6,6.4,10.3,-0.5999999999999943,,-7.400000000000006,,7.0,7.0,7.0,7.0
411,"Taylor, 1977",708,D-30,did,individual,per_arm_count,0,0,1,0,0,0,0,0,0,7.0,76.6,76.0,6.6,6.9,7.0,74.9,58.9,6.1,13.8,-0.5999999999999943,,-16.00000000000001,,7.0,7.0,7.0,7.0
411,"Taylor, 1977",709,BDI-I,did,individual,per_arm_count,0,1,0,0,0,0,0,0,0,7.0,22.6,20.1,5.1,5.8,7.0,22.1,10.7,5.9,5.0,-2.5,,-11.4,,7.0,7.0,7.0,7.0
411,"Taylor, 1977",710,BDI-I,did,individual,per_arm_count,0,0,1,0,0,0,0,0,0,7.0,22.6,20.1,5.1,5.8,7.0,20.0,10.3,4.9,2.6,-2.5,,-9.7,,7.0,7.0,7.0,7.0
411,"Taylor, 1977",711,BDI-I,did,individual,per_arm_count,0,0,1,0,0,0,0,0,0,7.0,22.6,20.1,5.1,5.8,7.0,20.0,5.6,6.0,4.7,-2.5,,-14.4,,7.0,7.0,7.0,7.0
412,"Taylor, 2009",712,BDI-I,did,individual,per_arm_count,0,0,1,0,0,0,0,0,0,21.0,26.4,18.2,10.1,7.0,19.0,25.3,9.8,8.4,6.5,-8.2,,-15.5,,21.0,21.0,19.0,19.0
412,"Taylor, 2009",713,HAMD-17,did,individual,per_arm_count,0,0,1,0,0,0,0,0,0,22.0,18.4,15.5,5.3,6.0,19.0,18.3,5.1,6.4,4.2,-2.899999999999999,,-13.2,,22.0,22.0,19.0,19.0
414,"Teichman, 1995",714,BDI-I,did,,,0,0,1,0,0,0,0,0,0,15.0,25.8,21.2,6.5,10.1,15.0,24.9,18.5,8.2,9.9,-4.600000000000001,,-6.399999999999999,,15.0,15.0,15.0,15.0
414,"Teichman, 1995",715,BDI-I,did,,,0,0,1,0,0,0,0,0,0,15.0,25.8,21.2,6.5,10.1,15.0,22.7,9.2,5.7,8.9,-4.600000000000001,,-13.5,,15.0,15.0,15.0,15.0
416,"Thomas, 2019",716,SADQ-H,did,individual,per_arm_count,0,1,0,0,0,0,0,0,0,11.0,18.8,17.6,8.1,7.4,10.0,25.3,23.5,7.6,8.7,-1.199999999999999,,-1.800000000000001,,12.0,11.0,15.0,10.0
416,"Thomas, 2019",717,PHQ-9,did,individual,per_arm_count,0,1,0,0,0,0,0,0,0,21.0,16.9,14.4,4.6,5.1,18.0,16.2,10.1,4.9,6.9,-2.499999999999998,,-6.1,,21.0,21.0,18.0,18.0
417,"Titov, 2010",718,K-10,did,individual,per_arm_count,0,0,1,0,0,0,0,0,0,40.0,28.3,26.98,7.29,7.29,41.0,28.32,21.9,6.39,7.01,-1.32,,-6.420000000000002,,40.0,40.0,41.0,41.0
417,"Titov, 2010",719,SDS,did,individual,per_arm_count,0,0,1,0,0,0,0,0,0,40.0,16.95,16.38,7.05,5.65,46.0,18.22,11.0,6.83,7.6,-0.5700000000000003,,-7.219999999999999,,40.0,40.0,46.0,46.0
417,"Titov, 2010",720,SDS,did,individual,per_arm_count,0,0,1,0,0,0,0,0,0,40.0,16.95,16.38,7.05,5.65,41.0,18.17,10.51,6.69,8.03,-0.5700000000000003,,-7.660000000000002,,40.0,40.0,41.0,41.0
417,"Titov, 2010",721,K-10,did,individual,per_arm_count,0,0,1,0,0,0,0,0,0,40.0,28.3,26.98,7.29,7.29,46.0,29.07,21.07,7.37,6.46,-1.32,,-8.0,,40.0,40.0,46.0,46.0
417,"Titov, 2010",722,BDI-II,did,individual,per_arm_count,0,0,1,0,0,0,0,0,0,40.0,26.33,26.15,10.46,10.14,46.0,28.96,14.59,11.51,11.12,-0.1799999999999997,,-14.37,,40.0,40.0,46.0,46.0
417,"Titov, 2010",723,BDI-II,did,individual,per_arm_count,0,0,1,0,0,0,0,0,0,40.0,26.33,26.15,10.46,10.14,41.0,27.15,15.29,9.96,9.81,-0.1799999999999997,,-11.86,,40.0,40.0,41.0,41.0
417,"Titov, 2010",724,PHQ-9,did,individual,per_arm_count,0,0,1,0,0,0,0,0,0,40.0,13.35,12.98,4.62,4.44,41.0,14.2,7.59,4.2,4.04,-0.3699999999999992,,-6.609999999999999,,40.0,40.0,41.0,41.0
417,"Titov, 2010",725,PHQ-9,did,individual,per_arm_count,0,0,1,0,0,0,0,0,0,40.0,13.35,12.98,4.62,4.44,46.0,14.15,7.3,4.39,4.48,-0.3699999999999992,,-6.850000000000001,,40.0,40.0,46.0,46.0
418,"Titov, 2015a",726,PHQ-9,did,individual,per_arm_count,0,0,1,0,0,0,0,0,0,25.0,11.43,11.5,2.93,3.14,27.0,11.21,4.29,2.92,3.16,0.07000000000000028,,-6.920000000000001,,25.0,25.0,27.0,27.0
419,"Tobin, 2017",727,CES-D,did,individual,per_arm_count,0,0,1,0,0,0,0,0,0,153.0,25.3,20.2,6.4,10.6,162.0,25.8,19.7,6.45,10.6,-5.100000000000001,,-6.100000000000001,,153.0,153.0,162.0,162.0
420,"Tomasino, 2017",728,PHQ-9,did,individual,per_arm_count,0,0,1,0,0,0,0,0,0,12.0,9.3,8.2,3.7,5.7,19.0,11.2,6.4,5.4,4.2,-1.100000000000001,,-4.799999999999999,,12.0,12.0,19.0,19.0
420,"Tomasino, 2017",729,PHQ-9,did,individual,per_arm_count,0,0,1,0,0,0,0,0,0,12.0,9.3,8.2,3.7,5.7,9.0,10.6,5.1,3.2,2.8,-1.100000000000001,,-5.5,,12.0,12.0,9.0,9.0
421,"Tong, 2020",730,HAMD-17,did,individual,per_arm_count,0,0,1,0,0,0,0,0,0,45.0,29.73,13.07,5.1,2.54,43.0,30.16,11.12,5.1,3.58,-16.66,,-19.04,,45.0,45.0,43.0,43.0
423,"Tovote, 2014",732,BDI-II,did,individual,per_arm_count,0,0,1,0,0,0,0,0,0,31.0,24.3,23.5,8.0,10.3,32.0,25.6,17.4,8.7,11.9,-0.8000000000000007,,-8.200000000000003,,31.0,31.0,32.0,32.0
423,"Tovote, 2014",733,BDI-II,did,individual,per_arm_count,1,0,0,0,0,0,0,0,0,31.0,24.3,23.5,8.0,10.3,31.0,23.6,17.1,7.7,11.9,-0.8000000000000007,,-6.5,,31.0,31.0,31.0,31.0
423,"Tovote, 2014",734,HAMD-17,did,individual,per_arm_count,1,0,0,0,0,0,0,0,0,31.0,7.5,7.1,2.8,3.7,31.0,8.9,4.7,3.5,4.3,-0.4000000000000004,,-4.2,,31.0,31.0,31.0,31.0
423,"Tovote, 2014",735,HAMD-17,did,individual,per_arm_count,0,0,1,0,0,0,0,0,0,31.0,7.5,7.1,2.8,3.7,32.0,9.4,4.6,3.8,3.4,-0.4000000000000004,,-4.800000000000001,,31.0,31.0,32.0,32.0
425,"Trevillion, 2020",736,EPDS,rct,individual,per_arm_count,0,0,1,0,0,0,0,0,0,26.0,,12.27,,4.79,24.0,,9.5,,6.35,,,,,27.0,26.0,26.0,24.0
426,"Tulbure, 2018",737,BDI-II,did,individual,per_arm_count,0,0,1,0,0,0,0,0,0,26.0,31.88,24.6,7.11,8.54,19.0,37.16,16.63,9.44,12.38,-7.279999999999998,,-20.53,,26.0,26.0,19.0,19.0
426,"Tulbure, 2018",738,QIDS,did,individual,per_arm_count,0,0,1,0,0,0,0,0,0,26.0,16.73,14.9,3.58,4.24,34.0,16.56,10.47,4.13,5.69,-1.83,,-6.089999999999998,,26.0,26.0,34.0,34.0
426,"Tulbure, 2018",739,BDI-II,did,individual,per_arm_count,0,0,1,0,0,0,0,0,0,26.0,31.88,24.6,7.11,8.54,34.0,34.47,15.83,8.56,11.0,-7.279999999999998,,-18.64,,26.0,26.0,34.0,34.0
426,"Tulbure, 2018",740,QIDS,did,individual,per_arm_count,0,0,1,0,0,0,0,0,0,26.0,16.73,14.9,3.58,4.24,19.0,18.58,10.27,4.2,6.17,-1.83,,-8.309999999999999,,26.0,26.0,19.0,19.0
428,"Turner, 2013",741,BDI-II,did,individual,per_arm_count,0,0,1,0,0,0,0,0,0,31.0,27.2,19.6,8.32,9.3,21.0,25.7,20.5,7.33,8.4,-7.599999999999998,,-5.199999999999999,,32.0,31.0,25.0,21.0
429,"Tyson, 1987",742,MMPI-D,did,,,0,0,0,0,0,0,1,0,0,11.0,75.8,61.3,9.2,16.3,11.0,73.1,64.8,9.3,9.3,-14.5,,-8.299999999999997,,11.0,11.0,11.0,11.0
429,"Tyson, 1987",743,MMPI-D,did,,,0,0,0,0,0,0,1,0,0,11.0,75.8,61.3,9.2,16.3,11.0,71.9,64.6,9.5,11.9,-14.5,,-7.300000000000011,,11.0,11.0,11.0,11.0
429,"Tyson, 1987",744,DACL,did,,,0,0,0,0,0,0,1,0,0,11.0,13.2,7.4,3.8,4.2,11.0,10.0,8.2,4.4,4.5,-5.799999999999999,,-1.800000000000001,,11.0,11.0,11.0,11.0
429,"Tyson, 1987",745,DACL,did,,,0,0,0,0,0,0,1,0,0,11.0,13.2,7.4,3.8,4.2,11.0,13.8,7.9,4.3,5.0,-5.799999999999999,,-5.9,,11.0,11.0,11.0,11.0
429,"Tyson, 1987",746,DACL,did,,,0,0,0,0,0,0,1,0,0,11.0,13.2,7.4,3.8,4.2,11.0,11.8,7.8,5.0,3.5,-5.799999999999999,,-4.000000000000001,,11.0,11.0,11.0,11.0
429,"Tyson, 1987",747,MMPI-D,did,,,0,0,0,0,0,0,1,0,0,11.0,75.8,61.3,9.2,16.3,11.0,71.9,60.8,7.4,15.7,-14.5,,-11.10000000000001,,11.0,11.0,11.0,11.0
430,"Unlu-Ince, 2013",748,CES-D,rct,individual,per_arm_count,0,0,0,0,0,0,0,1,0,30.0,,28.27,,8.71,26.0,,21.38,,10.5,,,,,,30.0,,26.0
432,"van der Zanden, 2012",749,CES-D,did,individual,per_arm_count,0,0,1,0,0,0,0,0,0,123.0,32.2,27.0,8.2,8.6,121.0,32.5,19.3,8.4,9.7,-5.200000000000003,,-13.2,,123.0,123.0,121.0,121.0
433,"Van Horne, 2022",750,EPDS,did,individual,per_arm_count,0,0,0,0,0,0,0,1,0,33.0,13.45,9.58,3.4,6.5,58.0,12.58,7.69,2.8,6.1,-3.869999999999999,,-4.89,,46.0,33.0,72.0,58.0
434,"Van Lieshout, 2021",751,EPDS,did,individual,per_arm_count,0,0,1,0,0,0,0,0,0,201.0,15.92,14.04,4.54,4.54,202.0,16.47,11.65,4.41,4.83,-1.880000000000001,,-4.819999999999999,,201.0,201.0,202.0,202.0
435,"Van Lieshout, 2022",752,EPDS,did,individual,per_arm_count,0,0,1,0,0,0,0,0,0,62.0,15.73,13.84,4.62,5.1,57.0,16.09,10.82,4.62,4.93,-1.890000000000001,,-5.27,,62.0,62.0,57.0,57.0
436,"Van Lieshout, 2023",753,EPDS,did,individual,per_arm_count,0,0,1,0,0,0,0,0,0,203.0,15.05,13.49,4.89,5.04,189.0,15.77,11.22,5.87,6.15,-1.56,,-4.549999999999999,,203.0,203.0,189.0,189.0
437,"Van Luenen, 2018",754,PHQ-9,did,individual,per_arm_count,0,0,1,0,0,0,0,0,0,91.0,11.11,8.6,2.37,3.12,97.0,11.74,6.73,2.49,3.0,-2.51,,-5.01,,91.0,91.0,97.0,97.0
437,"Van Luenen, 2018",755,CES-D,did,individual,per_arm_count,0,0,1,0,0,0,0,0,0,91.0,22.94,19.09,6.48,7.05,97.0,24.91,13.94,5.93,6.39,-3.850000000000001,,-10.97,,91.0,91.0,97.0,97.0
438,"van Schaik, 2006",756,GDS,did,individual,per_arm_count,0,0,0,0,1,0,0,0,0,74.0,8.6,5.9,2.5,3.5,69.0,8.5,5.8,2.5,3.5,-2.699999999999999,,-2.7,,74.0,74.0,69.0,69.0
438,"van Schaik, 2006",757,MADRS,did,individual,per_arm_count,0,0,0,0,1,0,0,0,0,74.0,19.3,14.9,8.6,9.6,69.0,19.4,13.9,7.9,7.9,-4.4,,-5.499999999999998,,74.0,74.0,69.0,69.0
439,"Vazquez-Gonzalez, 2013",758,CES-D,did,individual,per_arm_count,0,0,0,0,0,0,0,1,0,84.0,22.9,21.2,6.6,7.2,89.0,24.7,10.7,7.6,6.4,-1.699999999999999,,-14.0,,84.0,84.0,89.0,89.0
440,"Vazquez, 2017",759,CES-D,did,individual,per_arm_count,0,1,0,0,0,0,0,0,0,19.0,22.9,23.8,5.8,6.9,22.0,24.0,10.9,7.7,5.6,0.9000000000000021,,-13.1,,19.0,19.0,22.0,22.0
440,"Vazquez, 2017",760,CES-D,did,individual,per_arm_count,0,0,1,0,0,0,0,0,0,19.0,22.9,23.8,5.8,6.9,20.0,22.0,10.0,5.9,5.7,0.9000000000000021,,-12.0,,19.0,19.0,20.0,20.0
441,"Vazquez, 2020",761,CES-D,did,individual,per_arm_count,0,0,1,0,0,0,0,0,0,80.0,23.1,19.6,7.15541752799933,7.24486024709932,69.0,22.3,11.3,7.14369652210954,7.22676276073873,-3.5,,-11.0,,80.0,80.0,69.0,69.0
441,"Vazquez, 2020",762,CES-D,did,individual,per_arm_count,0,1,0,0,0,0,0,0,0,80.0,23.1,19.6,7.15541752799933,7.24486024709932,70.0,27.7,10.4,7.19527622819305,7.36260823349986,-3.5,,-17.3,,80.0,80.0,70.0,70.0
442,"Vazquez, 2023",763,CES-D,did,individual,per_arm_count,0,0,1,0,0,0,0,0,0,56.0,25.7,25.3,7.3,9.8,53.0,26.0,11.5,11.4,8.5,-0.3999999999999986,,-14.5,,63.0,56.0,54.0,53.0
443,"Verduyn, 2003",764,BDI-I,did,individual,per_arm_count,0,0,0,0,0,0,0,0,1,13.0,24.6,18.9,8.4,10.2,28.0,26.8,18.7,9.1,9.4,-5.700000000000003,,-8.100000000000001,,13.0,13.0,28.0,28.0
443,"Verduyn, 2003",765,BDI-I,did,individual,per_arm_count,0,0,1,0,0,0,0,0,0,13.0,24.6,18.9,8.4,10.2,30.0,25.5,17.6,7.6,11.1,-5.700000000000003,,-7.899999999999999,,13.0,13.0,30.0,30.0
443,"Verduyn, 2003",766,HAMD-17,did,individual,per_arm_count,0,0,0,0,0,0,0,0,1,12.0,14.0,11.2,4.4,6.8,28.0,14.5,9.6,5.3,6.0,-2.800000000000001,,-4.9,,12.0,12.0,28.0,28.0
443,"Verduyn, 2003",767,HAMD-17,did,individual,per_arm_count,0,0,1,0,0,0,0,0,0,12.0,14.0,11.2,4.4,6.8,32.0,13.8,9.5,4.0,5.6,-2.800000000000001,,-4.300000000000001,,12.0,12.0,32.0,32.0
444,"Vernmark, 2010",768,MADRS,did,individual,per_arm_count,0,0,1,0,0,0,0,0,0,29.0,22.1,17.7,3.8,7.9,27.0,21.2,15.0,4.1,7.0,-4.400000000000002,,-6.199999999999999,,29.0,29.0,29.0,27.0
444,"Vernmark, 2010",769,BDI-I,did,individual,per_arm_count,0,0,1,0,0,0,0,0,0,29.0,21.8,16.6,6.6,7.9,27.0,22.2,12.3,6.3,7.3,-5.199999999999999,,-9.899999999999999,,29.0,29.0,29.0,27.0
444,"Vernmark, 2010",770,MADRS,did,individual,per_arm_count,0,0,1,0,0,0,0,0,0,29.0,22.1,17.7,3.8,7.9,29.0,22.2,11.9,3.8,6.3,-4.400000000000002,,-10.3,,29.0,29.0,30.0,29.0
444,"Vernmark, 2010",771,BDI-I,did,individual,per_arm_count,0,0,1,0,0,0,0,0,0,29.0,21.8,16.6,6.6,7.9,29.0,22.2,10.3,5.3,5.2,-5.199999999999999,,-11.9,,29.0,29.0,30.0,29.0
445,"Victor-Aigbodion, 2023",772,Zung,did,individual,per_arm_count,0,0,1,0,0,0,0,0,0,44.0,61.36,62.21,3.56,36.55,45.0,62.16,44.13,4.94,35.89,0.8500000000000014,,-18.02999999999999,,44.0,44.0,45.0,45.0
445,"Victor-Aigbodion, 2023",773,BDI-II,did,individual,per_arm_count,0,0,1,0,0,0,0,0,0,45.0,40.69,43.47,3.77,7.31,45.0,42.42,14.91,9.85,7.02,2.780000000000001,,-27.51,,45.0,45.0,45.0,45.0
446,"Vigod, 2021",774,EPDS,did,individual,per_arm_count,0,0,0,0,1,0,0,0,0,40.0,15.1,12.0,3.69,4.79,37.0,14.6,11.3,4.45,4.54,-3.1,,-3.299999999999999,,47.0,40.0,49.0,37.0
447,"Vitriol, 2009",775,HAMD-17,did,individual,per_arm_count,0,0,0,1,0,0,0,0,0,43.0,34.42,27.47,6.69,9.69,44.0,34.09,22.09,6.22,8.86,-6.950000000000003,,-12.0,,43.0,43.0,44.0,44.0
448,"Warmerdam, 2008",776,CES-D,did,individual,per_arm_count,0,0,0,0,0,0,0,1,0,87.0,32.1,25.2,9.3,9.9,88.0,31.9,20.6,9.3,11.3,-6.900000000000002,,-11.3,,87.0,87.0,88.0,88.0
448,"Warmerdam, 2008",777,CES-D,did,individual,per_arm_count,0,0,1,0,0,0,0,0,0,87.0,32.1,25.2,9.3,9.9,88.0,31.2,19.4,9.3,11.3,-6.900000000000002,,-11.8,,87.0,87.0,88.0,88.0
449,"Watkins, 2012",778,BDI-II,did,individual,per_arm_count,0,0,0,0,0,0,1,0,0,33.0,32.16,21.36,9.65,12.84,33.0,32.9,18.36,10.03,15.21,-10.8,,-14.54,,39.0,33.0,40.0,33.0
449,"Watkins, 2012",779,HAMD-17,did,individual,per_arm_count,0,0,0,0,0,0,1,0,0,33.0,17.15,11.33,4.13,7.2,33.0,17.1,9.36,6.2,8.39,-5.819999999999999,,-7.740000000000002,,39.0,33.0,40.0,33.0
449,"Watkins, 2012",780,PHQ-9,did,individual,per_arm_count,0,0,0,0,0,0,1,0,0,33.0,17.77,10.84,4.01,7.13,33.0,17.82,8.75,4.28,7.7,-6.93,,-9.07,,39.0,33.0,40.0,33.0
449,"Watkins, 2012",781,HAMD-17,did,individual,per_arm_count,0,0,0,0,0,0,1,0,0,37.0,16.12,13.0,4.99,6.25,33.0,17.1,9.36,6.2,8.39,-3.120000000000001,,-7.740000000000002,,42.0,37.0,40.0,33.0
449,"Watkins, 2012",782,BDI-II,did,individual,per_arm_count,0,0,0,0,0,0,1,0,0,37.0,32.52,29.06,9.68,11.06,33.0,32.9,18.36,10.03,15.21,-3.460000000000004,,-14.54,,42.0,37.0,40.0,33.0
449,"Watkins, 2012",783,PHQ-9,did,individual,per_arm_count,0,0,0,0,0,0,1,0,0,37.0,17.36,14.76,3.79,6.13,33.0,17.82,8.75,4.28,7.7,-2.6,,-9.07,,42.0,37.0,40.0,33.0
450,"Watt, 2000",784,GDS,did,,,0,0,0,0,0,1,0,0,0,9.0,19.18,21.2,4.76,3.9,9.0,18.87,15.5,4.29,7.08,2.02,,-3.370000000000001,,9.0,9.0,9.0,9.0
450,"Watt, 2000",785,GDS,did,,,0,0,0,0,0,1,0,0,0,9.0,19.18,21.2,4.76,3.9,9.0,20.58,14.67,3.82,7.4,2.02,,-5.909999999999998,,9.0,9.0,9.0,9.0
450,"Watt, 2000",786,HAMD-17,did,,,0,0,0,0,0,1,0,0,0,9.0,21.78,21.4,4.01,5.59,9.0,22.22,10.33,4.27,4.09,-0.3800000000000026,,-11.89,,9.0,9.0,9.0,9.0
450,"Watt, 2000",787,HAMD-17,did,,,0,0,0,0,0,1,0,0,0,9.0,21.78,21.4,4.01,5.59,9.0,21.67,7.33,4.31,4.05,-0.3800000000000026,,-14.34,,9.0,9.0,9.0,9.0
452,"Westerhof, 2019",788,CES-D,did,individual,per_arm_count,0,0,0,0,0,1,0,0,0,12.0,21.32,15.76,5.44862367942584,4.67653718043597,14.0,24.05,17.27,5.45600586509949,4.67707173346743,-5.56,,-6.780000000000001,,19.0,12.0,20.0,14.0
452,"Westerhof, 2019",789,CES-D,did,individual,per_arm_count,0,0,0,0,0,1,0,0,0,12.0,21.32,15.76,5.44862367942584,4.67653718043597,13.0,21.16,14.68,5.44862367942584,4.68721665810319,-5.56,,-6.48,,19.0,12.0,19.0,13.0
454,"Wiechers, 2023",790,PHQ-9,did,individual,per_arm_count,0,0,1,0,0,0,0,0,0,68.0,17.03,18.05,1.32,4.81,81.0,16.89,14.29,3.1,6.11,1.02,,-2.600000000000001,,68.0,68.0,81.0,81.0
454,"Wiechers, 2023",791,MADRS,did,individual,per_arm_count,0,0,1,0,0,0,0,0,0,68.0,24.56,23.8,9.95,10.45,81.0,23.32,16.12,9.76,10.61,-0.759999999999998,,-7.199999999999999,,68.0,68.0,81.0,81.0
455,"Wiersma, 2014",792,IDS,did,individual,per_arm_count,0,0,0,0,0,0,1,0,0,53.0,43.8,32.0,10.6,14.5,51.0,40.8,24.1,10.0,14.1,-11.8,,-16.7,,72.0,53.0,67.0,51.0
458,"Williams, 2013a",794,BDI-II,did,individual,per_arm_count,0,0,1,0,0,0,0,0,0,22.0,28.0,20.54,8.25,11.36,20.0,27.97,10.4,7.88,9.77,-7.460000000000001,,-17.57,,28.0,22.0,35.0,20.0
458,"Williams, 2013a",795,PHQ-9,did,individual,per_arm_count,0,0,1,0,0,0,0,0,0,22.0,13.81,10.59,4.67,6.6,20.0,12.38,5.15,4.07,4.45,-3.220000000000001,,-7.23,,28.0,22.0,35.0,20.0
458,"Williams, 2013a",796,K-10,did,individual,per_arm_count,0,0,1,0,0,0,0,0,0,22.0,28.62,24.45,5.52,8.15,20.0,29.26,17.4,5.48,5.89,-4.170000000000002,,-11.86,,28.0,22.0,35.0,20.0
459,"Williams, 2013b",797,BDI-II,did,individual,per_arm_count,0,0,1,0,0,0,0,0,0,140.0,29.1,24.0,9.2,11.9,141.0,29.8,21.1,9.6,13.3,-5.100000000000001,,-8.7,,140.0,140.0,141.0,141.0
460,"Williams, 2018",798,PHQ-9,did,individual,per_arm_count,0,0,1,0,0,0,0,0,0,56.0,15.7,13.6,5.6,7.3,48.0,14.7,9.2,5.2,6.2,-2.1,,-5.5,,65.0,56.0,63.0,48.0
460,"Williams, 2018",799,HADS-D,did,individual,per_arm_count,0,0,1,0,0,0,0,0,0,56.0,11.9,10.2,3.7,4.8,48.0,9.8,7.0,3.8,4.5,-1.700000000000001,,-2.800000000000001,,65.0,56.0,63.0,48.0
461,"Wilson, 1983",800,HAMD-17,did,individual,per_arm_count,0,0,1,0,0,0,0,0,0,9.0,13.22,14.78,4.08,5.96,8.0,13.62,5.88,2.4,5.01,1.559999999999999,,-7.739999999999999,,9.0,9.0,8.0,8.0
461,"Wilson, 1983",801,HAMD-17,did,individual,per_arm_count,0,1,0,0,0,0,0,0,0,9.0,13.22,14.78,4.08,5.96,8.0,13.89,5.25,3.22,3.46,1.559999999999999,,-8.64,,9.0,9.0,8.0,8.0
461,"Wilson, 1983",802,BDI-I,did,individual,per_arm_count,0,0,1,0,0,0,0,0,0,9.0,23.66,21.44,7.45,5.52,8.0,27.25,9.0,3.8,6.82,-2.219999999999999,,-18.25,,9.0,9.0,8.0,8.0
461,"Wilson, 1983",803,BDI-I,did,individual,per_arm_count,0,1,0,0,0,0,0,0,0,9.0,23.66,21.44,7.45,5.52,8.0,21.13,7.5,7.62,4.55,-2.219999999999999,,-13.63,,9.0,9.0,8.0,8.0
462,"Winnebeck, 2017",804,BDI-II,did,individual,per_arm_count,1,0,0,0,0,0,0,0,0,32.0,28.5,19.2,6.7,6.1,36.0,27.1,9.7,7.2,6.1,-9.3,,-17.4,,36.0,32.0,38.0,36.0
463,"Wollersheim, 1991",805,BDI-I,did,individual,per_arm_count,0,0,1,0,0,0,0,0,0,8.0,25.75,18.25,9.75,7.55,8.0,25.75,20.0,5.06,13.73,-7.5,,-5.75,,8.0,8.0,8.0,8.0
463,"Wollersheim, 1991",806,MMPI-D,did,individual,per_arm_count,0,0,1,0,0,0,0,0,0,8.0,36.0,32.63,5.18,7.54,8.0,36.0,33.0,4.41,6.82,-3.369999999999997,,-3.0,,8.0,8.0,8.0,8.0
463,"Wollersheim, 1991",807,BDI-I,did,individual,per_arm_count,0,0,0,0,0,0,0,0,1,8.0,25.75,18.25,9.75,7.55,8.0,26.0,18.38,8.55,8.96,-7.5,,-7.620000000000001,,8.0,8.0,8.0,8.0
463,"Wollersheim, 1991",808,MMPI-D,did,individual,per_arm_count,0,0,0,0,0,0,0,0,1,8.0,36.0,32.63,5.18,7.54,8.0,34.0,31.25,5.86,7.29,-3.369999999999997,,-2.75,,8.0,8.0,8.0,8.0
463,"Wollersheim, 1991",809,BDI-I,did,individual,per_arm_count,0,0,1,0,0,0,0,0,0,8.0,25.75,18.25,9.75,7.55,8.0,25.13,15.25,6.51,12.31,-7.5,,-9.879999999999999,,8.0,8.0,8.0,8.0
463,"Wollersheim, 1991",810,MMPI-D,did,individual,per_arm_count,0,0,1,0,0,0,0,0,0,8.0,36.0,32.63,5.18,7.54,8.0,36.13,29.14,2.95,8.47,-3.369999999999997,,-6.990000000000002,,8.0,8.0,8.0,8.0
464,"Wong, 2008a",811,BDI-I,did,individual,per_arm_count,0,0,1,0,0,0,0,0,0,159.0,1.0,0.9,0.49,0.49,163.0,0.9,0.54,0.49,0.48,-0.09999999999999998,,-0.36,,159.0,159.0,163.0,163.0
465,"Wong, 2008b",812,BDI-I,did,individual,per_arm_count,0,0,1,0,0,0,0,0,0,40.0,25.0,22.4,10.2,13.3,48.0,22.8,13.1,10.8,11.1,-2.600000000000001,,-9.700000000000001,,48.0,40.0,48.0,48.0
466,"Wong, 2018",813,BDI-II,did,individual,per_arm_count,1,0,0,0,0,0,0,0,0,116.0,17.68,17.28,9.52,9.83,115.0,19.18,15.41,8.35,9.53,-0.3999999999999986,,-3.77,,116.0,116.0,115.0,115.0
468,"Wright, 2022",818,PHQ-9,did,individual,per_arm_count,0,0,1,0,0,0,0,0,0,80.0,16.2,11.1,5.93,6.85,95.0,16.1,8.6,5.97,5.97,-5.1,,-7.500000000000002,,80.0,80.0,95.0,95.0
469,"Wuthrich, 2013",819,CES-D,did,individual,per_arm_count,0,0,1,0,0,0,0,0,0,35.0,22.61,21.15,10.057,11.24,27.0,26.37,13.34,10.08,11.327,-1.460000000000001,,-13.03,,35.0,35.0,27.0,27.0
469,"Wuthrich, 2013",820,GDS,did,individual,per_arm_count,0,0,1,0,0,0,0,0,0,35.0,16.35,14.38,6.507,7.276,27.0,18.14,9.21,6.651,7.482,-1.970000000000001,,-8.93,,35.0,35.0,27.0,27.0
469,"Wuthrich, 2013",821,Other,did,individual,per_arm_count,0,0,1,0,0,0,0,0,0,35.0,5.61,4.93,1.715,1.83,27.0,6.53,3.0,2.286,2.7,-0.6800000000000006,,-3.53,,35.0,35.0,27.0,27.0
470,"Wuthrich, 2016",822,GDS,did,individual,per_arm_count,0,0,1,0,0,0,0,0,0,53.0,19.017,14.284,6.1,6.22,76.0,17.26,10.767,6.18,6.38,-4.732999999999999,,-6.493000000000002,,53.0,53.0,76.0,76.0
471,"Xie, 2019",823,GDS,did,individual,per_arm_count,0,1,0,0,0,0,0,0,0,36.0,15.78,15.83,1.48,1.58,37.0,16.14,13.97,1.89,3.44,0.05000000000000071,,-2.17,,36.0,36.0,37.0,37.0
472,"Yang, 2018",824,BDI-II,did,individual,per_arm_count,0,0,0,0,0,0,1,0,0,35.0,22.24,21.74,6.13,5.66,32.0,22.0,17.0,5.15,6.13,-0.5,,-5.0,,37.0,35.0,37.0,32.0
474,"Ying, 2022",826,PHQ-9,did,individual,per_arm_count,0,0,1,0,0,0,0,0,0,109.0,12.2,10.8,2.58,2.34,110.0,12.3,8.7,2.36,2.74,-1.399999999999999,,-3.600000000000001,,109.0,109.0,110.0,110.0
474,"Ying, 2022",827,PHQ-9,did,individual,per_arm_count,0,0,1,0,0,0,0,0,0,109.0,12.2,10.8,2.58,2.34,110.0,12.6,7.3,2.4,2.12,-1.399999999999999,,-5.3,,109.0,109.0,110.0,110.0
474,"Ying, 2022",828,BDI-II,did,individual,per_arm_count,0,0,1,0,0,0,0,0,0,109.0,15.6,15.3,2.16,1.92,110.0,15.0,10.0,2.3,2.37,-0.2999999999999989,,-5.0,,109.0,109.0,110.0,110.0
474,"Ying, 2022",829,BDI-II,did,individual,per_arm_count,0,0,1,0,0,0,0,0,0,109.0,15.6,15.3,2.16,1.92,110.0,15.2,8.9,2.11,2.92,-0.2999999999999989,,-6.299999999999999,,109.0,109.0,110.0,110.0
474,"Ying, 2022",830,CES-D,did,individual,per_arm_count,0,0,1,0,0,0,0,0,0,109.0,26.0,25.5,1.38,1.18,110.0,25.1,14.2,2.47,4.67,-0.5,,-10.9,,109.0,109.0,110.0,110.0
474,"Ying, 2022",831,CES-D,did,individual,per_arm_count,0,0,1,0,0,0,0,0,0,109.0,26.0,25.5,1.38,1.18,110.0,24.8,15.8,4.7,2.66,-0.5,,-9.0,,109.0,109.0,110.0,110.0
475,"Yuan, 2020",832,GDS,did,individual,per_arm_count,0,0,1,0,0,0,0,0,0,26.0,14.65,14.69,3.42,4.53,24.0,13.79,11.75,3.46,4.46,0.03999999999999915,,-2.039999999999999,,26.0,26.0,24.0,24.0
476,"Zemestani, 2016",833,BDI-II,did,individual,per_arm_count,1,0,0,0,0,0,0,0,0,15.0,29.35,29.21,3.56,9.37,15.0,29.28,15.78,3.24,9.72,-0.1400000000000006,,-13.5,,15.0,15.0,15.0,15.0
476,"Zemestani, 2016",834,BDI-II,did,individual,per_arm_count,0,1,0,0,0,0,0,0,0,15.0,29.35,29.21,3.56,9.37,15.0,28.77,15.38,3.37,8.71,-0.1400000000000006,,-13.39,,15.0,15.0,15.0,15.0
477,"Zemestani, 2020b",835,BDI-II,did,individual,per_arm_count,1,0,0,0,0,0,0,0,0,19.0,36.6,38.86,31.51,26.19,19.0,35.76,15.15,47.8,9.72,2.259999999999998,,-20.61,,19.0,19.0,19.0,19.0
478,"Zhao, 2019",836,EPDS,did,individual,per_arm_count,0,0,0,0,0,0,1,0,0,167.0,7.81,6.6,3.98,3.64,167.0,8.04,5.26,3.78,3.41,-1.21,,-2.779999999999999,,167.0,167.0,167.0,167.0
478,"Zhao, 2019",837,PDSS,did,individual,per_arm_count,0,0,0,0,0,0,1,0,0,167.0,71.89,63.6,12.86,15.44,167.0,72.68,56.38,11.81,14.38,-8.29,,-16.3,,167.0,167.0,167.0,167.0
480,"Zu, 2014",838,QIDS,did,individual,per_arm_count,0,0,1,0,0,0,0,0,0,16.0,14.1,6.2,5.6,4.4,12.0,14.2,4.2,3.6,4.1,-7.899999999999999,,-10.0,,16.0,16.0,12.0,12.0
480,"Zu, 2014",839,HAMD-17,did,individual,per_arm_count,0,0,1,0,0,0,0,0,0,16.0,21.6,6.2,5.1,6.6,12.0,19.6,2.4,3.8,2.3,-15.4,,-17.2,,16.0,16.0,12.0,12.0
