scenario_id,model_label,parameter,true_value,n_reps,empirical_coverage,mean_bias,median_bias,rmse,mean_ci_width,mean_posterior_sd,se_bias,se_ci_width,se_posterior_sd,max_rhat_worst,min_ess_worst,pct_rhat_bad,mean_n_divergent,max_n_divergent,pct_reps_with_divergence,pct_reps_many_divergence,mean_n_max_treedepth,min_ebfmi_worst
A1,default,baseline_difference_sd,0,25,0,0.023831076563709412,0.024804299556358,0.025295011271515434,0.029242929168859996,0.009028378557712187,0.001731056818833427,5.861062358115215e-4,1.5818338719661236e-4,1.0100163841502847,443.76153383193787,0,0,0,0,0,0,0.5623362399068009
A1,default,time_trend_mean,-0.08998628257887518,25,0.96,-0.0017887199926048152,-0.0035185608356248094,0.010266327115975603,0.04198010874199999,0.012867557854489125,0.0020635522895429597,0.001284906404345945,3.8407574452411434e-4,1.0100163841502847,443.76153383193787,0,0,0,0,0,0,0.5623362399068009
A1,default,time_trend_sd,0.045528614603915496,25,0.84,0.005844387563324504,0.005366020402084504,0.010486549339416812,0.035319119914,0.010996274224980786,0.001777297234774395,8.663639734450758e-4,2.857553916963488e-4,1.0100163841502847,443.76153383193787,0,0,0,0,0,0,0.5623362399068009
A1,default,treatment_effect_mean,-0.3374485596707819,25,0.96,-0.003407208413418088,-0.0015372111292180635,0.017591166590045743,0.06760235986,0.02066486782856543,0.0035227834214478907,0.0017766830651957679,5.525940541158409e-4,1.0100163841502847,443.76153383193787,0,0,0,0,0,0,0.5623362399068009
A1,default,treatment_effect_sd,0.07626392697027408,25,0.92,0.008375953990965922,0.006920156221725926,0.015281885078921665,0.055543016551999995,0.017211696819927156,0.0026091138845927386,0.0012470369165270279,3.93175025817077e-4,1.0100163841502847,443.76153383193787,0,0,0,0,0,0,0.5623362399068009
A10,default,baseline_control_mean,0.45,25,0.96,0.0010441199871999963,3.960731850000121e-4,0.009645480012788603,0.040893837119999984,0.012522503749277413,0.0019573057388647995,0.001083908881735781,3.184952693401511e-4,1.0137445849557327,170.08645175960672,0,0,0,0,0,0,0.6701566286956134
A10,default,baseline_difference_sd,0,25,0,0.022412557931840132,0.02094765351373,0.023540748793608055,0.0455015697238,0.014285290994497471,0.0014697519733454594,0.0018021132554303092,5.233463767116762e-4,1.0137445849557327,170.08645175960672,0,0,0,0,0,0,0.6701566286956134
A10,default,time_trend_mean,-0.04,25,0.92,-5.547245405503994e-4,3.985083559999991e-4,0.007149203464011942,0.021717364519999997,0.0066227120419745196,0.0014549254112317853,7.997181463522404e-4,2.4452552272719003e-4,1.0137445849557327,170.08645175960672,0,0,0,0,0,0,0.6701566286956134
A10,default,time_trend_sd,0.02,25,0.84,5.060137011483077e-4,3.1390551450600004e-4,0.006867892760531671,0.02033230027794,0.006269190142830098,0.001398092466905258,5.279989316642259e-4,1.5863195637379985e-4,1.0137445849557327,170.08645175960672,0,0,0,0,0,0,0.6701566286956134
A10,default,treatment_effect_mean,-0.15,25,0.88,-3.2791442380000535e-4,-3.2502627500000103e-4,0.006365207289866898,0.022995202779999998,0.00701912548040083,0.0012975672104242907,6.763582017289044e-4,2.0517481024330905e-4,1.0137445849557327,170.08645175960672,0,0,0,0,0,0,0.6701566286956134
A10,default,treatment_effect_sd,0.03,25,0.88,-8.488014847619388e-4,0.001185590326950002,0.006959349059859425,0.0202859109826,0.0062155451655896065,0.0014099656523067058,4.98853219561399e-4,1.5030469284714023e-4,1.0137445849557327,170.08645175960672,0,0,0,0,0,0,0.6701566286956134
A11,default,baseline_difference_sd,0,15,0,0.02392651466139893,0.0244573610592,0.025218421368698986,0.03018503810933333,0.00924229402174004,0.0021295652220098766,9.359038641139777e-4,2.3795636055103905e-4,1.0070697343974522,346.64415571873457,0,0,0,0,0,0,0.7155436097737641
A11,default,time_trend_mean,-0.08998628257887518,15,0.8666666666666667,0.0011502566654085194,0.0011212025938751868,0.009834230240346598,0.038021207636666665,0.011653498443961645,0.002610268103687966,0.0016018968146019141,5.019829212697043e-4,1.0070697343974522,346.64415571873457,0,0,0,0,0,0,0.7155436097737641
A11,default,time_trend_sd,0.045528614603915496,15,0.9333333333333333,-3.3927281221216347e-4,-0.0015704120194154972,0.009276376716699638,0.03270921017333333,0.010180114708250336,0.0024775572495766987,0.0010409546038976935,3.215400965303187e-4,1.0070697343974522,346.64415571873457,0,0,0,0,0,0,0.7155436097737641
A11,default,treatment_effect_mean,-0.3374485596707819,15,0.8,0.007224295096115241,0.006348804810781927,0.016642820824013985,0.06336108533333332,0.01940471650630489,0.004007074505925015,0.003625717231568137,0.0010980602340087831,1.0070697343974522,346.64415571873457,0,0,0,0,0,0,0.7155436097737641
A11,default,treatment_effect_sd,0.07626392697027408,15,0.7333333333333333,0.0019432467976925858,0.004096316928725918,0.02135489752821124,0.053012012649999996,0.016493466963686813,0.005683657275304218,0.0029064709147665567,8.952359254671845e-4,1.0070697343974522,346.64415571873457,0,0,0,0,0,0,0.7155436097737641
A12,individual,baseline_difference_sd,0,15,0,0.026130521121066043,0.0240377041533675,0.027880802049908053,0.030506831385699998,0.009306692202360656,0.002598557139310727,7.166045492624208e-4,1.9886673255216453e-4,1.0093348306187169,572.6145290546087,0,0,0,0,0,0,0.5913615651952547
A12,individual,time_trend_mean,-0.08998628257887518,15,0.8,0.0011236534355085176,-0.0011257200606248213,0.011687568292331927,0.036271757136666666,0.011146572811524338,0.0031091645127727125,0.0015673832160063793,4.8082706249010204e-4,1.0093348306187169,572.6145290546087,0,0,0,0,0,0,0.5913615651952547
A12,individual,time_trend_sd,0.045528614603915496,15,1,-0.002582135249092163,-0.005657607720915496,0.009173351541155794,0.032054877509999996,0.00993345866362729,0.002352551138855451,9.89300166946333e-4,3.1299677651463667e-4,1.0093348306187169,572.6145290546087,0,0,0,0,0,0,0.5913615651952547
A12,individual,treatment_effect_mean,-0.3374485596707819,15,0.8,0.0026527636844485745,0.004600052210781913,0.025049767690049657,0.06265762116666665,0.019177431663952662,0.0066571857318664445,0.002627467825287823,7.423408609589728e-4,1.0093348306187169,572.6145290546087,0,0,0,0,0,0,0.5913615651952547
A12,individual,treatment_effect_sd,0.07626392697027408,15,0.9333333333333333,4.893256112592087e-5,5.0340905322592e-4,0.01399357729162722,0.05194991075666666,0.016175391522406803,0.003739917980586574,0.0016141060629667088,5.223958979300972e-4,1.0093348306187169,572.6145290546087,0,0,0,0,0,0,0.5913615651952547
A12,summary,baseline_difference_sd,0,15,0,0.02589686891630774,0.024560067074515,0.02763700935408976,0.030518527411633332,0.009335157138435841,0.0025795412987807786,7.028697857374802e-4,1.990431598418589e-4,1.0071988620112715,460.8267747757175,0,0,0,0,0,0,0.5966910956003911
A12,summary,time_trend_mean,-0.08998628257887518,15,0.8666666666666667,0.0011436132045085192,-9.6098249912481e-4,0.011658997762686071,0.036649223396666666,0.011198910786085424,0.00310097194059255,0.0016458733700720131,5.040014037450802e-4,1.0071988620112715,460.8267747757175,0,0,0,0,0,0,0.5966910956003911
A12,summary,time_trend_sd,0.045528614603915496,15,1,-0.0026532095690821626,-0.004927924127415495,0.009200560626215775,0.03132816873333333,0.009668189098201994,0.0023544910705652787,0.0010696203949807927,3.334588717316222e-4,1.0071988620112715,460.8267747757175,0,0,0,0,0,0,0.5966910956003911
A12,summary,treatment_effect_mean,-0.3374485596707819,15,0.8,0.0028252374394485765,0.0026716494907819133,0.025038506002933968,0.06240700373333333,0.019101964957818556,0.006649085953667929,0.002666094829728541,8.331358392503415e-4,1.0071988620112715,460.8267747757175,0,0,0,0,0,0,0.5966910956003911
A12,summary,treatment_effect_sd,0.07626392697027408,15,0.9333333333333333,-2.000688123740796e-4,-1.3949757727407808e-4,0.013705079024332148,0.051834621426666665,0.016124918932997112,0.0036624461335239577,0.001637112252348343,5.269532610863107e-4,1.0071988620112715,460.8267747757175,0,0,0,0,0,0,0.5966910956003911
A13,hierarchical_rho,baseline_difference_sd,0,25,0,0.024871983308660903,0.02676166558702,0.026005387475372416,0.0299893136414,0.009175416353896522,0.0015500621498017162,3.76235176843052e-4,1.1282026590380384e-4,1.015881261397147,364.08079864680104,0,0,0,0,0,0,0.5854668154463809
A13,hierarchical_rho,time_trend_mean,-0.08998628257887518,25,0.8,-0.006173620108244816,-0.004158178786624819,0.013637265534990797,0.038980160348,0.011945421845189905,0.0024821145725547125,0.0012528093443756672,3.769633250576503e-4,1.015881261397147,364.08079864680104,0,0,0,0,0,0,0.5854668154463809
A13,hierarchical_rho,time_trend_sd,0.045528614603915496,25,0.88,9.814154749763035e-4,5.903782015845016e-4,0.009498700002692609,0.033869502297999995,0.010527849962153064,0.001928537068680878,8.330103681764877e-4,2.571326522329615e-4,1.015881261397147,364.08079864680104,0,0,0,0,0,0,0.5854668154463809
A13,hierarchical_rho,treatment_effect_mean,-0.3374485596707819,25,0.8,0.010222030572181908,0.010359444185781885,0.019152903781264885,0.07060271652,0.02166381154750864,0.003306205114602498,0.0028043260373256376,8.62581354855301e-4,1.015881261397147,364.08079864680104,0,0,0,0,0,0,0.5854668154463809
A13,hierarchical_rho,treatment_effect_sd,0.07626392697027408,25,0.76,0.01312355986980592,0.013751238372225916,0.023794392559415973,0.058170291988,0.018146139057905356,0.004051467293952535,0.0019610154325335923,6.120559993167427e-4,1.015881261397147,364.08079864680104,0,0,0,0,0,0,0.5854668154463809
A13,known_rho,baseline_difference_sd,0,25,0,0.024743213613550096,0.02671124774435,0.025887124102839346,0.029931949231799995,0.009191987577715407,0.0015534447526657637,4.6180153350379655e-4,1.2345769639844924e-4,1.007858642941962,291.53454907817394,0,0,0,0,0,0,0.5392107277348732
A13,known_rho,time_trend_mean,-0.08998628257887518,25,0.8,-0.006064895095464816,-0.002579419901624816,0.013679727958497196,0.039107467356,0.011931387248198982,0.0025029316519125516,0.0012673987383761476,3.8550085042413903e-4,1.007858642941962,291.53454907817394,0,0,0,0,0,0,0.5392107277348732
A13,known_rho,time_trend_sd,0.045528614603915496,25,0.88,0.0011549893701605037,7.777543655845057e-4,0.009530010201765844,0.033674960066,0.010494508289320711,0.001930965798943814,7.268854648625015e-4,2.380529486725982e-4,1.007858642941962,291.53454907817394,0,0,0,0,0,0,0.5392107277348732
A13,known_rho,treatment_effect_mean,-0.3374485596707819,25,0.84,0.010966223455981914,0.01099734912578193,0.019264225567383914,0.07165053614000001,0.02192027245628183,0.0032329832058572475,0.00295907639932859,8.842764037785821e-4,1.007858642941962,291.53454907817394,0,0,0,0,0,0,0.5392107277348732
A13,known_rho,treatment_effect_sd,0.07626392697027408,25,0.76,0.013091013290805921,0.013699300944225917,0.023850406192345793,0.058756551175999996,0.018227472908451104,0.004069537476584559,0.001977009792813736,6.149306034745077e-4,1.007858642941962,291.53454907817394,0,0,0,0,0,0,0.5392107277348732
A14,default,baseline_difference_sd,0,25,0,0.026655039966744162,0.02655351734182,0.028133630535120323,0.0308503527912,0.009449784031696275,0.0018372308358179286,4.8332532242417633e-4,1.420375456483985e-4,1.0098156268351324,398.8213360278476,0,0,0,0,0,0,0.5891272137231023
A14,default,time_trend_mean,-0.08998628257887518,25,0.92,-9.311809671968163e-4,0.002878619653875189,0.011111128873161737,0.041428834712,0.012707306091622845,0.002260070858424012,0.0016935142293956873,5.191980490809442e-4,1.0098156268351324,398.8213360278476,0,0,0,0,0,0,0.5891272137231023
A14,default,time_trend_sd,0.045528614603915496,25,0.8,0.004867559917714505,0.005363990016584504,0.013517171747188906,0.03557132274199999,0.011014954799617997,0.0025740758251786627,0.0011666761951135186,3.6081906953408125e-4,1.0098156268351324,398.8213360278476,0,0,0,0,0,0,0.5891272137231023
A14,default,treatment_effect_mean,0.3374485596707819,25,0.92,-0.003655551448781904,-0.008513445925781904,0.020806772794988236,0.06347617570000001,0.019488122461290166,0.004181102016552031,0.002437002120860145,7.521892760657419e-4,1.0098156268351324,398.8213360278476,0,0,0,0,0,0,0.5891272137231023
A14,default,treatment_effect_sd,0.07626392697027408,25,0.88,0.0013463678300859204,-0.004810250974774083,0.016760449766649598,0.05303159619199999,0.01645099293661315,0.003410156216158423,0.0015802602937762596,4.941675219389093e-4,1.0098156268351324,398.8213360278476,0,0,0,0,0,0,0.5891272137231023
A15,default,baseline_difference_sd,0,25,0,0.022960203362390384,0.023269101552659,0.024487548435170595,0.029312652221099997,0.009016786536318915,0.001737683922190003,8.395078149881014e-4,2.4797222496072697e-4,1.0068218556353143,392.82446157145154,0,0,0,0,0,0,0.5900963383329885
A15,default,time_trend_mean,-0.08998628257887518,25,0.84,-0.0019804899881448166,-0.0012752228241248165,0.01160619678647031,0.040593337163999994,0.012467571972122496,0.002334358077833639,0.0016527316924268274,5.156117755436161e-4,1.0068218556353143,392.82446157145154,0,0,0,0,0,0,0.5900963383329885
A15,default,time_trend_sd,0.045528614603915496,25,0.84,0.004244873411024504,0.004229642382084502,0.012873742849858993,0.034355385589999995,0.010701452527801181,0.0024808794197544873,0.0010817614189923747,3.3814988448811506e-4,1.0068218556353143,392.82446157145154,0,0,0,0,0,0,0.5900963383329885
A15,default,treatment_effect_mean,0,25,0.84,0.0017963512902008471,-6.2784204492305e-4,0.018782849464985228,0.05716574368103999,0.01759451469118283,0.0038164586337035545,0.002025436135018233,6.250918961824924e-4,1.0068218556353143,392.82446157145154,0,0,0,0,0,0,0.5900963383329885
A15,default,treatment_effect_sd,0.06666666666666667,25,0.92,0.002384370520253734,0.0039520264663333304,0.014739097709148654,0.049011545934,0.015187326571031522,0.002968976945725413,0.0011104752764262433,3.4769109369458927e-4,1.0068218556353143,392.82446157145154,0,0,0,0,0,0,0.5900963383329885
A16,default,baseline_difference_sd,0,25,0,0.024217831676079764,0.024308964466764,0.02569537579479319,0.030027575750879998,0.009229813230372816,0.0017529613770311593,6.682448233356153e-4,1.7831458662637294e-4,1.0074792606061016,434.53636464033025,0,0,0,0,0,0,0.5733631078857253
A16,default,time_trend_mean,0.08998628257887518,25,0.96,-0.0052752781479731845,-0.006348690058375184,0.009774097154944296,0.038599575466,0.011900306061779893,0.0016795884373833816,0.0011947635176887783,3.709959218457633e-4,1.0074792606061016,434.53636464033025,0,0,0,0,0,0,0.5733631078857253
A16,default,time_trend_sd,0.045528614603915496,25,0.88,9.52312633248504e-4,0.004569708750084507,0.009663415969890458,0.033658855855999995,0.010526822065893072,0.0019629347592283984,8.235255656034761e-4,2.7269804320327384e-4,1.0074792606061016,434.53636464033025,0,0,0,0,0,0,0.5733631078857253
A16,default,treatment_effect_mean,-0.3374485596707819,25,1,0.009472655844781908,0.01006843937078189,0.01683940618471113,0.06686178672,0.02051517164997012,0.002841906577604832,0.0019155521125218435,5.921746374733714e-4,1.0074792606061016,434.53636464033025,0,0,0,0,0,0,0.5733631078857253
A16,default,treatment_effect_sd,0.07626392697027408,25,1,0.00653001274454592,0.007526811636725916,0.015225997674143373,0.055341697397999996,0.017296519853354907,0.0028076527765576657,0.001358850031576691,4.41635145108248e-4,1.0074792606061016,434.53636464033025,0,0,0,0,0,0,0.5733631078857253
A17,default,baseline_difference_sd,0,25,0,0.031461944259517476,0.0319999137946405,0.033072754198630906,0.045327263843139995,0.014095054061328936,0.0020811969081724092,0.0012562405132308017,3.8332567409632504e-4,1.0159222272641864,139.80813728406835,0,0.8,20,0.04,0.04,0,0.6125698141072596
A17,default,time_trend_mean,0.08998628257887518,25,0.92,-0.0030534654363129844,-0.002511977058875181,0.014250860535419265,0.0521942701,0.01602288638349672,0.0028413859208522127,0.0017484298564278435,5.29767196784175e-4,1.0159222272641864,139.80813728406835,0,0.8,20,0.04,0.04,0,0.6125698141072596
A17,default,time_trend_sd,0.045528614603915496,25,0.96,0.003762544998638465,0.002333585932084506,0.012746358309744637,0.046253504273,0.01428334662553173,0.002485901121773357,0.001986520120565207,6.005675565291721e-4,1.0159222272641864,139.80813728406835,0,0.8,20,0.04,0.04,0,0.6125698141072596
A17,default,treatment_effect_mean,-0.3374485596707819,25,0.92,0.008685000885981906,0.01077780349078189,0.017263692479940727,0.06286009002,0.019240232609103004,0.0030455284000512916,0.0017223163090028261,5.386311681077271e-4,1.0159222272641864,139.80813728406835,0,0.8,20,0.04,0.04,0,0.6125698141072596
A17,default,treatment_effect_sd,0.07626392697027408,25,0.8,-0.0052469694550830795,-0.004965732372774076,0.015888030759960432,0.051648770432,0.015841156314266393,0.0030611737466130677,0.0017352087956569943,5.29967665818428e-4,1.0159222272641864,139.80813728406835,0,0.8,20,0.04,0.04,0,0.6125698141072596
A18,default,baseline_difference_sd,0,25,0,0.0262366676810712,0.026059530650425,0.027665865526088188,0.0308383365018,0.009473102415694728,0.0017916168710207562,4.3165590439946865e-4,1.221588032745597e-4,1.0169237296132043,332.5433634959962,0,0,0,0,0,0,0.5622039480841949
A18,default,time_trend_mean,0.08998628257887518,25,0.96,0.0014613929741048137,0.0025847363871248086,0.011700434426336394,0.04245989549999999,0.012934844796986176,0.002369638653362531,0.0014422556186588953,4.3782025241382065e-4,1.0169237296132043,332.5433634959962,0,0,0,0,0,0,0.5622039480841949
A18,default,time_trend_sd,0.045528614603915496,25,0.92,0.0062931822787845055,0.005193823541084504,0.011818297682662859,0.035487798407999996,0.011081913049130138,0.0020419355291204605,9.305872662675602e-4,2.9737512409052757e-4,1.0169237296132043,332.5433634959962,0,0,0,0,0,0,0.5622039480841949
A18,default,treatment_effect_mean,0.3374485596707819,25,0.88,-0.004448263727581911,-0.004120514635781891,0.021252268873006658,0.06810233458,0.02086453629668412,0.004242011521969102,0.0024732011873412787,7.601084037747749e-4,1.0169237296132043,332.5433634959962,0,0,0,0,0,0,0.5622039480841949
A18,default,treatment_effect_sd,0.07626392697027408,25,0.88,0.00864000014854792,0.010203834424725916,0.02061074329310636,0.05681001331999999,0.01761103394376981,0.003819648416016304,0.0018914961570590059,5.835206425297932e-4,1.0169237296132043,332.5433634959962,0,0,0,0,0,0,0.5622039480841949
A2,default,baseline_difference_sd,0,25,0,0.025276883759143286,0.02669234871105,0.026225090600407838,0.0173516112288,0.005277972327596483,0.0014264542933786002,3.0539666947909547e-4,7.680081611498655e-5,1.0114643159861603,474.81989988994115,0,0,0,0,0,0,0.5686743141949574
A2,default,time_trend_mean,-0.08998628257887518,25,0.88,-0.001360256143704816,-0.0013246648906248132,0.007069576723574989,0.022590319692,0.006904052908936572,0.0014161070209384274,4.8082940560136933e-4,1.503397365794207e-4,1.0114643159861603,474.81989988994115,0,0,0,0,0,0,0.5686743141949574
A2,default,time_trend_sd,0.045528614603915496,25,0.88,0.002379410065564504,0.0011682834535845024,0.006503661044557249,0.018263553778,0.005584043701914586,0.0012355163347493934,3.177256103466855e-4,9.146712328227206e-5,1.0114643159861603,474.81989988994115,0,0,0,0,0,0,0.5686743141949574
A2,default,treatment_effect_mean,-0.3374485596707819,25,0.84,0.00246908717518191,5.92244670781894e-4,0.012487669152309769,0.03854420399999999,0.011765625898653922,0.002498712079743126,7.633148252484351e-4,2.3503736761253395e-4,1.0114643159861603,474.81989988994115,0,0,0,0,0,0,0.5686743141949574
A2,default,treatment_effect_sd,0.07626392697027408,25,0.72,0.007852594957245922,0.008161304508725917,0.012303112757362383,0.030228801622,0.00928897389553156,0.0019332974417409338,5.564489194433849e-4,1.6643009373999576e-4,1.0114643159861603,474.81989988994115,0,0,0,0,0,0,0.5686743141949574
A3,default,baseline_difference_sd,0,25,0,0.028969745708848575,0.0251955512557705,0.03227790801691536,0.060035134740799995,0.01990731531749466,0.0029055778220024395,0.0029667234368858557,8.901148628770549e-4,1.0828942865739764,18.96100690399239,0.04,7.52,69,1,0.12,0,0.5351004645507307
A3,default,time_trend_mean,-0.08998628257887518,25,0.96,1.0966924908880432e-4,7.440718370668731e-5,0.01961877117180896,0.11109560996439999,0.034934301353431015,0.0040046023260098635,0.008888283692059958,0.002564257269565265,1.0828942865739764,18.96100690399239,0.04,7.52,69,1,0.12,0,0.5351004645507307
A3,default,time_trend_sd,0.045528614603915496,25,0.96,0.017997765651250185,0.017906772966639506,0.031770970128507506,0.13394916422559996,0.04535627251458456,0.005344292026971375,0.01335704529714582,0.0038025837964044797,1.0828942865739764,18.96100690399239,0.04,7.52,69,1,0.12,0,0.5351004645507307
A3,default,treatment_effect_mean,-0.3374485596707819,25,0.92,4.021996631419111e-4,0.0042886295412818964,0.041327748862368514,0.17374327214,0.05520199380897338,0.008435591911315338,0.011975527702701171,0.003737844393780957,1.0828942865739764,18.96100690399239,0.04,7.52,69,1,0.12,0,0.5351004645507307
A3,default,treatment_effect_sd,0.07626392697027408,25,0.92,0.027615983940128864,0.033268860566225925,0.0469367306753539,0.19524697702719995,0.06732409171515806,0.007747080411110942,0.011795619221047398,0.003750129646361505,1.0828942865739764,18.96100690399239,0.04,7.52,69,1,0.12,0,0.5351004645507307
A4,default,baseline_difference_sd,0,25,0,0.02503299334127,0.024532345571,0.025359552044299908,0.012822359109999999,0.003932890081856425,8.280530443830166e-4,8.546289687831333e-5,2.745867428006288e-5,1.0116616561997396,440.79884655240795,0,0,0,0,0,0,0.5998224960126973
A4,default,time_trend_mean,-0.08998628257887518,25,0.96,-5.417932731248153e-4,-0.0023449353711248178,0.004785408458418311,0.017847795692000002,0.005435292557370341,9.70536667757806e-4,3.1496202899821855e-4,9.393185884245154e-5,1.0116616561997396,440.79884655240795,0,0,0,0,0,0,0.5998224960126973
A4,default,time_trend_sd,0.045528614603915496,25,0.72,0.0037253436162445032,0.0035694656545845055,0.006228870099758821,0.014195458844,0.004334154148010013,0.0010189994614934745,2.1100780183744104e-4,6.177449061320028e-5,1.0116616561997396,440.79884655240795,0,0,0,0,0,0,0.5998224960126973
A4,default,treatment_effect_mean,-0.3374485596707819,25,0.92,-0.0013145798646180906,1.1315144078188899e-4,0.009310509871597934,0.02864494933999999,0.008746100418812849,0.0018814608004671003,4.917864337214429e-4,1.4436573764692784e-4,1.0116616561997396,440.79884655240795,0,0,0,0,0,0,0.5998224960126973
A4,default,treatment_effect_sd,0.07626392697027408,25,0.8,0.00375779662232592,0.004110735230225926,0.008631060175136793,0.02238011597,0.00684513750584497,0.001586061215349577,3.228889149695218e-4,9.645717861241636e-5,1.0116616561997396,440.79884655240795,0,0,0,0,0,0,0.5998224960126973
A5,default,baseline_difference_sd,0,25,0,0.029643733348207225,0.02926512080455,0.03142286802631285,0.0423481734988,0.013088844857626718,0.00212765234647899,0.0014484952335292647,4.1490792526645065e-4,1.0125370991387688,155.7261871431627,0,0.44,10,0.08,0,0,0.6966029358010787
A5,default,time_trend_mean,-0.08998628257887518,25,0.96,0.0038548326289273853,0.0029180629363751848,0.016469599800950623,0.058955905072,0.018015586268851524,0.003268460283568992,0.0025106802658214837,7.683899707429713e-4,1.0125370991387688,155.7261871431627,0,0.44,10,0.08,0,0,0.6966029358010787
A5,default,time_trend_sd,0.045528614603915496,25,0.88,0.01048353183868389,0.008176430608884504,0.020356509137493352,0.054036293720399996,0.0168319978871332,0.0035618524233194046,0.0029742941232386777,9.374779378161623e-4,1.0125370991387688,155.7261871431627,0,0.44,10,0.08,0,0,0.6966029358010787
A5,default,treatment_effect_mean,-0.3374485596707819,25,0.84,-4.3933279881809063e-4,-0.001418111734218075,0.019740867966791722,0.06071262797999999,0.018467770255165217,0.004028589780008767,0.0016522735846080396,4.90783353648182e-4,1.0125370991387688,155.7261871431627,0,0.44,10,0.08,0,0,0.6966029358010787
A5,default,treatment_effect_sd,0.07626392697027408,25,0.88,-0.0011649020384800778,0.0022081353197259262,0.014962106489412182,0.051855000305999994,0.01587697393495613,0.003044856549995795,0.0018027494911785804,5.315727558236953e-4,1.0125370991387688,155.7261871431627,0,0.44,10,0.08,0,0,0.6966029358010787
A6,default,baseline_difference_sd,0,25,0,0.029962368917449547,0.0269877041861215,0.031865810687958705,0.062445507650339994,0.02070428721892225,0.002214406802203437,0.002514795583662378,7.47029356613929e-4,1.0519658346196965,28.941100075026046,0.04,13.6,115,0.44,0.28,0,0.6290626858989896
A6,default,time_trend_mean,-0.22496570644718797,25,1,0.0015332927704279698,0.0038179398821879817,0.015482183533986383,0.07271305052,0.022150455846879163,0.0031447510517540202,0.0035707296822644467,9.745581175379143e-4,1.0519658346196965,28.941100075026046,0.04,13.6,115,0.44,0.28,0,0.6290626858989896
A6,default,time_trend_sd,0.033218824807589406,25,0.8,0.014148893303420017,0.015366768486810595,0.024420383300723218,0.0652216673828,0.020200432091513534,0.0040628599268386755,0.003095216777315813,9.476476250508588e-4,1.0519658346196965,28.941100075026046,0.04,13.6,115,0.44,0.28,0,0.6290626858989896
A6,default,treatment_effect_mean,-0.3374485596707819,25,0.96,-6.472147228180947e-4,0.00513161099578191,0.019804355796243713,0.08392726274,0.025545789233009458,0.004040387881579665,0.002301732858907858,7.090303992279874e-4,1.0519658346196965,28.941100075026046,0.04,13.6,115,0.44,0.28,0,0.6290626858989896
A6,default,treatment_effect_sd,0.07626392697027408,25,0.84,0.003394271991471341,2.409577637759175e-4,0.019391186686160605,0.0645745174526,0.019777461580449046,0.003897098486617135,0.0027563790874116116,8.25085713826271e-4,1.0519658346196965,28.941100075026046,0.04,13.6,115,0.44,0.28,0,0.6290626858989896
A7,default,baseline_difference_sd,0,25,0,0.024838215485438055,0.02555669347415,0.025817722023993805,0.024602079998459998,0.00752002693432132,0.0014378488273453273,4.484766753409416e-4,1.2519883720966556e-4,1.0152234715832849,238.34969888172037,0,0,0,0,0,0,0.5765162465192736
A7,default,beta_cov[dose],-0.08998628257887518,25,0.92,-0.004039768865616454,-2.489741303248194e-4,0.020058729111459613,0.074167202852,0.022713381471397568,0.004010573946245689,0.0025422957626340535,7.663519944191801e-4,1.0152234715832849,238.34969888172037,0,0,0,0,0,0,0.5765162465192736
A7,default,time_trend_mean,-0.08998628257887518,25,0.84,-0.0011926794112248173,-5.385096791248184e-4,0.010825640607549484,0.03224981397,0.009837731634234488,0.0021963227827616096,0.0010473092170599847,3.1151991253722006e-4,1.0152234715832849,238.34969888172037,0,0,0,0,0,0,0.5765162465192736
A7,default,time_trend_sd,0.045528614603915496,25,0.84,0.0018351200752759042,0.0038317097705845016,0.009771320073143009,0.027196315819599998,0.008371177436158762,0.001959071105153397,6.655181097106774e-4,2.0450729994248178e-4,1.0152234715832849,238.34969888172037,0,0,0,0,0,0,0.5765162465192736
A7,default,treatment_effect_mean,-0.5624142661179699,25,1,0.0016419652209698477,-1.7161407203014623e-4,0.018490005274618807,0.06750084702,0.020579784273865948,0.0037593452736068103,0.00243443930606854,7.29063568726583e-4,1.0152234715832849,238.34969888172037,0,0,0,0,0,0,0.5765162465192736
A7,default,treatment_effect_sd,0.07626392697027408,25,0.52,0.02898733316330592,0.021088189251225922,0.035017109437430444,0.053472250423999994,0.016521111470414133,0.004010052313834183,0.0017504359697276851,5.358983535456374e-4,1.0152234715832849,238.34969888172037,0,0,0,0,0,0,0.5765162465192736
A8,default,baseline_difference_sd,0,25,0,0.02489300849644995,0.02494123903595,0.026074202367000778,0.025129938142579997,0.00763040778155766,0.0015838002434937371,3.6781354801265905e-4,9.201312850714616e-5,1.010334305401897,647.6176212549107,0,1.92,20,0.44,0.04,0,0.5269944141286982
A8,default,time_trend_mean,-0.08888888888888889,25,1,0.0013023928386088908,3.1440607988889036e-4,0.007672902718915018,0.033069496024,0.01012752587016187,0.0015434972333939379,7.652312187796098e-4,2.3546238972571533e-4,1.010334305401897,647.6176212549107,0,1.92,20,0.44,0.04,0,0.5269944141286982
A8,default,time_trend_sd,0.044444444444444446,25,0.8,0.005936735203695554,0.006439658445055556,0.008853581750957289,0.026733050237999996,0.008258863372634831,0.001340725626636652,4.964450997130205e-4,1.478184877195945e-4,1.010334305401897,647.6176212549107,0,1.92,20,0.44,0.04,0,0.5269944141286982
A8,default,treatment_effect_mean,-0.3333333333333333,25,1,0.0013116566113333184,0.001778888758333319,0.00841317385707186,0.04813337348000001,0.014626259715272767,0.0016963324566455986,0.0013940405246249342,4.2213525437998064e-4,1.010334305401897,647.6176212549107,0,1.92,20,0.44,0.04,0,0.5269944141286982
A8,default,treatment_effect_sd,0.06666666666666667,25,0.84,0.005409792418833334,0.005032440628333329,0.013133501603927258,0.038948344566,0.012029604591897699,0.0024428723732310602,8.65552434663232e-4,2.7686036262526714e-4,1.010334305401897,647.6176212549107,0,1.92,20,0.44,0.04,0,0.5269944141286982
A9,default,baseline_control_mean,0.45,25,0.96,0.0018144551853999879,0.0026558466500000155,0.0096757409996977,0.03947956003999999,0.012152019977256635,0.0019400141351869724,0.001340194831223415,4.2384029141347607e-4,1.0292410459830008,136.7024644335642,0,0,0,0,0,0,0.6174120189154433
A9,default,baseline_difference_sd,0,25,0,0.013895290963933046,0.01266613223304955,0.014477341424409535,0.029748311764419996,0.009409256821028259,8.295155148881815e-4,0.0011249297691271918,3.2359013049076496e-4,1.0292410459830008,136.7024644335642,0,0,0,0,0,0,0.6174120189154433
A9,default,time_trend_mean,-0.04,25,0.92,5.260065825600013e-4,6.259014185000036e-4,0.003741944487691071,0.018006528121999998,0.005510721213625161,7.562370005512255e-4,5.872329208279271e-4,1.7599995173007483e-4,1.0292410459830008,136.7024644335642,0,0,0,0,0,0,0.6174120189154433
A9,default,time_trend_sd,0.02,25,0.92,0.0013597957090321997,0.0027858645899999993,0.004667223958646812,0.015590389645399999,0.004837442382315223,9.113619640832531e-4,3.3493392529310623e-4,1.0793296068170343e-4,1.0292410459830008,136.7024644335642,0,0,0,0,0,0,0.6174120189154433
A9,default,treatment_effect_mean,-0.15,25,0.96,0.0018894021231799952,0.002288163874999999,0.0066265969000058,0.025791076360000005,0.007870005760637806,0.0012965008370624854,7.881750977618028e-4,2.4343050097196342e-4,1.0292410459830008,136.7024644335642,0,0,0,0,0,0,0.6174120189154433
A9,default,treatment_effect_sd,0.03,25,0.96,7.962373284320012e-4,8.119930355000027e-4,0.005541612546503846,0.021644912976,0.0067396581872230235,0.0011194395125162025,0.00050616795756355565,1.7047818097497275e-4,1.0292410459830008,136.7024644335642,0,0,0,0,0,0,0.6174120189154433
F1,default,baseline_difference_sd,0,25,0,0.02676103311453334,0.02749739070185,0.027716129986254927,0.022177050760599996,0.0067483626457752535,0.001472398384408773,3.033756998143667e-4,8.078782828696473e-5,1.0100713292595784,476.6600623133116,0,0,0,0,0,0,0.734888134542484
F1,default,time_trend_mean,-0.08998628257887518,25,1,0.0023212864431151853,0.0024628397118751783,0.006116493921882749,0.028047950841999996,0.008541706599990397,0.001155117727503678,5.357205844469073e-4,1.6035418900156654e-4,1.0100713292595784,476.6600623133116,0,0,0,0,0,0,0.734888134542484
F1,default,time_trend_sd,0.045528614603915496,25,0.96,0.0019622362565845045,0.003377688005584502,0.006098427493329327,0.023351813407999997,0.0071559446532120175,0.0011786370441591325,4.2554157924528074e-4,1.295834315001348e-4,1.0100713292595784,476.6600623133116,0,0,0,0,0,0,0.734888134542484
F1,default,treatment_effect_mean,-0.3374485596707819,25,0.96,5.256113833819143e-4,-6.81263114218067e-4,0.0074747849996556325,0.03203876066,0.009809687308973948,0.0015220072199885722,3.846099013815939e-4,1.2005581354856143e-4,1.0100713292595784,476.6600623133116,0,0,0,0,0,0,0.734888134542484
F1,default,treatment_effect_sd,0.07626392697027408,25,0.92,0.00232700990640592,0.0014608058397259233,0.007010017127680113,0.024876399331999997,0.007600235166698796,0.0013497741327387776,3.058324221125888e-4,8.818644260495524e-5,1.0100713292595784,476.6600623133116,0,0,0,0,0,0,0.734888134542484
F2,default,baseline_difference_sd,0,25,0,0.02510407657151198,0.0252715972754,0.025568601689989187,0.0156404621638,0.004753449441581271,9.903436245604622e-4,3.292703643084971e-4,9.105507547382134e-5,1.0176630841605936,101.25564616301114,0,0.2,3,0.12,0,0,0.6187311927170113
F2,default,time_trend_mean,0,25,0.72,-9.51935177156638e-5,-1.3621839620850004e-5,0.004736711731787284,0.01001207125966,0.0030601248007381446,9.666819587347098e-4,1.6357474862601883e-4,4.888445999412114e-5,1.0176630841605936,101.25564616301114,0,0.2,3,0.12,0,0,0.6187311927170113
F2,default,time_trend_sd,0,25,0,0.011285355810056241,0.011562540586928,0.012032030082037634,0.01427353867274,0.004365448536560534,8.517259960292492e-4,3.1283093370972705e-4,8.213093839216478e-5,1.0176630841605936,101.25564616301114,0,0.2,3,0.12,0,0,0.6187311927170113
F2,default,treatment_effect_mean,-0.3333333333333333,25,0.88,-8.542365044666833e-4,-1.895037816667111e-4,0.005200048943775675,0.01701631754,0.0051697138667848004,0.001047035279016007,2.1623278945986208e-4,6.180465805075334e-5,1.0176630841605936,101.25564616301114,0,0.2,3,0.12,0,0,0.6187311927170113
F2,default,treatment_effect_sd,0.06666666666666667,25,0.92,1.873859768333347e-4,0.0010840305558333374,0.0042135065724582255,0.012869741585999999,0.003932951303386112,8.592274662896044e-4,1.3762008083648936e-4,4.158068215307624e-5,1.0176630841605936,101.25564616301114,0,0.2,3,0.12,0,0,0.6187311927170113
F3,default,baseline_control_mean,0.45,25,0.88,1.9430409899998447e-4,1.7118270499999477e-4,0.005655594361526629,0.015479482480000011,0.004703333715170508,0.0011537618453570985,2.458641141453742e-4,7.070903151268698e-5,1.0159177629182234,183.43123917904026,0,0,0,0,0,0,0.678346519004411
F3,default,baseline_difference_sd,0,25,0,0.010179503494338413,0.0092272170400582,0.01075453275128984,0.019718899042239998,0.006132780378643659,7.082161660149468e-4,7.590624370799304e-4,2.1463577464291253e-4,1.0159177629182234,183.43123917904026,0,0,0,0,0,0,0.678346519004411
F3,default,time_trend_mean,-0.04,25,0.84,3.3337222674000076e-4,9.759485850000041e-4,0.0028007381326764394,0.008218147446000001,0.0025066274456040046,5.676338699030359e-4,9.958891319335636e-5,2.9291726515667062e-5,1.0159177629182234,183.43123917904026,0,0,0,0,0,0,0.678346519004411
F3,default,time_trend_sd,0.02,25,1,8.739312148599997e-4,0.0012085983570000007,0.0019574108051290235,0.007089937274,0.0021649159644725256,3.5752047095989115e-4,8.456528903964476e-5,2.6175680063432542e-5,1.0159177629182234,183.43123917904026,0,0,0,0,0,0,0.678346519004411
F3,default,treatment_effect_mean,-0.15,25,0.88,3.421843097999955e-4,5.085505399999857e-4,0.0029023198290173604,0.008755367199999997,0.002660980269503614,5.88301591024042e-4,7.841930704175096e-5,2.6057505942269543e-5,1.0159177629182234,183.43123917904026,0,0,0,0,0,0,0.678346519004411
F3,default,treatment_effect_sd,0.03,25,0.84,2.0560656576000118e-4,5.246201674999999e-4,0.0019922156217975374,0.006954919187999999,0.0021195952971781937,4.0448779461656437e-4,6.861799953219094e-5,2.1303474179692337e-5,1.0159177629182234,183.43123917904026,0,0,0,0,0,0,0.678346519004411
F4,default,baseline_difference_sd,0,25,0,0.023000648813641156,0.02468143566064,0.02370983661140469,0.0185265654987,0.005647151821841423,0.0011748493926714944,3.162601587266671e-4,9.063334326936044e-5,1.0056906490879678,532.1748701259366,0,0,0,0,0,0,0.7151641613338355
F4,default,time_trend_mean,-0.08998628257887518,25,0.92,-8.415093989648153e-4,-8.364949131248189e-4,0.007529873469207685,0.024650798281999998,0.00751467221136252,0.0015274005204067528,5.601619652804806e-4,1.6881862421342904e-4,1.0056906490879678,532.1748701259366,0,0,0,0,0,0,0.7151641613338355
F4,default,time_trend_sd,0.045528614603915496,25,0.72,0.002256535375084504,7.357745205845007e-4,0.007503517651336333,0.020261293942,0.00621074798916311,0.0014607478855724924,3.898282780510728e-4,1.2187949787784715e-4,1.0056906490879678,532.1748701259366,0,0,0,0,0,0,0.7151641613338355
F4,default,treatment_effect_mean,-0.3374485596707819,25,0.88,0.0022113496263819112,0.0018897649257819116,0.010600267285235223,0.030537605359999997,0.009330498835617736,0.002116163975888218,4.7433730047521054e-4,1.4489124270460646e-4,1.0056906490879678,532.1748701259366,0,0,0,0,0,0,0.7151641613338355
F4,default,treatment_effect_sd,0.07626392697027408,25,0.72,0.00621100745078592,0.0028874191302259156,0.0096523280224818,0.023892572249999997,0.0073234567360705195,0.0015081835473491113,3.2980337468344046e-4,1.0116522366476039e-4,1.0056906490879678,532.1748701259366,0,0,0,0,0,0,0.7151641613338355
F5,default,baseline_difference_sd,0,25,0,0.024623507015134348,0.0236683241603,0.025046580607394595,0.012986335672199999,0.003973951576994554,9.357283793553691e-4,1.951235986244631e-4,6.547136226920205e-5,1.0112985541961859,332.2677828639745,0,0,0,0,0,0,0.63022444180639825
F5,default,time_trend_mean,-0.22496570644718797,25,0.84,-3.9165046121203087e-4,-2.0714275781202884e-4,0.004503532500298595,0.014163391919999997,0.004318209501598596,9.157968956387591e-4,2.0300448973580116e-4,6.254514302720718e-5,1.0112985541961859,332.2677828639745,0,0,0,0,0,0,0.63022444180639825
F5,default,time_trend_sd,0.033218824807589406,25,0.52,0.0045813416962505946,0.005193105359910591,0.0059698223241386765,0.012561537983999999,0.0038410287336770148,7.812939812681542e-4,1.6214114917214513e-4,4.4090360307442735e-5,1.0112985541961859,332.2677828639745,0,0,0,0,0,0,0.63022444180639825
F5,default,treatment_effect_mean,-0.3374485596707819,25,0.92,-9.620278502180901e-4,-7.6057297421811e-4,0.006445534156935454,0.024022572279999987,0.007293505497073434,0.0013009517827284886,2.9186415100543724e-4,8.549892736878373e-5,1.0112985541961859,332.2677828639745,0,0,0,0,0,0,0.63022444180639825
F5,default,treatment_effect_sd,0.07626392697027408,25,0.4,0.01072475005710592,0.010852424526725926,0.01201962895324548,0.017995649016,0.005484078638090658,0.0011077608117711977,1.771724261998094e-4,5.5041615719415046e-5,1.0112985541961859,332.2677828639745,0,0,0,0,0,0,0.63022444180639825
F6,default,baseline_difference_sd,0,25,0,0.025132666506714,0.025682517458,0.025276835017834613,0.008797441424,0.002680089760048785,5.502826084963976e-4,5.602576529449404e-5,1.6675178105134562e-5,1.0142146305286632,221.240684598455,0,0,0,0,0,0,0.5558075628679583
F6,default,beta_cov[dose],-0.08998628257887518,25,0.88,2.2797468825518362e-4,6.97262079375191e-4,0.009279362779931707,0.027083846266,0.008263097707271684,0.0018935702735738036,3.8815956570640745e-4,1.1217467268312662e-4,1.0142146305286632,221.240684598455,0,0,0,0,0,0,0.5558075628679583
F6,default,time_trend_mean,-0.08998628257887518,25,1,1.9600214451518438e-4,-2.4211972012481986e-4,0.003230488475044075,0.012402660559999999,0.0037741540238592666,6.582058615008568e-4,1.547332807995023e-4,4.698358320776125e-5,1.0142146305286632,221.240684598455,0,0,0,0,0,0,0.5558075628679583
F6,default,time_trend_sd,0.045528614603915496,25,0.72,0.0025483855241245044,0.002860878805584506,0.004257267892448651,0.009749511357999998,0.002962660496613343,6.961220297867696e-4,8.424254027244032e-5,2.514759737780402e-5,1.0142146305286632,221.240684598455,0,0,0,0,0,0,0.5558075628679583
F6,default,treatment_effect_mean,-0.5624142661179699,25,0.96,9.593839431698559e-4,9.542057529698944e-4,0.006898460518841773,0.023786743499999985,0.007244290753366499,0.0013944583772264197,3.7005522300624443e-4,1.0818246626164347e-4,1.0142146305286632,221.240684598455,0,0,0,0,0,0,0.5558075628679583
F6,default,treatment_effect_sd,0.07626392697027408,25,0.04,0.01984851258434592,0.018409483085725917,0.021211691433245382,0.017965901346,0.005503369355117194,0.0015271487818845763,2.4399771965653372e-4,7.486789014041183e-5,1.0142146305286632,221.240684598455,0,0,0,0,0,0,0.5558075628679583
F7,default,baseline_difference_sd,0,25,0,0.02520251936972853,0.02453539603174,0.025895196848191387,0.0222332797748,0.006744997140798571,0.0012143969220879338,3.7251465601072144e-4,9.371427715932116e-5,1.0188696767383574,208.96252277159408,0,0,0,0,0,0,0.7398509486515538
F7,default,time_trend_mean,-0.08998628257887518,25,0.96,9.642417282751847e-4,-9.71420390124822e-4,0.007325123539993055,0.030732356577999997,0.009382139210305038,0.001482223453205989,7.354595134360976e-4,2.2334223174570148e-4,1.0188696767383574,208.96252277159408,0,0,0,0,0,0,0.7398509486515538
F7,default,time_trend_sd,0.045528614603915496,25,0.88,0.0041306913423245035,0.006559054332584503,0.007774471729062879,0.024495700019999997,0.007532722590832788,0.0013444298621293489,4.777004632184184e-4,1.4262843795115917e-4,1.0188696767383574,208.96252277159408,0,0,0,0,0,0,0.7398509486515538
F7,default,treatment_effect_mean,-0.3374485596707819,25,0.8,0.0034665912973819136,0.005548681745781936,0.01633285965989131,0.047544689859999996,0.014513025896638236,0.003257971310536032,7.020995134244572e-4,2.1393319241170468e-4,1.0188696767383574,208.96252277159408,0,0,0,0,0,0,0.7398509486515538
F7,default,treatment_effect_mean_pp,-0.5174211248285322,25,0.84,0.00878641839573221,0.007550314268532143,0.02271900822773791,0.06623637132000001,0.02020813229709681,0.004276642893999732,7.38444532284755e-4,2.2116826803169452e-4,1.0188696767383574,208.96252277159408,0,0,0,0,0,0,0.7398509486515538
F7,default,treatment_effect_mean_rct,-0.11248285322359394,25,1,0.001066161887713944,-0.001943619981906064,0.012750286807362341,0.048729171432,0.014924903963188265,0.002593526496387885,6.238779673991911e-4,1.9125331175391718e-4,1.0188696767383574,208.96252277159408,0,0,0,0,0,0,0.7398509486515538
F7,default,treatment_effect_sd,0.07626392697027408,25,0.96,0.0021597616929859213,0.0036975262922259167,0.0066804044137575526,0.024717610348,0.007593396913703054,0.0012904009803297253,2.4016739105337851e-4,7.59698239605109e-5,1.0188696767383574,208.96252277159408,0,0,0,0,0,0,0.7398509486515538
F8,default,baseline_difference_sd,0,25,0,0.024042587586178,0.024260738434,0.024183191365373377,0.00876527081,0.0026571247191113936,5.31535777066047e-4,5.6225983842467894e-5,1.685044704723376e-5,1.0069969590444603,573.2875532693231,0,0,0,0,0,0,0.21370732992456762
F8,default,time_trend_mean,-0.08888888888888889,25,0.96,-4.3280991051110774e-4,-8.594044076111057e-4,0.0030377556375670747,0.011875455792000004,0.0036245828254189492,6.137533059969993e-4,1.2932444219698497e-4,3.964072093764159e-5,1.0069969590444603,573.2875532693231,0,0,0,0,0,0,0.21370732992456762
F8,default,time_trend_sd,0.044444444444444446,25,0.84,0.0014678142972555542,0.0015361691815555523,0.003232638601651301,0.009438396777999998,0.0028721496279829214,5.879155805916592e-4,8.933504413114501e-5,2.438732518617961e-5,1.0069969590444603,573.2875532693231,0,0,0,0,0,0,0.21370732992456762
F8,default,treatment_effect_mean,-0.3333333333333333,25,0.96,-5.488410700666813e-4,-5.151120166667078e-4,0.004013729614525525,0.0178363005,0.005414215011745644,8.116033231184861e-4,1.6191352585328214e-4,5.145968487614535e-5,1.0069969590444603,573.2875532693231,0,0,0,0,0,0,0.21370732992456762
F8,default,treatment_effect_sd,0.06666666666666667,25,0.92,0.0018977448228333343,0.0016981622568333354,0.004120187918934362,0.013935982434,0.004252440108650233,7.465061139161873e-4,1.1059033324077521e-4,3.455743576396535e-5,1.0069969590444603,573.2875532693231,0,0,0,0,0,0,0.21370732992456762
B1,full,baseline_difference_sd,0,25,0,0.03390488425541922,0.03002204060755,0.03660819646801277,0.06463255068039998,0.02170159859755137,0.0028182357976463527,0.002775891772310123,9.328327615427965e-4,1.0683134911454502,46.56922194893217,0.08,18.28,73,0.64,0.52,0,0.6787303610331112
B1,full,time_trend_mean,-0.22496570644718797,25,0.88,0.002239464457507968,0.002794588627187955,0.020176143052811492,0.07474160692,0.022927401576533734,0.0040929896745893046,0.004070831147499777,0.0012332494600570281,1.0683134911454502,46.56922194893217,0.08,18.28,73,0.64,0.52,0,0.6787303610331112
B1,full,time_trend_sd,0.033218824807589406,25,0.8,0.018706413060008857,0.019455044968530594,0.0305505543615558,0.07207708603839999,0.022355788617809017,0.0049303755867188,0.004297714041081216,0.0013914428372164508,1.0683134911454502,46.56922194893217,0.08,18.28,73,0.64,0.52,0,0.6787303610331112
B1,full,treatment_effect_mean,-0.3374485596707819,25,0.92,-0.0015972072198180887,-0.0032539628542180843,0.025119096872992616,0.08586726441999999,0.02619844066205965,0.005117038355711519,0.0024332928823055763,7.537193414497736e-4,1.0683134911454502,46.56922194893217,0.08,18.28,73,0.64,0.52,0,0.6787303610331112
B1,full,treatment_effect_sd,0.07626392697027408,25,0.84,0.0029880863444579618,0.005739075321675918,0.022256836271002535,0.073634831448,0.02255076977035254,0.004502027787528443,0.0044350207871457666,0.0013592118350178749,1.0683134911454502,46.56922194893217,0.08,18.28,73,0.64,0.52,0,0.6787303610331112
B1,naive,baseline_difference_sd,0,25,0,0.034431778617622054,0.035383339575165,0.03706157394488161,0.0654427317222,0.021714115442137586,0.002798905176574942,0.00296845360255995,9.762674695442976e-4,1.0207939537638007,142.81501051577538,0,2.56,14,0.68,0.04,0,0.5256056394411476
B1,naive,time_trend_mean,-0.22496570644718797,25,0.88,0.00860156073301997,0.012947235492187958,0.022308777382644283,0.09168901195999998,0.02873417907261602,0.004201659896519817,0.007762624256259118,0.0023831840269824744,1.0207939537638007,142.81501051577538,0,2.56,14,0.68,0.04,0,0.5256056394411476
B1,naive,time_trend_sd,0.033218824807589406,25,0.84,0.020670670393906607,0.01935010334852559,0.03552192689023874,0.10687155518359998,0.03617983479979462,0.005896788234079699,0.00839023086631053,0.0028172071231455766,1.0207939537638007,142.81501051577538,0,2.56,14,0.68,0.04,0,0.5256056394411476
B1,naive,treatment_effect_mean,-0.3374485596707819,25,0,-0.1885951685442181,-0.18733714925921807,0.18945618610768353,0.08129392115999999,0.024768735401230566,0.0036827800654260835,0.00223279058037371,6.707873981811282e-4,1.0207939537638007,142.81501051577538,0,2.56,14,0.68,0.04,0,0.5256056394411476
B1,naive,treatment_effect_sd,0.07626392697027408,25,0,0.05571850362610592,0.05601404426622593,0.05836051859608101,0.063016579152,0.01957697542003745,0.0035437649733436687,0.001417753104401447,4.473361972146886e-4,1.0207939537638007,142.81501051577538,0,2.56,14,0.68,0.04,0,0.5256056394411476
B2,full,baseline_difference_sd,0,25,0,0.02907088720158914,0.028664727686215,0.0305525849766326,0.04116872330483999,0.012698423572018952,0.001918592866169942,0.0010704003465868781,3.0255096327150494e-4,1.0252370608201353,198.28269664824705,0,0.64,7,0.24,0,0,0.7719273313738683
B2,full,time_trend_mean,0,25,0.96,-0.003339905934645259,-0.005002260995673865,0.00891540612065541,0.031529935979579995,0.009718128650336362,0.0016873239987716907,7.863840671220561e-4,2.4135519140212002e-4,1.0252370608201353,198.28269664824705,0,0.64,7,0.24,0,0,0.7719273313738683
B2,full,time_trend_sd,0,25,0,0.017943718102884535,0.0167070460887125,0.018818415535152375,0.03458473631245999,0.010801396284856423,0.001157507089572927,0.0011764188326074162,3.324704475916682e-4,1.0252370608201353,198.28269664824705,0,0.64,7,0.24,0,0,0.7719273313738683
B2,full,treatment_effect_mean,-0.3333333333333333,25,0.88,0.0036237990345333194,0.0032905453133333373,0.016699148159559096,0.05007528520000001,0.015264211882719878,0.0033274716991798076,0.0012848288077640282,3.8037519694238055e-4,1.0252370608201353,198.28269664824705,0,0.64,7,0.24,0,0,0.7719273313738683
B2,full,treatment_effect_sd,0.06666666666666667,25,0.84,-6.113374950186659e-4,-0.0016578349196666592,0.013071901250087042,0.039243194518,0.012025416436274163,0.002665371055775752,9.711714259113132e-4,2.9627038822487993e-4,1.0252370608201353,198.28269664824705,0,0.64,7,0.24,0,0,0.7719273313738683
B2,naive,baseline_difference_sd,0,25,0,0.029944283550183613,0.0301758627159825,0.031718737835036155,0.0439049831722,0.013733990644569037,0.0021352030788853666,0.0012495070635372817,3.6983635183711935e-4,1.0124490834966027,295.8035603894439,0,0.12,1,0.12,0,0,0.6402823942053447
B2,naive,time_trend_mean,0,25,1,-0.004226521312611254,-0.0052829671655933,0.008163914571875886,0.03133667660154,0.009721695171001082,0.0014257456927711295,8.225766823545489e-4,2.585991555202181e-4,1.0124490834966027,295.8035603894439,0,0.12,1,0.12,0,0,0.6402823942053447
B2,naive,time_trend_sd,0,25,0,0.018193400876043625,0.016811450034776,0.0190631320245083,0.035650699811099994,0.011293006328075384,0.0011619517909428824,0.0012767102160677968,3.551723414199568e-4,1.0124490834966027,295.8035603894439,0,0.12,1,0.12,0,0,0.6402823942053447
B2,naive,treatment_effect_mean,-0.3333333333333333,25,0.84,0.0028512764203333174,0.0033865692883333076,0.015491025028929042,0.045860453700000005,0.014005086411856925,0.0031080679906076514,0.0014440316446409954,4.4567694711335405e-4,1.0124490834966027,295.8035603894439,0,0.12,1,0.12,0,0,0.6402823942053447
B2,naive,treatment_effect_sd,0.06666666666666667,25,0.84,0.0034270624171733343,0.0028611832918333385,0.013226102293008817,0.036920305189999995,0.011414664704818117,0.0026075613212183137,0.001027574121998081,3.1127954522335537e-4,1.0124490834966027,295.8035603894439,0,0.12,1,0.12,0,0,0.6402823942053447
B3,full,baseline_difference_sd,0,25,0,0.027417920160998116,0.0247169918621575,0.02962595189012369,0.042796070714279995,0.01335018612552092,0.0022908757372187075,0.0014711916321114243,4.300542625995927e-4,1.0158494352960976,45.985540168088036,0,0.08,1,0.08,0,0,0.663222227027084
B3,full,time_trend_mean,-0.08998628257887518,25,0.4,0.06427866246123766,0.06637090244820568,0.0691020716364892,0.0850495500776,0.026668119722980818,0.005177474676619062,0.007158476272491174,0.0023205383741822893,1.0158494352960976,45.985540168088036,0,0.08,1,0.08,0,0,0.663222227027084
B3,full,time_trend_sd,0.045528614603915496,25,0.92,0.014236392758214504,0.013247460077084501,0.02679945626406447,0.077907427142,0.024650287361261545,0.004634723909807367,0.005985781247151663,0.0020047154138534756,1.0158494352960976,45.985540168088036,0,0.08,1,0.08,0,0,0.663222227027084
B3,full,treatment_effect_mean,-0.3374485596707819,25,0.24,-0.08430889241261809,-0.07658238324421807,0.08952220045343391,0.12948025386,0.03977204660511824,0.006144899762480503,0.004059840917968351,0.0013762868809201604,1.0158494352960976,45.985540168088036,0,0.08,1,0.08,0,0,0.663222227027084
B3,full,treatment_effect_sd,0.07626392697027408,25,0.24,0.05923780297049532,0.05688114681822591,0.06359992291004335,0.105329345498,0.032706242945475306,0.004725078894368819,0.0044842501448836055,0.001501555600088168,1.0158494352960976,45.985540168088036,0,0.08,1,0.08,0,0,0.663222227027084
B3,naive,baseline_difference_sd,0,25,0,0.02720547747441005,0.0242406273891335,0.029415481044300005,0.042575393322759995,0.01331136376937659,0.002283386743203869,0.0014645137125179094,4.294487298568225e-4,1.0417309146053446,204.09339102742626,0,0,0,0,0,0,0.5903752194700227
B3,naive,time_trend_mean,-0.08998628257887518,25,0,0.0895335514066827,0.08804976744711468,0.0904716232095502,0.058281813289559996,0.018200501398966427,0.0026524970835495034,0.0024066400060412424,7.42408768824274e-4,1.0417309146053446,204.09339102742626,0,0,0,0,0,0,0.5903752194700227
B3,naive,time_trend_sd,0.045528614603915496,25,1,0.0034649986612798043,0.0063900361235845055,0.012570390787576399,0.05517518248779999,0.017941070121257976,0.002466513301789549,0.0016813373237404867,5.569663591444861e-4,1.0417309146053446,204.09339102742626,0,0,0,0,0,0,0.5903752194700227
B3,naive,treatment_effect_mean,-0.3374485596707819,25,0.04,-0.10986814454881809,-0.1096512096792181,0.11126125610211623,0.11739947827999998,0.035759169182714545,0.0035827010458865096,0.0029866115561423506,9.060038447997083e-4,1.0417309146053446,204.09339102742626,0,0,0,0,0,0,0.5903752194700227
B3,naive,treatment_effect_sd,0.07626392697027408,25,0,0.07877330596760593,0.08021653308422592,0.08122872409409868,0.09218306290799999,0.02889756541577766,0.004045943878797769,0.0023403809318567007,7.176051187644864e-4,1.0417309146053446,204.09339102742626,0,0,0,0,0,0,0.5903752194700227
B4,correlated,baseline_difference_sd,0,25,0,0.02294125269746904,0.023084417854,0.024038865584883717,0.02440926057804,0.007450271195052711,0.0014658044332802427,4.881411859615041e-4,1.2874327071664532e-4,1.0056072327697152,424.47237136220383,0,3.44,31,0.64,0.08,0,0.3619192993530571
B4,correlated,time_trend_mean,-0.08888888888888889,25,0.88,-3.3821744717110747e-4,0.0014253308478888865,0.00967809035183291,0.031243796631999998,0.009542011585213526,0.00197432522034608,8.422332846600315e-4,2.536776569422937e-4,1.0056072327697152,424.47237136220383,0,3.44,31,0.64,0.08,0,0.3619192993530571
B4,correlated,time_trend_sd,0.044444444444444446,25,0.92,0.0016360862800655538,0.0022288529115555566,0.007537926015895821,0.025278309755999998,0.007812277155495373,0.0015019924309798787,5.174770954828246e-4,1.6154049574062523e-4,1.0056072327697152,424.47237136220383,0,3.44,31,0.64,0.08,0,0.3619192993530571
B4,correlated,treatment_effect_mean,-0.3333333333333333,25,0.88,0.002891064522533313,0.001348600683333312,0.01578087213255428,0.04741676491999999,0.01449279815717025,0.0031667390640227047,0.0012803762245328328,3.909814132529903e-4,1.0056072327697152,424.47237136220383,0,3.44,31,0.64,0.08,0,0.3619192993530571
B4,correlated,treatment_effect_sd,0.06666666666666667,25,0.96,0.0036592988389133343,0.004042540779833334,0.011653426633030622,0.038317057919999994,0.01183684396432833,0.002258427589966773,7.744252445100983e-4,2.4183850785946623e-4,1.0056072327697152,424.47237136220383,0,3.44,31,0.64,0.08,0,0.3619192993530571
B4,independent,baseline_difference_sd,0,25,0,0.024317388258080223,0.02423296351867,0.025317159589051178,0.024264324373019997,0.007404762802179175,0.0014379267187410848,3.885808403784036e-4,1.0144720113769009e-4,1.007687572027965,320.30021191941586,0,0,0,0,0,0,0.5833714981424206
B4,independent,time_trend_mean,-0.08888888888888889,25,0.92,-2.0213714179110665e-4,0.0023704453468888914,0.009734036328751937,0.033551817963999996,0.010235477489126609,0.0019865233850600546,8.873273869485392e-4,2.665505122984018e-4,1.007687572027965,320.30021191941586,0,0,0,0,0,0,0.5833714981424206
B4,independent,time_trend_sd,0.044444444444444446,25,0.8,0.0056200156568075536,0.005758126789555555,0.009594100932937126,0.027343757298,0.008453577995196158,0.0015872171234667166,5.805596956797508e-4,1.7369334818067385e-4,1.007687572027965,320.30021191941586,0,0,0,0,0,0,0.5833714981424206
B4,independent,treatment_effect_mean,-0.3333333333333333,25,0.88,0.0026556886105333155,0.001779888803333296,0.015699130577848552,0.05000883598,0.015331997068881746,0.0031583884267680925,0.001305040204177745,3.9792580571994154e-4,1.007687572027965,320.30021191941586,0,0,0,0,0,0,0.5833714981424206
B4,independent,treatment_effect_sd,0.06666666666666667,25,0.84,0.009824802621133335,0.009571112248333333,0.015130501036546935,0.04153345576,0.012777662512125677,0.002348805681198421,9.605325338773454e-4,2.944391542541326e-4,1.007687572027965,320.30021191941586,0,0,0,0,0,0,0.5833714981424206
B5,full,time_trend_mean,-0.08998628257887518,25,0.84,0.0037232755619772445,0.007189580350110178,0.018716473124845485,0.05951532034839999,0.018610268569936396,0.003744126429726557,0.004004779389652696,0.0012771125024544383,1.0302323391737507,118.98028140554096,0,5,118,0.2,0.04,0,0.6135030374785316
B5,full,time_trend_sd,0.045528614603915496,25,0.8,0.0035669974874967428,2.3309413108450056e-4,0.019876763509349468,0.056464615787999994,0.018233569220704193,0.003991460971722418,0.00276804067845199,9.466784118115688e-4,1.0302323391737507,118.98028140554096,0,5,118,0.2,0.04,0,0.6135030374785316
B5,full,treatment_effect_mean,-0.3374485596707819,25,0.12,0.06336226016418192,0.06517386887578192,0.06645543938482724,0.08854365972000001,0.02709931238455621,0.0040903820660838745,0.0025888627397308126,7.66317275457826e-4,1.0302323391737507,118.98028140554096,0,5,118,0.2,0.04,0,0.6135030374785316
B5,full,treatment_effect_sd,0.07626392697027408,25,0.6,0.025145038361875923,0.026355091462725924,0.0340601061916584,0.07206689686199999,0.02239095714589373,0.00468960676908183,0.0021925080890063246,6.339754863154818e-4,1.0302323391737507,118.98028140554096,0,5,118,0.2,0.04,0,0.6135030374785316
B5,naive,time_trend_mean,-0.08998628257887518,25,0.84,0.004402267999369684,0.008955637575875183,0.019004281908655433,0.06066990185579999,0.019081578432144156,0.003773718145086785,0.004260868831027646,0.001356632402928644,1.0156358151742713,238.02999738886925,0,0.16,3,0.08,0,0,0.7186800902780673
B5,naive,time_trend_sd,0.045528614603915496,25,0.84,0.0038164847745239343,-0.0010651680051304985,0.02046475082522012,0.058223739112799995,0.018916800386002366,0.004104065414846676,0.0030414203738743104,0.0010621975983567118,1.0156358151742713,238.02999738886925,0,0.16,3,0.08,0,0,0.7186800902780673
B5,naive,treatment_effect_mean,-0.3374485596707819,25,0.04,0.0721287408093819,0.0750748304857819,0.07376868386450612,0.08437142265999999,0.025684823614816932,0.003157421603371247,0.0025279856930728603,7.657160897516244e-4,1.0156358151742713,238.02999738886925,0,0.16,3,0.08,0,0,0.7186800902780673
B5,naive,treatment_effect_sd,0.07626392697027408,25,0.44,0.03204949433004592,0.031232598159225924,0.036623805950713566,0.066830050778,0.02092075561084866,0.0036178554622863087,0.001859738669714471,5.792148681172639e-4,1.0156358151742713,238.02999738886925,0,0.16,3,0.08,0,0,0.7186800902780673
B5,zero_mean,time_trend_mean,-0.08998628257887518,25,0.84,0.004275141315071205,0.008068761941875183,0.019112594329123885,0.0608143319644,0.018840093715752314,0.0038024905693825072,0.004001435556440733,0.001246467665179798,1.0152088165366047,271.1084807804681,0,0.08,2,0.04,0,0,0.6701857082788374
B5,zero_mean,time_trend_sd,0.045528614603915496,25,0.84,0.004041821261249168,2.9375166048450224e-4,0.020237404098251026,0.057812496681799996,0.018721220993057175,0.0040477164628550215,0.00303056794900097,0.0010020324781799543,1.0152088165366047,271.1084807804681,0,0.08,2,0.04,0,0,0.6701857082788374
B5,zero_mean,treatment_effect_mean,-0.3374485596707819,25,0.08,0.0692843198387819,0.06945109228078189,0.07123279549053797,0.08580102396000001,0.026249320063691954,0.0033775865266129613,0.002720596592466705,8.263309941393784e-4,1.0152088165366047,271.1084807804681,0,0.08,2,0.04,0,0,0.6701857082788374
B5,zero_mean,treatment_effect_sd,0.07626392697027408,25,0.52,0.02964871770471592,0.02921541084372592,0.03542470951089345,0.07012945283399999,0.021721512246126937,0.003957395936709569,0.0017812186274620584,5.431412251879599e-4,1.0152088165366047,271.1084807804681,0,0.08,2,0.04,0,0,0.6701857082788374
B6,full,time_trend_mean,-0.08998628257887518,25,0.96,0.0018245050108351847,0.00339086129087518,0.009621167480687665,0.050005917556,0.015420240882482544,0.0019282769203453713,0.0016717787829012818,5.055724538132749e-4,1.0079394349815394,306.200276704102,0,0,0,0,0,0,0.7051116718142748
B6,full,time_trend_sd,0.045528614603915496,25,0.96,0.007192078935938304,0.007403916853084502,0.012168481165224551,0.042659620826,0.013477767793855674,0.0020036002433916427,0.0010240067284988858,3.444411352193685e-4,1.0079394349815394,306.200276704102,0,0,0,0,0,0,0.7051116718142748
B6,full,treatment_effect_mean,-0.3374485596707819,25,0.6,-0.03129214180141809,-0.028664621994218098,0.03731992349847315,0.06987192736,0.021390806727040284,0.004151197374512519,0.001533616835399702,4.881262247279983e-4,1.0079394349815394,306.200276704102,0,0,0,0,0,0,0.7051116718142748
B6,full,treatment_effect_sd,0.07626392697027408,25,0.96,0.005738037833145922,0.004405078930225917,0.01212121925101996,0.053658183878,0.01647451159866781,0.0021794387461443196,0.0013380423134742201,4.0224925992744597e-4,1.0079394349815394,306.200276704102,0,0,0,0,0,0,0.7051116718142748
B6,naive,time_trend_mean,-0.08998628257887518,25,0.96,0.005106118782548585,0.006146089089375181,0.011107445070476282,0.050868865247999995,0.015631037046504103,0.0020135260011167016,0.0018153913220898606,5.388356814060677e-4,1.0092071602552102,320.54016793335626,0,0,0,0,0,0,0.7659114121466366
B6,naive,time_trend_sd,0.045528614603915496,25,0.96,0.007561950244839305,0.008368681008584504,0.012631777693506869,0.043704953212,0.013711094839068289,0.0020653764405949553,0.0011646869555015757,3.7786362228433293e-4,1.0092071602552102,320.54016793335626,0,0,0,0,0,0,0.7659114121466366
B6,naive,treatment_effect_mean,-0.3374485596707819,25,0.44,0.02857341644458191,0.029179271495781922,0.032698358233820266,0.05652561049999998,0.01723313251002071,0.0032451406227346135,0.0011260278214917391,3.356746228221185e-4,1.0092071602552102,320.54016793335626,0,0,0,0,0,0,0.7659114121466366
B6,naive,treatment_effect_sd,0.07626392697027408,25,0.88,0.00862633553210592,0.007432732937725922,0.013026104892868626,0.044222853964,0.013691147342150295,0.001992336818574515,8.730686312006526e-4,2.609840155696201e-4,1.0092071602552102,320.54016793335626,0,0,0,0,0,0,0.7659114121466366
B6,zero_mean,time_trend_mean,-0.08998628257887518,25,0.96,0.006066010882678586,0.006960881667875188,0.011269498957454086,0.050586558213999995,0.015526989695104243,0.001938697143307885,0.0017381066048472473,5.265302385357638e-4,1.0111639521863822,396.3590015925382,0,0,0,0,0,0,0.6879698494317797
B6,zero_mean,time_trend_sd,0.045528614603915496,25,0.92,0.007478605694262504,0.008725258935084503,0.012537273004949777,0.043416475983999996,0.013641126708332871,0.0020539968280402607,0.0012179819390900745,4.123061771822609e-4,1.0111639521863822,396.3590015925382,0,0,0,0,0,0,0.6879698494317797
B6,zero_mean,treatment_effect_mean,-0.3374485596707819,25,0.88,0.011294770804381913,0.013397437445781923,0.02256876573784441,0.06695453632000001,0.02044528683079894,0.003988406842578155,0.001832489387314351,5.456877271664267e-4,1.0111639521863822,396.3590015925382,0,0,0,0,0,0,0.6879698494317797
B6,zero_mean,treatment_effect_sd,0.07626392697027408,25,1,0.002040441646225921,8.124880297259163e-4,0.013125625199076786,0.053070954782,0.016528905567678904,0.0026466853070947253,0.0011969511229661194,3.6328769269024035e-4,1.0111639521863822,396.3590015925382,0,0,0,0,0,0,0.6879698494317797
C1,normal,baseline_difference_sd,0,25,0,0.02734883056852818,0.0280918519583,0.02924571248802042,0.030437937807979997,0.009392445045092287,0.0021149582882598024,6.340142806082267e-4,1.7569758311059773e-4,1.023797956083967,202.7874790696151,0,0,0,0,0,0,0.5937855916799708
C1,normal,time_trend_mean,-0.08998628257887518,25,0.96,0.0017590528324951849,0.0012697578118751884,0.009467885723660207,0.042655577826,0.013060574058772015,0.0018989755265315582,0.0014126273746153397,4.204099383119785e-4,1.023797956083967,202.7874790696151,0,0,0,0,0,0,0.5937855916799708
C1,normal,time_trend_sd,0.045528614603915496,25,0.88,0.007610122216618503,0.012030014556084503,0.013257138431969769,0.036693867538,0.011390022781384323,0.002215830913116448,9.981641992736722e-4,3.0495949327438894e-4,1.023797956083967,202.7874790696151,0,0,0,0,0,0,0.5937855916799708
C1,normal,treatment_effect_mean,-0.3374485596707819,25,0.84,-0.004300158827618086,-0.0018445191742180733,0.027205232120403912,0.08759961556,0.026833874810397274,0.00548343448025625,0.0032278509044565765,9.780438147732012e-4,1.023797956083967,202.7874790696151,0,0,0,0,0,0,0.5937855916799708
C1,normal,treatment_effect_sd,0.07626392697027408,25,0.32,0.037389464586245924,0.037778408909225916,0.043953646578451896,0.06998246678,0.02188446032681062,0.004716774080773312,0.0023921099006055666,7.688267343924591e-4,1.023797956083967,202.7874790696151,0,0,0,0,0,0,0.5937855916799708
C1,robust,baseline_difference_sd,0,25,0,0.027126059141520924,0.028505958639365,0.029033781713616143,0.030398514550499998,0.009354730502205703,0.002112831788980336,6.243218841767647e-4,1.8014811089322633e-4,1.007213645687754,560.0859681859586,0,0,0,0,0,0,0.6428946990984643
C1,robust,time_trend_mean,-0.08998628257887518,25,0.96,0.001997706182435185,0.0017716649748751867,0.009548862660565304,0.043647523486,0.013311855916030936,0.001906020594054081,0.0015169826748905077,4.6278351559328555e-4,1.007213645687754,560.0859681859586,0,0,0,0,0,0,0.6428946990984643
C1,robust,time_trend_sd,0.045528614603915496,25,0.84,0.007781252108618504,0.012218179630084501,0.013429847261021095,0.03653170139,0.011413272754952736,0.002234324218084705,0.0010234249273100569,3.2107081368444595e-4,1.007213645687754,560.0859681859586,0,0,0,0,0,0,0.6428946990984643
C1,robust,treatment_effect_mean,-0.3374485596707819,25,0.92,-0.004663281377218087,-0.0020755462892180776,0.022663158154526148,0.08191437688,0.025035790988941722,0.0045271060675941945,0.0030667463675221216,9.472325436942871e-4,1.007213645687754,560.0859681859586,0,0,0,0,0,0,0.6428946990984643
C1,robust,treatment_effect_sd,0.07626392697027408,25,0.64,0.021210620559945922,0.021947393850225927,0.02981613435432762,0.075518967004,0.02346031834940512,0.004277418630130576,0.0027658553989014763,8.330340909321339e-4,1.007213645687754,560.0859681859586,0,0,0,0,0,0,0.6428946990984643
C2,normal,baseline_difference_sd,0,25,0,0.028235300723352227,0.027933055815015,0.02990988222149506,0.03117203790212,0.009587289608359011,0.0020142083594385522,6.444141326048608e-4,1.8426149636865735e-4,1.0273568572564895,177.98404853066822,0,0,0,0,0,0,0.608663956096463
C2,normal,time_trend_mean,-0.08998628257887518,25,0.84,0.0030856714584951857,0.00292592373637518,0.01205818839750168,0.04049429069799999,0.012397590018865281,0.002379412909731029,0.0013591662706672384,4.239263962471175e-4,1.0273568572564895,177.98404853066822,0,0,0,0,0,0,0.608663956096463
C2,normal,time_trend_sd,0.045528614603915496,25,0.96,0.0036597264810277036,0.0026461716355845044,0.010939163610655257,0.035074312015999996,0.010882821761845353,0.0021042784054629902,8.904593478693004e-4,2.8705470369137743e-4,1.0273568572564895,177.98404853066822,0,0,0,0,0,0,0.608663956096463
C2,normal,treatment_effect_mean,-0.3374485596707819,25,0.8,0.00245897613396191,0.0031832539157818918,0.04210214073188853,0.12414191547999999,0.038251886081492624,0.008579393166624007,0.002715638796914703,8.357921417996182e-4,1.0273568572564895,177.98404853066822,0,0,0,0,0,0,0.608663956096463
C2,normal,treatment_effect_sd,0.07626392697027408,25,0,0.08893417724178591,0.09202457121972592,0.0905026410780265,0.09806852007399999,0.03047130574471155,0.0034244230683472764,0.0020698574857232394,6.67634354444532e-4,1.0273568572564895,177.98404853066822,0,0,0,0,0,0,0.608663956096463
C2,robust,baseline_difference_sd,0,25,0,0.028232647579569812,0.0277523657410495,0.029932699636101193,0.031118341471599996,0.009578072438198915,0.0020298205806678184,6.056359673875782e-4,0.00017862993931199675,1.0074776347476984,695.0166951892045,0,0,0,0,0,0,0.6162344330275314
C2,robust,time_trend_mean,-0.08998628257887518,25,0.84,0.0029705716695591845,0.003030096360375184,0.012194155415555113,0.04019145158399999,0.012360653915898181,0.0024141348541344685,0.0013807544440240652,4.1198492077307796e-4,1.0074776347476984,695.0166951892045,0,0,0,0,0,0,0.6162344330275314
C2,robust,time_trend_sd,0.045528614603915496,25,0.92,0.0036456033115705045,0.0024628664875845016,0.010899103432401896,0.034936467017999996,0.010925002199874821,0.002096624590113644,8.101715736289795e-4,2.5687043764662475e-4,1.0074776347476984,695.0166951892045,0,0,0,0,0,0,0.6162344330275314
C2,robust,treatment_effect_mean,-0.3374485596707819,25,0.88,0.0026164217801819102,-0.0026142987842180943,0.034960801537399576,0.11317669828,0.03460850340141457,0.0071163309284748635,0.0020759081688354586,6.535936234782873e-4,1.0074776347476984,695.0166951892045,0,0,0,0,0,0,0.6162344330275314
C2,robust,treatment_effect_sd,0.07626392697027408,25,0.28,0.06007964539978592,0.05927453381272592,0.06137231379632038,0.113284228216,0.03492035781943794,0.0025576446631454973,0.0032207968196370576,0.0010218281809854007,1.0074776347476984,695.0166951892045,0,0,0,0,0,0,0.6162344330275314
C3,normal,baseline_difference_sd,0,25,0,0.024118717109950144,0.02361622502618,0.025088275183115863,0.030818951644259997,0.00943427732532641,0.0014099207518206093,4.811086423759447e-4,1.2841999758637994e-4,1.0233049562274468,256.0781805497749,0,0,0,0,0,0,0.5654678633242892
C3,normal,time_trend_mean,-0.08998628257887518,25,0.92,1.125741958191856e-4,0.001372896561375181,0.010675599252093368,0.041562686402,0.012680060267325937,0.002179026411436731,0.0016032931649891263,4.95796870000665e-4,1.0233049562274468,256.0781805497749,0,0,0,0,0,0,0.5654678633242892
C3,normal,time_trend_sd,0.045528614603915496,25,0.84,0.005051576499744504,0.0030297666590845054,0.01231449397015367,0.035273696224,0.01102389730983025,0.002292454439825179,0.0010390683878382153,3.333353409815984e-4,1.0233049562274468,256.0781805497749,0,0,0,0,0,0,0.5654678633242892
C3,normal,treatment_effect_mean,-0.3374485596707819,25,0.84,0.0063128285367819136,0.005607952120781912,0.026011848591307202,0.08780556,0.02678302519330629,0.005150907941819102,0.004762797906557157,0.0014550465010953668,1.0233049562274468,256.0781805497749,0,0,0,0,0,0,0.5654678633242892
C3,normal,treatment_effect_sd,0.07626392697027408,25,0.52,0.03687831745124592,0.02697726354722592,0.049177346719782015,0.069936450676,0.02195121198167024,0.006640786638778777,0.0034785345213112634,0.0011237764895158018,1.0233049562274468,256.0781805497749,0,0,0,0,0,0,0.5654678633242892
C3,robust,baseline_difference_sd,0,25,0,0.024100227439810724,0.02393858073954,0.025061008727211218,0.031056556166099997,0.009395869626016368,0.001402871991290711,5.109549406866192e-4,1.330446378655105e-4,1.0081171498462151,548.1312437312075,0,0,0,0,0,0,0.5923404131698302
C3,robust,time_trend_mean,-0.08998628257887518,25,0.92,-1.334999289434158e-4,8.216664298751897e-4,0.01068685809355841,0.041275788422,0.012618306644334665,0.0021812755603165907,0.0014837619416543314,4.5594851742524964e-4,1.0081171498462151,548.1312437312075,0,0,0,0,0,0,0.5923404131698302
C3,robust,time_trend_sd,0.045528614603915496,25,0.84,0.0049873398297325035,0.0028794807150845023,0.012142950919630486,0.03510159437199999,0.010964587097651683,0.002259956659423275,9.89813516308165e-4,3.2333489964491476e-4,1.0081171498462151,548.1312437312075,0,0,0,0,0,0,0.5923404131698302
C3,robust,treatment_effect_mean,-0.3374485596707819,25,0.84,0.0074121672983819085,0.0049989591207819095,0.025356519815268864,0.08538549013999999,0.026038161384411233,0.0049498016504154006,0.004162212483501659,0.0012352920547793029,1.0081171498462151,548.1312437312075,0,0,0,0,0,0,0.5923404131698302
C3,robust,treatment_effect_sd,0.07626392697027408,25,0.76,0.026295403312745918,0.019260645895725917,0.036679649810425596,0.075131827708,0.023323670579015396,0.005219947616417738,0.00438873630187398,0.001343172320182778,1.0081171498462151,548.1312437312075,0,0,0,0,0,0,0.5923404131698302
C4,normal,baseline_difference_sd,0,25,0,0.02274593513993184,0.0213754851675,0.023743307906567184,0.0300828406965,0.00914913972560689,0.001389950612972598,4.7445875236559775e-4,1.2775874000037478e-4,1.0139980052164248,222.10029383981438,0,0,0,0,0,0,0.5851765202463458
C4,normal,time_trend_mean,-0.08998628257887518,25,0.96,-6.357860204328164e-4,6.453135033751833e-4,0.011901134969383673,0.043593558909999996,0.013336737881741917,0.00242583997218583,0.0015998537169479008,4.7992067270178056e-4,1.0139980052164248,222.10029383981438,0,0,0,0,0,0,0.5851765202463458
C4,normal,time_trend_sd,0.045528614603915496,25,0.8,0.007831432784366503,0.005489431814084504,0.013392693170143388,0.035985732272,0.011228803838656558,0.0022176647899456734,0.0010365737584484488,3.290017238099133e-4,1.0139980052164248,222.10029383981438,0,0,0,0,0,0,0.5851765202463458
C4,normal,treatment_effect_mean,-0.3374485596707819,25,0.92,0.006452577283181906,0.009575855625781893,0.016868039036425593,0.0632578994,0.01930194458396605,0.0031812928932206065,0.0031240746350934736,9.34383036796445e-4,1.0139980052164248,222.10029383981438,0,0,0,0,0,0,0.5851765202463458
C4,normal,treatment_effect_sd,0.07626392697027408,25,0.76,0.0016985159348585207,0.0011370980037259254,0.022755462451024965,0.05389125024,0.0165916570940896,0.004631981734721466,0.002142420167387313,6.648935873364959e-4,1.0139980052164248,222.10029383981438,0,0,0,0,0,0,0.5851765202463458
C4,robust,baseline_difference_sd,0,25,0,0.022855548116847913,0.021552110672789,0.023861702349493186,0.03011209470226,0.009175423433845222,0.001399475486480836,5.212620911735947e-4,1.4614412846030114e-4,1.0085688784678366,304.32100539455934,0,0,0,0,0,0,0.5888900349193511
C4,robust,time_trend_mean,-0.08998628257887518,25,0.96,-8.340602963008164e-4,4.936141808751793e-4,0.011879322391489505,0.043494329404,0.013322689113304967,0.0024188723604112736,0.0015703391374832863,4.824946056264775e-4,1.0085688784678366,304.32100539455934,0,0,0,0,0,0,0.5888900349193511
C4,robust,time_trend_sd,0.045528614603915496,25,0.68,0.0078029784642725045,0.0048923546315845015,0.013321173984534536,0.035900835251999996,0.011217697482172502,0.002203852719409232,0.0010898857950013834,3.528781594894329e-4,1.0085688784678366,304.32100539455934,0,0,0,0,0,0,0.5888900349193511
C4,robust,treatment_effect_mean,-0.3374485596707819,25,0.92,0.006924012520981911,0.0095793001557819,0.016701661527571958,0.06223986602,0.019072343007925548,0.0031024422395298985,0.0029632388651595785,9.074848859308924e-4,1.0085688784678366,304.32100539455934,0,0,0,0,0,0,0.5888900349193511
C4,robust,treatment_effect_sd,0.07626392697027408,25,0.88,-0.0038591123867060795,-0.0046379324592740745,0.02099762433669868,0.054280217982,0.01688793192372411,0.004213111871348246,0.0023087866762184937,7.115715723716644e-4,1.0085688784678366,304.32100539455934,0,0,0,0,0,0,0.5888900349193511
C5,normal,baseline_difference_sd,0,25,0,0.03770412952703931,0.03402428354479,0.04032063810241228,0.07000714799399999,0.022966341289332566,0.0029165652858138304,0.002725301247795058,8.76554820617041e-4,1.040474840361687,37.671255848999074,0,12.96,135,1,0.16,0,0.6014272848094687
C5,normal,time_trend_mean,-0.08998628257887518,25,0.96,0.011370429484710547,0.012199414694760186,0.02198808958842526,0.11986272038859999,0.039452512077121915,0.003841600236673516,0.012033503743124455,0.0038465320456986416,1.040474840361687,37.671255848999074,0,12.96,135,1,0.16,0,0.6014272848094687
C5,normal,time_trend_sd,0.045528614603915496,25,0.84,0.02612562031446376,0.01888031162758451,0.048225808987377446,0.14181192504679999,0.05198365711315788,0.00827440988749725,0.013780475302605219,0.004830224448785928,1.040474840361687,37.671255848999074,0,12.96,135,1,0.16,0,0.6014272848094687
C5,normal,treatment_effect_mean,-0.3374485596707819,25,1,-0.020062733356311094,-0.04133363204661811,0.06424366535891086,0.390791092002,0.12101725627869818,0.012457820952152383,0.020943367588505887,0.00565897485979825,1.040474840361687,37.671255848999074,0,12.96,135,1,0.16,0,0.6014272848094687
C5,normal,treatment_effect_sd,0.07626392697027408,25,0.08,0.16488772191582593,0.17098275140622593,0.1719422870839219,0.4012872846219999,0.13277243564034846,0.009950270618302875,0.018733023221039844,0.005662817709179924,1.040474840361687,37.671255848999074,0,12.96,135,1,0.16,0,0.6014272848094687
C5,robust,baseline_difference_sd,0,25,0,0.0376816085154408,0.034395926527213,0.04022942506680406,0.0697404173868,0.02306923862156262,0.0028759275380204345,0.0025877099739587553,8.092403707877909e-4,1.0307143639227865,50.959375954185035,0,8.4,75,0.92,0.2,0,0.6464024791156935
C5,robust,time_trend_mean,-0.08998628257887518,25,0.96,0.011158040506001426,0.00887885399779019,0.02227366901884459,0.11976075362159999,0.03700172822827606,0.003934963276128236,0.011596280627549253,0.003422058043726061,1.0307143639227865,50.959375954185035,0,8.4,75,0.92,0.2,0,0.6464024791156935
C5,robust,time_trend_sd,0.045528614603915496,25,0.84,0.024263032139665887,0.02770464984703451,0.04527104365746312,0.136739560962,0.04415156047689688,0.007801636220545534,0.011882189214854143,0.0036484991683158525,1.0307143639227865,50.959375954185035,0,8.4,75,0.92,0.2,0,0.6464024791156935
C5,robust,treatment_effect_mean,-0.3374485596707819,25,1,-0.01892298475141309,-0.030950130410918097,0.06132458745090547,0.37638487491,0.13543888693763095,0.01190697567626071,0.015284031077594315,0.008081113034118691,1.0307143639227865,50.959375954185035,0,8.4,75,0.92,0.2,0,0.6464024791156935
C5,robust,treatment_effect_sd,0.07626392697027408,25,0.2,0.16206877230810593,0.1576615858142259,0.1692406798435078,0.4148469515939999,0.17121899704508958,0.00995012721115502,0.017428472210266974,0.009373560973283311,1.0307143639227865,50.959375954185035,0,8.4,75,0.92,0.2,0,0.6464024791156935
C6,normal,baseline_difference_sd,0,25,0,0.027418953865893273,0.027107103676645,0.02886166564635838,0.030503318411659996,0.009365408577793981,0.0018393467225960962,5.544021633586038e-4,1.5610717410960542e-4,1.0282301720183462,149.5013413995727,0,0,0,0,0,0,0.5814017867233696
C6,normal,time_trend_mean,-0.08998628257887518,25,0.84,-0.0033849545911848154,-0.004477452637624821,0.012660836067233242,0.039236956893999995,0.01200486691304849,0.0024903049707563508,0.0012439167869970598,3.7980152844433634e-4,1.0282301720183462,149.5013413995727,0,0,0,0,0,0,0.5814017867233696
C6,normal,time_trend_sd,0.045528614603915496,25,0.92,0.001859127324890904,0.002071091435584503,0.009909860101345001,0.0339930349196,0.010537631924680125,0.001986925732738829,8.18251942896174e-4,2.5109763180386393e-4,1.0282301720183462,149.5013413995727,0,0,0,0,0,0,0.5814017867233696
C6,normal,treatment_effect_mean,-0.3374485596707819,25,0.64,0.05472827975680191,0.054156858250781925,0.05873970110800682,0.11707684932,0.03606154627844334,0.00435492001992767,0.0024695410963439263,8.056317424319115e-4,1.0282301720183462,149.5013413995727,0,0,0,0,0,0,0.5814017867233696
C6,normal,treatment_effect_sd,0.07626392697027408,25,0,0.07830118144300592,0.08053842220422593,0.07985995996461571,0.09179688762799999,0.02869023744572427,0.0032050623380539857,0.0019119082669722305,5.944071450092569e-4,1.0282301720183462,149.5013413995727,0,0,0,0,0,0,0.5814017867233696
C6,robust,baseline_difference_sd,0,25,0,0.027375045199236864,0.026898220898685,0.02884390067674048,0.030495791685599998,0.00935316789897951,0.001854920332851349,5.451320881604665e-4,1.4865416150022624e-4,1.0086407430984254,658.6140933191266,0,0,0,0,0,0,0.5936850884953112
C6,robust,time_trend_mean,-0.08998628257887518,25,0.84,-0.0031322486955648156,-0.003541324314624811,0.012425260437887631,0.039052621166,0.012015690042520285,0.002454384809703408,0.0012799058724069431,3.969019086505535e-4,1.0086407430984254,658.6140933191266,0,0,0,0,0,0,0.5936850884953112
C6,robust,time_trend_sd,0.045528614603915496,25,0.92,0.0018380810795923044,0.002838633243084504,0.009813657177526539,0.0333510996832,0.010387814238591933,0.001967753850024427,7.765929037698838e-4,2.4190291138872418e-4,1.0086407430984254,658.6140933191266,0,0,0,0,0,0,0.5936850884953112
C6,robust,treatment_effect_mean,-0.3374485596707819,25,0.72,0.04466590619776191,0.042313400043281935,0.04946344886540169,0.11345524936,0.034727218861090765,0.004337768229904933,0.001976398686616189,6.010963182899266e-4,1.0086407430984254,658.6140933191266,0,0,0,0,0,0,0.5936850884953112
C6,robust,treatment_effect_sd,0.07626392697027408,25,0.2,0.06091440657958592,0.05981580266122592,0.06245268742035122,0.10288646021199999,0.03177999795043562,0.002811977633571812,0.002359132896410674,6.973841678713365e-4,1.0086407430984254,658.6140933191266,0,0,0,0,0,0,0.5936850884953112
C7,normal,baseline_difference_sd,0,25,0,0.03146451282316056,0.0346358071440485,0.03287371441407335,0.04491565685732,0.014039057698554855,0.00194363847139005,0.0013917577136997933,4.15789667819246e-4,1.0187479113909355,138.7769417078793,0,0.24,3,0.12,0,0,0.6020434633821753
C7,normal,time_trend_mean,-0.08998628257887518,25,0.84,-0.001318258788379615,0.0012821720850251794,0.019614393481667512,0.069747867324,0.021628725477810244,0.0039947185206456294,0.0037733005567088347,0.0011236106095312386,1.0187479113909355,138.7769417078793,0,0.24,3,0.12,0,0,0.6020434633821753
C7,normal,time_trend_sd,0.045528614603915496,25,0.84,0.018724493894350446,0.021249269795584502,0.028455133668359556,0.07652417385199999,0.02436143736483195,0.004373632931579128,0.003885448354612589,0.0011995988193296313,1.0187479113909355,138.7769417078793,0,0.24,3,0.12,0,0,0.6020434633821753
C7,normal,treatment_effect_mean,-0.3374485596707819,25,0.96,-0.006500177355418088,-0.011334601354218099,0.031264481736453534,0.1142062462,0.035134760859818724,0.006242380397322891,0.0034542554220329197,0.0010496426133427919,1.0187479113909355,138.7769417078793,0,0.24,3,0.12,0,0,0.6020434633821753
C7,normal,treatment_effect_sd,0.07626392697027408,25,0.28,0.05774992986774192,0.06536483358472593,0.06439193547539133,0.10469035081599999,0.03252777205974357,0.005814016664270101,0.002660094279428023,8.319245185804848e-4,1.0187479113909355,138.7769417078793,0,0.24,3,0.12,0,0,0.6020434633821753
C7,robust,baseline_difference_sd,0,25,0,0.031240034443973882,0.033508264197745,0.03265630084052933,0.044526586797519994,0.014015204615747942,0.0019418014888079444,0.0013823400196142318,4.1050818416904803e-4,1.0340141096250244,105.89819796808814,0,0.6,12,0.16,0.04,0,0.3021690217089474
C7,robust,time_trend_mean,-0.08998628257887518,25,0.8,-0.001306199672424094,0.0010815399088751898,0.0195246456891031,0.06778312290199999,0.020840734255674287,0.003976522935203419,0.0035832587336016913,0.001067509107181312,1.0340141096250244,105.89819796808814,0,0.6,12,0.16,0.04,0,0.3021690217089474
C7,robust,time_trend_sd,0.045528614603915496,25,0.88,0.015516133681214303,0.02154960278958451,0.024955645804354665,0.07302382692599999,0.02315615759808698,0.003989746509800109,0.003961872601640495,0.0012057219726696953,1.0340141096250244,105.89819796808814,0,0.6,12,0.16,0.04,0,0.3021690217089474
C7,robust,treatment_effect_mean,-0.3374485596707819,25,0.96,-0.0061772076788180865,-0.009130540089218098,0.027117486011321065,0.10928055752,0.033486093118094515,0.005389805782164699,0.0027644938832896413,8.41836932930352e-4,1.0340141096250244,105.89819796808814,0,0.6,12,0.16,0.04,0,0.3021690217089474
C7,robust,treatment_effect_sd,0.07626392697027408,25,0.48,0.04355847052367792,0.05000137767622591,0.048483996012494625,0.10378158768399999,0.03201696077531666,0.004346250850721211,0.0027969578596788,8.300792103759977e-4,1.0340141096250244,105.89819796808814,0,0.6,12,0.16,0.04,0,0.3021690217089474
C8,normal,baseline_difference_sd,0,25,0,0.024066282958068022,0.020976308351966,0.025644837377609864,0.030455687583619998,0.009274857316536133,0.0018082186066478594,6.354966462008879e-4,1.7847483744063385e-4,1.0144018781797353,213.58782746765445,0,0,0,0,0,0,0.5826302385298279
C8,normal,time_trend_mean,-0.08998628257887518,25,0.92,0.0030279807649354236,0.0012883698123751786,0.017403010002706644,0.06002866428399999,0.018426258619371305,0.0034981905420367484,0.0035884109857330696,0.0011076940256313794,1.0144018781797353,213.58782746765445,0,0,0,0,0,0,0.5826302385298279
C8,normal,time_trend_sd,0.045528614603915496,25,0.28,0.0319589226470445,0.030075072761584498,0.041306731078457115,0.04879042210199999,0.015167458571166855,0.005341946023486358,0.0029096336061140574,9.019759387729011e-4,1.0144018781797353,213.58782746765445,0,0,0,0,0,0,0.5826302385298279
C8,normal,treatment_effect_mean,-0.3374485596707819,25,0.88,-0.0029041931160180834,-0.003558690514218088,0.022303135600539637,0.06992925055999999,0.0214252531598257,0.004513846844068315,0.002152901338972381,6.60622928209169e-4,1.0144018781797353,213.58782746765445,0,0,0,0,0,0,0.5826302385298279
C8,normal,treatment_effect_sd,0.07626392697027408,25,0.8,0.011308971197105921,0.008662899960225914,0.019613937926341488,0.05770165302,0.018036992930365023,0.003271172900259462,0.0016543357420711348,5.17958219843913e-4,1.0144018781797353,213.58782746765445,0,0,0,0,0,0,0.5826302385298279
C8,robust,baseline_difference_sd,0,25,0,0.024212415699380496,0.021508562129099,0.025800382663395884,0.03028385979246,0.00928222783190169,0.0018190962909511305,6.548003524660328e-4,1.8684041563651646e-4,1.0147702721187704,251.4108164097582,0,0,0,0,0,0,0.648870212137021
C8,robust,time_trend_mean,-0.08998628257887518,25,0.92,0.003210080607441415,1.5117088237517895e-4,0.017892774094877977,0.0614229817726,0.018713090714370183,0.003593087966870471,0.003957399947774605,0.0011890743866382625,1.0147702721187704,251.4108164097582,0,0,0,0,0,0,0.648870212137021
C8,robust,time_trend_sd,0.045528614603915496,25,0.28,0.032055775762764506,0.0301661012335845,0.04124391834323473,0.04848693225999999,0.015142652256600253,0.005297357991453436,0.0026330903686405003,8.265886272855264e-4,1.0147702721187704,251.4108164097582,0,0,0,0,0,0,0.648870212137021
C8,robust,treatment_effect_mean,-0.3374485596707819,25,0.88,-0.0024878168546180945,-0.005838780619218109,0.022679748983762148,0.07003641268,0.02145684349916007,0.0046015476620387295,0.0023197123681468054,7.206866377707067e-4,1.0147702721187704,251.4108164097582,0,0,0,0,0,0,0.648870212137021
C8,robust,treatment_effect_sd,0.07626392697027408,25,0.92,0.006258938900325922,0.0045603698012259275,0.017078869136917647,0.059876875674,0.018579980758190184,0.0032436698277693195,0.001809510023650564,5.374229071468339e-4,1.0147702721187704,251.4108164097582,0,0,0,0,0,0,0.648870212137021
D1,default,baseline_difference_sd,0,25,0,0.03243765020293011,0.02738841753887,0.03542716357442692,0.0495583309994,0.015545854113363757,0.002907481500668792,0.0023547835791842913,7.261428691672516e-4,1.0148290604775114,156.1375559458956,0,0.04,1,0.04,0,0,0.7204345646323689
D1,default,time_trend_mean,-0.08998628257887518,25,0.84,-0.019184594432692617,-0.01543527697412482,0.029815457973214145,0.08874723721,0.027345191232645737,0.004658830641040725,0.006195371273745748,0.001901397406388964,1.0148290604775114,156.1375559458956,0,0.04,1,0.04,0,0,0.7204345646323689
D1,default,time_trend_sd,0.045528614603915496,25,0.8,0.024069504584675924,0.018270916629084505,0.03621047155254634,0.0903252062268,0.028958155142515034,0.005522141791257388,0.007187843700732524,0.002322028282914452,1.0148290604775114,156.1375559458956,0,0.04,1,0.04,0,0,0.7204345646323689
D1,default,treatment_effect_mean,-0.3374485596707819,25,0.88,0.033217141194101914,0.0335298714157819,0.04083901260800986,0.12616955252,0.038575339860871916,0.004849598272401392,0.002402551775271158,7.240827442106984e-4,1.0148290604775114,156.1375559458956,0,0.04,1,0.04,0,0,0.7204345646323689
D1,default,treatment_effect_sd,0.07626392697027408,25,0,0.10161799122002592,0.10668882546372592,0.10470250805016718,0.10374471008599999,0.031925489846774825,0.005149429792066202,0.002478357483903197,7.021400823876385e-4,1.0148290604775114,156.1375559458956,0,0.04,1,0.04,0,0,0.7204345646323689
D2,default,baseline_difference_sd,0,25,0,0.016595695818358704,0.013713514473835,0.01833534910729173,0.0253380661812,0.007861592111967334,0.0015912247273559307,9.725838468524946e-4,2.850658322475849e-4,1.0168662585608137,248.16215990839092,0,0,0,0,0,0,0.5414834325290058
D2,default,time_trend_mean,-0.08998628257887518,25,0.92,-0.0014587249673808156,-0.0029583578311248165,0.012161184348041866,0.04150754054,0.012783340439371722,0.0024644685550895004,0.00160667087336986,4.950531583784157e-4,1.0168662585608137,248.16215990839092,0,0,0,0,0,0,0.5414834325290058
D2,default,time_trend_sd,0.045528614603915496,25,0.88,0.004956989737458504,0.0019790545850845026,0.011702717308944727,0.035081250519999996,0.01088849783897924,0.002163926265262266,0.0011998585982393977,3.627356984670618e-4,1.0168662585608137,248.16215990839092,0,0,0,0,0,0,0.5414834325290058
D2,default,treatment_effect_mean,-0.3374485596707819,25,0.8,0.0018809406907819093,-0.003416304994218078,0.02087221697819757,0.06444630516000001,0.019763362324029726,0.004243188186683843,0.0027717390754652548,8.304779618809414e-4,1.0168662585608137,248.16215990839092,0,0,0,0,0,0,0.5414834325290058
D2,default,treatment_effect_sd,0.07626392697027408,25,0.76,0.003525497009945922,0.0036664129412259244,0.01871574089247707,0.05266735079399999,0.01647089166716642,0.003751942985458783,0.0019510450937729404,6.215739741364309e-4,1.0168662585608137,248.16215990839092,0,0,0,0,0,0,0.5414834325290058
D3,default,baseline_difference_sd,0,25,0,0.023960339018946314,0.02383118373154815,0.02662178114100508,0.028823006640799998,0.00893479503522543,0.0023683801181462664,7.219119006410377e-4,2.033314480209554e-4,1.0131007691007166,295.0184134963305,0,0,0,0,0,0,0.5754601538343049
D3,default,time_trend_mean,-0.08998628257887518,25,0.96,0.001058685606775186,0.002487343135875189,0.00926799702797356,0.040008090402,0.012232505341571625,0.0018794386761359291,0.0019404128465509742,0.00059720413750830655,1.0131007691007166,295.0184134963305,0,0,0,0,0,0,0.5754601538343049
D3,default,time_trend_sd,0.045528614603915496,25,0.68,0.0028380835342725038,0.0016049155405845061,0.014520104063436755,0.034203530233999996,0.010600906850598535,0.002906735739805649,0.001288567500383352,4.0049234093443993e-4,1.0131007691007166,295.0184134963305,0,0,0,0,0,0,0.5754601538343049
D3,default,treatment_effect_mean,-0.3374485596707819,25,0.92,-0.005226135387618085,-0.010221126934218061,0.01727757621018077,0.06647780685999999,0.020410125411358452,0.0033615605788636974,0.002206977019028048,6.860900731656534e-4,1.0131007691007166,295.0184134963305,0,0,0,0,0,0,0.5754601538343049
D3,default,treatment_effect_sd,0.07626392697027408,25,0.88,0.006792732201285921,0.0056061999137259205,0.016568786857699375,0.05539002404599999,0.017236591333909545,0.0030847979889119487,0.0015735507921128163,4.617775458883454e-4,1.0131007691007166,295.0184134963305,0,0,0,0,0,0,0.5754601538343049
D4,default,baseline_difference_sd,0,25,0,0.02568465223222805,0.02825748718355,0.027544680885550114,0.029264888890319998,0.0090301674799372,0.0020310925302684225,7.29098995029373e-4,2.0755742305659473e-4,1.0179597303158363,240.86487230344935,0,0,0,0,0,0,0.5881944878888582
D4,default,time_trend_mean,-0.08998628257887518,25,0.92,-0.0026014651202808147,8.239070043751795e-4,0.01221747546879892,0.044500437728,0.013631154923937166,0.0024366907721561784,0.001367187955507248,4.0534110489262007e-4,1.0179597303158363,240.86487230344935,0,0,0,0,0,0,0.5881944878888582
D4,default,time_trend_sd,0.045528614603915496,25,0.84,0.009293883588404503,0.007781567591084504,0.012733498909667523,0.03746960679,0.011628987306837571,0.0017767681607308982,8.877310264348657e-4,2.626196909228368e-4,1.0179597303158363,240.86487230344935,0,0,0,0,0,0,0.5881944878888582
D4,default,treatment_effect_mean,-0.3374485596707819,25,0,0.12919165287170192,0.12927779784678192,0.13070862639506123,0.11417923064,0.03499457163567617,0.004053094714543076,0.003059661065737045,9.124948979808758e-4,1.0179597303158363,240.86487230344935,0,0,0,0,0,0,0.5881944878888582
D4,default,treatment_effect_sd,0.07626392697027408,25,0,0.07417980218370591,0.07382281608322593,0.07690479494669321,0.09086965281199999,0.028378739998565335,0.004141781187782152,0.002207506361005052,7.07307208302108e-4,1.0179597303158363,240.86487230344935,0,0,0,0,0,0,0.5881944878888582
D5,default,time_trend_mean,-0.08998628257887518,25,0.88,0.0024346261704201633,7.248545685301783e-4,0.018597506069686826,0.07198906884954,0.022496903725867927,0.0037635301879925163,0.004914596227776808,0.0015410669213325298,1.0145830370801012,329.04887251053907,0,0.08,1,0.08,0,0,0.7553658690594818
D5,default,time_trend_sd,0.045528614603915496,25,0.68,0.015281638746206824,0.015036604792084504,0.027906809892440626,0.0663670214292,0.021264278798729556,0.0047664694988501545,0.003965604352728598,0.0012914420698772518,1.0145830370801012,329.04887251053907,0,0.08,1,0.08,0,0,0.7553658690594818
D5,default,treatment_effect_mean,-0.3374485596707819,25,0.04,0.07342647395652191,0.07406944201078192,0.07604208500722162,0.08709948562,0.026637518161629455,0.004036043930208394,0.0025806572347904385,7.867845457318511e-4,1.0145830370801012,329.04887251053907,0,0.08,1,0.08,0,0,0.7553658690594818
D5,default,treatment_effect_sd,0.07626392697027408,25,0.32,0.03503228618392592,0.03376274786372592,0.039259313472615145,0.069606849348,0.021682626572304284,0.0036172769400739254,0.00208223676604181,6.836820720634309e-4,1.0145830370801012,329.04887251053907,0,0.08,1,0.08,0,0,0.7553658690594818
E1,default,baseline_difference_sd,0,25,0,0.026835751986532767,0.028343215345155,0.027804588253433616,0.030967437032399996,0.009539205767719718,0.0014851703502219479,4.7046546220055955e-4,1.297707040732445e-4,1.0237807893364714,246.53452773713943,0,0,0,0,0,0,0.5535863586066286
E1,default,time_trend_mean,-0.08998628257887518,25,0.84,5.863873417931831e-4,-0.0017461461456248217,0.013693079787063956,0.041868534868,0.012789474262227396,0.0027925241265764995,0.0010461641848866093,3.1903697949509747e-4,1.0237807893364714,246.53452773713943,0,0,0,0,0,0,0.5535863586066286
E1,default,time_trend_sd,0.045528614603915496,25,0.92,0.0075771334390045035,0.008876184538084503,0.010530687588822658,0.03329485852,0.010375430433530043,0.0014927942191980022,8.812220558128891e-4,2.7045696978989024e-4,1.0237807893364714,246.53452773713943,0,0,0,0,0,0,0.5535863586066286
E1,default,treatment_effect_mean,-0.3374485596707819,25,1,-0.005557123249218088,-0.006727482324218104,0.01822418774192351,0.06825377263999999,0.020795358499405246,0.0035428296132580415,0.0026061454662293505,7.908767678769856e-4,1.0237807893364714,246.53452773713943,0,0,0,0,0,0,0.5535863586066286
E1,default,treatment_effect_sd,0.07626392697027408,25,0.76,0.010677539186725923,0.005425655338725924,0.020492596813740528,0.054739000616,0.017200987528963856,0.0035703447609349813,0.002000313842030929,6.343879604360935e-4,1.0237807893364714,246.53452773713943,0,0,0,0,0,0,0.5535863586066286
E2,default,baseline_difference_sd,0,25,0,0.021795035700390264,0.02176012395781,0.023091173616189994,0.027395763829919997,0.008384823068464943,0.0015569564031541186,5.504949964723697e-4,1.4640319139402883e-4,1.0087283691267632,392.434730816689,0,0,0,0,0,0,0.6398404208327747
E2,default,time_trend_mean,-0.08888888888888889,25,0.88,4.984555996888917e-4,0.0011804325793888931,0.005546669439787459,0.018239821558,0.005561664194247821,0.0011276281133684048,1.8891092633575323e-4,6.144438419800206e-5,1.0087283691267632,392.434730816689,0,0,0,0,0,0,0.6398404208327747
E2,default,time_trend_sd,0,25,0,0.008190552455523437,0.0073433533603251,0.008700018436200156,0.016438438518879998,0.00514229532201881,5.987894476755308e-4,6.774218878851366e-4,1.8799115528928353e-4,1.0087283691267632,392.434730816689,0,0,0,0,0,0,0.6398404208327747
E2,default,treatment_effect_mean,-0.3333333333333333,25,0.88,-7.331635108666834e-4,-3.2423191666669515e-4,0.007563146565713888,0.026201566560000007,0.007977582643921158,0.001536549940082264,2.216471830447968e-4,6.786341564044877e-5,1.0087283691267632,392.434730816689,0,0,0,0,0,0,0.6398404208327747
E2,default,treatment_effect_sd,0,25,0,0.009537580190620207,0.00854630544772715,0.010007242985491042,0.021078426091119998,0.006691583627202796,6.184482017567803e-4,8.455502421301278e-4,2.4891359553432554e-4,1.0087283691267632,392.434730816689,0,0,0,0,0,0,0.6398404208327747
E3,default,baseline_difference_sd,0,25,0,0.02765484719009922,0.027252666007725,0.029260796095078118,0.030979970606899998,0.0094705842012623,0.0019515337452245094,5.712756034159248e-4,1.63420205127338e-4,1.0232673977255275,104.04484663520377,0,0,0,0,0,1.76,0.5800943621999191
E3,default,time_trend_mean,-0.08998628257887518,25,0.84,-0.007125000811759933,-0.01053104370307481,0.05467105248759103,0.17399727350779998,0.05333039474983424,0.011064504702601455,0.006827114508482518,0.0021218065703304334,1.0232673977255275,104.04484663520377,0,0,0,0,0,1.76,0.5800943621999191
E3,default,time_trend_sd,0.22244159268257202,25,0.84,0.011040005750527982,-7.240422225720244e-4,0.04568600851766932,0.13469036521999997,0.042244030192181,0.009049239487623768,0.005134468668558896,0.0015990990226471247,1.0232673977255275,104.04484663520377,0,0,0,0,0,1.76,0.5800943621999191
E3,default,treatment_effect_mean,-0.3374485596707819,25,0.92,0.01241866945097366,-0.006636791590023061,0.13417414725210197,0.530580415258,0.16308823804810277,0.027270617918601366,0.01729848062009485,0.005066510722899103,1.0232673977255275,104.04484663520377,0,0,0,0,0,1.76,0.5800943621999191
E3,default,treatment_effect_sd,0.6676946806414795,25,0.92,0.04697191379852048,0.026147495098520435,0.11558205431285277,0.40047528192,0.1260964305922568,0.021556950342139856,0.011857796566507785,0.003675308344686765,1.0232673977255275,104.04484663520377,0,0,0,0,0,1.76,0.5800943621999191
E4,default,baseline_difference_sd,0,25,0,0.05053129733736,0.0508825684645,0.05200214729080105,0.031792425464,0.009897601110365048,0.002506751818069556,0.001199011951448259,3.6330995496327065e-4,1.0127948386956047,321.5830214018837,0,0,0,0,0,0,0.5932635023012599
E4,default,time_trend_mean,-0.08998628257887518,25,0.92,0.0018840460446215839,-0.0019286797741248085,0.0140306255853761,0.050896137286,0.015614918273049172,0.0028380511565946403,0.0016744442501502046,5.221017027748311e-4,1.0127948386956047,321.5830214018837,0,0,0,0,0,0,0.5932635023012599
E4,default,time_trend_sd,0.045528614603915496,25,0.8,0.006499149828203918,0.012905236502584502,0.017165828806779575,0.04880439296479999,0.015028738151811575,0.003243112767428723,7.862491560371374e-4,2.2684455050400262e-4,1.0127948386956047,321.5830214018837,0,0,0,0,0,0,0.5932635023012599
E4,default,treatment_effect_mean,-0.3374485596707819,25,0.88,-0.016513739038218084,-0.02218190162421807,0.024587011662367247,0.07728427385999999,0.023532915272222503,0.0037182969077646675,0.0026776766303956696,8.260691687220149e-4,1.0127948386956047,321.5830214018837,0,0,0,0,0,0,0.5932635023012599
E4,default,treatment_effect_sd,0.07626392697027408,25,0.68,0.01627341786564872,0.015014529086725917,0.026490932636617667,0.063547270952,0.01967147356901618,0.0042668557067226534,0.001741818361268671,5.493089420516824e-4,1.0127948386956047,321.5830214018837,0,0,0,0,0,0,0.5932635023012599
E5,default,baseline_difference_sd,0,25,0,0.07566331872582371,0.063561441680435,0.079741021475955,0.21375255870139995,0.10336116138882637,0.005138468908727952,0.00893852413466838,0.006695925567464794,1.7925006581953105,2.995068850855652,0.56,193.04,454,1,1,382.04,0.7435784624905778
E5,default,time_trend_mean,-0.08998628257887518,25,1,-0.1571408922030997,0.058307073091880185,0.5449963806594715,3.3561730414999995,1.0687685610990207,0.10652225802806374,0.47261925870336946,0.16014372538287086,1.7925006581953105,2.995068850855652,0.56,193.04,454,1,1,382.04,0.7435784624905778
E5,default,time_trend_sd,0.045528614603915496,25,0.72,1.1775926916005506,0.8975801797427545,1.4046575828427048,4.059426166169999,1.3929023652952217,0.15630344122444445,0.5776122814006852,0.19778318966827407,1.7925006581953105,2.995068850855652,0.56,193.04,454,1,1,382.04,0.7435784624905778
E5,default,treatment_effect_mean,-0.3374485596707819,25,1,0.09996717787041573,-0.07968852347796807,0.36625943714391757,2.5469384958815997,0.8496378455368362,0.07192372656896215,0.3274548064059669,0.11923496936735248,1.7925006581953105,2.995068850855652,0.56,193.04,454,1,1,382.04,0.7435784624905778
E5,default,treatment_effect_sd,0.07626392697027408,25,0.96,0.7740985940993379,0.6153379238977259,0.9092950661310524,2.9635783385099996,1.0546224585994126,0.09738002958848548,0.35360607671637656,0.1307393687039908,1.7925006581953105,2.995068850855652,0.56,193.04,454,1,1,382.04,0.7435784624905778
E6,default,baseline_difference_sd,0,25,0,0.02879703104528974,0.029978830290545,0.030263674407078885,0.0309518409522,0.009449078203434304,0.0018997915630657599,4.337448239459943e-4,1.2375036007664547e-4,1.0075587057252817,386.41296692486594,0,0,0,0,0,0,0.5923976788088807
E6,default,time_trend_mean,-0.08998628257887518,25,0.88,5.213619856751856e-4,-0.001798018320124814,0.010163339069068916,0.038685851656,0.011799442390749102,0.0020718514537400624,0.0017740682827857624,5.419677685942904e-4,1.0075587057252817,386.41296692486594,0,0,0,0,0,0,0.5923976788088807
E6,default,time_trend_sd,0.045528614603915496,25,0.8,7.404431410184025e-4,-2.3686000841549593e-4,0.013319803836998587,0.0338066782562,0.010513111415373337,0.002714689348487848,0.0011581403079194072,3.5303503803064626e-4,1.0075587057252817,386.41296692486594,0,0,0,0,0,0,0.5923976788088807
E6,default,treatment_effect_mean,-0.3374485596707819,25,0.84,-4.313480542180903e-4,-3.7078720921807085e-4,0.020666343617079776,0.06994135995999998,0.02147229948958079,0.004217580750834023,0.002278528639457739,6.946099413396728e-4,1.0075587057252817,386.41296692486594,0,0,0,0,0,0,0.5923976788088807
E6,default,treatment_effect_sd,0.07626392697027408,25,0.84,0.010561919557385922,0.009517168496725917,0.01863815242512956,0.057365749221999995,0.017882400666199064,0.003134662269724814,0.0015357469565677707,4.94544009445728e-4,1.0075587057252817,386.41296692486594,0,0,0,0,0,0,0.5923976788088807
G1,default,baseline_control_mean,0.45,50,0.82,0.002477615648999987,0.0031988952399999993,0.012151161852009899,0.04043944924000001,0.012391300723282334,0.0016994125938914774,0.0010716577259927548,3.265425042989893e-4,1.0223345481556232,170.77511210593454,0,0,0,0,0,0,0.6181858645038645
G1,default,baseline_difference_sd,0,50,0,0.01618485911085054,0.015528753135098924,0.017254309657742047,0.03222540202594,0.010072903081374662,8.542992990698289e-4,9.91985796955528e-4,2.8318494157687096e-4,1.0223345481556232,170.77511210593454,0,0,0,0,0,0,0.6181858645038645
G1,default,time_trend_mean,-0.04,50,0.94,8.562364039530012e-4,0.0014014815945000009,0.0045532221011497665,0.01787329951,0.005453836468691472,6.388556529969902e-4,3.8293073753664143e-4,1.1570568703043687e-4,1.0223345481556232,170.77511210593454,0,0,0,0,0,0,0.6181858645038645
G1,default,time_trend_sd,0.02,50,0.94,9.912186438779994e-4,9.453776259999991e-4,0.004132251716967596,0.015325549658699998,0.004762971316100317,5.730866987942611e-4,2.536256271702283e-4,7.656053686891292e-5,1.0223345481556232,170.77511210593454,0,0,0,0,0,0,0.6181858645038645
G1,default,treatment_effect_mean,-0.15,50,0.92,2.8145378510999354e-4,-3.6944319749999954e-4,0.006370186837261164,0.025458829590000003,0.007768931181325834,9.09138009644779e-4,6.759076652847317e-4,2.0518227743874436e-4,1.0223345481556232,170.77511210593454,0,0,0,0,0,0,0.6181858645038645
G1,default,treatment_effect_sd,0.03,50,0.86,1.0649353586681117e-4,0.0010416719885000016,0.007158901232461082,0.021361059444199998,0.006644250302705201,0.0010225870152381661,3.966089789194555e-4,1.29387022308539e-4,1.0223345481556232,170.77511210593454,0,0,0,0,0,0,0.6181858645038645
G2,default,baseline_control_mean,0.45,50,0.86,0.0022035502539999884,0.003125162507500001,0.013843756850356883,0.03951376318,0.012076268236013332,0.0019524655789377513,9.938737242649383e-4,2.994134722765415e-4,1.0237727302396231,178.74760873334688,0,0,0,0,0,0,0.6147289630662844
G2,default,baseline_difference_sd,0,50,0,0.016526173339470065,0.015035118526504625,0.017671439965075492,0.03263479553747,0.010196089878006154,8.940322004091866e-4,9.746835043198576e-4,2.7098878950571677e-4,1.0237727302396231,178.74760873334688,0,0,0,0,0,0,0.6147289630662844
G2,default,time_trend_mean,-0.04,50,1,-5.781213649169992e-4,-2.036353899999982e-4,0.004629654262174031,0.017329321617999997,0.005305283862829632,6.562023436487061e-4,3.775234610058543e-4,1.1505990073355112e-4,1.0237727302396231,178.74760873334688,0,0,0,0,0,0,0.6147289630662844
G2,default,time_trend_sd,0.02,50,0.9,2.6316663289631956e-4,1.1528214992499904e-4,0.004167915040690905,0.015111298095999998,0.004690492266457128,5.942283473298433e-4,2.420184476650572e-4,7.557508854346142e-5,1.0237727302396231,178.74760873334688,0,0,0,0,0,0,0.6147289630662844
G2,default,treatment_effect_mean,-0.15,50,0.94,-2.44105247900005e-4,-4.2819751749999246e-4,0.00601955264558668,0.02489776525,0.007637555259489533,8.592287320013682e-4,6.255129331486249e-4,1.8847046668065822e-4,1.0237727302396231,178.74760873334688,0,0,0,0,0,0,0.6147289630662844
G2,default,treatment_effect_sd,0.03,50,0.9,-2.780955895059989e-4,-6.536231014999984e-4,0.006555668905063549,0.0212751111808,0.006598036481942217,9.356811077641918e-4,4.2290323928686005e-4,1.3106075387662878e-4,1.0237727302396231,178.74760873334688,0,0,0,0,0,0,0.6147289630662844
G3,default,baseline_control_mean,0.45,50,0.82,4.6202689689998634e-4,4.765930500000293e-5,0.014953676574286832,0.03956313823,0.012103576847152435,0.0021352195998276327,9.598634864676907e-4,2.943903493781113e-4,1.023372894746774,161.5808883061391,0,0,0,0,0,0,0.6420327646281855
G3,default,baseline_difference_sd,0,50,0,0.015473495815434042,0.01424625538202725,0.0162363738039077,0.032166082545399995,0.0101187680586872,7.026300671219411e-4,8.450843956117916e-4,2.4075976474856325e-4,1.023372894746774,161.5808883061391,0,0,0,0,0,0,0.6420327646281855
G3,default,time_trend_mean,-0.04,50,0.88,-0.0018434136618209998,-0.0023205780579999974,0.005647537652684168,0.018346845554999998,0.005619979749345725,7.626017176703828e-4,4.370138860179371e-4,1.3308212562267722e-4,1.023372894746774,161.5808883061391,0,0,0,0,0,0,0.6420327646281855
G3,default,time_trend_sd,0.02,50,0.88,0.0018338693289697994,0.0015564903143999997,0.004846965091346034,0.0156466801733,0.00487457244672844,6.409494532744965e-4,2.612114593385082e-4,8.302343233148595e-5,1.023372894746774,161.5808883061391,0,0,0,0,0,0,0.6420327646281855
G3,default,treatment_effect_mean,-0.15,50,0.86,0.0010335842314699957,1.4601006249999327e-4,0.007017234698503708,0.026116694939999997,0.007975405219976391,9.91528262282482e-4,5.426545487326273e-4,1.6404105690366477e-4,1.023372894746774,161.5808883061391,0,0,0,0,0,0,0.6420327646281855
G3,default,treatment_effect_sd,0.03,50,0.94,0.001677027845734001,0.0015234694600000029,0.006093811296628114,0.022060703858999997,0.0068413821483768456,8.369296867004503e-4,3.992382810322208e-4,1.2482435288660475e-4,1.023372894746774,161.5808883061391,0,0,0,0,0,0,0.6420327646281855
G4,default,baseline_control_mean,0.45,50,0.82,2.453082536999873e-4,0.0010652227624999844,0.013511965313299963,0.03996372345999999,0.012218661692309144,0.0019299626225020156,0.0010073507787208347,3.0314836094674964e-4,1.020677982918724,173.78786910198045,0,0,0,0,0,0,0.5961973481094602
G4,default,baseline_difference_sd,0,50,0,0.015893074835308798,0.013820784264771499,0.016933233805478457,0.032090516656929996,0.010075497227492233,8.34762331937595e-4,9.440640072729924e-4,2.7155122448814013e-4,1.020677982918724,173.78786910198045,0,0,0,0,0,0,0.5961973481094602
G4,default,time_trend_mean,-0.04,50,0.9,-8.769749186309992e-4,-9.4890418775e-4,0.004869664427759563,0.017626609560999998,0.005390919574998769,6.842923744244783e-4,4.48864288771502e-4,1.373759965088375e-4,1.020677982918724,173.78786910198045,0,0,0,0,0,0,0.5961973481094602
G4,default,time_trend_sd,0.02,50,0.86,8.089081900636397e-4,9.17862669300001e-4,0.004966308800509413,0.0154642439285,0.004814567339113454,6.999984058591938e-4,2.769950438428267e-4,8.759878344314908e-5,1.020677982918724,173.78786910198045,0,0,0,0,0,0,0.5961973481094602
G4,default,treatment_effect_mean,-0.15,50,0.88,1.2992575893999492e-4,-3.575052250000127e-4,0.007678899679348896,0.026998250499999998,0.008249571889082478,0.001096828634157369,6.774262869968515e-4,2.0406879074060934e-4,1.020677982918724,173.78786910198045,0,0,0,0,0,0,0.5961973481094602
G4,default,treatment_effect_sd,0.03,50,0.88,0.002845531699073001,0.002315359453500001,0.007584854354300271,0.022706399291,0.007028577265876267,0.0010044082929208283,4.608704962970057e-4,1.4366464601910637e-4,1.020677982918724,173.78786910198045,0,0,0,0,0,0,0.5961973481094602
G5,default,baseline_control_mean,0.45,50,0.88,0.0028302185541999926,0.0028557054149999928,0.012887818625840333,0.04114250105,0.012622658367262705,0.0017961735511575546,9.536903446803794e-4,2.8892257833558764e-4,1.033740519513737,107.73858171302524,0,0,0,0,0,0,0.5957326706839476
G5,default,baseline_difference_sd,0,50,0,0.01497904530348412,0.01358438667158475,0.015857469802200302,0.031141706066449996,0.00976948951924444,7.435100197486442e-4,8.769471701191433e-4,2.45968689080225e-4,1.033740519513737,107.73858171302524,0,0,0,0,0,0,0.5957326706839476
G5,default,time_trend_mean,-0.04,50,0.9,3.595501091350009e-4,2.820010075000115e-5,0.005345401904403832,0.017587934955,0.0053791976157326815,7.618994153794941e-4,4.0438166897691514e-4,1.2441549230145907e-4,1.033740519513737,107.73858171302524,0,0,0,0,0,0,0.5957326706839476
G5,default,time_trend_sd,0.02,50,0.9,4.402057855613296e-4,8.340504061000002e-4,0.004555831949817454,0.015289391429399998,0.004737652227972138,6.477878151807501e-4,2.2694953500293003e-4,7.177072968398419e-5,1.033740519513737,107.73858171302524,0,0,0,0,0,0,0.5957326706839476
G5,default,treatment_effect_mean,-0.15,50,0.9,-0.0016770975769000074,-9.954547500000133e-4,0.007735633080495833,0.025414419030000003,0.007765906390240747,0.0010788066240594947,5.972923025546649e-4,1.8389284269640946e-4,1.033740519513737,107.73858171302524,0,0,0,0,0,0,0.5957326706839476
G5,default,treatment_effect_sd,0.03,50,0.88,4.4723811236900134e-4,-4.251819624999896e-5,0.0062447945329152784,0.021395956411,0.006655977595695961,8.89822693060346e-4,3.747240964966315e-4,1.173559753764388e-4,1.033740519513737,107.73858171302524,0,0,0,0,0,0,0.5957326706839476
G6,default,baseline_difference_sd,0,50,0,0.02655911359194,0.0264584881995,0.026640941591710914,0.008695553392999999,0.002645655206806076,2.98063618170937e-4,2.519298535804572e-5,6.854860777516567e-6,1.010385245207878,544.9480853536352,0,0,0,0,0,0,0.5521651542463408
G6,default,time_trend_mean,-0.08888888888888889,50,0.88,1.9760563718892733e-5,-6.583637471111042e-4,0.0038749548022782377,0.011999199689999998,0.00364927234133876,5.535577738375033e-4,9.957550501744523e-5,2.876470794159727e-5,1.010385245207878,544.9480853536352,0,0,0,0,0,0,0.5521651542463408
G6,default,time_trend_sd,0.044444444444444446,50,0.82,0.0015748395104855544,0.0018511464650555545,0.003392767625443536,0.009324116217999997,0.002849327910938704,4.293030107395339e-4,5.953633813267854e-5,1.6428388761390592e-5,1.010385245207878,544.9480853536352,0,0,0,0,0,0,0.5521651542463408
G6,default,treatment_effect_mean,-0.3333333333333333,50,0.88,-2.599648006666844e-4,-6.632717116666909e-4,0.005275238796740924,0.01769272685,0.005366999404742687,7.526899064058208e-4,1.4427399512218183e-4,4.343076639526743e-5,1.010385245207878,544.9480853536352,0,0,0,0,0,0,0.5521651542463408
G6,default,treatment_effect_sd,0.06666666666666667,50,0.84,0.0012294051050233338,7.249660670833324e-4,0.004652327128870657,0.013789573365,0.004189548054945668,6.409927058989693e-4,1.028854148390739e-4,2.8822075202016902e-5,1.010385245207878,544.9480853536352,0,0,0,0,0,0,0.5521651542463408
G7,default,baseline_difference_sd,0,50,0,0.025342831155141,0.02522210269825,0.02549014240948502,0.008667753129,0.0026390178000715012,3.909243127809954e-4,3.154956723684904e-5,8.41671640656349e-6,1.006902499061801,570.684319584119,0,0,0,0,0,0,0.5720315719143146
G7,default,time_trend_mean,-0.08893278463648834,50,0.9,-7.042752243616649e-4,2.601967123833787e-5,0.003551498724635933,0.011885154041999997,0.0036248844434126266,4.972811712239843e-4,7.478059717879438e-5,2.2346529604038263e-5,1.006902499061801,570.684319584119,0,0,0,0,0,0,0.5720315719143146
G7,default,time_trend_sd,0.0444883185365144,50,0.96,0.0014210054904755984,0.0014217065502355984,0.0026533190177800586,0.009322682659000001,0.0028487017414134414,3.201034656122457e-4,5.049513786204656e-5,1.3799968157864777e-5,1.006902499061801,570.684319584119,0,0,0,0,0,0,0.5720315719143146
G7,default,treatment_effect_mean,-0.3334979423868312,50,0.84,0.001243216796631229,0.00074756748183121835,0.006297820297114568,0.01763731173,0.005378601729941871,8.819846878596139e-4,1.4141909474775245e-4,4.066950197322608e-5,1.006902499061801,570.684319584119,0,0,0,0,0,0,0.5720315719143146
G7,default,treatment_effect_sd,0.06707692694916605,50,0.92,0.0011071370881239524,8.208829423339559e-4,0.004341834015030507,0.013762089338,0.004193772005404746,5.997579457696271e-4,8.651780082776415e-5,2.7652388518491968e-5,1.006902499061801,570.684319584119,0,0,0,0,0,0,0.5720315719143146
G8,default,baseline_difference_sd,0,50,0,0.0256860799533128,0.02589390557125,0.02597551003241151,0.013102416820299998,0.0039991090866596055,5.524050952921806e-4,8.828968601137062e-5,2.8165103603516756e-5,1.035089102789296,166.63845141490404,0,0,0,0,0,0,0.5543953911406836
G8,default,time_trend_mean,-0.09327846364883402,50,0.94,-4.466982306459805e-4,-6.290985961659792e-4,0.005619837259786532,0.020588808474,0.006266416659059691,8.002937154343581e-4,3.114477612939402e-4,9.54799144202398e-5,1.035089102789296,166.63845141490404,0,0,0,0,0,0,0.5543953911406836
G8,default,time_trend_sd,0.048636334823684464,50,0.5,0.008649540745565535,0.007482826930565536,0.010988673028842549,0.017055597769999997,0.005193351740286729,9.68234031264255e-4,2.9709781739909244e-4,9.045613997663608e-5,1.035089102789296,166.63845141490404,0,0,0,0,0,0,0.5543953911406836
G8,default,treatment_effect_mean,-0.34979423868312753,50,0.86,-0.004773473910772466,-0.0031320589943724664,0.014411383407576242,0.041530099300000005,0.012612000050882397,0.0019425520692379866,7.84764799695853e-4,2.3006205168080447e-4,1.035089102789296,166.63845141490404,0,0,0,0,0,0,0.5543953911406836
G8,default,treatment_effect_sd,0.09965647442276822,50,0.36,0.020802067599761782,0.01958890432198178,0.025900007740632332,0.032461019781,0.009941248023921444,0.0022042833281153452,6.196002642951634e-4,1.8706945353136125e-4,1.035089102789296,166.63845141490404,0,0,0,0,0,0,0.5543953911406836
G9,default,baseline_difference_sd,0,50,0,0.007460892727594843,0.00685373475336945,0.00791514162041166,0.013677912050859999,0.0042357437129944605,3.7754703933161424e-4,3.186929990509274e-4,9.035664050984502e-5,1.1497591797524571,10.299915930949041,0.5,0,0,0,0,0,0.5389912355242656
G9,default,time_trend_mean,-0.08998628257887518,50,0.9,-0.0010943640016648154,-8.472228853748168e-4,0.004409056917816789,0.014999918693999999,0.004566612600700092,6.101547200306482e-4,2.088100852604421e-4,6.293169807895895e-5,1.1497591797524571,10.299915930949041,0.5,0,0,0,0,0,0.5389912355242656
G9,default,time_trend_sd,0.045528614603915496,50,0.88,5.693564032145039e-4,5.063805130845027e-4,0.0033044278698921084,0.010920236932999998,0.0033292873343253823,4.650011374451382e-4,1.1187345886871457e-4,3.547051568300614e-5,1.1497591797524571,10.299915930949041,0.5,0,0,0,0,0,0.5389912355242656
G9,default,treatment_effect_mean,-0.3374485596707819,50,0.88,0.0016671621536819114,3.616069232819097e-4,0.008607034305811825,0.026966182659999994,0.008227365155755494,0.001206289722998282,3.342679021042197e-4,1.0130463407696336e-4,1.1497591797524571,10.299915930949041,0.5,0,0,0,0,0,0.5389912355242656
G9,default,treatment_effect_sd,0.07626392697027408,50,0.82,0.0034369077610759205,0.0030238003867259222,0.007857748361054155,0.020727304765,0.0063182681349342575,0.0010094641369690356,2.3646340998560386e-4,7.081259544290122e-5,1.1497591797524571,10.299915930949041,0.5,0,0,0,0,0,0.5389912355242656
H1,full_normal,baseline_difference_sd,0,25,0,0.02651962335366605,0.027067943641225,0.027849670980564643,0.0355358582368,0.010921796874030533,0.00173582054210435,7.538856295668222e-4,2.1475555316419868e-4,1.0143827421120486,188.26899645841,0,0,0,0,0,0,0.5856813734042479
H1,full_normal,time_trend_mean,-0.08998628257887518,25,0.72,0.001417923428564045,0.0062438661411501895,0.036536305478936514,0.09050526417162,0.027632922168656586,0.007452323774056696,0.011562686704475576,0.0035187257224501335,1.0143827421120486,188.26899645841,0,0,0,0,0,0,0.5856813734042479
H1,full_normal,time_trend_sd,0.11597686202656823,25,0.48,0.010016850798591766,-0.019420204005568237,0.0980529563087163,0.07560833323,0.023497450341412044,0.01991026215815789,0.008888479450727828,0.002784033115749254,1.0143827421120486,188.26899645841,0,0,0,0,0,0,0.5856813734042479
H1,full_normal,treatment_effect_mean,-0.3374485596707819,25,0.88,-0.009077611693018088,-0.010692836809218065,0.01843160289277494,0.07488049522000001,0.02289321053162638,0.003274401670202072,0.003735896032975761,0.0011227087517593566,1.0143827421120486,188.26899645841,0,0,0,0,0,0,0.5856813734042479
H1,full_normal,treatment_effect_sd,0.07626392697027408,25,0.84,0.014742825635777921,0.019499137100225925,0.029465759203209565,0.06562523395,0.02065458905412238,0.0052076868573235815,0.004062960990216323,0.0013683322548079845,1.0143827421120486,188.26899645841,0,0,0,0,0,0,0.5856813734042479
H1,full_robust,baseline_difference_sd,0,25,0,0.026586436171431083,0.027177386646765,0.027930219973239263,0.03561247156399999,0.010969988194812753,0.0017471238204540898,7.477318435395275e-4,2.0630610379179033e-4,1.020353223778931,147.15659213823116,0,0,0,0,0,0,0.44821893915319627
H1,full_robust,time_trend_mean,-0.08998628257887518,25,0.72,0.005916552599030266,0.014041261414410186,0.031944863459465234,0.07890311719266,0.024265824894215606,0.006407901069470101,0.007585284275843519,0.0022807613913758563,1.020353223778931,147.15659213823116,0,0,0,0,0,0,0.44821893915319627
H1,full_robust,time_trend_sd,0.11597686202656823,25,0.4,-0.010334050583568233,-0.02650459251656824,0.06018318316844816,0.06793795617599999,0.020923905156392208,0.01210238085189445,0.007192410220242751,0.002144004384262697,1.020353223778931,147.15659213823116,0,0,0,0,0,0,0.44821893915319627
H1,full_robust,treatment_effect_mean,-0.3374485596707819,25,0.92,-0.005468897479018087,-0.0038100692442180617,0.016922114958763893,0.07160202099999999,0.02179273934001126,0.003268850046535289,0.003009835109352362,9.040446922935269e-4,1.020353223778931,147.15659213823116,0,0,0,0,0,0,0.44821893915319627
H1,full_robust,treatment_effect_sd,0.07626392697027408,25,0.88,0.004161894136791921,0.0025314043482259213,0.019985425159758603,0.06492817557,0.019927408745460132,0.003990070258416767,0.003188498645695069,9.879203339117825e-4,1.020353223778931,147.15659213823116,0,0,0,0,0,0,0.44821893915319627
H1,naive,baseline_difference_sd,0,25,0,0.026722752487535265,0.0263864373228135,0.028107157269925916,0.035736474634799995,0.01098631311997812,0.0017784214593082857,7.663734055122142e-4,2.1709107573076228e-4,1.0425254883977018,95.67235393613909,0,0,0,0,0,0,0.5658288188783684
H1,naive,time_trend_mean,-0.08998628257887518,25,0.76,0.007175355852496689,0.013218257936690181,0.034129246853919375,0.10224488861179999,0.03145314311256693,0.00681089739316648,0.01475677967686168,0.00437375974083252,1.0425254883977018,95.67235393613909,0,0,0,0,0,0,0.5658288188783684
H1,naive,time_trend_sd,0.11597686202656823,25,0.52,2.3950645075176692e-4,-0.018342102356568232,0.08201075338645163,0.08373615025999998,0.026520121597237458,0.016740303546224196,0.011027247385219903,0.003516784983515402,1.0425254883977018,95.67235393613909,0,0,0,0,0,0,0.5658288188783684
H1,naive,treatment_effect_mean,-0.3374485596707819,25,0.24,-0.05657642833781809,-0.054379647584218094,0.06323501439273171,0.08940022904,0.027365438628153018,0.005765467608184965,0.010366642319943904,0.0031616906299327826,1.0425254883977018,95.67235393613909,0,0,0,0,0,0,0.5658288188783684
H1,naive,treatment_effect_sd,0.07626392697027408,25,0.24,0.06981496901880592,0.03292701351272592,0.10955067123035145,0.06905446955,0.0213378627132215,0.01723274459172097,0.007453558999161919,0.0022739947624410553,1.0425254883977018,95.67235393613909,0,0,0,0,0,0,0.5658288188783684
H2,full_normal,baseline_difference_sd,0,25,0,0.02420699162251741,0.0232957934455234,0.026074943903248014,0.03415181696678,0.010576700859620501,0.0019782595059051975,9.874481806361785e-4,2.7596558039955354e-4,1.0108352803763796,314.2496054661223,0,0,0,0,0,0,0.6669730801446144
H2,full_normal,time_trend_mean,-0.12373113854595337,25,1,0.0016441211454343702,0.002035574337453369,0.013806681020962927,0.083525615276,0.02548190291505863,0.002798223442902013,0.0016156626043741643,5.022166585732293e-4,1.0108352803763796,314.2496054661223,0,0,0,0,0,0,0.6669730801446144
H2,full_normal,time_trend_sd,0.103120346306067,25,1,0.010965978781632992,0.010863220804932988,0.015968095819301382,0.064114726098,0.01977785055755,0.002369312430635778,0.0015772917887464286,4.822539072496185e-4,1.0108352803763796,314.2496054661223,0,0,0,0,0,0,0.6669730801446144
H2,full_normal,treatment_effect_mean,-0.3374485596707819,25,0.88,0.006335653664581913,0.004326169335781893,0.018501193044388898,0.07000745576,0.02153582332031061,0.003548201637850116,0.0018825478440072517,5.922478214550201e-4,1.0108352803763796,314.2496054661223,0,0,0,0,0,0,0.6669730801446144
H2,full_normal,treatment_effect_sd,0.07626392697027408,25,0.92,0.0056981277948419205,0.006493456335225925,0.01613218158875175,0.059794074816,0.018452113730701335,0.0030807102971968374,0.001394742898198791,4.2293836017510733e-4,1.0108352803763796,314.2496054661223,0,0,0,0,0,0,0.6669730801446144
H2,full_robust,baseline_difference_sd,0,25,0,0.024141578781995555,0.02312491541449,0.025945960479266898,0.034326404751479994,0.010583069781349128,0.0019405437286190096,9.720122835804614e-4,2.648656080526153e-4,1.0221263700187924,267.8320915970008,0,0,0,0,0,0,0.5529190488064388
H2,full_robust,time_trend_mean,-0.12373113854595337,25,1,0.0013103372546593689,0.002157945175053369,0.014980358125429466,0.08310591209799999,0.025422055491715445,0.003046132423836634,0.0016887672056911864,4.942725590150603e-4,1.0221263700187924,267.8320915970008,0,0,0,0,0,0,0.5529190488064388
H2,full_robust,time_trend_sd,0.103120346306067,25,1,0.011126295744452992,0.010514474515432998,0.01591390244164183,0.06392440088,0.019766551655706163,0.002322515105163124,0.0014327742189546638,4.457302108610278e-4,1.0221263700187924,267.8320915970008,0,0,0,0,0,0,0.5529190488064388
H2,full_robust,treatment_effect_mean,-0.3374485596707819,25,0.84,0.008067786003181912,0.005593940005781894,0.0183092065365677,0.06936727061999999,0.021204021409683145,0.003354958227543946,0.0019920341014323926,6.09241194433529e-4,1.0221263700187924,267.8320915970008,0,0,0,0,0,0,0.5529190488064388
H2,full_robust,treatment_effect_sd,0.07626392697027408,25,0.96,-2.7244824970407757e-4,2.3249902472592676e-4,0.014526338832481575,0.060282914843999995,0.018677926735303402,0.0029646549253053564,0.0015972289669958875,4.936977559863758e-4,1.0221263700187924,267.8320915970008,0,0,0,0,0,0,0.5529190488064388
H2,naive,baseline_difference_sd,0,25,0,0.024635238536978757,0.023466901887499,0.026579061603633644,0.034260129309899995,0.010572795000180202,0.002036659212574082,0.0011227793299041313,3.1433992776505886e-4,1.0320274334177004,142.11331507242696,0,0,0,0,0,0,0.5995382850235443
H2,naive,time_trend_mean,-0.12373113854595337,25,0.88,0.01037034077180509,0.011090880862968375,0.024869318263640278,0.10405626779999999,0.032051855121100675,0.0046140140838124375,0.002529963430371534,7.805018439309711e-4,1.0320274334177004,142.11331507242696,0,0,0,0,0,0,0.5995382850235443
H2,naive,time_trend_sd,0.103120346306067,25,1,0.016415916270472994,0.014018945544932992,0.02175051401766932,0.084621783228,0.026887242557941143,0.0029126344964199337,0.0019736411627614622,6.478590109853112e-4,1.0320274334177004,142.11331507242696,0,0,0,0,0,0,0.5995382850235443
H2,naive,treatment_effect_mean,-0.3374485596707819,25,0.16,-0.05846291229641809,-0.06608831643921809,0.06298182252431857,0.0831943383,0.025402022099533936,0.00478190100930097,0.002306416436113523,6.64248276761143e-4,1.0320274334177004,142.11331507242696,0,0,0,0,0,0,0.5995382850235443
H2,naive,treatment_effect_sd,0.07626392697027408,25,0,0.057076612436425915,0.057339088233725924,0.05941317582888709,0.062410371376,0.019311519057959553,0.003367651103119969,0.001510130067956476,4.738125465943833e-4,1.0320274334177004,142.11331507242696,0,0,0,0,0,0,0.5995382850235443
H3,full_normal,baseline_difference_sd,0,25,0,0.027183145647221258,0.0250878664744455,0.029891321230324147,0.034652334174979996,0.010697982354820555,0.00253777853657143,0.0010717082087397562,3.0829862163408696e-4,1.023510367120712,142.15177548928432,0,0,0,0,0,0,0.6367786131849617
H3,full_normal,time_trend_mean,-0.08998628257887518,25,0.88,0.004506415179042292,0.01578871605255268,0.05011637577812747,0.154535188727504,0.046895426417395,0.010188521612106314,0.004087347442086906,0.0012017149385872585,1.023510367120712,142.15177548928432,0,0,0,0,0,0,0.6367786131849617
H3,full_normal,time_trend_sd,0.22244159268257202,25,0.92,0.012677929635767981,0.012477185887427966,0.034699861887253346,0.11474466632,0.03549858233437847,0.0065934011049715874,0.002773332831624626,8.640163800762845e-4,1.023510367120712,142.15177548928432,0,0,0,0,0,0,0.6367786131849617
H3,full_normal,treatment_effect_mean,-0.3374485596707819,25,0.88,-4.4541511661809306e-4,-0.0019797692442181103,0.02243707904123769,0.0753565526,0.023119071371336827,0.004579047031846236,0.0028828899114301735,9.043824004158384e-4,1.023510367120712,142.15177548928432,0,0,0,0,0,0,0.6367786131849617
H3,full_normal,treatment_effect_sd,0.07626392697027408,25,0.96,0.00606112506377612,0.004110041149725921,0.019973096122026874,0.06717100124799999,0.021043749696169116,0.003884731498985214,0.002509127133605564,7.809868261221687e-4,1.023510367120712,142.15177548928432,0,0,0,0,0,0,0.6367786131849617
H3,full_robust,baseline_difference_sd,0,25,0,0.02698846759272676,0.02481157576275635,0.02966579818857152,0.03458667132796,0.010783369176500945,0.0025139792425007443,0.001031842278418443,3.0440714272445435e-4,1.0284430625563603,93.6989922579998,0,0,0,0,0,0,0.5139612089719884
H3,full_robust,time_trend_mean,-0.08998628257887518,25,0.84,0.0037566034366128933,0.01437204546636818,0.04887112698678052,0.15258495176679998,0.04667804440559773,0.009946261826221563,0.0038615645688957,0.0012210949207663154,1.0284430625563603,93.6989922579998,0,0,0,0,0,0,0.5139612089719884
H3,full_robust,time_trend_sd,0.22244159268257202,25,0.92,0.012114620084827978,0.010033013227427973,0.03582221027500143,0.11462145287999999,0.035624908449836123,0.006881335653983113,0.0028197996062135078,9.58238354545562e-4,1.0284430625563603,93.6989922579998,0,0,0,0,0,0,0.5139612089719884
H3,full_robust,treatment_effect_mean,-0.3374485596707819,25,0.88,-2.794732346180884e-4,-0.002605597669218085,0.02240543494543397,0.07396209037999998,0.022689870907162568,0.004573134454822379,0.002770727658677526,8.4775464538368e-4,1.0284430625563603,93.6989922579998,0,0,0,0,0,0,0.5139612089719884
H3,full_robust,treatment_effect_sd,0.07626392697027408,25,0.96,0.0010660136462639208,-0.0026927491397740755,0.01792809250075912,0.06797848942,0.02126085090720238,0.003653081550906454,0.002468402101971077,7.547290591007577e-4,1.0284430625563603,93.6989922579998,0,0,0,0,0,0,0.5139612089719884
H3,naive,baseline_difference_sd,0,25,0,0.027832583649207893,0.0248022923036355,0.03065486662075933,0.034609142899659995,0.01072423943415316,0.0026225634322356393,0.0011793301921655176,3.4647358677638435e-4,1.023230764884496,157.96805322408008,0,0,0,0,0,0,0.6009845492085868
H3,naive,time_trend_mean,-0.08998628257887518,25,0.96,0.0013362952148478582,0.011553826425040187,0.0529898377139942,0.20982618126744,0.064793709910664965,0.010813065430406821,0.009319302888868331,0.002924960567353758,1.023230764884496,157.96805322408008,0,0,0,0,0,0,0.6009845492085868
H3,naive,time_trend_sd,0.22244159268257202,25,0.76,0.02364562628318798,0.027494040747427978,0.05999241442449108,0.16766342599999998,0.05317647570155292,0.011254580819522065,0.007707665577538542,0.0025202921458481503,1.023230764884496,157.96805322408008,0,0,0,0,0,0,0.6009845492085868
H3,naive,treatment_effect_mean,-0.3374485596707819,25,0.76,-0.041141690577018095,-0.0427272678642181,0.0508801954139419,0.11738728604000001,0.035941385044206284,0.0061106313838595215,0.0038029880460623217,0.0011236462367374797,1.023230764884496,157.96805322408008,0,0,0,0,0,0,0.6009845492085868
H3,naive,treatment_effect_sd,0.07626392697027408,25,0,0.11627589126388592,0.12185302208972591,0.12010272371682947,0.08901873285999999,0.027608434064883815,0.006139290658639,0.002666858348797184,8.350063868228017e-4,1.023230764884496,157.96805322408008,0,0,0,0,0,0,0.6009845492085868
H4,full_normal,baseline_difference_sd,0,25,0,0.033485048821526676,0.0326982105712835,0.0349915394958011,0.047890446590199996,0.014684150148402676,0.002073235612376046,9.765246791776704e-4,2.6721188427566306e-4,1.0204773218867043,189.41707707081338,0,0.76,13,0.16,0.04,0,0.621786469677713
H4,full_normal,time_trend_mean,-0.08998628257887518,25,0.32,-0.037624203109584815,-0.040474043916124816,0.041776106566549065,0.05534436303999999,0.016908007319042177,0.003706202122953113,0.0020671006220889204,6.242079638250728e-4,1.0204773218867043,189.41707707081338,0,0.76,13,0.16,0.04,0,0.621786469677713
H4,full_normal,time_trend_sd,0.045528614603915496,25,0.84,0.008759669200563367,0.011307480274084507,0.01685444376706652,0.05149112257415999,0.01591586707831593,0.00293924926776882,0.001855020025273686,5.609793107128141e-4,1.0204773218867043,189.41707707081338,0,0.76,13,0.16,0.04,0,0.621786469677713
H4,full_normal,treatment_effect_mean,-0.3374485596707819,25,0.44,0.042944435921381904,0.04609565657078191,0.047247877506716024,0.075050726,0.022832860136975434,0.0040214909770505,0.002007495605414339,6.192767988172573e-4,1.0204773218867043,189.41707707081338,0,0.76,13,0.16,0.04,0,0.621786469677713
H4,full_normal,treatment_effect_sd,0.07626392697027408,25,0.76,0.01544684890286684,0.017089969798225926,0.02682672632222602,0.0635126257116,0.01955266134971222,0.004477108926433515,0.0017907196006660812,5.387263146633618e-4,1.0204773218867043,189.41707707081338,0,0.76,13,0.16,0.04,0,0.621786469677713
H4,full_robust,baseline_difference_sd,0,25,0,0.03357043511373514,0.032789544918865,0.03502607489888658,0.04778164766279999,0.014613989717037802,0.002039728424497886,0.0010026067327023496,2.7021065757438335e-4,1.0221548460953227,57.07989089570377,0,1.68,25,0.2,0.04,0,0.1741246651864323
H4,full_robust,time_trend_mean,-0.08998628257887518,25,0.32,-0.03781809792330282,-0.041801290191624804,0.04190584330254916,0.05574573156399999,0.01693100465035372,0.003684942177075078,0.002133154374743462,6.19442181266165e-4,1.0221548460953227,57.07989089570377,0,1.68,25,0.2,0.04,0,0.1741246651864323
H4,full_robust,time_trend_sd,0.045528614603915496,25,0.84,0.008686298020490856,0.007469513350584503,0.01692859974224239,0.05135819275144,0.01588438118662411,0.0029659576582465024,0.001811836972748027,5.61350005851098e-4,1.0221548460953227,57.07989089570377,0,1.68,25,0.2,0.04,0,0.1741246651864323
H4,full_robust,treatment_effect_mean,-0.3374485596707819,25,0.36,0.04406215047538191,0.046405356385781915,0.048555899915010525,0.07403065124000001,0.02254162709166167,0.004164344246303577,0.0019131825964959933,5.982955269213164e-4,1.0221548460953227,57.07989089570377,0,1.68,25,0.2,0.04,0,0.1741246651864323
H4,full_robust,treatment_effect_sd,0.07626392697027408,25,0.92,0.009647751529361922,0.010749888883725925,0.023364273632261196,0.0642730860126,0.019712424272387282,0.00434362642649583,0.001617306527928145,4.795515540316316e-4,1.0221548460953227,57.07989089570377,0,1.68,25,0.2,0.04,0,0.1741246651864323
H4,naive,baseline_difference_sd,0,25,0,0.03239887868126596,0.03223761833167,0.03380775045228852,0.0476461025094,0.014620396717459693,0.001971427685300095,9.147405057206027e-4,2.6797318546792603e-4,1.0182376462246856,283.0735117248015,0,0,0,0,0,0,0.5440879667437879
H4,naive,time_trend_mean,-0.08998628257887518,25,0.12,-0.04783141604424482,-0.05024634801462481,0.051016500650022334,0.052058222839999994,0.01602685261950277,0.0036219181024245116,0.0018972696440900272,5.830481511930163e-4,1.0182376462246856,283.0735117248015,0,0,0,0,0,0,0.5440879667437879
H4,naive,time_trend_sd,0.045528614603915496,25,0.88,0.004638788423697606,0.006951015745084506,0.014341860572029212,0.049458322832459996,0.01547910811030322,0.0027701579875801245,0.001351821468371976,4.1861147731232236e-4,1.0182376462246856,283.0735117248015,0,0,0,0,0,0,0.5440879667437879
H4,naive,treatment_effect_mean,-0.3374485596707819,25,0.84,-0.018638216606818084,-0.014157277884218111,0.02529309500677602,0.0619510196,0.01895243064587692,0.0034902097402300944,0.001486696346281661,4.6000038256099364e-4,1.0182376462246856,283.0735117248015,0,0,0,0,0,0,0.5440879667437879
H4,naive,treatment_effect_sd,0.07626392697027408,25,0.56,0.01973276320578592,0.019678497189225916,0.024061724279610744,0.04838782092999999,0.014911590039452357,0.0028105799488450075,0.0011426702241658713,3.575469372103613e-4,1.0182376462246856,283.0735117248015,0,0,0,0,0,0,0.5440879667437879
I1,modelled,baseline_difference_sd,0,25,0,0.025938958968464435,0.02240267136849,0.027703400872415244,0.031374412353199994,0.009565730196463246,0.0019858754107661626,4.113253675502632e-4,1.160950112959249e-4,1.0148935227830673,358.53193306906803,0,0,0,0,0,0,0.5562195454087767
I1,modelled,effect_multiplier[b],0.6,25,0.88,0.031095081068000022,-1.225172350000081e-4,0.09566088005607032,0.32268683348,0.09958315125386424,0.018466298025588378,0.01490062855529114,0.004674851299337762,1.0148935227830673,358.53193306906803,0,0,0,0,0,0,0.5562195454087767
I1,modelled,time_trend_mean,-0.08998628257887518,25,0.88,1.136096680871848e-4,7.131927368751872e-4,0.013850364634934817,0.043822176606,0.01337096994872984,0.0028270987289974077,0.0012520355000725826,3.7375095504894217e-4,1.0148935227830673,358.53193306906803,0,0,0,0,0,0,0.5562195454087767
I1,modelled,time_trend_sd,0.045528614603915496,25,0.88,0.008041626569924503,0.006847088749084504,0.011848519353991392,0.036746259903999996,0.011394526646408287,0.0017762278967870938,9.93932962325638e-4,3.07968564752531e-4,1.0148935227830673,358.53193306906803,0,0,0,0,0,0,0.5562195454087767
I1,modelled,treatment_effect_mean,-0.3374485596707819,25,0.92,0.002598912075781914,0.0016596275207819144,0.026576852103324455,0.09197297086,0.028185803634946306,0.005398976460652583,0.003599458757734307,0.0010930433148021476,1.0148935227830673,358.53193306906803,0,0,0,0,0,0,0.5562195454087767
I1,modelled,treatment_effect_sd,0.07626392697027408,25,0.84,0.004838484620525923,0.0040607442562259205,0.0189487906732146,0.057105230195999994,0.017780339184618982,0.003739684336914005,0.0018014191814069564,5.800007644893872e-4,1.0148935227830673,358.53193306906803,0,0,0,0,0,0,0.5562195454087767
I1,raw,baseline_control_mean,0.45,25,0.92,-0.001747552673000008,-0.0025623925250000124,0.010981527849965485,0.03874036295999999,0.011896588059283182,0.0022130297254241192,0.0012716608939205931,3.9536831464732626e-4,1.0286799254449812,164.5570654228853,0,0,0,0,0,0,0.6202607661575822
I1,raw,baseline_difference_sd,0,25,0,0.016425297962342964,0.0145830105933028,0.018205460186051257,0.03196398409944,0.010012206356446684,0.0016027108212097701,0.001253836141557653,3.5745793533020396e-4,1.0286799254449812,164.5570654228853,0,0,0,0,0,0,0.6202607661575822
I1,raw,effect_multiplier[b],0.6,25,0.88,0.030414558652800013,0.015800501705000025,0.08669099630840858,0.28687329524,0.08899025547538424,0.016570912596700755,0.015199770882130596,0.004699328172820382,1.0286799254449812,164.5570654228853,0,0,0,0,0,0,0.6202607661575822
I1,raw,time_trend_mean,-0.04,25,0.84,5.584046797440054e-5,2.1329860799999822e-4,0.005846880754739855,0.018699041774,0.005740871833656784,0.001193435105104234,4.5813845052808833e-4,1.4093641946275848e-4,1.0286799254449812,164.5570654228853,0,0,0,0,0,0,0.6202607661575822
I1,raw,time_trend_sd,0.02,25,0.88,0.0023936305720639994,0.0013699716028500002,0.004098576192763044,0.01581615774,0.00493240488605091,6.791188989039578e-4,2.901430333845187e-4,9.559575376802781e-5,1.0286799254449812,164.5570654228853,0,0,0,0,0,0,0.6202607661575822
I1,raw,treatment_effect_mean,-0.15,25,0.96,0.0016527754604999951,0.0026493680049999857,0.01022725728769302,0.036657228199999996,0.01120919745907028,0.002060189361299092,0.0016043655286783823,4.891833890644658e-4,1.0286799254449812,164.5570654228853,0,0,0,0,0,0,0.6202607661575822
I1,raw,treatment_effect_sd,0.03,25,0.8,0.0015889384577629608,-2.2715391499998627e-5,0.008681109181509866,0.022773301418,0.007090348778537764,0.0017420884401432375,7.834202313060836e-4,2.4560024290760577e-4,1.0286799254449812,164.5570654228853,0,0,0,0,0,0,0.6202607661575822
I2,modelled,baseline_difference_sd,0,25,0,0.0255584836630873,0.024930492942265,0.026447445095002024,0.024848600966599996,0.007564414713917086,0.0013879130751006184,2.843117688065972e-4,8.152093832121607e-5,1.0149653220850214,365.4764507685188,0,0,0,0,0,0,0.5875948848388688
I2,modelled,effect_multiplier[b],0.7,25,0.84,0.004811118027000059,-0.003911478059999918,0.09559436434437564,0.3238825273,0.1001265986529002,0.01948838931874514,0.012152294711561179,0.003900613717207817,1.0149653220850214,365.4764507685188,0,0,0,0,0,0,0.5875948848388688
I2,modelled,effect_multiplier[c],0.4,25,0.88,0.028959313775599974,0.025045722064999998,0.07221877804127047,0.27330555866,0.08417602272323725,0.013504490067228004,0.008434635854743527,0.002630739932508433,1.0149653220850214,365.4764507685188,0,0,0,0,0,0,0.5875948848388688
I2,modelled,time_trend_mean,-0.08998628257887518,25,0.96,1.977279470151849e-4,9.064580803751915e-4,0.008094799436734312,0.031123860609999998,0.009490743071654964,0.0016518510019056815,9.727771795482537e-4,2.8662272629690716e-4,1.0149653220850214,365.4764507685188,0,0,0,0,0,0,0.5875948848388688
I2,modelled,time_trend_sd,0.045528614603915496,25,0.84,6.058769772585045e-4,0.0026925715375845025,0.008646074485529296,0.026206461995999998,0.00812827647684535,0.0017605339755519815,5.560686152943264e-4,1.7422299720281476e-4,1.0149653220850214,365.4764507685188,0,0,0,0,0,0,0.5875948848388688
I2,modelled,treatment_effect_mean,-0.3374485596707819,25,0.92,-0.0014075019000180866,-0.004729666559218082,0.023723110381495677,0.08977438952,0.027434230775492872,0.004833929149658663,0.0028896318886638237,8.818703690534196e-4,1.0149653220850214,365.4764507685188,0,0,0,0,0,0,0.5875948848388688
I2,modelled,treatment_effect_sd,0.07626392697027408,25,0.92,0.003601956949025922,9.408755402259272e-4,0.014714496776998773,0.043856517354,0.013600006981060847,0.0029122036439901714,0.0013268834486472685,4.141982566208941e-4,1.0149653220850214,365.4764507685188,0,0,0,0,0,0,0.5875948848388688
I2,raw,baseline_control_mean,0.45,25,0.92,2.218258559999864e-4,-2.4371739500000933e-4,0.009080829812491649,0.0319563676,0.009799416948267128,0.0018530634924929829,0.0010249997237720752,3.2386653917347097e-4,1.0233894515125457,170.9219847958053,0,0,0,0,0,0,0.6024949248314693
I2,raw,baseline_difference_sd,0,25,0,0.01283154584170852,0.01162224226208315,0.013372177832058388,0.026636557346179996,0.008328225796147334,7.682927850198822e-4,0.0010260916136205689,2.988062190013615e-4,1.0233894515125457,170.9219847958053,0,0,0,0,0,0,0.6024949248314693
I2,raw,effect_multiplier[b],0.7,25,0.88,0.008445140229600048,-0.005240158569999931,0.08274470231549581,0.30174410343999997,0.09278503433519458,0.016801990665521366,0.011337748542369266,0.003720838994529714,1.0233894515125457,170.9219847958053,0,0,0,0,0,0,0.6024949248314693
I2,raw,effect_multiplier[c],0.4,25,0.96,0.033396155352599974,0.020626013529999987,0.07153030994805189,0.25594636521999997,0.07880556740352125,0.012912013219171417,0.008500238074350026,0.002744479990429456,1.0233894515125457,170.9219847958053,0,0,0,0,0,0,0.6024949248314693
I2,raw,time_trend_mean,-0.04,25,0.96,-1.3231543699998988e-5,6.327902500000149e-5,0.0033758076830903774,0.013552565002,0.004132465237776613,6.890785646869103e-4,4.065255235234544e-4,1.2269804249782034e-4,1.0233894515125457,170.9219847958053,0,0,0,0,0,0,0.6024949248314693
I2,raw,time_trend_sd,0.02,25,0.84,-6.251768568060004e-4,-3.0317766700000207e-4,0.003872368349271114,0.011731862826999999,0.003607242437896749,7.800745298300793e-4,1.861884547540763e-4,6.057125203403442e-5,1.0233894515125457,170.9219847958053,0,0,0,0,0,0,0.6024949248314693
I2,raw,treatment_effect_mean,-0.15,25,1,2.451467745199942e-4,9.328351050000017e-4,0.007654611379454514,0.03672812655999999,0.011185852894363118,0.0015616895021820783,0.0011256651846937393,3.5292003758986227e-4,1.0233894515125457,170.9219847958053,0,0,0,0,0,0,0.6024949248314693
I2,raw,treatment_effect_sd,0.03,25,0.88,0.0019633953430200014,0.0010315573010000016,0.005847779065887666,0.018023026748,0.005552597340340378,0.0011243812878356959,4.2659675578548656e-4,1.3477438829022866e-4,1.0233894515125457,170.9219847958053,0,0,0,0,0,0,0.6024949248314693
I3,modelled,baseline_difference_sd,0,25,0,0.02712842596532238,0.02866152575335,0.028371641527235168,0.025421865005399998,0.007752761160455166,0.001695564650221739,2.67885449024923e-4,6.898198462298216e-5,1.0104678138146546,367.3556907590222,0,0,0,0,0,0,0.6032424064667539
I3,modelled,beta_cov[dose],-0.08998628257887518,25,0.8,0.0010816901057431106,0.002029949783720189,0.027164754629378937,0.08198626331108,0.02512747744227695,0.005540584508084796,0.001974267011829082,6.097795106800614e-4,1.0104678138146546,367.3556907590222,0,0,0,0,0,0,0.6032424064667539
I3,modelled,effect_multiplier[b],0.6,25,0.84,0.0035760784316000247,0.0033622953249999865,0.05268313757327159,0.17249358148,0.052852022795589974,0.010729097211973198,0.0038991572705898746,0.0011403384768341642,1.0104678138146546,367.3556907590222,0,0,0,0,0,0,0.6032424064667539
I3,modelled,time_trend_mean,-0.08998628257887518,25,0.84,-0.0015895462379648146,-0.0015602245926248093,0.012052601215859556,0.033761152394,0.010314890700035193,0.002438737197351592,7.296813765077109e-4,2.1998316683109398e-4,1.0104678138146546,367.3556907590222,0,0,0,0,0,0,0.6032424064667539
I3,modelled,time_trend_sd,0.045528614603915496,25,0.92,0.0049917818348245045,0.005414727840084503,0.007970461828116024,0.027738515817999996,0.008519908529632428,0.0012683712631259745,4.5749672025980704e-4,1.413111930615319e-4,1.0104678138146546,367.3556907590222,0,0,0,0,0,0,0.6032424064667539
I3,modelled,treatment_effect_mean,-0.5624142661179699,25,0.96,0.001572143305169842,0.003970989007969883,0.02504216043266482,0.08544355893999997,0.02614679052224091,0.005101626229952453,0.0018599642799604036,5.665353402087992e-4,1.0104678138146546,367.3556907590222,0,0,0,0,0,0,0.6032424064667539
I3,modelled,treatment_effect_sd,0.07626392697027408,25,0.72,0.01757187870812592,0.018485499686725915,0.02104906206501148,0.049990572546,0.015444593704428345,0.00236548173814215,0.0010788989541884383,3.2343740674025626e-4,1.0104678138146546,367.3556907590222,0,0,0,0,0,0,0.6032424064667539
I3,raw,baseline_control_mean,0.45,25,0.92,-5.306534006000119e-4,-0.001531134550000035,0.00883021055912296,0.032436267000000005,0.009931528968667535,0.0017992015067671715,6.848570644369674e-4,2.1741258017824987e-4,1.0191560218306035,142.4834249819913,0,0,0,0,0,0,0.6299686331990451
I3,raw,baseline_difference_sd,0,25,0,0.014457713032988448,0.013082076018596499,0.015563372615890499,0.027741704015439995,0.008611946734401497,0.0011760297090352757,0.0011889376063990628,3.226246906077871e-4,1.0191560218306035,142.4834249819913,0,0,0,0,0,0,0.6299686331990451
I3,raw,beta_cov[dose],-0.04,25,0.92,1.3781592631154153e-4,8.642242824499977e-4,0.00877524701986337,0.0280852142452,0.008579169896499053,0.0017910188793681544,6.76779071326163e-4,2.061122922025215e-4,1.0191560218306035,142.4834249819913,0,0,0,0,0,0,0.6299686331990451
I3,raw,effect_multiplier[b],0.6,25,0.76,9.505851698000334e-4,0.001249398475000052,0.05347009024683865,0.13340278577999998,0.040776131448014785,0.010912811543548303,0.0032366042570143574,0.0010295346627097707,1.0191560218306035,142.4834249819913,0,0,0,0,0,0,0.6299686331990451
I3,raw,time_trend_mean,-0.04,25,0.8,-2.910946882599992e-4,-9.228410925000013e-4,0.0046626222295160025,0.014474069744000001,0.0044126529419767375,9.49897142187063e-4,3.1255399965119605e-4,9.258987208604988e-5,1.0191560218306035,142.4834249819913,0,0,0,0,0,0,0.6299686331990451
I3,raw,time_trend_sd,0.02,25,0.96,9.184821042639995e-4,6.617941339999989e-4,0.003046752605605201,0.011990589614,0.003716573070360809,5.929829980667257e-4,2.0485621800164577e-4,6.468198411948583e-5,1.0191560218306035,142.4834249819913,0,0,0,0,0,0,0.6299686331990451
I3,raw,treatment_effect_mean,-0.25,25,0.92,1.597560479999982e-4,0.0029183291450000093,0.008819786691568753,0.029215699200000004,0.00893574450118802,0.0018000360562349473,7.606948103794289e-4,2.3941330425539454e-4,1.0191560218306035,142.4834249819913,0,0,0,0,0,0,0.6299686331990451
I3,raw,treatment_effect_sd,0.03,25,0.92,8.596869881220012e-4,0.0010969982169999996,0.004737755086455353,0.017755014312,0.00546338446618702,9.510358725640358e-4,3.5078653863534023e-4,1.1167730530622767e-4,1.0191560218306035,142.4834249819913,0,0,0,0,0,0,0.6299686331990451
I4,modelled,baseline_difference_sd,0,25,0,0.020607277715469142,0.0173413630297595,0.022963384295012827,0.037012316276739995,0.011588646689844674,0.0020681828118541113,0.001423336380995752,4.0182437773255114e-4,1.0132361964186123,181.93389641776707,0,0.6,11,0.16,0.04,0,0.7540217656208852
I4,modelled,effect_multiplier[b],0.6,25,0.96,-8.724364157999864e-4,0.002726194575000007,0.055458309852210785,0.26092518894,0.08008060981436688,0.011318979242781062,0.008629178885764206,0.002675619906909713,1.0132361964186123,181.93389641776707,0,0.6,11,0.16,0.04,0,0.7540217656208852
I4,modelled,time_trend_mean,-0.08998628257887518,25,0.88,-0.005193183591749815,-0.005391349855624811,0.016298508090808433,0.054664161042,0.016832107677893844,0.003153517944088584,0.0024727332981963096,7.470646119892135e-4,1.0132361964186123,181.93389641776707,0,0.6,11,0.16,0.04,0,0.7540217656208852
I4,modelled,time_trend_sd,0.045528614603915496,25,0.84,0.004997307440795464,0.004265589185584506,0.019148463969556922,0.05259268532479999,0.01635744122113858,0.0037732092371502864,0.0023393764018732827,7.084377746990712e-4,1.0132361964186123,181.93389641776707,0,0.6,11,0.16,0.04,0,0.7540217656208852
I4,modelled,treatment_effect_mean,-0.3374485596707819,25,0.92,0.0030482677699819093,0.0036157883057819085,0.01996369451264177,0.08022093341999999,0.0245468039411453,0.004027287973917087,0.0023767077011085714,7.030900539716572e-4,1.0132361964186123,181.93389641776707,0,0.6,11,0.16,0.04,0,0.7540217656208852
I4,modelled,treatment_effect_sd,0.07626392697027408,25,0.84,2.7108541423192216e-4,5.681044502259258e-4,0.01714240100856216,0.051351995358199995,0.015780112035706288,0.003498740398560981,0.0014371443126914578,4.3274400965141014e-4,1.0132361964186123,181.93389641776707,0,0.6,11,0.16,0.04,0,0.7540217656208852
I4,raw,baseline_control_mean,0.45,25,0.92,0.005651462945599986,0.0059608576999999885,0.013677201526517049,0.04374605244,0.013332712508878143,0.0025423644520690984,0.0010143920830266175,3.2303806103199087e-4,1.0120057415282835,242.05238467687752,0,0,0,0,0,0,0.6832944280819804
I4,raw,baseline_difference_sd,0,25,0,0.01854447873433401,0.0152008874422478,0.020344443821371103,0.039379811941899996,0.012509985189802127,0.0017078093042545098,0.0019240573925647705,5.565942780292618e-4,1.0120057415282835,242.05238467687752,0,0,0,0,0,0,0.6832944280819804
I4,raw,effect_multiplier[b],0.6,25,0.96,0.009359849858000022,0.011004348245000073,0.062033614782673954,0.23872787967999998,0.07324336318946506,0.012517591910389026,0.0078120247516864335,0.0023494223851672777,1.0120057415282835,242.05238467687752,0,0,0,0,0,0,0.6832944280819804
I4,raw,time_trend_mean,-0.04,25,0.96,-9.093469736625992e-4,-8.32875106999996e-4,0.0062274818666048365,0.02188560999,0.006669113507375501,0.0012575541486085655,8.345556190189303e-4,2.5180097499688026e-4,1.0120057415282835,242.05238467687752,0,0,0,0,0,0,0.6832944280819804
I4,raw,time_trend_sd,0.02,25,0.84,4.0074682410075736e-4,7.486661472499989e-4,0.007490321710126383,0.021025410532299997,0.006470172239187744,0.0015267656623311552,6.813965769353146e-4,2.0453685100070757e-4,1.0120057415282835,242.05238467687752,0,0,0,0,0,0,0.6832944280819804
I4,raw,treatment_effect_mean,-0.15,25,0.92,4.596488971199941e-4,0.0011000882299999903,0.007942016138825265,0.031343884339999996,0.009604778293842839,0.001618439876866213,8.632489295989931e-4,2.72532547552569e-4,1.0120057415282835,242.05238467687752,0,0,0,0,0,0,0.6832944280819804
I4,raw,treatment_effect_sd,0.03,25,0.84,-5.201527007360188e-4,-4.822033064999995e-4,0.00766053762015241,0.0211920490806,0.006530678336982283,0.0015600918482267768,4.8516934207381326e-4,1.3546460628093704e-4,1.0120057415282835,242.05238467687752,0,0,0,0,0,0,0.6832944280819804
I5,with_modelled,baseline_difference_sd,0,25,0,0.024620919594913554,0.0245608741876,0.02541395308106666,0.0249855888896,0.007574636075721552,0.0012858092378514542,3.6112639624315854e-4,9.379521455974423e-5,1.009061048348793,392.7212523202479,0,0,0,0,0,0,0.5759841672291144
I5,with_modelled,effect_multiplier[b],0.6,25,0.92,-0.003650254703999989,-0.005355391980000013,0.06029310716677776,0.24805190571999997,0.07597330759298482,0.012284703246348814,0.006884492830295195,0.0021432476898542527,1.009061048348793,392.7212523202479,0,0,0,0,0,0,0.5759841672291144
I5,with_modelled,time_trend_mean,-0.08998628257887518,25,0.92,0.002348457476655184,0.0021446218368751796,0.009173935551206786,0.033020158839999994,0.01005199335242958,0.0018102237543330354,8.846021429428924e-4,2.7887245246428614e-4,1.009061048348793,392.7212523202479,0,0,0,0,0,0,0.5759841672291144
I5,with_modelled,time_trend_sd,0.045528614603915496,25,0.84,0.003837785855164504,0.004538217749584503,0.008784410697953663,0.027440169462,0.008420741618314478,0.0016129330302307194,6.479011223793756e-4,1.992616114644798e-4,1.009061048348793,392.7212523202479,0,0,0,0,0,0,0.5759841672291144
I5,with_modelled,treatment_effect_mean,-0.3374485596707819,25,0.92,-0.0027098592566180833,-0.0026187910392180824,0.020836885428052492,0.07213346572,0.02212113451938131,0.004217189314535154,0.0022735288010696216,6.981894381578897e-4,1.009061048348793,392.7212523202479,0,0,0,0,0,0,0.5759841672291144
I5,with_modelled,treatment_effect_sd,0.07626392697027408,25,0.84,0.0022754836874659206,7.938610217259195e-4,0.015404690106346553,0.042742107403999995,0.013150284386224367,0.0031099748877646896,0.0013138271070910247,4.0238858028276167e-4,1.009061048348793,392.7212523202479,0,0,0,0,0,0,0.5759841672291144
I5,with_raw,baseline_control_mean,0.45,25,0.92,-0.00137940251460001,-0.004002568099999992,0.010159301707506688,0.03091514808,0.009432122381637478,0.0020545544923298202,8.615845632403586e-4,2.6749404265222676e-4,1.0238009638839414,119.86641050448713,0,0,0,0,0,0,0.6125078220396636
I5,with_raw,baseline_difference_sd,0,25,0,0.013983065111039396,0.012322245581149,0.014800850651666208,0.027370699934179996,0.008579699621525048,9.90350739918288e-4,9.163985512567281e-4,2.514809066903852e-4,1.0238009638839414,119.86641050448713,0,0,0,0,0,0,0.6125078220396636
I5,with_raw,effect_multiplier[b],0.6,25,0.92,-0.011718805982999968,0.00391855542499997,0.05452787596864521,0.22022176646,0.06714632177553792,0.010870370363179827,0.006175866148154102,0.0018996036594292817,1.0238009638839414,119.86641050448713,0,0,0,0,0,0,0.6125078220396636
I5,with_raw,time_trend_mean,-0.04,25,0.88,0.0011750033379000007,4.7777137050000057e-4,0.003851383221580007,0.014284719611999997,0.004366362710413212,7.486799459546518e-4,3.7271264834223215e-4,1.1103401562601897e-4,1.0238009638839414,119.86641050448713,0,0,0,0,0,0,0.6125078220396636
I5,with_raw,time_trend_sd,0.02,25,0.84,7.193101623299993e-4,2.1348115149999805e-4,0.0034187026549507183,0.011986620827399999,0.003695388514666514,6.822182181841295e-4,2.080606267680349e-4,6.700320245265915e-5,1.0238009638839414,119.86641050448713,0,0,0,0,0,0,0.6125078220396636
I5,with_raw,treatment_effect_mean,-0.15,25,0.92,-0.0020057548386400036,-8.988429500000061e-4,0.008197391868765813,0.029247067059999996,0.008883113572452481,0.0016224233543450275,8.125777179623194e-4,2.5032819153137737e-4,1.0238009638839414,119.86641050448713,0,0,0,0,0,0,0.6125078220396636
I5,with_raw,treatment_effect_sd,0.03,25,1,5.524619949020012e-4,4.000039670000004e-4,0.004692935975806313,0.017167492665999998,0.005289921418640735,9.512805802619885e-4,3.643032143014105e-4,1.1012948273893932e-4,1.0238009638839414,119.86641050448713,0,0,0,0,0,0,0.6125078220396636
I5,without_modelled,baseline_difference_sd,0,25,0,0.024900112810809453,0.0250076060467,0.025653285407475968,0.025309104315199997,0.007688280703196431,0.0012595540580959334,3.7851214273469034e-4,9.990880351719671e-5,1.016206014169755,254.69552134458834,0,0,0,0,0,0,0.5903347530781397
I5,without_modelled,time_trend_mean,-0.08998628257887518,25,0.92,0.0027917053321351824,0.0022513410183751803,0.009251217772620895,0.033272043916,0.010128403347313653,0.0018003635236504404,8.798904451175324e-4,2.7029946925923867e-4,1.016206014169755,254.69552134458834,0,0,0,0,0,0,0.5903347530781397
I5,without_modelled,time_trend_sd,0.045528614603915496,25,0.88,0.004003073602964503,0.005355615872584506,0.008818420553188313,0.027574201641999998,0.008524840487496453,0.001603900750022463,6.288762064997238e-4,1.9235260334244585e-4,1.016206014169755,254.69552134458834,0,0,0,0,0,0,0.5903347530781397
I5,without_modelled,treatment_effect_mean,-0.3374485596707819,25,0.04,0.06549507365538192,0.0670542618907819,0.06716499068820861,0.06822342848,0.02089419477212618,0.0030381690005608026,0.0021165639130775763,6.488389794540714e-4,1.016206014169755,254.69552134458834,0,0,0,0,0,0,0.5903347530781397
I5,without_modelled,treatment_effect_sd,0.07626392697027408,25,0.28,0.03182749102944592,0.03301017995772593,0.036335876273038824,0.053315659032,0.01647054371528282,0.0035783301465215876,0.0015800206608993328,4.969934983575922e-4,1.016206014169755,254.69552134458834,0,0,0,0,0,0,0.5903347530781397
I5,without_raw,baseline_control_mean,0.45,25,0.92,-0.0012279096460000095,-0.003313029625000019,0.010090200598247964,0.031179483859999982,0.009504023929265124,0.0020443457186239285,9.25493834604573e-4,2.809523383559426e-4,1.0239992265630011,158.0497514366703,0,0,0,0,0,0,0.6265244646326862
I5,without_raw,baseline_difference_sd,0,25,0,0.013721017887346136,0.012471717672359,0.014531635691900068,0.0274402125768,0.00856837378391686,9.768594238944036e-4,9.037915899091529e-4,2.4862075646592626e-4,1.0239992265630011,158.0497514366703,0,0,0,0,0,0,0.6265244646326862
I5,without_raw,time_trend_mean,-0.04,25,0.88,0.0011776431612600003,5.233388339999992e-4,0.0038128608023889556,0.014225755325999997,0.004343259164172808,7.402438810715162e-4,3.438909352712042e-4,1.0719895823591303e-4,1.0239992265630011,158.0497514366703,0,0,0,0,0,0,0.6265244646326862
I5,without_raw,time_trend_sd,0.02,25,0.92,7.963633155879994e-4,3.4257973349999943e-4,0.0033874242527002223,0.012095381944399998,0.0037344150796255865,6.720754092537826e-4,2.305802980698251e-4,7.008142088182685e-5,1.0239992265630011,158.0497514366703,0,0,0,0,0,0,0.6265244646326862
I5,without_raw,treatment_effect_mean,-0.15,25,0,0.029258788141739996,0.02941516645549999,0.029820012197185743,0.028708854408,0.00877691504124608,0.0011753801498005066,6.000121036133971e-4,1.831442853304923e-4,1.0239992265630011,158.0497514366703,0,0,0,0,0,0,0.6265244646326862
I5,without_raw,treatment_effect_sd,0.03,25,0.12,0.015282456306160002,0.0152518443695,0.016188265567166262,0.022360495634,0.0068892471432846205,0.0010898484474804134,4.2607012618220636e-4,1.2883991797936082e-4,1.0239992265630011,158.0497514366703,0,0,0,0,0,0,0.6265244646326862
I6,with_modelled,baseline_difference_sd,0,25,0,0.028525850580138304,0.0287326406305,0.029066414397737907,0.024615556159199997,0.007482321392474073,0.0011389376376812863,2.57096321212615e-4,6.783097424809995e-5,1.0114159991166705,326.66593178578194,0,0,0,0,0,0,0.6035537840583547
I6,with_modelled,effect_multiplier[b],1,25,0.8,0.002494850113200009,0.005880620419999927,0.1033521567143957,0.3288965908,0.10051521815379633,0.021090523168425742,0.010624368995976158,0.003232871806824901,1.0114159991166705,326.66593178578194,0,0,0,0,0,0,0.6035537840583547
I6,with_modelled,time_trend_mean,-0.08998628257887518,25,0.92,-1.7231713120481495e-4,2.3969718487518166e-4,0.008711925322963577,0.032386660432,0.009863772006494072,0.0017779664137152515,0.0010183749199917458,3.087944547291211e-4,1.0114159991166705,326.66593178578194,0,0,0,0,0,0,0.6035537840583547
I6,with_modelled,time_trend_sd,0.045528614603915496,25,0.84,0.0017003071797245042,0.0022182489765845068,0.009100009079198033,0.026407309218,0.00818793492752006,0.0018248187208604212,6.628344820453359e-4,2.171965032872328e-4,1.0114159991166705,326.66593178578194,0,0,0,0,0,0,0.6035537840583547
I6,with_modelled,treatment_effect_mean,-0.3374485596707819,25,0.8,0.003121622579781911,0.005985679490781937,0.023573184517977925,0.07787841338,0.023733216142055636,0.004769479796878752,0.002293014815432132,6.851657297538281e-4,1.0114159991166705,326.66593178578194,0,0,0,0,0,0,0.6035537840583547
I6,with_modelled,treatment_effect_sd,0.07626392697027408,25,0.88,0.007465237221625922,0.00769343224472592,0.014756194842312276,0.04429394453,0.01374397626610696,0.0025982006550137595,0.0011201557164880953,3.5900381225332053e-4,1.0114159991166705,326.66593178578194,0,0,0,0,0,0,0.6035537840583547
I6,with_raw,baseline_control_mean,0.45,25,0.92,0.0036036331905999887,0.004695231179999981,0.00867935405886718,0.030840666319999988,0.00946665469260093,0.0016117409674373383,7.544150193075415e-4,2.369444336169421e-4,1.026251499855773,124.54543171854473,0,0,0,0,0,0,0.6024174808263345
I6,with_raw,baseline_difference_sd,0,25,0,0.015653632174887015,0.0148438536576733,0.01639224346708546,0.029360473477219998,0.009098053032942902,9.930895733674607e-4,8.363880510464333e-4,2.286988394873003e-4,1.026251499855773,124.54543171854473,0,0,0,0,0,0,0.6024174808263345
I6,with_raw,effect_multiplier[b],1,25,0.92,0.008392009894400006,0.005628334909999921,0.08265378432747794,0.28332023077999996,0.08668372513773304,0.016784444973428934,0.006180699347724345,0.0018702841774204293,1.026251499855773,124.54543171854473,0,0,0,0,0,0,0.6024174808263345
I6,with_raw,time_trend_mean,-0.04,25,0.92,-6.016932919199988e-4,-3.1306556050000184e-4,0.0038734292363877833,0.014013431121999998,0.004275383455835646,7.810628237579581e-4,4.1264056816729e-4,1.2488068777557487e-4,1.026251499855773,124.54543171854473,0,0,0,0,0,0,0.6024174808263345
I6,with_raw,time_trend_sd,0.02,25,0.92,-5.158201502600053e-5,-2.167712300000027e-5,0.0037311196324526503,0.0118750316422,0.00364486295005097,7.615388206180369e-4,2.454107733790245e-4,7.600291348644929e-5,1.026251499855773,124.54543171854473,0,0,0,0,0,0,0.6024174808263345
I6,with_raw,treatment_effect_mean,-0.15,25,0.92,8.463631402799943e-4,5.077046649999972e-4,0.007298900867031263,0.02955131914,0.009010902218285504,0.00147983139948336,4.914953176601402e-4,1.5219972985698745e-4,1.026251499855773,124.54543171854473,0,0,0,0,0,0,0.6024174808263345
I6,with_raw,treatment_effect_sd,0.03,25,1,0.0015508205107800013,0.0019672468675000013,0.003714547538754249,0.017424976103999998,0.005390309507822529,6.889853397390889e-4,2.510866557581035e-4,7.472447297305212e-5,1.026251499855773,124.54543171854473,0,0,0,0,0,0,0.6024174808263345
I6,without_modelled,baseline_difference_sd,0,25,0,0.0285476922243869,0.02856290945115,0.029076668343751534,0.024691259411599997,0.007542282870194178,0.0011269780875236336,2.7134151210133256e-4,7.970240677722615e-5,1.0156623135763545,334.48409388672127,0,0,0,0,0,0,0.591572101580008
I6,without_modelled,time_trend_mean,-0.08998628257887518,25,0.92,-3.4268464500481486e-4,-4.985399806248098e-4,0.008705923349694685,0.032136820988,0.009773914804741768,0.0017757119300536553,0.001010466824318659,3.0782390443438365e-4,1.0156623135763545,334.48409388672127,0,0,0,0,0,0,0.591572101580008
I6,without_modelled,time_trend_sd,0.045528614603915496,25,0.84,0.0017273787745445037,0.002047234839584501,0.009057631592413254,0.026425554429999998,0.00812757346204386,0.0018149478026600811,5.965151752351628e-4,1.8326955625090933e-4,1.0156623135763545,334.48409388672127,0,0,0,0,0,0,0.591572101580008
I6,without_modelled,treatment_effect_mean,-0.3374485596707819,25,0.92,0.00401575729798191,0.007117109385781917,0.012851235919597068,0.05524266256,0.01688180209426241,0.0024918864840454955,0.0015107959305722886,4.5995369162157694e-4,1.0156623135763545,334.48409388672127,0,0,0,0,0,0,0.591572101580008
I6,without_modelled,treatment_effect_sd,0.07626392697027408,25,0.88,0.00801043515696592,0.00809397828872592,0.014946477785615081,0.044085212142,0.013617638512039416,0.00257576951925641,9.798090958072188e-4,2.942002955244415e-4,1.0156623135763545,334.48409388672127,0,0,0,0,0,0,0.591572101580008
I6,without_raw,baseline_control_mean,0.45,25,0.92,0.00346605405699999,0.00450178365499998,0.008583504879641494,0.03089054192,0.009459377429117384,0.0016029013446037892,7.953546207428587e-4,2.473859781699324e-4,1.0375054294657926,136.05904746631765,0,0,0,0,0,0,0.5722436905772332
I6,without_raw,baseline_difference_sd,0,25,0,0.015708440383159866,0.0150995448141185,0.016444147362302642,0.029377930095519998,0.009096519628240225,9.927840316050055e-4,8.619153675847186e-4,2.3626149946695687e-4,1.0375054294657926,136.05904746631765,0,0,0,0,0,0,0.5722436905772332
I6,without_raw,time_trend_mean,-0.04,25,0.92,-5.490574352999991e-4,-3.0125631399999936e-4,0.003933739116033491,0.013893175693999999,0.004245286707199169,7.951110867292311e-4,3.905050610180934e-4,1.2087249921544901e-4,1.0375054294657926,136.05904746631765,0,0,0,0,0,0,0.5722436905772332
I6,without_raw,time_trend_sd,0.02,25,0.96,-7.91428699000004e-5,-2.2451477900000544e-5,0.0037723839649085296,0.0117197121004,0.003609997491478407,7.698651717682722e-4,2.3169623173263914e-4,7.245617275028437e-5,1.0375054294657926,136.05904746631765,0,0,0,0,0,0,0.5722436905772332
I6,without_raw,treatment_effect_mean,-0.15,25,1,3.722212631999955e-4,0.001333916759999998,0.00462275579916125,0.0208866377,0.0064028923123691465,9.405521983986493e-4,3.5372780651053313e-4,1.1200312361671812e-4,1.0375054294657926,136.05904746631765,0,0,0,0,0,0,0.5722436905772332
I6,without_raw,treatment_effect_sd,0.03,25,0.96,0.0015045398956200012,0.0022252406575000022,0.003705588024725871,0.017211479446,0.005314284722022048,6.912471311417122e-4,2.8544911275319633e-4,8.62852761127268e-5,1.0375054294657926,136.05904746631765,0,0,0,0,0,0,0.5722436905772332
I7,modelled,baseline_difference_sd,0,15,0,0.024076808527855462,0.02653004020981875,0.025499828963179514,0.030947173617666662,0.00949597191493159,0.0022448125639921057,7.604414073743783e-4,2.3872083782159497e-4,1.008971835853481,401.21021001914966,0,0,0,0,0,0,0.7147283373823496
I7,modelled,effect_multiplier[b],0.6,15,0.9333333333333333,-0.04137287116866664,-0.050430320199999934,0.08570790763755795,0.30210492386666665,0.09238122324292665,0.020060855562991815,0.017130402330445795,0.005237195831836721,1.008971835853481,401.21021001914966,0,0,0,0,0,0,0.7147283373823496
I7,modelled,time_trend_mean,-0.08998628257887518,15,0.9333333333333333,4.0039056326852024e-4,-0.0011291704106248107,0.0083063350669258,0.04265452831,0.013121605622237317,0.0022173808494464612,0.001738419954468822,5.351396942098826e-4,1.008971835853481,401.21021001914966,0,0,0,0,0,0,0.7147283373823496
I7,modelled,time_trend_sd,0.045528614603915496,15,0.9333333333333333,0.006829228529204504,0.006925196779584503,0.012051172623763852,0.03620142865,0.011267601729781168,0.002653735901700719,0.0011994419469753999,3.6283408438920366e-4,1.008971835853481,401.21021001914966,0,0,0,0,0,0,0.7147283373823496
I7,modelled,treatment_effect_mean,-0.3374485596707819,15,0.7333333333333333,-0.010095260040884757,-0.004821760084218085,0.03271050779918175,0.09220037620000002,0.028303748021978437,0.00831548918407796,0.004207567266590664,0.0013103745539392113,1.008971835853481,401.21021001914966,0,0,0,0,0,0,0.7147283373823496
I7,modelled,treatment_effect_sd,0.07626392697027408,15,0.8666666666666667,0.0057487869366259214,0.0014062988657259218,0.01733290512546487,0.056805840293333326,0.01773369110701461,0.004370199806200803,0.0022759176925410633,7.398475754706156e-4,1.008971835853481,401.21021001914966,0,0,0,0,0,0,0.7147283373823496
I8,modelled,baseline_difference_sd,0,25,0,0.023315576470186866,0.02384709962447,0.024420353479096463,0.024751788644979997,0.007546515764135382,0.0014823623869082432,3.4213835154907e-4,9.411482998654476e-5,1.0185205300195819,478.8326129029766,0,0,0,0,0,0,0.5518039676446543
I8,modelled,effect_multiplier[level2:b],1.4,25,0.92,-0.005312164091199909,-0.030539007869999857,0.1317247306141409,0.467490768,0.14413154042214196,0.02686632462150662,0.018156011378087627,0.005655476083255837,1.0185205300195819,478.8326129029766,0,0,0,0,0,0,0.5518039676446543
I8,modelled,effect_multiplier[level:b],0.6,25,0.8,-0.011521788306999984,-0.016316169519999923,0.07706942716705356,0.21690258776,0.06637171780062937,0.015554936245002812,0.006270532575306516,0.0019405038473431532,1.0185205300195819,478.8326129029766,0,0,0,0,0,0,0.5518039676446543
I8,modelled,time_trend_mean,-0.08998628257887518,25,0.92,0.0020012367993351853,0.003498109102375191,0.010953064011626018,0.03319919760599999,0.010122677223488207,0.0021981494349012807,0.0010212096028375862,3.0531460840531717e-4,1.0185205300195819,478.8326129029766,0,0,0,0,0,0,0.5518039676446543
I8,modelled,time_trend_sd,0.045528614603915496,25,0.8,0.003840864132204504,0.003980293302584502,0.009989070353890697,0.027213696307999996,0.008432000138315361,0.0018822558413258074,7.204454305766088e-4,2.2893000987898692e-4,1.0185205300195819,478.8326129029766,0,0,0,0,0,0,0.5518039676446543
I8,modelled,treatment_effect_mean,-0.3374485596707819,25,0.92,-2.3297670461808418e-4,-0.006047368264218089,0.025843460539806136,0.09435150398,0.028844757329696234,0.005275059930653325,0.00279912620145315,8.369685830199368e-4,1.0185205300195819,478.8326129029766,0,0,0,0,0,0,0.5518039676446543
I8,modelled,treatment_effect_sd,0.07626392697027408,25,0.88,0.006155592662165922,0.005224625182225925,0.014484757270476448,0.045098249038,0.01387080218730203,0.002676416075044117,0.0012030216888500307,3.6780274082402525e-4,1.0185205300195819,478.8326129029766,0,0,0,0,0,0,0.5518039676446543
I8,raw,baseline_control_mean,0.45,25,0.88,0.0024898996013999917,0.0024294575100000104,0.010721380688156746,0.030318478419999996,0.009284654312917076,0.0021286576740139995,6.943915787177704e-4,2.0993144019519627e-4,1.018140942476056,148.92792923523703,0,0,0,0,0,0,0.6284477441964602
I8,raw,baseline_difference_sd,0,25,0,0.012554941679900442,0.0110024417261723,0.013484824229943614,0.02560309230302,0.008062790448039342,0.0010044468611872296,9.691259303880276e-4,2.812083433379714e-4,1.018140942476056,148.92792923523703,0,0,0,0,0,0,0.6284477441964602
I8,raw,effect_multiplier[level2:b],1.4,25,0.88,-0.011362789402999934,-0.012183680149999931,0.11229937214482218,0.4188027784,0.12822907962256486,0.022805368521015997,0.01580612431299374,0.0047812674712258835,1.018140942476056,148.92792923523703,0,0,0,0,0,0,0.6284477441964602
I8,raw,effect_multiplier[level:b],0.6,25,0.8,-0.01608166371839998,-0.014357953565000026,0.06378185758972124,0.19604019965999997,0.05994806886583874,0.012598785407139748,0.005850310442705989,0.0018497953983162014,1.018140942476056,148.92792923523703,0,0,0,0,0,0,0.6284477441964602
I8,raw,time_trend_mean,-0.04,25,0.92,5.148700543000004e-4,2.9141810149999753e-4,0.0042914580917162186,0.014684383914000001,0.004467534450404598,8.696628029525229e-4,4.453379268590502e-4,1.3296235222301142e-4,1.018140942476056,148.92792923523703,0,0,0,0,0,0,0.6284477441964602
I8,raw,time_trend_sd,0.02,25,0.84,0.0011763972973719997,4.184710310000013e-4,0.003961244887993164,0.012107807988799998,0.003725194188088633,7.721061687949135e-4,2.703780511437425e-4,8.313312264091249e-5,1.018140942476056,148.92792923523703,0,0,0,0,0,0,0.6284477441964602
I8,raw,treatment_effect_mean,-0.15,25,0.96,-0.0019131008250800063,-0.0025906179000000085,0.01013570593072708,0.03796475406000001,0.011615126666749038,0.0020317539625823123,9.573485837182953e-4,2.889779164495709e-4,1.018140942476056,148.92792923523703,0,0,0,0,0,0,0.6284477441964602
I8,raw,treatment_effect_sd,0.03,25,0.88,0.002685199940620001,0.0015361922915000034,0.005431357842948717,0.018173565157999998,0.005637323336585076,9.637026965705175e-4,3.737308310344619e-4,1.1562612648777432e-4,1.018140942476056,148.92792923523703,0,0,0,0,0,0,0.6284477441964602
I9,modelled,baseline_difference_sd,0,25,0,0.02630789588990456,0.0271078235505,0.027417583972059408,0.025048736830639996,0.007614671259989525,0.0015761044369857979,3.806385697638065e-4,9.844888546431982e-5,1.007396219205369,296.71164692259657,0,0,0,0,0,0,0.5925695151671421
I9,modelled,effect_multiplier[level2:b],0.7,25,0.8,0.02810578505060005,0.003577970769999994,0.1278118550165537,0.39555749362,0.12188740101307129,0.02545088008421157,0.015519844791227876,0.005011061393901836,1.007396219205369,296.71164692259657,0,0,0,0,0,0,0.5925695151671421
I9,modelled,effect_multiplier[level2:c],0.4,25,0.88,0.04248752740541997,0.022434763604999963,0.09289267311565844,0.32700503142,0.10074960478051195,0.016862011956794896,0.012108999609957781,0.003605992697678248,1.007396219205369,296.71164692259657,0,0,0,0,0,0,0.5925695151671421
I9,modelled,effect_multiplier[level:b],0.6,25,0.92,0.013370205002600022,0.019752785880000068,0.08358272281257968,0.32845100252,0.10110067403277877,0.016841552248027518,0.010753579809621173,0.0033598541205029212,1.007396219205369,296.71164692259657,0,0,0,0,0,0,0.5925695151671421
I9,modelled,time_trend_mean,-0.08998628257887518,25,0.84,-0.0042192710647688154,-0.006411249297124819,0.011979378076461291,0.03555991859799999,0.010814116388001583,0.0022885880907669363,8.592569131869541e-4,2.567451639056543e-4,1.007396219205369,296.71164692259657,0,0,0,0,0,0,0.5925695151671421
I9,modelled,time_trend_sd,0.045528614603915496,25,0.76,0.008160916081824504,0.007577980479584502,0.01085142087462373,0.028780436637999996,0.008859736035054817,0.0014599198565851397,5.543905353823278e-4,1.6618926140147443e-4,1.007396219205369,296.71164692259657,0,0,0,0,0,0,0.5925695151671421
I9,modelled,treatment_effect_mean,-0.3374485596707819,25,0.92,0.008176055832581906,0.0031480307357819037,0.03721777735248195,0.11650844044,0.03572981195159961,0.00741146370519296,0.003419855316233119,0.0010747568322098126,1.007396219205369,296.71164692259657,0,0,0,0,0,0,0.5925695151671421
I9,modelled,treatment_effect_sd,0.07626392697027408,25,0.88,-5.439707201140789e-4,-0.0012733437637740819,0.012470084052358419,0.043894171515999995,0.01353048309456572,0.002543022251578345,0.0011510992281118996,3.52780452594099e-4,1.007396219205369,296.71164692259657,0,0,0,0,0,0,0.5925695151671421
I9,raw,baseline_control_mean,0.45,25,0.92,-0.00567167941140001,-0.005038420074999994,0.009783041187166762,0.031915918360000003,0.009807097694197232,0.0016271133376333283,9.89890604890208e-4,3.006593912414418e-4,1.0133593524358688,153.88853802437222,0,0,0,0,0,0,0.6373605428713627
I9,raw,baseline_difference_sd,0,25,0,0.014258518938206127,0.0135176232644866,0.014811285924119053,0.0285084243286,0.00890902266930831,8.182508889603175e-4,0.0010092495955620546,2.8309367569203276e-4,1.0133593524358688,153.88853802437222,0,0,0,0,0,0,0.6373605428713627
I9,raw,effect_multiplier[level2:b],0.7,25,0.76,0.03570920452380004,0.026738716970000076,0.1321686736235911,0.36811230819999996,0.11309682998810217,0.025975478019099062,0.01737751108792326,0.005375191811172072,1.0133593524358688,153.88853802437222,0,0,0,0,0,0,0.6373605428713627
I9,raw,effect_multiplier[level2:c],0.4,25,0.92,0.03766823571343998,0.01806403058,0.08096369764043991,0.30440968137999996,0.09402940735893568,0.014629058345534554,0.012973153828159825,0.004059895201597737,1.0133593524358688,153.88853802437222,0,0,0,0,0,0,0.6373605428713627
I9,raw,effect_multiplier[level:b],0.6,25,0.92,0.011389541560200025,0.006278805575000046,0.073864246898546,0.30482623026,0.09321639979428756,0.014897154807962823,0.0109215925126476,0.003321612431720125,1.0133593524358688,153.88853802437222,0,0,0,0,0,0,0.6373605428713627
I9,raw,time_trend_mean,-0.04,25,0.88,-0.0013426524650399986,-0.0021713854939999985,0.0049164807446850246,0.015051098848,0.004619478115653603,9.654245022911905e-4,3.8953462536452023e-4,1.1879508128080876e-4,1.0133593524358688,153.88853802437222,0,0,0,0,0,0,0.6373605428713627
I9,raw,time_trend_sd,0.02,25,0.84,0.002369482823014,0.0018654196304999995,0.00406095686631729,0.012549194473999999,0.003839408623425814,6.732050771474701e-4,2.2114944506336845e-4,7.024400713750265e-5,1.0133593524358688,153.88853802437222,0,0,0,0,0,0,0.6373605428713627
I9,raw,treatment_effect_mean,-0.15,25,0.8,0.005931290634939993,0.0034336496524999816,0.016852627748071634,0.046478026139999996,0.014174632393347377,0.003219930469092378,0.001508510521414034,4.593281760136757e-4,1.0133593524358688,153.88853802437222,0,0,0,0,0,0,0.6373605428713627
I9,raw,treatment_effect_sd,0.03,25,0.88,-7.574218665998972e-6,1.8064623250000147e-4,0.005772983744691784,0.017741581502,0.005465314229134401,0.0011784043580849624,3.9995685332773424e-4,1.2304818748643675e-4,1.0133593524358688,153.88853802437222,0,0,0,0,0,0,0.6373605428713627
J1,full,baseline_difference_sd,0,15,0,0.026837861668820965,0.0236689960007125,0.02850753093676017,0.05809703858406666,0.019276562865505522,0.0025691646940976245,0.003442332668699644,0.0010830797812838265,1.1070625132049454,13.849929280736779,0.06666666666666667,16.133333333333333,158,0.4666666666666667,0.26666666666666666,0,0.6552298653033759
J1,full,time_trend_mean,0,15,0.8,-0.0022904145560885335,-0.0015851854663985,0.019316985704919333,0.06423369997216666,0.01967074316477498,0.005126262477849555,0.003085016888400582,9.17008227846616e-4,1.1070625132049454,13.849929280736779,0.06666666666666667,16.133333333333333,158,0.4666666666666667,0.26666666666666666,0,0.6552298653033759
J1,full,time_trend_sd,0.022222222222222223,15,0.9333333333333333,0.015037509701511952,0.017015493317427775,0.017987049717242132,0.061783290294999994,0.01909006995004476,0.002637737931143087,0.0040541084559381465,0.0012834221117303739,1.1070625132049454,13.849929280736779,0.06666666666666667,16.133333333333333,158,0.4666666666666667,0.26666666666666666,0,0.6552298653033759
J1,full,treatment_effect_mean,-0.3374485596707819,15,0.8666666666666667,0.009019924131115242,0.010400850055781896,0.025031480572523124,0.07855202536666665,0.023895341941573417,0.006240512732606464,0.0026035369610986755,8.393331097731431e-4,1.1070625132049454,13.849929280736779,0.06666666666666667,16.133333333333333,158,0.4666666666666667,0.26666666666666666,0,0.6552298653033759
J1,full,treatment_effect_sd,0.07626392697027408,15,0.9333333333333333,-5.410736815797456e-4,0.0022580176257259166,0.013402291949282226,0.05664486197666666,0.01720539925764659,0.0035789929625614047,0.003808641765257502,0.0011086049130004723,1.1070625132049454,13.849929280736779,0.06666666666666667,16.133333333333333,158,0.4666666666666667,0.26666666666666666,0,0.6552298653033759
J1,naive,baseline_difference_sd,0,15,0,0.02654765247155705,0.0247019673287605,0.028143370980916585,0.057751627991233324,0.019631330352190907,0.0024967332716819167,0.0033380117138428586,0.0012604995345321173,1.0819474003440697,18.283836059483587,0.06666666666666667,11.666666666666666,96,0.8666666666666667,0.13333333333333333,0,0.5924541540593279
J1,naive,time_trend_mean,0,15,1,-0.0018244803291856166,-0.00204204860664595,0.016350314106048147,0.08380001615333332,0.025604229811490176,0.0043425144369761805,0.004179237769014906,0.0011839019326678546,1.0819474003440697,18.283836059483587,0.06666666666666667,11.666666666666666,96,0.8666666666666667,0.13333333333333333,0,0.5924541540593279
J1,naive,time_trend_sd,0.022222222222222223,15,1,0.02377203046069147,0.02322441057658278,0.026797132559814484,0.10239682311733332,0.03404145665107577,0.0033055892191886397,0.00594356714287387,0.0013842438408864408,1.0819474003440697,18.283836059483587,0.06666666666666667,11.666666666666666,96,0.8666666666666667,0.13333333333333333,0,0.5924541540593279
J1,naive,treatment_effect_mean,-0.3374485596707819,15,1,0.0065385185244485776,0.011719945285781908,0.014208672708437259,0.053912880366666666,0.016569174279757577,0.0033714574597529415,0.0020247248757011027,6.402824842862657e-4,1.0819474003440697,18.283836059483587,0.06666666666666667,11.666666666666666,96,0.8666666666666667,0.13333333333333333,0,0.5924541540593279
J1,naive,treatment_effect_sd,0.07626392697027408,15,0.7333333333333333,0.009691301640459253,0.013001356262725916,0.016967647596146846,0.04264908320333333,0.01325536189113141,0.003722323942499398,0.0014751390720066698,4.5436854285529004e-4,1.0819474003440697,18.283836059483587,0.06666666666666667,11.666666666666666,96,0.8666666666666667,0.13333333333333333,0,0.5924541540593279
J2,full,baseline_difference_sd,0,15,0,0.026939713140178064,0.027343987685756,0.028436370827146718,0.05840371713376666,0.01972518199211772,0.002433090946334935,0.0030972487282761147,9.797138566200226e-4,1.0271311727661816,96.60447394664746,0,9.2,42,0.5333333333333333,0.26666666666666666,0,0.7074966168108406
J2,full,time_trend_mean,-0.05624142661179699,15,1,-0.0034847178440418087,-0.0011213287831530055,0.009080014131115133,0.062343260894999995,0.019235400063976615,0.002240908587551473,0.0042170883669878255,0.0012661696256129607,1.0271311727661816,96.60447394664746,0,9.2,42,0.5333333333333333,0.26666666666666666,0,0.7074966168108406
J2,full,time_trend_sd,0.02306363171885112,15,0.8666666666666667,0.012560277041076465,0.011591173237063879,0.019882880183863732,0.06264574946036666,0.019635850861403414,0.004119365112813316,0.004203027873297426,0.0013592234026287894,1.0271311727661816,96.60447394664746,0,9.2,42,0.5333333333333333,0.26666666666666666,0,0.7074966168108406
J2,full,treatment_effect_mean,-0.3374485596707819,15,1,0.004016814208115245,0.002535788365781888,0.016891005376463184,0.07997152869999999,0.024327307235847695,0.004384805470886217,0.003343722392001802,0.0010331930537783322,1.0271311727661816,96.60447394664746,0,9.2,42,0.5333333333333333,0.26666666666666666,0,0.7074966168108406
J2,full,treatment_effect_sd,0.07626392697027408,15,1,0.006668043181682254,0.0067776780615259186,0.013082596817228627,0.05935387993,0.01798203068935648,0.0030082213493000123,0.004463293963851523,0.001293207862039798,1.0271311727661816,96.60447394664746,0,9.2,42,0.5333333333333333,0.26666666666666666,0,0.7074966168108406
J2,naive,baseline_difference_sd,0,15,0,0.026801772494198794,0.0245997235469065,0.02829802851015484,0.05824315152296666,0.01934261142187426,0.0024266880535699148,0.003040988998332589,8.706689748193354e-4,1.0241590847323077,134.98170760123796,0,1.7333333333333334,6,0.6666666666666666,0,0,0.6266610889372393
J2,naive,time_trend_mean,-0.05624142661179699,15,1,-7.447641613637183e-5,-0.001885384054368007,0.009001465868843244,0.07382130216899999,0.023011762814510856,0.0024056606020471994,0.006710316087746937,0.0021030081248142193,1.0241590847323077,134.98170760123796,0,1.7333333333333334,6,0.6666666666666666,0,0,0.6266610889372393
J2,naive,time_trend_sd,0.02306363171885112,15,0.9333333333333333,0.017246037416196708,0.01654945307838688,0.025968419254510797,0.08700651634566665,0.029363013545303365,0.005188813462062885,0.008151757388092516,0.0025719878064633986,1.0241590847323077,134.98170760123796,0,1.7333333333333334,6,0.6666666666666666,0,0,0.6266610889372393
J2,naive,treatment_effect_mean,-0.3374485596707819,15,0.2,-0.04620668312655142,-0.05127832686421807,0.04883914112458306,0.05945686823333331,0.018073878677210897,0.004227496221417662,0.0027178945207984233,8.0769593260908e-4,1.0241590847323077,134.98170760123796,0,1.7333333333333334,6,0.6666666666666666,0,0,0.6266610889372393
J2,naive,treatment_effect_sd,0.07626392697027408,15,0.5333333333333333,0.018428265955792587,0.01725353305722592,0.024083731794143668,0.04612056423333333,0.014261084402176315,0.0041440590091188076,0.001733196496892543,5.355536675749151e-4,1.0241590847323077,134.98170760123796,0,1.7333333333333334,6,0.6666666666666666,0,0,0.6266610889372393
J3,full,baseline_difference_sd,0,15,0,0.038384864440977745,0.036181594553014,0.0418993333579133,0.07067557255399999,0.023629520974507188,0.004489323188611813,0.004246534122731367,0.0013753816500444607,1.085045443846305,20.805466258182836,0.06666666666666667,10.333333333333334,32,0.6,0.4,0,0.697487881286204
J3,full,time_trend_mean,-0.11248285322359398,15,1,0.007492341287285219,0.008316163161093987,0.020762282430013056,0.06334606475133332,0.019356046561645978,0.005175058272539203,0.004768405666813616,0.001464581379010668,1.085045443846305,20.805466258182836,0.06666666666666667,10.333333333333334,32,0.6,0.4,0,0.697487881286204
J3,full,time_trend_sd,0.02542130899009136,15,0.8,0.011760832082204931,0.005571493210830641,0.021252856171972017,0.05888114317633332,0.018135209803798187,0.004731103195123494,0.0035811183788202437,9.858383372494393e-4,1.085045443846305,20.805466258182836,0.06666666666666667,10.333333333333334,32,0.6,0.4,0,0.697487881286204
J3,full,treatment_effect_mean,-0.3374485596707819,15,0.9333333333333333,0.0012262615414485737,0.001572011835781928,0.02252522621404323,0.07600161770000001,0.02309700845433119,0.006011192528619213,0.0030517056921979206,9.033474773248458e-4,1.085045443846305,20.805466258182836,0.06666666666666667,10.333333333333334,32,0.6,0.4,0,0.697487881286204
J3,full,treatment_effect_sd,0.07626392697027408,15,0.8,-0.00536259792130828,-0.007613808676774081,0.01998895706557831,0.057716187774333336,0.017568978655675745,0.005146433911692869,0.0033403682087282767,0.0010720491632723907,1.085045443846305,20.805466258182836,0.06666666666666667,10.333333333333334,32,0.6,0.4,0,0.697487881286204
J3,naive,baseline_difference_sd,0,15,0,0.038700357273742575,0.033430772401487,0.042474255077174235,0.07132594345566665,0.02373503640633818,0.004677794743294731,0.004279975655109843,0.0013867407395141815,1.04565050581497,48.40479097118674,0,9.4,64,0.8666666666666667,0.26666666666666666,0,0.5910996560853174
J3,naive,time_trend_mean,-0.11248285322359398,15,0.9333333333333333,0.00960415447700675,0.010669332738198978,0.01611468854279216,0.07738878680099999,0.023969465729317314,0.0034583584422690256,0.00911434110594896,0.002429807381118216,1.04565050581497,48.40479097118674,0,9.4,64,0.8666666666666667,0.26666666666666666,0,0.5910996560853174
J3,naive,time_trend_sd,0.02542130899009136,15,0.8666666666666667,0.014346407470894757,0.00900461746847564,0.023879811931087003,0.08836204552933331,0.029096450497310248,0.0051020024818212335,0.00777635467353872,0.002452459619051961,1.04565050581497,48.40479097118674,0,9.4,64,0.8666666666666667,0.26666666666666666,0,0.5910996560853174
J3,naive,treatment_effect_mean,-0.3374485596707819,15,0,-0.08642761292188476,-0.0812131489242181,0.08759852571165343,0.058282996233333335,0.017732321102741127,0.0038150962493013483,0.002279070737035439,6.750604609385389e-4,1.04565050581497,48.40479097118674,0,9.4,64,0.8666666666666667,0.26666666666666666,0,0.5910996560853174
J3,naive,treatment_effect_sd,0.07626392697027408,15,0.7333333333333333,0.016482715130859252,0.016981602899225914,0.02098252184242899,0.046170758433333334,0.014189825783842622,0.0034701412567270957,0.0016637014217496934,5.108848737193249e-4,1.04565050581497,48.40479097118674,0,9.4,64,0.8666666666666667,0.26666666666666666,0,0.5910996560853174
J4,full,baseline_difference_sd,0,15,0,0.027948875836365968,0.025006449968097,0.029881155797865683,0.05893051614339999,0.019696344749860643,0.0028251904019238943,0.003405438402896336,0.0010440356581672783,1.0521635921884949,39.14170475215333,0.06666666666666667,18.466666666666665,93,0.6666666666666666,0.4,0,0.6134353454270778
J4,full,time_trend_mean,-0.16872427983539096,15,0.8666666666666667,7.613813439576252e-4,-0.007457359189609047,0.019429002991448948,0.0657022749,0.020047652818796325,0.005188630810936579,0.0035560779100838676,0.001054128322320567,1.0521635921884949,39.14170475215333,0.06666666666666667,18.466666666666665,93,0.6666666666666666,0.4,0,0.6134353454270778
J4,full,time_trend_sd,0.028926850651506127,15,0.8666666666666667,0.010453209333888184,0.005584827046433875,0.017439984769264352,0.06488152986166666,0.020137743091480094,0.00373098496545278,0.004381339198347811,0.001484144273331949,1.0521635921884949,39.14170475215333,0.06666666666666667,18.466666666666665,93,0.6666666666666666,0.4,0,0.6134353454270778
J4,full,treatment_effect_mean,-0.3374485596707819,15,0.9333333333333333,0.004556337569115243,-0.002057287604218083,0.02138681510987525,0.0807186379,0.024682506120412236,0.00558464507441263,0.0020141050305402183,6.419069961217914e-4,1.0521635921884949,39.14170475215333,0.06666666666666667,18.466666666666665,93,0.6666666666666666,0.4,0,0.6134353454270778
J4,full,treatment_effect_sd,0.07626392697027408,15,0.9333333333333333,0.006328750107111257,0.004830657615225928,0.01644673887478092,0.06291597145666666,0.019345500036514997,0.004057111408176382,0.004661126479230673,0.0014349377760657443,1.0521635921884949,39.14170475215333,0.06666666666666667,18.466666666666665,93,0.6666666666666666,0.4,0,0.6134353454270778
J4,naive,baseline_difference_sd,0,15,0,0.028010835264880542,0.02528667510462,0.029923243653405037,0.05817190727906666,0.019734643613593235,0.002813153016314224,0.0032662152085601273,0.0010370603658922597,1.025105075698658,131.92059395944912,0,3.8666666666666667,13,0.8,0.06666666666666667,0,0.6202616594486297
J4,naive,time_trend_mean,-0.16872427983539096,15,0.9333333333333333,0.00974766461728762,0.008183177818890969,0.021014319515271045,0.08111481527999999,0.025793806565197037,0.004975544903387686,0.00813185120601737,0.0025307002694596624,1.025105075698658,131.92059395944912,0,3.8666666666666667,13,0.8,0.06666666666666667,0,0.6202616594486297
J4,naive,time_trend_sd,0.028926850651506127,15,0.8666666666666667,0.015669176129285124,0.009479785614568876,0.025677790937356976,0.09610722539499998,0.032203936736916475,0.005436818048218311,0.007512410941770032,0.0022888613914442014,1.025105075698658,131.92059395944912,0,3.8666666666666667,13,0.8,0.06666666666666667,0,0.6202616594486297
J4,naive,treatment_effect_mean,-0.3374485596707819,15,0,-0.13726524566155143,-0.1348910871192181,0.13804345232845022,0.0720137329,0.022056300871162775,0.003911951141155685,0.002378500177442885,7.359536932266675e-4,1.025105075698658,131.92059395944912,0,3.8666666666666667,13,0.8,0.06666666666666667,0,0.6202616594486297
J4,naive,treatment_effect_sd,0.07626392697027408,15,0.2,0.039496030516159256,0.04051244289772592,0.04193286604943759,0.05513795846000001,0.017176149200533366,0.003764769283261901,0.0017461422534207653,5.273022979762474e-4,1.025105075698658,131.92059395944912,0,3.8666666666666667,13,0.8,0.06666666666666667,0,0.6202616594486297
J5,full,baseline_difference_sd,0,15,0,0.030397339050861005,0.02824309195353,0.033038577105591285,0.061490234898,0.02013428987954888,0.0034594524317864126,0.003747302032688938,0.0011639125722438977,1.063182764109024,24.18551209623354,0.2,24,128,0.4666666666666667,0.3333333333333333,0,0.7270567183545477
J5,full,time_trend_mean,-0.22496570644718797,15,1,0.0026302261320213073,0.00501472176718798,0.018393241564908354,0.06925408296666664,0.021178574483918557,0.004865279655444165,0.003779950530179709,0.0011075981836148842,1.063182764109024,24.18551209623354,0.2,24,128,0.4666666666666667,0.3333333333333333,0,0.7270567183545477
J5,full,time_trend_sd,0.033218824807589406,15,0.9333333333333333,0.013126846858045955,0.018666189607860595,0.020738937501750047,0.07148947629033334,0.02244011411056766,0.004291098929069864,0.004926985342507533,0.0017666376130521732,1.063182764109024,24.18551209623354,0.2,24,128,0.4666666666666667,0.3333333333333333,0,0.7270567183545477
J5,full,treatment_effect_mean,-0.3374485596707819,15,0.9333333333333333,-0.0024083108595514178,-0.0027111534542180737,0.021566395609309667,0.07906013876666669,0.024224137530803935,0.005727810965437582,0.0024846507568072286,7.248749527004666e-4,1.063182764109024,24.18551209623354,0.2,24,128,0.4666666666666667,0.3333333333333333,0,0.7270567183545477
J5,full,treatment_effect_sd,0.07626392697027408,15,0.9333333333333333,-0.003485955388134612,-0.0011086453606465735,0.01684021029926769,0.07102008754433332,0.022170770471618386,0.004403252028375463,0.005620260898602265,0.0018856506750627386,1.063182764109024,24.18551209623354,0.2,24,128,0.4666666666666667,0.3333333333333333,0,0.7270567183545477
J5,naive,baseline_difference_sd,0,15,0,0.032626248313326965,0.030089610146243,0.03498836423156284,0.0635419346,0.021077935213822195,0.0033775895102618764,0.002990097003520567,9.228399604110723e-4,1.0152337593399943,136.05851857380966,0,1.5333333333333334,3,0.8,0,0,0.6052869775449582
J5,naive,time_trend_mean,-0.22496570644718797,15,0.9333333333333333,0.005559961790621301,0.008325644564187967,0.016257613920344832,0.0842750918,0.026168727655352476,0.004083038393068689,0.007660359288303275,0.002383420292502711,1.0152337593399943,136.05851857380966,0,1.5333333333333334,3,0.8,0,0,0.6052869775449582
J5,naive,time_trend_sd,0.033218824807589406,15,1,0.013202779086144822,0.010266227222383094,0.02451202024570084,0.09838413552333332,0.03335014615343663,0.005519612828865708,0.00785954242886062,0.002534052467696039,1.0152337593399943,136.05851857380966,0,1.5333333333333334,3,0.8,0,0,0.6052869775449582
J5,naive,treatment_effect_mean,-0.3374485596707819,15,0,-0.18820861224088475,-0.1909242178542181,0.18873229108855025,0.07584843613333334,0.02328962613509846,0.0037549584161055485,0.002256331145092506,7.354389679337643e-4,1.0152337593399943,136.05851857380966,0,1.5333333333333334,3,0.8,0,0,0.6052869775449582
J5,naive,treatment_effect_sd,0.07626392697027408,15,0,0.04761177845635925,0.05241515620222591,0.049761227591267984,0.05893076293,0.018104130359912658,0.0038665075013554814,0.0015285847418422122,4.7647274503740094e-4,1.0152337593399943,136.05851857380966,0,1.5333333333333334,3,0.8,0,0,0.6052869775449582
J6,full,baseline_difference_sd,0,15,0,0.028848364437270114,0.024403214399512083,0.030775753603377407,0.06137980630599999,0.020592061629606487,0.0028650464861629636,0.002824665489820057,0.0010131616764366199,1.0179628387669093,89.60224906747152,0,3.933333333333333,46,0.2,0.13333333333333333,0,0.6966636056957491
J6,full,time_trend_mean,-0.2812071330589849,15,0.9333333333333333,6.350729253182604e-4,0.004156492508984921,0.01713989998366722,0.07552643236666666,0.02302798258871543,0.004577685424422971,0.0029258867935803485,8.868166946143993e-4,1.0179628387669093,89.60224906747152,0,3.933333333333333,46,0.2,0.13333333333333333,0,0.6966636056957491
J6,full,time_trend_sd,0.03803190568086263,15,1,0.015212609590542372,0.01928544564918737,0.020470134494686168,0.07084925730399999,0.02188581322178432,0.0036606294899363062,0.004847903068286972,0.0015798547741429465,1.0179628387669093,89.60224906747152,0,3.933333333333333,46,0.2,0.13333333333333333,0,0.6966636056957491
J6,full,treatment_effect_mean,-0.3374485596707819,15,1,-0.0040678567112180835,-0.011706512384218104,0.02103237294054043,0.08613532769999997,0.026325960297464764,0.005515000668870412,0.002277583711345304,7.081705726277098e-4,1.0179628387669093,89.60224906747152,0,3.933333333333333,46,0.2,0.13333333333333333,0,0.6966636056957491
J6,full,treatment_effect_sd,0.07626392697027408,15,0.8666666666666667,0.0034895543620560177,0.002977917790225923,0.020730024250534884,0.07122357090733333,0.022046073313728303,0.00546127219468413,0.005628957609356064,0.0018612630920957442,1.0179628387669093,89.60224906747152,0,3.933333333333333,46,0.2,0.13333333333333333,0,0.6966636056957491
J6,naive,baseline_difference_sd,0,15,0,0.02923842727288922,0.024956003015735,0.031438005762598996,0.06124941897479999,0.020602500249974245,0.003087562341038358,0.003130072587169291,9.321463733330917e-4,1.0224493775218744,125.52014777970959,0,4,12,0.8666666666666667,0.06666666666666667,0,0.6343903981973832
J6,naive,time_trend_mean,-0.2812071330589849,15,1,0.011608783806551594,0.01481285771898494,0.020085538741295678,0.09978982723333332,0.032087190101064735,0.004380680027615046,0.006065685854833213,0.001957699566703428,1.0224493775218744,125.52014777970959,0,4,12,0.8666666666666667,0.06666666666666667,0,0.6343903981973832
J6,naive,time_trend_sd,0.03803190568086263,15,1,0.01980670874954714,0.018978580788577372,0.02549782413622165,0.1180898298473333,0.03960585191478412,0.0042914643204547,0.006834069258193741,0.002185116510648103,1.0224493775218744,125.52014777970959,0,4,12,0.8666666666666667,0.06666666666666667,0,0.6343903981973832
J6,naive,treatment_effect_mean,-0.3374485596707819,15,0,-0.23985593845255143,-0.23811851595421807,0.2402692408925974,0.09056183336666662,0.02765233286824536,0.003764845928842099,0.003150554669677587,9.451167780433052e-4,1.0224493775218744,125.52014777970959,0,4,12,0.8666666666666667,0.06666666666666667,0,0.6343903981973832
J6,naive,treatment_effect_sd,0.07626392697027408,15,0,0.07112667119759258,0.07513237875422592,0.07356922285020309,0.06839633493,0.021063125318075922,0.005024420329979773,0.002248178617588178,6.408238354105288e-4,1.0224493775218744,125.52014777970959,0,4,12,0.8666666666666667,0.06666666666666667,0,0.6343903981973832
J7,full,baseline_difference_sd,0,15,0,0.028967358000530418,0.023335464697347,0.03261611052545444,0.060495508094,0.020338537782967684,0.004006270409154756,0.0037534771890738398,0.0011897694010009003,1.1304030490200059,15.139009350830579,0.06666666666666667,39.2,322,0.5333333333333333,0.3333333333333333,0,0.6891691332855434
J7,full,time_trend_mean,-0.3374485596707819,15,1,-0.002468307866551426,-0.0012778817792181152,0.019381788239655702,0.07926484703333334,0.024317881620586748,0.005137823132992474,0.006006275860969805,0.0018423353121601207,1.1304030490200059,15.139009350830579,0.06666666666666667,39.2,322,0.5333333333333333,0.3333333333333333,0,0.6891691332855434
J7,full,time_trend_sd,0.04319223625811333,15,0.7333333333333333,0.0144088244514955,0.007554480661606668,0.03090255195434959,0.07362175134599999,0.022861466251399225,0.00730632551393097,0.0036539652766907657,0.0012021357646418923,1.1304030490200059,15.139009350830579,0.06666666666666667,39.2,322,0.5333333333333333,0.3333333333333333,0,0.6891691332855434
J7,full,treatment_effect_mean,-0.3374485596707819,15,0.9333333333333333,-6.477875438847554e-4,-0.008921914924218066,0.022910421083903672,0.08817021010000001,0.026870300103537668,0.006120619515444528,0.003884921428409475,0.0012106580955820129,1.1304030490200059,15.139009350830579,0.06666666666666667,39.2,322,0.5333333333333333,0.3333333333333333,0,0.6891691332855434
J7,full,treatment_effect_sd,0.07626392697027408,15,0.9333333333333333,0.003936927057322122,0.009306302294725927,0.017713651761287776,0.07178711991166667,0.021804792380737435,0.004615765406776297,0.004430878764027173,0.0013485231076998938,1.1304030490200059,15.139009350830579,0.06666666666666667,39.2,322,0.5333333333333333,0.3333333333333333,0,0.6891691332855434
J7,naive,baseline_difference_sd,0,15,0,0.030137622855426687,0.0278802382067075,0.033511268677589696,0.06337542176899999,0.021102585738561427,0.003916346849202961,0.0038679163113684066,0.0012594030195443064,1.0450008836968419,77.20099958539961,0,5.266666666666667,37,0.6,0.2,0,0.6178558964806741
J7,naive,time_trend_mean,-0.3374485596707819,15,0.9333333333333333,0.008845549838388573,0.0033533376357818834,0.01854561151941778,0.1109324211333333,0.03500379830373245,0.004356407060589407,0.01462967161343755,0.004593543528142301,1.0450008836968419,77.20099958539961,0,5.266666666666667,37,0.6,0.2,0,0.6178558964806741
J7,naive,time_trend_sd,0.04319223625811333,15,0.8,0.020961236734937556,0.021327361308686663,0.04239194198145704,0.12569795661633332,0.04619433151672415,0.009847781836902316,0.016083813256046766,0.005993748598610988,1.0450008836968419,77.20099958539961,0,5.266666666666667,37,0.6,0.2,0,0.6178558964806741
J7,naive,treatment_effect_mean,-0.3374485596707819,15,0,-0.28512611192188475,-0.2822297413242181,0.28543639324043557,0.10332393389999998,0.03136933314995105,0.0035560299534473498,0.0030339435988061903,8.600775277370394e-4,1.0450008836968419,77.20099958539961,0,5.266666666666667,37,0.6,0.2,0,0.6178558964806741
J7,naive,treatment_effect_sd,0.07626392697027408,15,0,0.09292523523312592,0.09363490539472592,0.09457274741913563,0.07840046556666666,0.024540916251159436,0.004697303263361706,0.0021887851826939307,7.289516419641357e-4,1.0450008836968419,77.20099958539961,0,5.266666666666667,37,0.6,0.2,0,0.6178558964806741
J8,full,baseline_difference_sd,0,15,0,0.03801801348272972,0.038620176376585,0.04222002098979587,0.06773001322239999,0.022353578481676392,0.0049074347619984075,0.0053462342524625475,0.0016662457333247614,1.1361347891222398,11.1560897254165,0.06666666666666667,21.6,292,0.26666666666666666,0.13333333333333333,0,0.6738710634212819
J8,full,time_trend_mean,-0.39368998628257884,15,1,4.353178512455017e-4,0.0011900529475788457,0.01977117806882951,0.0899403651,0.02752472108097181,0.005282788634517028,0.003507524048723946,0.001086226267683195,1.1361347891222398,11.1560897254165,0.06666666666666667,21.6,292,0.26666666666666666,0.13333333333333333,0,0.6738710634212819
J8,full,time_trend_sd,0.048589305318899816,15,1,0.01892560196836982,0.024579361522100183,0.02306452021640016,0.07584949529033333,0.02355869258972143,0.003523327191200793,0.003448316352596376,0.0011619561672896674,1.1361347891222398,11.1560897254165,0.06666666666666667,21.6,292,0.26666666666666666,0.13333333333333333,0,0.6738710634212819
J8,full,treatment_effect_mean,-0.3374485596707819,15,0.9333333333333333,0.005526635202781908,0.002283778915781909,0.018963853694973786,0.09706853053333334,0.02967652235344461,0.004848299041193598,0.0040794419442267815,0.0012533606364580792,1.1361347891222398,11.1560897254165,0.06666666666666667,21.6,292,0.26666666666666666,0.13333333333333333,0,0.6738710634212819
J8,full,treatment_effect_sd,0.07626392697027408,15,0.8666666666666667,0.0053336274076287524,-0.0013936801939225807,0.025993636760371804,0.078385488088,0.024359844254652416,0.006799272916521209,0.0038021456051971336,0.0013267428412807208,1.1361347891222398,11.1560897254165,0.06666666666666667,21.6,292,0.26666666666666666,0.13333333333333333,0,0.6738710634212819
J8,naive,baseline_difference_sd,0,15,0,0.03874282402848166,0.037090610507851,0.043265488916086337,0.06834646198873333,0.022885772019731108,0.005147094308207118,0.005209525563055676,0.0016856515820679702,1.0293918396213342,55.19354755091536,0,1.8666666666666667,4,0.7333333333333333,0,0,0.6065907780797761
J8,naive,time_trend_mean,-0.39368998628257884,15,0.8666666666666667,0.011148904125745507,0.007663929542578829,0.03253714110555121,0.12866376896666665,0.04073513938374092,0.008169488041825794,0.009297505504549141,0.0027732375335199314,1.0293918396213342,55.19354755091536,0,1.8666666666666667,4,0.7333333333333333,0,0,0.6065907780797761
J8,naive,time_trend_sd,0.048589305318899816,15,0.9333333333333333,0.029612518475440292,0.024600624324480187,0.03729540816005418,0.14500315492366664,0.04952622760613798,0.006059503865633268,0.010164287155769062,0.003821288533493762,1.0293918396213342,55.19354755091536,0,1.8666666666666667,4,0.7333333333333333,0,0,0.6065907780797761
J8,naive,treatment_effect_mean,-0.3374485596707819,15,0,-0.3241743860152181,-0.32708685966921813,0.3247391691691693,0.11464459726666668,0.035013406438304806,0.005116468120119021,0.002371505935224382,7.237209752909294e-4,1.0293918396213342,55.19354755091536,0,1.8666666666666667,4,0.7333333333333333,0,0,0.6065907780797761
J8,naive,treatment_effect_sd,0.07626392697027408,15,0,0.11430785869772592,0.11700625870972593,0.11522821506031128,0.08674275383333332,0.026896120953629782,0.003884538821000801,0.001913424049045103,5.910737405732799e-4,1.0293918396213342,55.19354755091536,0,1.8666666666666667,4,0.7333333333333333,0,0,0.6065907780797761
J9,full,baseline_difference_sd,0,15,0,0.025626436259282518,0.0222521602055175,0.02875734087143562,0.054665054277,0.01833363174155781,0.0034874306817982764,0.0036939532070348244,0.0011266367668011906,1.0249813386625084,90.40895374057449,0,10.933333333333334,60,0.4,0.26666666666666666,0,0.6426677902597813
J9,full,time_trend_mean,-0.44993141289437594,15,1,0.005449321733375941,-0.00272936701562404,0.023112961638582834,0.09312701876666665,0.02840430316643928,0.006003058079921542,0.003661217651296952,0.0010905605745171966,1.0249813386625084,90.40895374057449,0,10.933333333333334,60,0.4,0.26666666666666666,0,0.6426677902597813
J9,full,time_trend_sd,0.05415237580113904,15,0.8666666666666667,0.018253994146524524,0.011104085018060962,0.02990457235695353,0.080803224354,0.02518532834833071,0.006330623674708505,0.004646009296742433,0.0015731287108735517,1.0249813386625084,90.40895374057449,0,10.933333333333334,60,0.4,0.26666666666666666,0,0.6426677902597813
J9,full,treatment_effect_mean,-0.3374485596707819,15,0.9333333333333333,0.002740015541781911,0.014346969320781888,0.027693935837900138,0.09667209749999997,0.029607589799153244,0.007365200011950616,0.002528501781646575,7.875135570930954e-4,1.0249813386625084,90.40895374057449,0,10.933333333333334,60,0.4,0.26666666666666666,0,0.6426677902597813
J9,full,treatment_effect_sd,0.07626392697027408,15,0.9333333333333333,0.006450085334822155,0.01262452267827592,0.021314123063852303,0.08134967594066667,0.024987601416872746,0.0054293398780182744,0.004256474045937787,0.001324590726352349,1.0249813386625084,90.40895374057449,0,10.933333333333334,60,0.4,0.26666666666666666,0,0.6426677902597813
J9,naive,baseline_difference_sd,0,15,0,0.02671769234232999,0.0223419540876965,0.030000070667512573,0.0569202714473,0.01896228197368889,0.0036466144372588913,0.004346618861492218,0.0013344488365559116,1.0445187819987602,114.4170051980534,0,2.6,9,0.7333333333333333,0,0,0.5991087207353296
J9,naive,time_trend_mean,-0.44993141289437594,15,0.9333333333333333,-7.612361132406376e-5,0.005387629339375921,0.030546455543946045,0.13602123186666665,0.04298671244872789,0.008163858294310142,0.014169885786429425,0.004197151335101191,1.0445187819987602,114.4170051980534,0,2.6,9,0.7333333333333333,0,0,0.5991087207353296
J9,naive,time_trend_sd,0.05415237580113904,15,0.8666666666666667,0.028572500382846092,0.02323059958891096,0.04628900807368705,0.15217135350299998,0.05144405341922484,0.00973317042136295,0.015055221696356865,0.004633825884629227,1.0445187819987602,114.4170051980534,0,2.6,9,0.7333333333333333,0,0,0.5991087207353296
J9,naive,treatment_effect_mean,-0.3374485596707819,15,0,-0.3682720918002181,-0.3680929347842181,0.36875651045766145,0.12376059106666663,0.03772547877760406,0.005049967510525747,0.0027762995362754315,8.519643838502547e-4,1.0445187819987602,114.4170051980534,0,2.6,9,0.7333333333333333,0,0,0.5991087207353296
J9,naive,treatment_effect_sd,0.07626392697027408,15,0,0.1298586690873926,0.13108662682972594,0.13094531484219615,0.09482851263333332,0.029274236533082285,0.004499218519229941,0.002063103494548553,6.351773162080297e-4,1.0445187819987602,114.4170051980534,0,2.6,9,0.7333333333333333,0,0,0.5991087207353296
K1,default,baseline_difference_sd,0,15,0,0.03461420499468676,0.031245879097115,0.037086080784605256,0.06676145802883332,0.0218809303799568,0.003558031162515797,0.003574947013394072,0.0011490486620566705,1.0652854042674738,42.1820295965081,0.06666666666666667,9.866666666666667,85,1,0.13333333333333333,0,0.5865064029140296
K1,default,time_trend_mean,-0.08998628257887518,15,0.9333333333333333,3.1748275851975206e-4,-0.0034691596482448184,0.020923835043613143,0.13126176363833333,0.04115621789834317,0.005591486370433281,0.017141792972630417,0.00464236697143326,1.0652854042674738,42.1820295965081,0.06666666666666667,9.866666666666667,85,1,0.13333333333333333,0,0.5865064029140296
K1,default,time_trend_sd,0.045528614603915496,15,0.7333333333333333,0.03143128353050269,0.024339111767584506,0.046094901214098385,0.15613581229566664,0.05214378015754259,0.009011161069801316,0.022415095878791348,0.00598224364490485,1.0652854042674738,42.1820295965081,0.06666666666666667,9.866666666666667,85,1,0.13333333333333333,0,0.5865064029140296
K1,default,treatment_effect_mean,-0.3374485596707819,15,1,-0.0077559948942797574,-0.015370374663218112,0.03976073220173317,0.22227858759999997,0.07127214684352456,0.010422367322315733,0.026622920714073663,0.008598871557184142,1.0652854042674738,42.1820295965081,0.06666666666666667,9.866666666666667,85,1,0.13333333333333333,0,0.5865064029140296
K1,default,treatment_effect_sd,0.07626392697027408,15,0.8,0.06246930311885965,0.055602388284725926,0.09052253008816015,0.2504280250309,0.08556478869446453,0.017509007113495068,0.02924832388684096,0.010097548753600477,1.0652854042674738,42.1820295965081,0.06666666666666667,9.866666666666667,85,1,0.13333333333333333,0,0.5865064029140296
K10,default,baseline_difference_sd,0,15,0,0.029776914787906,0.026395853978964,0.03232192198879235,0.05624832258466666,0.017649770197680915,0.0033598680539926357,0.0034560289071845565,9.925557079386606e-4,1.5245679912692456,3.713319894276243,0.06666666666666667,28.533333333333335,360,0.8,0.26666666666666666,0,0.6752880490453256
K10,default,time_trend_mean,-0.08998628257887518,15,1,0.001004098702342486,0.0059782307278431895,0.017889650562047273,0.10343771479633332,0.032425896489435696,0.004773673211540507,0.009636716651320666,0.0030909144699284986,1.5245679912692456,3.713319894276243,0.06666666666666667,28.533333333333335,360,0.8,0.26666666666666666,0,0.6752880490453256
K10,default,time_trend_sd,0.045528614603915496,15,0.9333333333333333,0.015662530109968962,0.010227556439165002,0.03233271048686548,0.11288390844599998,0.036152261214562685,0.007559711436205639,0.009397690382795882,0.0029383499815329645,1.5245679912692456,3.713319894276243,0.06666666666666667,28.533333333333335,360,0.8,0.26666666666666666,0,0.6752880490453256
K10,default,treatment_effect_mean,-0.3374485596707819,15,1,-0.003538829275551425,-0.0011008157742181113,0.017282079823990822,0.08748298209999997,0.026809688072189787,0.0045209588932413345,0.003463560159226489,0.0010569084908009503,1.5245679912692456,3.713319894276243,0.06666666666666667,28.533333333333335,360,0.8,0.26666666666666666,0,0.6752880490453256
K10,default,treatment_effect_sd,0.07626392697027408,15,0.9333333333333333,0.006102397071459255,0.0055783721172259215,0.019496684000067262,0.07853770529666666,0.024623982029184595,0.004948891917683077,0.00316843743232082,9.795059734729096e-4,1.5245679912692456,3.713319894276243,0.06666666666666667,28.533333333333335,360,0.8,0.26666666666666666,0,0.6752880490453256
K11,default,baseline_difference_sd,0,15,0,0.02866486083834807,0.022139916741361,0.03092438403826289,0.052116681518466663,0.016180738424443925,0.0031011896480464666,0.0026698335222110456,7.459085743678845e-4,1.0671404150692099,20.289179866162552,0.06666666666666667,29.466666666666665,268,0.6666666666666666,0.3333333333333333,0,0.20143178762110495
K11,default,time_trend_mean,-0.08998628257887518,15,0.9333333333333333,-0.006724936044610527,-0.011312592114274822,0.027887172075212976,0.12483341763996665,0.03756057767398572,0.0072332051853559185,0.01103998991676017,0.0028584699928534594,1.0671404150692099,20.289179866162552,0.06666666666666667,29.466666666666665,268,0.6666666666666666,0.3333333333333333,0,0.20143178762110495
K11,default,time_trend_sd,0.045528614603915496,15,0.7333333333333333,0.029984122711232738,0.02393361077608451,0.04228928619209142,0.12178817686866665,0.038054077306117456,0.007970194978231402,0.009506657068513388,0.0028613014741040244,1.0671404150692099,20.289179866162552,0.06666666666666667,29.466666666666665,268,0.6666666666666666,0.3333333333333333,0,0.20143178762110495
K11,default,treatment_effect_mean,-0.3374485596707819,15,0.9333333333333333,0.0072659767361152395,0.009327566000781884,0.019931418186273708,0.07125850636666667,0.021508473727540646,0.004960321223659054,0.0018786996383107191,5.427361019968097e-4,1.0671404150692099,20.289179866162552,0.06666666666666667,29.466666666666665,268,0.6666666666666666,0.3333333333333333,0,0.20143178762110495
K11,default,treatment_effect_sd,0.07626392697027408,15,1,-0.003131482412890747,4.473667552259142e-4,0.01669140704378807,0.06097276277333333,0.018729541253923086,0.004381755087039682,0.002406985991745818,7.663925597247654e-4,1.0671404150692099,20.289179866162552,0.06666666666666667,29.466666666666665,268,0.6666666666666666,0.3333333333333333,0,0.20143178762110495
K12,default,baseline_difference_sd,0,15,0,0.028924648113307125,0.0252951451345755,0.03026809740885208,0.05349455762033333,0.016473801724101615,0.0023833118055272347,0.002618055411606852,7.921823653381853e-4,1.8525573222311174,2.9515970984708026,0.13333333333333333,9.2,37,0.7333333333333333,0.4,0,0.48245868718442564
K12,default,time_trend_mean,-0.08998628257887518,15,0.9333333333333333,-0.018875695693328674,-0.002031330882824811,0.10127765611741822,0.16637024170433332,0.057715923592203795,0.026593328568231534,0.07147543484565218,0.02794275969856809,1.8525573222311174,2.9515970984708026,0.13333333333333333,9.2,37,0.7333333333333333,0.4,0,0.48245868718442564
K12,default,time_trend_sd,0.045528614603915496,15,0.9333333333333333,0.058814042437616704,0.009049981184584506,0.180422488013934,0.24071982986799995,0.08860030842847873,0.04558601179033854,0.1306162997941719,0.05395893614033812,1.8525573222311174,2.9515970984708026,0.13333333333333333,9.2,37,0.7333333333333333,0.4,0,0.48245868718442564
K12,default,treatment_effect_mean,-0.3374485596707819,15,0.8666666666666667,0.01006980913364324,-0.0033593184192181047,0.0427711102397029,0.08023020743,0.0268066650016765,0.011109734518972902,0.023278531490104806,0.009418156181556333,1.8525573222311174,2.9515970984708026,0.13333333333333333,9.2,37,0.7333333333333333,0.4,0,0.48245868718442564
K12,default,treatment_effect_sd,0.07626392697027408,15,0.8666666666666667,0.013179885300625919,2.4310795222591552e-4,0.052544508180114156,0.08962937123666664,0.031020181829325606,0.013594158313020308,0.0400455887152888,0.01612939412107336,1.8525573222311174,2.9515970984708026,0.13333333333333333,9.2,37,0.7333333333333333,0.4,0,0.48245868718442564
K13,default,baseline_difference_sd,0,15,0,0.03128798855172068,0.02672127979367,0.03562244993488055,0.04861203406779999,0.015201426719314364,0.004551457472616147,0.003299821242874272,0.0010678783553628778,1.8613596568168538,2.873491747993453,0.2,30,225,0.8,0.3333333333333333,0.26666666666666666,0.06424464432355613
K13,default,time_trend_mean,-0.08998628257887518,15,1,-0.008743751392504384,-0.009772377980124813,0.03518645732861462,0.15917357324166664,0.049316408442949176,0.009108997086572056,0.030152141541778987,0.00959940112400639,1.8613596568168538,2.873491747993453,0.2,30,225,0.8,0.3333333333333333,0.26666666666666666,0.06424464432355613
K13,default,time_trend_sd,0.045528614603915496,15,0.5333333333333333,0.061329384297775465,0.0458506323420845,0.10323136332986253,0.18793172508666664,0.06312439721908553,0.022193018523525846,0.060797057257271,0.023128836601048634,1.8613596568168538,2.873491747993453,0.2,30,225,0.8,0.3333333333333333,0.26666666666666666,0.06424464432355613
K13,default,treatment_effect_mean,-0.3374485596707819,15,0.9333333333333333,0.007204164108781918,0.009227539540781926,0.01664304209966914,0.06631040173333332,0.020187777930022226,0.004009728079710801,0.010284143845380291,0.003118567405686624,1.8613596568168538,2.873491747993453,0.2,30,225,0.8,0.3333333333333333,0.26666666666666666,0.06424464432355613
K13,default,treatment_effect_sd,0.07626392697027408,15,0.8,-0.005964182841217411,-0.011771919084774082,0.028875532367888663,0.06661699575666666,0.021629994045338417,0.007550898208470271,0.017331486543070217,0.006337596591833186,1.8613596568168538,2.873491747993453,0.2,30,225,0.8,0.3333333333333333,0.26666666666666666,0.06424464432355613
K14,default,baseline_difference_sd,0,15,0,0.03404298862080965,0.0280614452645355,0.036748260109940256,0.06494455853733333,0.021590093005341867,0.0036985474646064097,0.003932044772111315,0.0011745938858768459,1.0098552176952045,176.92946778899707,0,0.4,3,0.26666666666666666,0,0,0.6518963027822379
K14,default,time_trend_mean,-0.08998628257887518,15,0.8666666666666667,0.0011648823058541522,0.0025519053273751896,0.02667792433397046,0.08175481299166666,0.025064483628033787,0.007123174934087434,0.006938446033087634,0.0020984603714827104,1.0098552176952045,176.92946778899707,0,0.4,3,0.26666666666666666,0,0,0.6518963027822379
K14,default,time_trend_sd,0.045528614603915496,15,0.8,0.009048749772647576,0.004725222112832501,0.02789404853403876,0.07694391299433333,0.024299989739278487,0.007051839026459291,0.005309674804954738,0.001676549219573311,1.0098552176952045,176.92946778899707,0,0.4,3,0.26666666666666666,0,0,0.6518963027822379
K14,default,treatment_effect_mean,-0.3374485596707819,15,0.8666666666666667,0.007605953967448579,0.009690955935781898,0.03417440607270151,0.10432269516666667,0.03182461058120013,0.00890441100429184,0.004498894618795718,0.0013355478053669976,1.0098552176952045,176.92946778899707,0,0.4,3,0.26666666666666666,0,0,0.6518963027822379
K14,default,treatment_effect_sd,0.07626392697027408,15,1,0.009700774816473754,0.0069258654221759225,0.021254575570561627,0.08861099874333332,0.027565013886950863,0.0050543612754925665,0.0047805648257750796,0.0014300668098511224,1.0098552176952045,176.92946778899707,0,0.4,3,0.26666666666666666,0,0,0.6518963027822379
K15,default,baseline_difference_sd,0,15,0,0.034659033114495384,0.0352128515650115,0.03711365878452218,0.06546934053293332,0.02155968479917225,0.0035473842671371733,0.003627705441323008,0.0011148572867965738,1.0250672403976344,94.66246749337635,0,2.6,13,0.26666666666666666,0.06666666666666667,0,0.7097011473420909
K15,default,time_trend_mean,-0.08998628257887518,15,0.9333333333333333,-0.0030457631922763484,-0.0036858267914748194,0.018710636919273313,0.07461779009733333,0.02289967226925851,0.004933929616886438,0.0044987514993902475,0.0013940595787052565,1.0250672403976344,94.66246749337635,0,2.6,13,0.26666666666666666,0.06666666666666667,0,0.7097011473420909
K15,default,time_trend_sd,0.045528614603915496,15,1,0.0035793939486742712,0.009655155530084503,0.018466875114340118,0.06410956809233333,0.01974894591227393,0.0048418813894189955,0.00417754067881194,0.0013412221333849708,1.0250672403976344,94.66246749337635,0,2.6,13,0.26666666666666666,0.06666666666666667,0,0.7097011473420909
K15,default,treatment_effect_mean,-0.3374485596707819,15,0.9333333333333333,0.004424195492115246,0.008169929895781913,0.02527231165607459,0.08889596976666667,0.027151402878016945,0.006650006609498921,0.004714050115055976,0.0014671642206365752,1.0250672403976344,94.66246749337635,0,2.6,13,0.26666666666666666,0.06666666666666667,0,0.7097011473420909
K15,default,treatment_effect_sd,0.07626392697027408,15,0.7333333333333333,0.0057949917072121675,0.006428815158725926,0.02609208832286037,0.06837172721766666,0.021040112229850357,0.0067992391599632504,0.004346075137901384,0.0013045934982461713,1.0250672403976344,94.66246749337635,0,2.6,13,0.26666666666666666,0.06666666666666667,0,0.7097011473420909
K16,default,baseline_difference_sd,0,15,0,0.02527878853641542,0.0198531044974305,0.02719981534388792,0.05590944208823333,0.018701962977051293,0.00268345199952802,0.00358381417040778,0.00109416791474479,1.112052994873576,14.176812812560334,0.06666666666666667,18.933333333333334,80,0.4,0.4,0,0.6846902647336203
K16,default,time_trend_mean,-0.08998628257887518,15,1,4.500034489105187e-4,-0.002680333868124815,0.017337875626971127,0.06418539936666666,0.019567317480860193,0.004632181128893571,0.0035163861070951112,0.0010523568632264425,1.112052994873576,14.176812812560334,0.06666666666666667,18.933333333333334,80,0.4,0.4,0,0.6846902647336203
K16,default,time_trend_sd,0.045528614603915496,15,0.9333333333333333,-0.0012864139307293997,-0.002140905070965496,0.019844238769421634,0.06206726695233332,0.019141227760141193,0.005292440373755772,0.004119509770115262,0.0012693721618081007,1.112052994873576,14.176812812560334,0.06666666666666667,18.933333333333334,80,0.4,0.4,0,0.6846902647336203
K16,default,treatment_effect_mean,-0.3374485596707819,15,0.8666666666666667,-8.890246598847554e-4,-0.0015347440542181068,0.023807456975445486,0.07182993026666666,0.0219318149848981,0.006358372673613703,0.0019591799886831806,6.060840744242852e-4,1.112052994873576,14.176812812560334,0.06666666666666667,18.933333333333334,80,0.4,0.4,0,0.6846902647336203
K16,default,treatment_effect_sd,0.07626392697027408,15,0.9333333333333333,-0.002597043655212744,0.004574265122725921,0.0175672251604972,0.05918751583533333,0.01808711337132037,0.00464344979585318,0.004999852786919088,0.0015756883264775015,1.112052994873576,14.176812812560334,0.06666666666666667,18.933333333333334,80,0.4,0.4,0,0.6846902647336203
K17,default,baseline_difference_sd,0,15,0,0.037183325933157034,0.033263593418711,0.040657239628556704,0.069698912021,0.022795384599215915,0.004394894820474687,0.0039335170933492295,0.0012602776325016574,1.062171341440302,39.358686507586064,0.2,16.2,81,0.5333333333333333,0.3333333333333333,0,0.6947561160592842
K17,default,time_trend_mean,-0.08998628257887518,15,0.8666666666666667,-0.0013718684372937505,-2.056489576248155e-4,0.021647202866281877,0.07163596992333332,0.0219162751126022,0.00577382869336605,0.00398484159313937,0.0012075927104142625,1.062171341440302,39.358686507586064,0.2,16.2,81,0.5333333333333333,0.3333333333333333,0,0.6947561160592842
K17,default,time_trend_sd,0.045528614603915496,15,0.8666666666666667,0.0012520508560336374,0.0017235542173145019,0.018360131476765063,0.056072877902333326,0.017241335090618502,0.004895528546526665,0.002882689215800122,9.587529989775125e-4,1.062171341440302,39.358686507586064,0.2,16.2,81,0.5333333333333333,0.3333333333333333,0,0.6947561160592842
K17,default,treatment_effect_mean,-0.3374485596707819,15,0.7333333333333333,0.006012294466448583,0.005068021785781918,0.02631328968941926,0.07537687263333333,0.023058947576642223,0.006846487783256932,0.003123807137306894,9.793130094402174e-4,1.062171341440302,39.358686507586064,0.2,16.2,81,0.5333333333333333,0.3333333333333333,0,0.6947561160592842
K17,default,treatment_effect_sd,0.07626392697027408,15,0.9333333333333333,-0.0020456140822156543,1.7236926472592728e-4,0.014302160593239572,0.05035667465733333,0.015364533670469959,0.00378311342548753,0.00489239769840421,0.001507820518997473,1.062171341440302,39.358686507586064,0.2,16.2,81,0.5333333333333333,0.3333333333333333,0,0.6947561160592842
K2,default,baseline_difference_sd,0,15,0,0.02312573775894558,0.0236067408307865,0.023681618185030683,0.051211217764699994,0.01649353941056839,0.0013632758070716154,0.0018788365844516978,5.091938564246336e-4,1.0191936952661138,150.0337762146328,0,6.333333333333333,32,0.5333333333333333,0.2,0,0.7098257755013204
K2,default,time_trend_mean,-0.08998628257887518,15,0.9333333333333333,0.0067545098043304734,0.0016408159314751786,0.024830208807975877,0.09162429187599999,0.028017636039798538,0.006385898900540193,0.006146123576642702,0.0019149833635448321,1.0191936952661138,150.0337762146328,0,6.333333333333333,32,0.5333333333333333,0.2,0,0.7098257755013204
K2,default,time_trend_sd,0.045528614603915496,15,0.9333333333333333,0.015959398446749356,0.0212360209428845,0.028387274742514547,0.08845014432399999,0.028302305497456902,0.006274295455751521,0.004013450571801326,0.0011935306523042665,1.0191936952661138,150.0337762146328,0,6.333333333333333,32,0.5333333333333333,0.2,0,0.7098257755013204
K2,default,treatment_effect_mean,-0.3374485596707819,15,0.9333333333333333,0.0022172032141152486,0.0022199689307819126,0.023292406593880582,0.09162820523333333,0.028175202518698164,0.006196889858411514,0.0037642921115794495,0.0011542844445767936,1.0191936952661138,150.0337762146328,0,6.333333333333333,32,0.5333333333333333,0.2,0,0.7098257755013204
K2,default,treatment_effect_sd,0.07626392697027408,15,0.9333333333333333,0.00561005895354592,0.010667071174225926,0.021544013818109577,0.08092436155666666,0.025214548927488936,0.005559237935523149,0.0014696304859160108,5.114184050986666e-4,1.0191936952661138,150.0337762146328,0,6.333333333333333,32,0.5333333333333333,0.2,0,0.7098257755013204
K3,default,baseline_difference_sd,0,15,0,0.026533575919738397,0.0242538513404915,0.027776453821333192,0.05426656749166666,0.017042715838710785,0.0021957871318916563,0.00296640577252265,8.652842368485182e-4,1.0217032151870187,135.94733546732866,0,4.8,28,0.4666666666666667,0.13333333333333333,0,0.6463974652859235
K3,default,time_trend_mean,-0.08998628257887518,15,0.9333333333333333,-0.0021520025788807013,-9.227631411248133e-4,0.024420859004095758,0.08517723060833333,0.026074414534003318,0.006501358316308192,0.005021486821944761,0.0015750948875677478,1.0217032151870187,135.94733546732866,0,4.8,28,0.4666666666666667,0.13333333333333333,0,0.6463974652859235
K3,default,time_trend_sd,0.045528614603915496,15,0.8666666666666667,0.011776277282486607,0.008910727286084504,0.023667727490159173,0.07325620731999999,0.022803410315237718,0.005486871460355073,0.0029886805498148617,9.069870832607493e-4,1.0217032151870187,135.94733546732866,0,4.8,28,0.4666666666666667,0.13333333333333333,0,0.6463974652859235
K3,default,treatment_effect_mean,-0.3374485596707819,15,0.8666666666666667,-0.004203690174884759,0.0013051042007818925,0.02238072658118273,0.07709457349999999,0.02344937234676301,0.0058750435330620345,0.0025294654667342817,7.441841030147392e-4,1.0217032151870187,135.94733546732866,0,4.8,28,0.4666666666666667,0.13333333333333333,0,0.6463974652859235
K3,default,treatment_effect_sd,0.07626392697027408,15,1,-0.0016914637448774135,-0.0013587605862740854,0.01698683804589316,0.06019025526333333,0.018420987137692482,0.004517360300608315,0.0014785915540904775,4.3907358821067825e-4,1.0217032151870187,135.94733546732866,0,4.8,28,0.4666666666666667,0.13333333333333333,0,0.6463974652859235
K4,default,baseline_difference_sd,0,15,0,0.029133562840468107,0.025407896392935,0.03197116556278335,0.05405085882533333,0.0169904147498841,0.003519242447534492,0.0037402994268813,0.0011524274477003498,1.0512614430025113,60.26908736109905,0.06666666666666667,13.933333333333334,83,0.5333333333333333,0.26666666666666666,0,0.6840801764655425
K4,default,time_trend_mean,-0.08998628257887518,15,0.8666666666666667,0.008497836748548785,0.012208648581425188,0.021770827887744284,0.07047721255666667,0.02146757542148313,0.005356942874924079,0.004507862363305819,0.0013699587197005133,1.0512614430025113,60.26908736109905,0.06666666666666667,13.933333333333334,83,0.5333333333333333,0.26666666666666666,0,0.6840801764655425
K4,default,time_trend_sd,0.045528614603915496,15,0.8,0.004409867425023047,0.002392058943220504,0.02135895367030243,0.06674071952466666,0.02058988722007623,0.005585427283718168,0.0042297940148808555,0.0013351335982175853,1.0512614430025113,60.26908736109905,0.06666666666666667,13.933333333333334,83,0.5333333333333333,0.26666666666666666,0,0.6840801764655425
K4,default,treatment_effect_mean,-0.3374485596707819,15,0.8666666666666667,7.162057191152408e-4,4.888085857819302e-4,0.017978846307283018,0.062235745633333346,0.018903485865326284,0.00480123469171369,0.0025286650315813073,7.680171105507418e-4,1.0512614430025113,60.26908736109905,0.06666666666666667,13.933333333333334,83,0.5333333333333333,0.26666666666666666,0,0.6840801764655425
K4,default,treatment_effect_sd,0.07626392697027408,15,0.9333333333333333,-6.622785220374109e-4,-0.003220245543774078,0.013480519703506322,0.05030167645,0.015208774630441747,0.0035984698993944447,0.0028833438790366135,8.732353822938842e-4,1.0512614430025113,60.26908736109905,0.06666666666666667,13.933333333333334,83,0.5333333333333333,0.26666666666666666,0,0.6840801764655425
K5,default,baseline_difference_sd,0,15,0,0.03526183529034013,0.03576038624003,0.03692649365075657,0.05522556795733333,0.016985152998269606,0.002929759927954706,0.003070388361537502,9.980560533829274e-4,1.032380653335752,76.44151496571043,0,4.2,41,0.5333333333333333,0.06666666666666667,0,0.4146971127975524
K5,default,time_trend_mean,-0.08998628257887518,15,0.8666666666666667,0.00498778366546625,0.0014232610428751846,0.022551837903317752,0.06873138220766666,0.021085645654187142,0.0058779698081907455,0.0018451145159364692,5.998741436946179e-4,1.032380653335752,76.44151496571043,0,4.2,41,0.5333333333333333,0.06666666666666667,0,0.4146971127975524
K5,default,time_trend_sd,0.045528614603915496,15,0.9333333333333333,0.015093972889646505,0.017819756315084506,0.020041133215165114,0.06302981407266667,0.019258439691752546,0.003523583838677105,0.0029408441791856457,8.74547255001286e-4,1.032380653335752,76.44151496571043,0,4.2,41,0.5333333333333333,0.06666666666666667,0,0.4146971127975524
K5,default,treatment_effect_mean,-0.3374485596707819,15,0.8666666666666667,-0.005233470481218083,-0.009086991514218101,0.017499206034190782,0.05432670466666667,0.01654655129626082,0.004462806600505993,0.001246105401496504,3.7571619004415647e-4,1.032380653335752,76.44151496571043,0,4.2,41,0.5333333333333333,0.06666666666666667,0,0.4146971127975524
K5,default,treatment_effect_sd,0.07626392697027408,15,0.8666666666666667,-0.003212763624794078,-0.0060230199807740775,0.01315729618226538,0.04676064338666667,0.014178794037464464,0.0034099915450152324,0.0027651669643328045,8.063877855257829e-4,1.032380653335752,76.44151496571043,0,4.2,41,0.5333333333333333,0.06666666666666667,0,0.4146971127975524
K6,default,baseline_difference_sd,0,15,0,0.0204385014814719,0.02070091093618798,0.021816008322982507,0.03273399926863333,0.010122285596331269,0.0020390102000079945,0.0014367585446564937,4.097419340951219e-4,1.0068542054326288,422.2491716031138,0,0,0,0,0,0,0.6407032516091077
K6,default,time_trend_mean,-0.08998628257887518,15,0.8666666666666667,-0.0045062831654548155,-0.00855435914962481,0.013202799050474442,0.04594766279666666,0.014098781336345617,0.0033167035571046327,0.0020917017903833374,6.677964540353898e-4,1.0068542054326288,422.2491716031138,0,0,0,0,0,0,0.6407032516091077
K6,default,time_trend_sd,0.045528614603915496,15,0.8666666666666667,0.002482441856531171,0.0029065544780845012,0.010190959829381988,0.04078443612333332,0.012770128361139155,0.0026416059059516292,0.0015028800723135896,4.7858536316702706e-4,1.0068542054326288,422.2491716031138,0,0,0,0,0,0,0.6407032516091077
K6,default,treatment_effect_mean,-0.3374485596707819,15,1,0.0026902506131152378,-0.0011017101492181158,0.01667561662399076,0.08227213796666667,0.025172503795603696,0.004398366104337172,0.0033551439990525006,0.0010160434775306412,1.0068542054326288,422.2491716031138,0,0,0,0,0,0,0.6407032516091077
K6,default,treatment_effect_sd,0.07626392697027408,15,0.9333333333333333,0.011234451290659253,0.015617371170225922,0.020081505272717737,0.06893146984666666,0.021640653394859297,0.004448546778893039,0.0026420692171158474,8.491636844993162e-4,1.0068542054326288,422.2491716031138,0,0,0,0,0,0,0.6407032516091077
K7,default,baseline_difference_sd,0,15,0,0.020209973681779222,0.01926790186492,0.022062555597224223,0.0250193190207,0.007667988986450155,0.0023651234226689344,9.819890156341738e-4,2.653862507265508e-4,1.0081095052452445,410.3595325228418,0,0,0,0,0,0,0.6132883074984925
K7,default,time_trend_mean,-0.08998628257887518,15,0.9333333333333333,0.001273391776808519,-4.798841706248197e-4,0.009048938179908685,0.03618488071,0.01104375918243242,0.0023943647467478653,0.001421324770186633,4.3830186843307615e-4,1.0081095052452445,410.3595325228418,0,0,0,0,0,0,0.6132883074984925
K7,default,time_trend_sd,0.045528614603915496,15,0.8666666666666667,0.003683387972517836,0.004202934392584505,0.009898833808645759,0.030113206053333334,0.0093226684471945,0.002455599487688426,9.424796231981101e-4,2.905393029759185e-4,1.0081095052452445,410.3595325228418,0,0,0,0,0,0,0.6132883074984925
K7,default,treatment_effect_mean,-0.3374485596707819,15,0.9333333333333333,0.008846242425115244,0.009145139475781938,0.012562872682557506,0.06089855023333333,0.01858469708456133,0.0023840206883426517,0.0019429891291602274,6.092855437748334e-4,1.0081095052452445,410.3595325228418,0,0,0,0,0,0,0.6132883074984925
K7,default,treatment_effect_sd,0.07626392697027408,15,0.9333333333333333,0.008084932564292588,0.006067676944225928,0.014015195873991963,0.049122217956666665,0.01513383624803296,0.0030596402778431627,0.0015538348774369356,4.634622469146264e-4,1.0081095052452445,410.3595325228418,0,0,0,0,0,0,0.6132883074984925
K8,default,baseline_difference_sd,0,15,0,0.025213658054390766,0.02378254931654,0.02619439309170303,0.02025869158733333,0.006177534445670809,0.0018976993017658286,2.899118139629659e-4,8.44551936728347e-5,1.0076828152486845,447.50984665271926,0,0,0,0,0,0,0.5514614816068926
K8,default,time_trend_mean,-0.08998628257887518,15,0.8666666666666667,-0.0018682517132248139,-5.994134216248115e-4,0.007800108008842189,0.026709615946666664,0.008196752109940697,0.0020239868803505583,9.157313164773576e-4,2.7304214829962316e-4,1.0076828152486845,447.50984665271926,0,0,0,0,0,0,0.5514614816068926
K8,default,time_trend_sd,0.045528614603915496,15,0.8666666666666667,0.0034081748960511703,0.0057877417690845034,0.007911939965434397,0.02179615635,0.006695444941751664,0.0019083114805383884,5.864668295066759e-4,1.7001726908807366e-4,1.0076828152486845,447.50984665271926,0,0,0,0,0,0,0.5514614816068926
K8,default,treatment_effect_mean,-0.3374485596707819,15,0.8,0.002759789463115244,0.0054848788357819145,0.017827981676413134,0.043571767933333345,0.013269771669087757,0.004707292919152157,0.001414462138819598,4.3469584261567306e-4,1.0076828152486845,447.50984665271926,0,0,0,0,0,0,0.5514614816068926
K8,default,treatment_effect_sd,0.07626392697027408,15,0.8666666666666667,0.004681153490459255,0.007296263093225924,0.011458427984414831,0.03448805686,0.010572215169807513,0.00279517919017703,9.238322411056603e-4,3.002457415035739e-4,1.0076828152486845,447.50984665271926,0,0,0,0,0,0,0.5514614816068926
K9,default,baseline_difference_sd,0,15,0,0.024757762274099333,0.0241904203585,0.02503340194419522,0.013799962387333331,0.004203741335694883,9.901089434581247e-4,2.1203819520125442e-4,6.043493769085123e-5,1.00848063497132,479.85838050137227,0,0,0,0,0,0,0.565348397742119
K9,default,time_trend_mean,-0.08998628257887518,15,0.9333333333333333,-8.970251305814858e-5,-1.1300566812481871e-4,0.006213597795040821,0.019630040806666665,0.0059805431223781845,0.001660480804244172,3.293639429952161e-4,9.087221602293555e-5,1.00848063497132,479.85838050137227,0,0,0,0,0,0,0.565348397742119
K9,default,time_trend_sd,0.045528614603915496,15,0.8666666666666667,0.00434480861305117,0.0044115450385845065,0.0050830002287970445,0.01567389347,0.004790866632973057,7.050597462985048e-4,1.7858474938502056e-4,5.3064915541127414e-5,1.00848063497132,479.85838050137227,0,0,0,0,0,0,0.565348397742119
K9,default,treatment_effect_mean,-0.3374485596707819,15,0.9333333333333333,0.0018517098894485716,0.003004088655781889,0.007994041294394981,0.03126823583333333,0.009531061008369498,0.00207838994522564,7.548698951492287e-4,2.3184897670448874e-4,1.00848063497132,479.85838050137227,0,0,0,0,0,0,0.565348397742119
K9,default,treatment_effect_sd,0.07626392697027408,15,0.7333333333333333,0.00551094631122592,0.005489479074725925,0.011329903624102107,0.02458820167,0.007506675011886856,0.0026456998383661235,5.747627749707484e-4,1.968002652544727e-4,1.00848063497132,479.85838050137227,0,0,0,0,0,0,0.565348397742119
L1,normal,baseline_difference_sd,0,15,0,0.025107954046507733,0.023608473921785,0.026629466686052417,0.03009772555743333,0.009194172980452461,0.0023712434890645066,0.0011574448370882764,3.2605385440308515e-4,1.0090222301911882,360.6274585580643,0,0,0,0,0,0,0.5828479464335802
L1,normal,time_trend_mean,-0.08998628257887518,15,0.9333333333333333,-0.001337575985224814,0.0019353410018751876,0.01120817580626329,0.04134366041999999,0.01271662680430432,0.002974103651136586,0.0017667207567935044,5.614363027919235e-4,1.0090222301911882,360.6274585580643,0,0,0,0,0,0,0.5828479464335802
L1,normal,time_trend_sd,0.045528614603915496,15,0.9333333333333333,0.00428423661638117,0.005397701754584504,0.010734695404683312,0.03483850297666666,0.010847077866047515,0.0026305757388041208,0.0011868503418006582,3.8105101182690494e-4,1.0090222301911882,360.6274585580643,0,0,0,0,0,0,0.5828479464335802
L1,normal,treatment_effect_mean,-0.3374485596707819,15,0.8666666666666667,-0.0027842946675514235,-0.004644498024218069,0.022910431613231603,0.06719114463333334,0.020467957767340023,0.006077685061581581,0.0033973234571715067,0.0010157694221711133,1.0090222301911882,360.6274585580643,0,0,0,0,0,0,0.5828479464335802
L1,normal,treatment_effect_sd,0.07626392697027408,15,0.8666666666666667,0.007209101630250588,0.010387958072225922,0.019388222304730036,0.05628734436666666,0.01758759579149574,0.004810197633468397,0.002260243020764422,7.00074339786455e-4,1.0090222301911882,360.6274585580643,0,0,0,0,0,0,0.5828479464335802
L1,robust,baseline_difference_sd,0,15,0,0.025191581213639434,0.0237833386943735,0.02671086117909168,0.03041127011263333,0.009277874024792599,0.0023732789385952305,0.0011377091476926524,3.1574561883775424e-4,1.0059050388897324,576.8683962714631,0,0,0,0,0,0,0.6688279529541733
L1,robust,time_trend_mean,-0.08998628257887518,15,0.9333333333333333,-0.0013043232634581505,0.00264647845787519,0.0111838568057271,0.04123420231666666,0.012665408928757471,0.0029686143217165705,0.0019350302851814183,5.922708644764804e-4,1.0059050388897324,576.8683962714631,0,0,0,0,0,0,0.6688279529541733
L1,robust,time_trend_sd,0.045528614603915496,15,0.9333333333333333,0.0044168812729778375,0.005100833698084506,0.010913143922638415,0.03471852635666666,0.01077279297718919,0.0026670994155855838,0.001216665554107932,3.8080914254498305e-4,1.0059050388897324,576.8683962714631,0,0,0,0,0,0,0.6688279529541733
L1,robust,treatment_effect_mean,-0.3374485596707819,15,0.8666666666666667,-0.003008200552218084,-0.0031396102842181084,0.022893412693110005,0.06755795663333335,0.02053087145458008,0.006065470622269994,0.003559315295357409,0.0010570478472126613,1.0059050388897324,576.8683962714631,0,0,0,0,0,0,0.6688279529541733
L1,robust,treatment_effect_sd,0.07626392697027408,15,0.9333333333333333,0.0021222974096492546,0.006000429005725921,0.017402793613672026,0.05770072236666666,0.01784683846323302,0.004616376742989957,0.0024059952566591863,7.644827088539426e-4,1.0059050388897324,576.8683962714631,0,0,0,0,0,0,0.6688279529541733
L2,normal,baseline_difference_sd,0,15,0,0.023353971320084356,0.02084927256534,0.024876213074412856,0.030227986727666665,0.009287561202052473,0.00229000936530004,6.591825886385725e-4,1.7878473835737768e-4,1.0096892693852408,317.1853369178913,0,0,0,0,0,0,0.6031321831869357
L2,normal,time_trend_mean,-0.08998628257887518,15,0.8666666666666667,0.001742098559241853,-9.140309336248126e-4,0.011086523137529574,0.041027633189999996,0.01248556494543872,0.002926188255452402,0.0016684876407576247,5.061396209752489e-4,1.0096892693852408,317.1853369178913,0,0,0,0,0,0,0.6031321831869357
L2,normal,time_trend_sd,0.045528614603915496,15,0.9333333333333333,0.004228349325261171,0.0039510872695845065,0.010431212172278005,0.034906366923333335,0.010873089935806138,0.002548546495646996,0.0012492174625525826,3.81038945523176e-4,1.0096892693852408,317.1853369178913,0,0,0,0,0,0,0.6031321831869357
L2,normal,treatment_effect_mean,-0.3374485596707819,15,0.8,-0.002651108415218084,-0.0015928553042180993,0.026536319212905345,0.08263674253333333,0.02530815246629808,0.0070566476335639375,0.0035649660725481386,0.0011014353672969346,1.0096892693852408,317.1853369178913,0,0,0,0,0,0,0.6031321831869357
L2,normal,treatment_effect_sd,0.07626392697027408,15,0.6666666666666666,0.029491395505392586,0.022578436413725922,0.03517467129148681,0.06588221816333334,0.020676256510102478,0.005123580581199724,0.0026093001377833144,8.513326268415353e-4,1.0096892693852408,317.1853369178913,0,0,0,0,0,0,0.6031321831869357
L2,robust,baseline_difference_sd,0,15,0,0.023250759990505843,0.020802115072706,0.02481639960196413,0.030409595703399996,0.009290912363392571,0.0023184947251589476,7.138438977951306e-4,1.94022779475875e-4,1.0050939438815503,657.7446450248717,0,0,0,0,0,0,0.6704175884616917
L2,robust,time_trend_mean,-0.08998628257887518,15,0.8666666666666667,0.0017644085146418529,-7.412859001248162e-4,0.011104288015150695,0.040807311926666666,0.012428737510307144,0.0029300423560673105,0.0017982088891305961,5.437152845470432e-4,1.0050939438815503,657.7446450248717,0,0,0,0,0,0,0.6704175884616917
L2,robust,time_trend_sd,0.045528614603915496,15,0.9333333333333333,0.004060164635121172,0.0027951110075845054,0.01039668323589123,0.03456741846666666,0.010733639821345646,0.0025579858907682643,0.0011728116121905055,3.7835158686213015e-4,1.0050939438815503,657.7446450248717,0,0,0,0,0,0,0.6704175884616917
L2,robust,treatment_effect_mean,-0.3374485596707819,15,0.9333333333333333,-8.060532628847576e-4,0.003148290655781927,0.022736958143460814,0.076716112,0.02363998997316413,0.0060728878971262916,0.0033688240920442844,0.0010695744078740583,1.0050939438815503,657.7446450248717,0,0,0,0,0,0,0.6704175884616917
L2,robust,treatment_effect_sd,0.07626392697027408,15,0.8666666666666667,0.013995397519392586,0.0069530720782259164,0.023505886351410817,0.07214485367333333,0.02237023165623515,0.005047315704125888,0.002487784660170422,8.01598178745578e-4,1.0050939438815503,657.7446450248717,0,0,0,0,0,0,0.6704175884616917
L3,normal,baseline_difference_sd,0,15,0,0.024853507429029746,0.026349407343425,0.0260597730937085,0.0296082386858,0.009098625004004603,0.002094464509993914,0.0010066633821555462,2.769953721361788e-4,1.0203677536661035,188.3831975178878,0,0,0,0,0,0,0.6118517403532546
L3,normal,time_trend_mean,-0.08998628257887518,15,0.9333333333333333,0.00551469679774185,0.004385173769875184,0.010240918855474367,0.04043843473,0.012379634246685855,0.0023062730948651793,0.0014932015183258564,4.596378846435169e-4,1.0203677536661035,188.3831975178878,0,0,0,0,0,0,0.6118517403532546
L3,normal,time_trend_sd,0.045528614603915496,15,0.9333333333333333,0.0037100330428911717,0.004593366491584504,0.009548276498642509,0.03468518990333333,0.010850876845098672,0.0023513710121541636,0.0010481950550996644,3.3950281032125247e-4,1.0203677536661035,188.3831975178878,0,0,0,0,0,0,0.6118517403532546
L3,normal,treatment_effect_mean,-0.3374485596707819,15,0.6,0.009308929536781916,0.003836763750781902,0.048902553286802805,0.11561965703333334,0.03531356456929746,0.012830776473686276,0.004701352605833509,0.0014376265307352962,1.0203677536661035,188.3831975178878,0,0,0,0,0,0,0.6118517403532546
L3,normal,treatment_effect_sd,0.07626392697027408,15,0,0.07680491131462591,0.07619333571372593,0.08083176382862697,0.09131542160999999,0.02861805764451437,0.006733602525497328,0.003504281752156728,0.0010619381199915123,1.0203677536661035,188.3831975178878,0,0,0,0,0,0,0.6118517403532546
L3,robust,baseline_difference_sd,0,15,0,0.02459554415593284,0.025196979856425,0.025773352827945357,0.02966887065253333,0.009120933540599464,0.0020585175606891207,9.782646426440007e-4,2.6628388369410257e-4,1.0092856222311961,704.9751410917552,0,0,0,0,0,0,0.694819599869068
L3,robust,time_trend_mean,-0.08998628257887518,15,0.9333333333333333,0.00542206846174185,0.0051987298493751805,0.010106634976926356,0.04014110689666666,0.012308007451556469,0.002279493116478429,0.0015535855682277185,4.8414882759725e-4,1.0092856222311961,704.9751410917552,0,0,0,0,0,0,0.694819599869068
L3,robust,time_trend_sd,0.045528614603915496,15,0.9333333333333333,0.0034334525261478376,0.004897950204084504,0.009362567246996462,0.03406886118666667,0.01056570938233507,0.0023279216543827847,0.0010083551952441692,3.152323748493931e-4,1.0092856222311961,704.9751410917552,0,0,0,0,0,0,0.694819599869068
L3,robust,treatment_effect_mean,-0.3374485596707819,15,0.6666666666666666,0.009710524434015244,-5.21155679218066e-4,0.04503627084709691,0.11079647943333333,0.033916128795613606,0.011753332071707106,0.004171317328069809,0.001305072803619383,1.0092856222311961,704.9751410917552,0,0,0,0,0,0,0.694819599869068
L3,robust,treatment_effect_sd,0.07626392697027408,15,0.26666666666666666,0.05770597149289259,0.06527304899372592,0.06110087214551368,0.10197792340999999,0.0314453730382079,0.005367477666490745,0.005200008990867753,0.0015911966803346751,1.0092856222311961,704.9751410917552,0,0,0,0,0,0,0.694819599869068
L4,normal,baseline_difference_sd,0,15,0,0.030130622958135733,0.02967369395345,0.03142791389308011,0.03212331130466666,0.009831432019825793,0.002388354661171006,5.353076904022378e-4,1.579416812213826e-4,1.0195273106855163,170.16003933735627,0,0,0,0,0,0,0.6112954257593969
L4,normal,time_trend_mean,-0.08998628257887518,15,0.8666666666666667,0.003141699564865185,0.005196222569375186,0.01355996758185921,0.042855555739999995,0.01307070776580187,0.0035254426739792814,0.002574848225313056,7.913782597070675e-4,1.0195273106855163,170.16003933735627,0,0,0,0,0,0,0.6112954257593969
L4,normal,time_trend_sd,0.045528614603915496,15,0.6666666666666666,0.006483458624726172,0.0070043421170845055,0.01474098488857829,0.03687775654333333,0.011409774342999834,0.0035381734568111075,0.0016932210589110745,5.076264313684133e-4,1.0195273106855163,170.16003933735627,0,0,0,0,0,0,0.6112954257593969
L4,normal,treatment_effect_mean,-0.3374485596707819,15,1,0.005653620567448577,0.008557162750781888,0.03547866992590458,0.1535819712,0.046745034021075695,0.009360908816496278,0.005408514209112649,0.0016624996177182572,1.0195273106855163,170.16003933735627,0,0,0,0,0,0,0.6112954257593969
L4,normal,treatment_effect_sd,0.07626392697027408,15,0,0.12804993459172592,0.1323255447297259,0.13108307825802418,0.12046340546666666,0.03754139839279238,0.0074927949041252925,0.004496773979099598,0.0013822824209402153,1.0195273106855163,170.16003933735627,0,0,0,0,0,0,0.6112954257593969
L4,robust,baseline_difference_sd,0,15,0,0.030266583045566415,0.0296383175784,0.03158703139504025,0.03226994279933333,0.009879223881020685,0.0024153453331487813,6.406637048097868e-4,1.749225325494066e-4,1.006806890238386,501.5964596647986,0,0,0,0,0,0,0.6478533558569293
L4,robust,time_trend_mean,-0.08998628257887518,15,0.8666666666666667,0.0034306113952788514,0.006066670386380188,0.013675935046613942,0.04236772227999999,0.013106013296988659,0.0035381805741468955,0.002316161201235755,7.134965435101034e-4,1.006806890238386,501.5964596647986,0,0,0,0,0,0,0.6478533558569293
L4,robust,time_trend_sd,0.045528614603915496,15,0.6666666666666666,0.006434189852557838,0.007852450402084502,0.014568412491946616,0.03629618034,0.011369703000984175,0.003493257213922967,0.0015538153700465074,4.968797071042253e-4,1.006806890238386,501.5964596647986,0,0,0,0,0,0,0.6478533558569293
L4,robust,treatment_effect_mean,-0.3374485596707819,15,1,0.0046510200553485795,0.01011913585078189,0.03166816554179615,0.14783000589999998,0.04538488094991767,0.008371894824041371,0.005547145746342118,0.001657146456148324,1.006806890238386,501.5964596647986,0,0,0,0,0,0,0.6478533558569293
L4,robust,treatment_effect_sd,0.07626392697027408,15,0,0.10794865599799258,0.11233109710672591,0.11081262414807776,0.1287611594,0.039998715713513065,0.006689679358161691,0.004594152592954804,0.0014691318501363242,1.006806890238386,501.5964596647986,0,0,0,0,0,0,0.6478533558569293
L5,normal,baseline_difference_sd,0,15,0,0.028160941700478333,0.02888289136755,0.02950624804099376,0.031046839955766663,0.009472100872770343,0.002354024456707954,9.852148502540064e-4,2.7545238435732654e-4,1.049081191698342,102.46041590677929,0,0,0,0,0,0,0.5921115349107854
L5,normal,time_trend_mean,-0.08998628257887518,15,0.9333333333333333,-7.722240875281496e-4,-0.003842635166624822,0.010273901310617443,0.038212433956666667,0.011617442628403755,0.0027380482895009634,0.002177026321176019,6.464128786405833e-4,1.049081191698342,102.46041590677929,0,0,0,0,0,0,0.5921115349107854
L5,normal,time_trend_sd,0.045528614603915496,15,0.8,-2.1870167529536254e-4,-0.0024163705734154967,0.012300553885940183,0.033672704933333325,0.010440998238257533,0.003286941647077994,0.0012318377348595239,3.865052897888921e-4,1.049081191698342,102.46041590677929,0,0,0,0,0,0,0.5921115349107854
L5,normal,treatment_effect_mean,-0.3374485596707819,15,0.8,-0.0018630715872347547,-0.001167819654218083,0.048843956959427254,0.16980947643333336,0.05209513806320761,0.013044596844548376,0.0032597788052970687,0.0010217231111765226,1.049081191698342,102.46041590677929,0,0,0,0,0,0,0.5921115349107854
L5,normal,treatment_effect_sd,0.07626392697027408,15,0,0.1483777110943926,0.1485449065247259,0.14928939948718828,0.12965786029999998,0.04085184880958903,0.004402756033232048,0.002761779107090536,9.015748478340202e-4,1.049081191698342,102.46041590677929,0,0,0,0,0,0,0.5921115349107854
L5,robust,baseline_difference_sd,0,15,0,0.027876870898515017,0.02922238949048,0.029214536494975758,0.031057324023033333,0.0095248522296571,0.002335582085962985,9.665517780371464e-4,2.55887444818178e-4,1.0082319516156157,405.221601034591,0,0,0,0,0,0,0.6291684478521691
L5,robust,time_trend_mean,-0.08998628257887518,15,0.9333333333333333,-8.818018299914798e-4,-0.004830686411624818,0.010240919223450218,0.03802662617666666,0.0116394429392069,0.0027268355819502037,0.002133287889576216,6.512764033150452e-4,1.0082319516156157,405.221601034591,0,0,0,0,0,0,0.6291684478521691
L5,robust,time_trend_sd,0.045528614603915496,15,0.8,-2.4108069834583e-4,-0.0017878070244154928,0.01240925642850047,0.03416160639233333,0.01058968469564139,0.0033158873538204057,0.001111162305660735,3.641219030676012e-4,1.0082319516156157,405.221601034591,0,0,0,0,0,0,0.6291684478521691
L5,robust,treatment_effect_mean,-0.3374485596707819,15,0.8666666666666667,-0.0036959382381847594,-0.005208896234218108,0.04653900566223082,0.16607674423333332,0.050908065463565536,0.012398787638223448,0.0035535309509495865,0.0010343800895976016,1.0082319516156157,405.221601034591,0,0,0,0,0,0,0.6291684478521691
L5,robust,treatment_effect_sd,0.07626392697027408,15,0,0.13543228335022592,0.13653941376972595,0.13646487986443245,0.13607908063333335,0.042502850316443026,0.004478201671574491,0.002716773451653083,8.318494248695899e-4,1.0082319516156157,405.221601034591,0,0,0,0,0,0,0.6291684478521691
M1,full,baseline_difference_sd,0,45,0,0.022689627724195634,0.0217548311190209,0.02423533364592778,0.03366352758175555,0.010369256900857774,0.0012839232371104157,6.562446317156714e-4,1.8684243397176678e-4,1.0284350034594139,223.5134527346941,0,0.5111111111111111,8,0.26666666666666666,0,0,0.6144741631602303
M1,full,time_trend_mean,0,45,0.9111111111111111,4.795643520275057e-4,7.791773972507e-4,0.006862632933697807,0.023705146248566664,0.007270289103850688,0.0010320516725847398,4.1130165184867875e-4,1.301846029723029e-4,1.0284350034594139,223.5134527346941,0,0.5111111111111111,8,0.26666666666666666,0,0,0.6144741631602303
M1,full,time_trend_sd,0,45,0,0.01371665849714155,0.012268988858491,0.014630279658477897,0.026303238307433332,0.008244690957366851,7.67202156570854e-4,8.114821428883309e-4,2.4019988283860736e-4,1.0284350034594139,223.5134527346941,0,0.5111111111111111,8,0.26666666666666666,0,0,0.6144741631602303
M1,full,treatment_effect_mean,-0.3374485596707819,45,0.8444444444444444,6.693857724485793e-4,0.001816773770781932,0.017468874512329483,0.054355397077777784,0.01660649788373765,0.0026315977665460114,0.0010194005375041655,3.216838383940184e-4,1.0284350034594139,223.5134527346941,0,0.5111111111111111,8,0.26666666666666666,0,0,0.6144741631602303
M1,full,treatment_effect_sd,0.07626392697027408,45,0.9111111111111111,0.0013796966332592542,0.001887534305725927,0.013514487063792675,0.04099167504222222,0.012638028020949172,0.002026740541527839,8.555911955230343e-4,2.658868963547588e-4,1.0284350034594139,223.5134527346941,0,0.5111111111111111,8,0.26666666666666666,0,0,0.6144741631602303
M1,naive,baseline_difference_sd,0,45,0,0.022619268672145136,0.022010214543525,0.024114709329913362,0.033743889269844445,0.010413575884120372,0.0012603020092920385,6.933425847051413e-4,1.9187306108925628e-4,1.014406443844795,244.01790926195648,0,0.13333333333333333,3,0.06666666666666667,0,0,0.5402892866668579
M1,naive,time_trend_mean,0,45,0.8444444444444444,5.417618178462378e-4,-4.915389244097e-4,0.007166404161521843,0.023455939756788887,0.007216508436790171,0.0010772844937303482,4.599939787867138e-4,1.453748936642789e-4,1.014406443844795,244.01790926195648,0,0.13333333333333333,3,0.06666666666666667,0,0,0.5402892866668579
M1,naive,time_trend_sd,0,45,0,0.013868534722569766,0.01225779293416675,0.014824751260543877,0.026719548773766665,0.008365521211197274,7.896632565656475e-4,7.86534133469725e-4,2.2430728740626047e-4,1.014406443844795,244.01790926195648,0,0.13333333333333333,3,0.06666666666666667,0,0,0.5402892866668579
M1,naive,treatment_effect_mean,-0.3374485596707819,45,0.8444444444444444,0.0011324649043374677,0.0012307113657819002,0.016923409281210607,0.050853545388888886,0.01553937324468701,0.002545581309480702,0.0011607749597231133,3.4940841428196187e-4,1.014406443844795,244.01790926195648,0,0.13333333333333333,3,0.06666666666666667,0,0,0.5402892866668579
M1,naive,treatment_effect_sd,0.07626392697027408,45,0.8888888888888888,0.0020386467889925877,0.0024169288372259262,0.013446132074962154,0.03983920843222222,0.012344197022326673,0.0020036466019772337,8.32433797051619e-4,2.534028888931764e-4,1.014406443844795,244.01790926195648,0,0.13333333333333333,3,0.06666666666666667,0,0,0.5402892866668579
M2,full,baseline_difference_sd,0,45,0,0.025588009734750783,0.02275598264192,0.02800236761035705,0.03408103542201111,0.010575961184400998,0.0017148174405873548,6.3814846976773e-4,1.8910287888967997e-4,1.0103567606666801,405.2259146322594,0,0,0,0,0,0,0.6140090166738755
M2,full,time_trend_mean,0,45,0.8888888888888888,-4.183995082483016e-4,-9.252896723317e-4,0.012687045749411274,0.04393760463595444,0.013455352493170508,0.0019116037513704192,9.253292763241525e-4,2.831613345812296e-4,1.0103567606666801,405.2259146322594,0,0,0,0,0,0,0.6140090166738755
M2,full,time_trend_sd,0.044444444444444446,45,0.9333333333333333,0.004900765284206665,0.006805354002055557,0.011197479065900233,0.0381942728,0.011819365603318931,0.0015178186879710922,7.318321952624198e-4,2.24553610797573e-4,1.0103567606666801,405.2259146322594,0,0,0,0,0,0,0.6140090166738755
M2,full,treatment_effect_mean,-0.3374485596707819,45,0.8888888888888888,4.992512087819095e-4,-0.0010870739542180874,0.016591269345846794,0.060441073133333335,0.01843934750634144,0.002500095301533366,0.0014016716210583288,4.2287466793385574e-4,1.0103567606666801,405.2259146322594,0,0,0,0,0,0,0.6140090166738755
M2,full,treatment_effect_sd,0.07626392697027408,45,0.8666666666666667,0.003714734365859121,0.0024076992527259228,0.019113200866976293,0.04891410171688888,0.015111526184992726,0.002826478679673255,9.122836422655109e-4,2.8168410460579395e-4,1.0103567606666801,405.2259146322594,0,0,0,0,0,0,0.6140090166738755
M2,naive,baseline_difference_sd,0,45,0,0.025525603066352532,0.0223378979659885,0.027917703523133743,0.03418883646867778,0.010560160595355894,0.0017045511146273863,6.406388753111304e-4,1.8192686107370654e-4,1.015914092764822,332.0921095698943,0,0,0,0,0,0,0.595391043436475
M2,naive,time_trend_mean,0,45,0.8444444444444444,-1.2462764485567543e-4,-0.003550118546069,0.01447621555697256,0.0479463843854,0.01469381859300707,0.002182290731412918,0.0013619912806205443,4.0995802966308333e-4,1.015914092764822,332.0921095698943,0,0,0,0,0,0,0.595391043436475
M2,naive,time_trend_sd,0.044444444444444446,45,0.9111111111111111,0.005815863105759887,0.007680240161055556,0.01264924037194903,0.04176025888444444,0.0130943479825663,0.0016934299400544646,8.696691450731728e-4,2.7512039525623373e-4,1.015914092764822,332.0921095698943,0,0,0,0,0,0,0.595391043436475
M2,naive,treatment_effect_mean,-0.3374485596707819,45,0.8888888888888888,-2.2125707329198914e-5,-7.590095692180943e-4,0.01706108116530089,0.05629798306666667,0.017141725483974492,0.0025720525981740906,0.0014204101659943118,4.309290797164514e-4,1.015914092764822,332.0921095698943,0,0,0,0,0,0,0.595391043436475
M2,naive,treatment_effect_sd,0.07626392697027408,45,0.6888888888888889,0.011574240087092588,0.010058943050225921,0.02007212909222392,0.04445333962444444,0.013714515396257749,0.002472242875228708,0.0010203192163048228,3.168161567472196e-4,1.015914092764822,332.0921095698943,0,0,0,0,0,0,0.595391043436475
M3,full,baseline_difference_sd,0,45,0,0.025457676132193553,0.02187518885992,0.0278506558509211,0.034090614435577773,0.010524688844517236,0.0017027101210262384,6.372309865200705e-4,1.8112561370498494e-4,1.0140092392205073,263.19543083635534,0,0,0,0,0,0,0.5587540619738196
M3,full,time_trend_mean,0,45,0.8444444444444444,-0.0025733040503819046,-0.00170968805754545,0.021448791274481835,0.07128829688448889,0.02173084071860492,0.003210171170034736,0.0014484682917854739,4.459412643373937e-4,1.0140092392205073,263.19543083635534,0,0,0,0,0,0,0.5587540619738196
M3,full,time_trend_sd,0.08888888888888889,45,0.9333333333333333,0.005498724302533329,0.006501506157111106,0.016012867392992264,0.055842050245555545,0.01720828940017339,0.002267236770279289,0.0011312306131007793,3.4954095034801677e-4,1.0140092392205073,263.19543083635534,0,0,0,0,0,0,0.5587540619738196
M3,full,treatment_effect_mean,-0.3374485596707819,45,0.8666666666666667,8.902951692263566e-4,-0.0024271979692180867,0.016576274248769163,0.06715058847777777,0.0205271343798208,0.0024953604334392436,0.0018141455132142828,5.525779286327431e-4,1.0140092392205073,263.19543083635534,0,0,0,0,0,0,0.5587540619738196
M3,full,treatment_effect_sd,0.07626392697027408,45,0.8444444444444444,0.005692733102716798,0.004702647710225924,0.023158079369576454,0.05719984279377777,0.01768810800212837,0.0033840851788818887,0.0013716567206174322,4.20686514560354e-4,1.0140092392205073,263.19543083635534,0,0,0,0,0,0,0.5587540619738196
M3,naive,baseline_difference_sd,0,45,0,0.025644157020672853,0.021781792039383,0.028052981323437698,0.03429955656775555,0.010630770404804177,0.0017145564747997404,6.725863526358616e-4,1.939316984453263e-4,1.0344573839673386,122.99078838573425,0,0,0,0,0,0,0.5936495102041165
M3,naive,time_trend_mean,0,45,0.8888888888888888,-7.739048120691061e-4,-0.0031734717159084998,0.026160042748329174,0.08742991260496666,0.02682162444402373,0.003942048694225175,0.002454661727745174,7.386463289016442e-4,1.0344573839673386,122.99078838573425,0,0,0,0,0,0,0.5936495102041165
M3,naive,time_trend_sd,0.08888888888888889,45,0.9333333333333333,0.010214234034677774,0.008378590529111107,0.02140619615363496,0.07137957838555554,0.022701885211744835,0.0028360289813428403,0.0018950365620111452,6.083435120535271e-4,1.0344573839673386,122.99078838573425,0,0,0,0,0,0,0.5936495102041165
M3,naive,treatment_effect_mean,-0.3374485596707819,45,0.8888888888888888,-0.0015186209184403117,-0.0011082333642181141,0.019296712490004263,0.06659655316666667,0.020350859345103937,0.002900066235246588,0.001853671749537706,5.608146667798169e-4,1.0344573839673386,122.99078838573425,0,0,0,0,0,0,0.5936495102041165
M3,naive,treatment_effect_sd,0.07626392697027408,45,0.37777777777777777,0.029559838888948142,0.028885693362725923,0.03562478302224931,0.05177360659,0.015999607859840646,0.002997503090610931,0.0012740320082411786,4.0178084559447976e-4,1.0344573839673386,122.99078838573425,0,0,0,0,0,0,0.5936495102041165
M4,full,baseline_difference_sd,0,45,0,0.025507608629923,0.022717269919275,0.02791376997579861,0.034134918484766665,0.010534537199338218,0.0017092027397462874,6.8525147204011e-4,2.0021841783367928e-4,1.0117454238325763,308.0803041450278,0,0,0,0,0,0,0.5710741241174047
M4,full,time_trend_mean,0,45,0.8888888888888888,-0.004104649154368321,-0.00357148657789795,0.030315138602307844,0.09766767763848888,0.029717553396946296,0.004528092824991852,0.0018417387853938494,5.611453751637258e-4,1.0117454238325763,308.0803041450278,0,0,0,0,0,0,0.5710741241174047
M4,full,time_trend_sd,0.13333333333333333,45,0.9333333333333333,0.007315422721444446,0.007467163507166669,0.02207427043774842,0.07545176842888889,0.023358728741677666,0.0031397669491012897,0.001549625354178437,4.758771432146763e-4,1.0117454238325763,308.0803041450278,0,0,0,0,0,0,0.5710741241174047
M4,full,treatment_effect_mean,-0.3374485596707819,45,0.8666666666666667,0.0010136051166708003,-3.71745914218069e-4,0.01719943606934309,0.07192877785555556,0.021981302104175048,0.0025884059932131573,0.0022955920274215103,6.95063004813294e-4,1.0117454238325763,308.0803041450278,0,0,0,0,0,0,0.5710741241174047
M4,full,treatment_effect_sd,0.07626392697027408,45,0.8444444444444444,0.007097520403476576,0.0035908133857259217,0.025855714948986006,0.06242853395977777,0.019408430522552898,0.0037481607600063234,0.0017315778764393326,5.390065306289591e-4,1.0117454238325763,308.0803041450278,0,0,0,0,0,0,0.5710741241174047
M4,naive,baseline_difference_sd,0,45,0,0.0256104977811385,0.02175768985867155,0.02800772610272372,0.03445097058472222,0.010633209018216065,0.0017091672935798262,6.817951263642879e-4,1.9389707825362963e-4,1.0219467552796333,139.06933855743674,0,0,0,0,0,0,0.5701882741149991
M4,naive,time_trend_mean,0,45,0.9111111111111111,-0.0013055870207812406,-0.008254208898354,0.03786127320382392,0.12892886919855553,0.03957758808624231,0.005704407090426908,0.0036036068225995866,0.0011107793922895412,1.0219467552796333,139.06933855743674,0,0,0,0,0,0,0.5701882741149991
M4,naive,time_trend_sd,0.13333333333333333,45,0.8888888888888888,0.014775438962800001,0.012322457198666675,0.03137989460072983,0.10192413509444444,0.03230870218866331,0.004173466481043952,0.0028305618660389733,9.361599916609101e-4,1.0219467552796333,139.06933855743674,0,0,0,0,0,0,0.5701882741149991
M4,naive,treatment_effect_mean,-0.3374485596707819,45,0.9111111111111111,-0.0030306896238847564,-0.005118419069218116,0.023338345111124904,0.08024776742222221,0.024422842413316742,0.003488595943569838,0.0023266487443377878,7.08156446682267e-4,1.0219467552796333,139.06933855743674,0,0,0,0,0,0,0.5701882741149991
M4,naive,treatment_effect_sd,0.07626392697027408,45,0.1111111111111111,0.053667409935092586,0.050030211391725934,0.05927250607766742,0.06233563494999999,0.019192478816279748,0.003793053122563328,0.001630559974856384,5.054147588234307e-4,1.0219467552796333,139.06933855743674,0,0,0,0,0,0,0.5701882741149991
M5,full,baseline_difference_sd,0,45,0,0.025506922061501423,0.02316158524313,0.02791324924303945,0.03414200756052222,0.010588565464000351,0.0017092423245172815,6.381984029260739e-4,1.86889932935834e-4,1.0320998923062177,92.71436505871559,0,0,0,0,0,0,0.6288071578455726
M5,full,time_trend_mean,0,45,0.9111111111111111,-0.007579124470774194,-0.008010479642918,0.04799354170456744,0.15177398522244442,0.04614200218737631,0.007144509840055454,0.002899430925582841,8.694133728677968e-4,1.0320998923062177,92.71436505871559,0,0,0,0,0,0,0.6288071578455726
M5,full,time_trend_sd,0.22222222222222224,45,0.9333333333333333,0.012470762149977763,0.01536552837277777,0.03420367940134659,0.11593060673333332,0.03578884512652245,0.004801448114865458,0.002450494516202553,7.414038635010901e-4,1.0320998923062177,92.71436505871559,0,0,0,0,0,0,0.6288071578455726
M5,full,treatment_effect_mean,-0.3374485596707819,45,0.9333333333333333,0.0011433504678930216,-0.0021265131792180814,0.017531177165640847,0.07710892008888888,0.023666650678310662,0.0026372976980607865,0.00289164679314577,8.769492342455963e-4,1.0320998923062177,92.71436505871559,0,0,0,0,0,0,0.6288071578455726
M5,full,treatment_effect_sd,0.07626392697027408,45,0.8222222222222222,0.008955365885941476,0.0035085934432259186,0.028879880487845056,0.06794834189277778,0.02114623157569195,0.004139194362875707,0.0028304420366373397,9.042914063602597e-4,1.0320998923062177,92.71436505871559,0,0,0,0,0,0,0.6288071578455726
M5,naive,baseline_difference_sd,0,45,0,0.025647179443535,0.021969005341597,0.02802399413381862,0.03445024300412222,0.010649256283905275,0.0017027146360725925,6.833598212492068e-4,1.9280921217982731e-4,1.0517875806953034,84.28407214213792,0.022222222222222223,0,0,0,0,0,0.6097355984892987
M5,naive,time_trend_mean,0,45,0.9111111111111111,-0.0016251339087690955,-0.009253284832811,0.06360328121279527,0.21430926462777777,0.06542812833909623,0.009585424921596144,0.006095026192140581,0.0018402423433500424,1.0517875806953034,84.28407214213792,0.022222222222222223,0,0,0,0,0,0.6097355984892987
M5,naive,time_trend_sd,0.22222222222222224,45,0.9111111111111111,0.024726915928722205,0.02042485944777775,0.05081146879187939,0.1692902850211111,0.05369314292108524,0.006691896370444895,0.00434386841487969,0.0013830018157203494,1.0517875806953034,84.28407214213792,0.022222222222222223,0,0,0,0,0,0.6097355984892987
M5,naive,treatment_effect_mean,-0.3374485596707819,45,0.9111111111111111,-0.005521230075662532,-0.0066846680692180804,0.03230341847355029,0.11304302322222222,0.03456108798982254,0.004798264041033509,0.0033851974706390077,0.0010286534599060527,1.0517875806953034,84.28407214213792,0.022222222222222223,0,0,0,0,0,0.6097355984892987
M5,naive,treatment_effect_sd,0.07626392697027408,45,0,0.10944100997883703,0.10708344167972593,0.11539650651103275,0.08562579903333332,0.026442794836784165,0.005516543404250107,0.0024916102779659944,7.811623865902288e-4,1.0517875806953034,84.28407214213792,0.022222222222222223,0,0,0,0,0,0.6097355984892987
M6,full,baseline_difference_sd,0,45,0,0.02550744531633484,0.0231718967881625,0.027878475436513794,0.0341748126606,0.01061944667134447,0.0016961160585457033,6.272111002446335e-4,1.8536511036935707e-4,1.0359003999978293,105.56863107252403,0,0,0,0,0,0,0.5927237890963607
M6,full,time_trend_mean,0,45,0.8888888888888888,-0.010188742135357982,-0.0099409600180629,0.06708332524795305,0.20724330619388887,0.0634468716656145,0.009995865122436918,0.0038589837391963724,0.0011641833805029122,1.0359003999978293,105.56863107252403,0,0,0,0,0,0,0.5927237890963607
M6,full,time_trend_sd,0.3111111111111111,45,0.9111111111111111,0.017284733414333325,0.02141119137388886,0.04402273328457053,0.15504376896666666,0.047865665772934995,0.006103722851744333,0.002939527536272409,9.165136314576615e-4,1.0359003999978293,105.56863107252403,0,0,0,0,0,0,0.5927237890963607
M6,full,treatment_effect_mean,-0.3374485596707819,45,0.9333333333333333,0.001082284889893021,-0.0017601439192180823,0.017868792756454876,0.07812825331111112,0.024139486892731574,0.0026888761338921185,0.002922995674878625,9.067341698181783e-4,1.0359003999978293,105.56863107252403,0,0,0,0,0,0,0.5927237890963607
M6,full,treatment_effect_sd,0.07626392697027408,45,0.8222222222222222,0.009130667823173809,0.003752155443725924,0.027953886463306113,0.06962898015766666,0.02187775341236539,0.0039830626450299954,0.002937498154098799,9.508681740617436e-4,1.0359003999978293,105.56863107252403,0,0,0,0,0,0,0.5927237890963607
M6,naive,baseline_difference_sd,0,45,0,0.025884790471568588,0.022163331120394,0.02832326054298599,0.03472164174074444,0.010752007054814525,0.0017332622292086514,7.012234926696121e-4,2.0464317292287352e-4,1.0346231723997934,108.3836334363219,0,0,0,0,0,0,0.5631589486812952
M6,naive,time_trend_mean,0,45,0.9111111111111111,-0.004286872040094784,-0.0115180768347653,0.08659253970890128,0.29775019776333334,0.09148740513464688,0.013038309515833348,0.008482261431239134,0.002663849594167906,1.0346231723997934,108.3836334363219,0,0,0,0,0,0,0.5631589486812952
M6,naive,time_trend_sd,0.3111111111111111,45,0.8888888888888888,0.03617003342018889,0.03601274486888889,0.07264239002455722,0.23776829599999996,0.07496416240342145,0.009497183207837696,0.006526140541859277,0.0019881536328344497,1.0346231723997934,108.3836334363219,0,0,0,0,0,0,0.5631589486812952
M6,naive,treatment_effect_mean,-0.3374485596707819,45,0.9111111111111111,-0.009627594744518088,-0.006664574824218061,0.04460834238664588,0.15081269325555557,0.04587667705097817,0.006566467207645279,0.004706127141699672,0.001411895599338434,1.0346231723997934,108.3836334363219,0,0,0,0,0,0,0.5631589486812952
M6,naive,treatment_effect_sd,0.07626392697027408,45,0,0.17037355897821482,0.1710632609197259,0.17742622393824364,0.11218962755555555,0.03472697425627045,0.007466463416931478,0.0034311412920565243,0.0010681550459813597,1.0346231723997934,108.3836334363219,0,0,0,0,0,0,0.5631589486812952
N1,full,baseline_difference_sd,0,15,0,0.03180670184425646,0.029909116140135,0.03301657153961198,0.04647275763233333,0.014487256231151796,0.0023668501374021576,0.0010978487421929256,3.308479356833033e-4,1.0137308255859914,273.0575644675455,0,0.2,3,0.06666666666666667,0,0,0.621834538567699
N1,full,time_trend_mean,-0.08998628257887518,15,0.8,0.007364531348998186,0.00694478120757519,0.014491013201490276,0.055905875103333336,0.016982792546350205,0.003335449655008927,0.004082348694666591,0.001246193126925227,1.0137308255859914,273.0575644675455,0,0.2,3,0.06666666666666667,0,0,0.621834538567699
N1,full,time_trend_sd,0.045528614603915496,15,0.8,0.003397500459949874,0.0016212243790845043,0.01942616906871299,0.05130790104766666,0.016102548225648685,0.005111842240683194,0.0027888764682584546,8.765512534933253e-4,1.0137308255859914,273.0575644675455,0,0.2,3,0.06666666666666667,0,0,0.621834538567699
N1,full,treatment_effect_mean,-0.3374485596707819,15,0.7333333333333333,-0.005573839321218095,-0.010359740864218092,0.02675614774318122,0.08075496659999998,0.024819103865970575,0.006993996186915217,0.004652180131518812,0.0014284406625414883,1.0137308255859914,273.0575644675455,0,0.2,3,0.06666666666666667,0,0,0.621834538567699
N1,full,treatment_effect_sd,0.07626392697027408,15,0.8,0.013452454508872587,0.01055133100622592,0.03279829901570269,0.06790119901666666,0.021185771770336138,0.007994461859893822,0.0033415975868389966,0.0010841985736604089,1.0137308255859914,273.0575644675455,0,0.2,3,0.06666666666666667,0,0,0.621834538567699
N1,naive,baseline_difference_sd,0,15,0,0.03174323548762141,0.03000496556319,0.032954601062904335,0.04679114265166666,0.01451526259113308,0.002366020347584707,0.0011443023260304965,3.7561679967043084e-4,1.012597705285913,165.879610525595,0,0.06666666666666667,1,0.06666666666666667,0,0,0.6151083262218806
N1,naive,time_trend_mean,-0.08998628257887518,15,0.8,0.005872458510366519,0.010751539230875184,0.017342484669650025,0.060652073509999994,0.018890935737021154,0.004361159786448275,0.005436832073313077,0.0016813483100177472,1.012597705285913,165.879610525595,0,0.06666666666666667,1,0.06666666666666667,0,0,0.6151083262218806
N1,naive,time_trend_sd,0.045528614603915496,15,0.8,0.005353181526951588,0.010309189443084503,0.022476748051209708,0.057624704102466666,0.018901180886993114,0.005834305262209665,0.004057118783093668,0.001478005766224841,1.012597705285913,165.879610525595,0,0.06666666666666667,1,0.06666666666666667,0,0,0.6151083262218806
N1,naive,treatment_effect_mean,-0.3374485596707819,15,0.4666666666666667,-0.04498988442221809,-0.046977042814218106,0.05080300592211881,0.08104049263333332,0.0246710108966051,0.006306774760968766,0.006743197705463881,0.002027679893447231,1.012597705285913,165.879610525595,0,0.06666666666666667,1,0.06666666666666667,0,0,0.6151083262218806
N1,naive,treatment_effect_sd,0.07626392697027408,15,0.5333333333333333,0.026999570844359253,0.017081973917725923,0.04197798781605201,0.06467557260666666,0.020137624531960767,0.008590587188084064,0.004535164111153189,0.001443492856815018,1.012597705285913,165.879610525595,0,0.06666666666666667,1,0.06666666666666667,0,0,0.6151083262218806
N2,full,baseline_difference_sd,0,15,0,0.02119137012605583,0.0183808169259725,0.022921504358517624,0.03919238927036666,0.012327655841686328,0.0023348477196910486,0.002437598835356557,6.754632675855837e-4,1.009216347548938,340.83065843251154,0,0,0,0,0,0,0.6448486029447614
N2,full,time_trend_mean,-0.08998628257887518,15,0.8666666666666667,-0.007349465682388149,-0.007115013048124813,0.01652799872619207,0.059965471423333326,0.018463058754831223,0.00395655059071486,0.004494424370320064,0.001351827438209769,1.009216347548938,340.83065843251154,0,0,0,0,0,0,0.6448486029447614
N2,full,time_trend_sd,0.045528614603915496,15,0.8666666666666667,0.005335772555814137,0.0032780871975845033,0.01675872131321711,0.05484458291333333,0.01721467872432804,0.004245874226711133,0.00386259903761961,0.001196333428494899,1.009216347548938,340.83065843251154,0,0,0,0,0,0,0.6448486029447614
N2,full,treatment_effect_mean,-0.3374485596707819,15,0.8666666666666667,-0.012549841183551425,-0.00973406630421808,0.028014450878866625,0.0847623082,0.02589505531316292,0.006693872167416936,0.003562356597247243,0.0010951061328924874,1.009216347548938,340.83065843251154,0,0,0,0,0,0,0.6448486029447614
N2,full,treatment_effect_sd,0.07626392697027408,15,0.7333333333333333,0.014498635387152589,0.012192067278725918,0.023000442482731587,0.06991419462,0.021647441868628627,0.0047720160931941135,0.0037048168448817575,0.0011349974265349235,1.009216347548938,340.83065843251154,0,0,0,0,0,0,0.6448486029447614
N2,naive,baseline_difference_sd,0,15,0,0.02085077314736409,0.01880603183159,0.02252813838362514,0.039039500756666665,0.012185835480853372,0.0022797599840604314,0.00238871300510677,6.613936984497541e-4,1.0164777151857907,227.70193535394762,0,0,0,0,0,0,0.5961853375273193
N2,naive,time_trend_mean,-0.08998628257887518,15,1,0.005210931274246185,0.00553610788887518,0.016706950607835423,0.058238160856666665,0.018088401985696615,0.004242374620318667,0.003333662746136372,0.0010137114935256945,1.0164777151857907,227.70193535394762,0,0,0,0,0,0,0.5961853375273193
N2,naive,time_trend_sd,0.045528614603915496,15,1,0.0029859540808272376,0.004015036187334502,0.013788276676095603,0.055219002931333326,0.017893814102245595,0.003597624731519327,0.0021227204023898717,7.71458700719211e-4,1.0164777151857907,227.70193535394762,0,0,0,0,0,0,0.5961853375273193
N2,naive,treatment_effect_mean,-0.3374485596707819,15,0.3333333333333333,-0.0665756135202181,-0.06257117953921809,0.06938542686390829,0.09890413040000003,0.030150466971463154,0.0052237448628718415,0.0034727037633718897,0.0010822386684998589,1.0164777151857907,227.70193535394762,0,0,0,0,0,0,0.5961853375273193
N2,naive,treatment_effect_sd,0.07626392697027408,15,0.06666666666666667,0.052554999327625924,0.04966357240222592,0.055689291417486124,0.07834369929333333,0.024471557607089238,0.004922754921607356,0.0026309745430176893,8.119717250491395e-4,1.0164777151857907,227.70193535394762,0,0,0,0,0,0,0.5961853375273193
N3,full,baseline_difference_sd,0,15,0,0.02628123142707985,0.023000468378115,0.02908045715487581,0.040800473866499994,0.012893204700581406,0.003327052138077858,0.0017147854241794072,5.002685401268926e-4,1.0124750942405274,246.3083673070846,0,0.13333333333333333,2,0.06666666666666667,0,0,0.6453089270393892
N3,full,time_trend_mean,-0.08998628257887518,15,0.9333333333333333,-0.013107972247378148,-0.010434557716624812,0.01952816402835168,0.06813764953666666,0.02110058011904102,0.003868649209443346,0.0050052342118950275,0.0015339768398345026,1.0124750942405274,246.3083673070846,0,0.13333333333333333,2,0.06666666666666667,0,0,0.6453089270393892
N3,full,time_trend_sd,0.045528614603915496,15,0.8,0.011446092314934639,0.012399105827584501,0.0237049301517561,0.06245317233166666,0.01959234451237308,0.005547912633321974,0.0035833648828761657,0.0011385431893344486,1.0124750942405274,246.3083673070846,0,0.13333333333333333,2,0.06666666666666667,0,0,0.6453089270393892
N3,full,treatment_effect_mean,-0.3374485596707819,15,0.6,-0.04416545454688475,-0.04099410511921808,0.0475531485386412,0.09781356869999999,0.03006625602070503,0.004711039926181983,0.0029999572109704014,9.505867229748157e-4,1.0124750942405274,246.3083673070846,0,0.13333333333333333,2,0.06666666666666667,0,0,0.6453089270393892
N3,full,treatment_effect_sd,0.07626392697027408,15,0.6666666666666666,0.02892486930373259,0.027543007936725927,0.03276851411176446,0.07897550989333334,0.024490418607773328,0.004115540693994051,0.0028388470225644675,8.723399825573486e-4,1.0124750942405274,246.3083673070846,0,0.13333333333333333,2,0.06666666666666667,0,0,0.6453089270393892
N3,naive,baseline_difference_sd,0,15,0,0.0261930472271863,0.024068164800915202,0.029006527063818545,0.040181485157366664,0.012692431979517747,0.0033306250942516757,0.0017204120270819861,5.099701191465648e-4,1.0281705664160041,189.45766189690332,0,0,0,0,0,0,0.5881957361487442
N3,naive,time_trend_mean,-0.08998628257887518,15,0.8666666666666667,0.004498994738207519,0.00744244413632518,0.016372485109158244,0.06255755437666666,0.019485434926334713,0.004207283777613613,0.005535650064447825,0.0017831132360094685,1.0281705664160041,189.45766189690332,0,0,0,0,0,0,0.5881957361487442
N3,naive,time_trend_sd,0.045528614603915496,15,0.8666666666666667,0.007634852036345169,-9.376837997654985e-4,0.023451744414739465,0.05832349608433333,0.018616890472517543,0.005926293412034804,0.003929110580182091,0.0012793894910102417,1.0281705664160041,189.45766189690332,0,0,0,0,0,0,0.5881957361487442
N3,naive,treatment_effect_mean,-0.3374485596707819,15,0,-0.10406708420821809,-0.1054161800542181,0.10515856251493415,0.11413358229999997,0.03487897500724818,0.004038787429476453,0.0031413729059333513,9.727070116692685e-4,1.0281705664160041,189.45766189690332,0,0,0,0,0,0,0.5881957361487442
N3,naive,treatment_effect_sd,0.07626392697027408,15,0,0.07449388304385926,0.07637420198672591,0.07616505937064881,0.08966970288333331,0.02799717554499793,0.004240768612799509,0.002660063552317234,7.85953113768753e-4,1.0281705664160041,189.45766189690332,0,0,0,0,0,0,0.5881957361487442
N4,full,baseline_difference_sd,0,15,0,0.026411818926437566,0.0219207462887855,0.02825808238634386,0.04212529606333333,0.01324388148989752,0.0026850783594640684,0.001536990695599365,4.602527237604611e-4,1.040695465208258,44.11127795571853,0,2.6,14,0.26666666666666666,0.2,0,0.659546645282115
N4,full,time_trend_mean,-0.08998628257887518,15,0.8666666666666667,-0.02209204131324815,-0.02139363128712482,0.026403892364406406,0.08207066152333332,0.025421993149321816,0.0038647421148940097,0.00810475500125908,0.0025000366688585577,1.040695465208258,44.11127795571853,0,2.6,14,0.26666666666666666,0.2,0,0.659546645282115
N4,full,time_trend_sd,0.045528614603915496,15,0.8666666666666667,0.012173389957410505,0.016767096589634503,0.02182010404646804,0.08118451742333332,0.025601081808410298,0.004839757354775931,0.008873391211677106,0.002761606611927841,1.040695465208258,44.11127795571853,0,2.6,14,0.26666666666666666,0.2,0,0.659546645282115
N4,full,treatment_effect_mean,-0.3374485596707819,15,0.4666666666666667,-0.06742960420155142,-0.06674948194421809,0.07075839043526953,0.12297146416666666,0.037306492406585415,0.00573210441418808,0.008022162158259774,0.0023737717861748477,1.040695465208258,44.11127795571853,0,2.6,14,0.26666666666666666,0.2,0,0.659546645282115
N4,full,treatment_effect_sd,0.07626392697027408,15,0.4,0.05327886250857259,0.04455628110322592,0.06091652328082785,0.10581976269666665,0.032240120747454915,0.007892969830426222,0.009443151897772634,0.0026745205579960167,1.040695465208258,44.11127795571853,0,2.6,14,0.26666666666666666,0.2,0,0.659546645282115
N4,naive,baseline_difference_sd,0,15,0,0.02686495272725106,0.0220184332350135,0.028738546586831,0.042904643512999996,0.013346623705587342,0.002727876920218118,0.0018527412885010123,4.869379250417053e-4,1.023712240751083,242.69700261341956,0,0,0,0,0,0,0.5831756678336579
N4,naive,time_trend_mean,-0.08998628257887518,15,0.8666666666666667,-0.0029109358074764827,-0.005334673034124812,0.013187383877250896,0.05863022276666666,0.01827880699553547,0.003437540090682872,0.004205373224927359,0.0012916902307909183,1.023712240751083,242.69700261341956,0,0,0,0,0,0,0.5831756678336579
N4,naive,time_trend_sd,0.045528614603915496,15,0.8666666666666667,0.0034105413502050637,0.002171621175564506,0.016497882864603373,0.05522616615166666,0.01791425536263593,0.004314000022457738,0.002664012861262973,9.554224263016924e-4,1.023712240751083,242.69700261341956,0,0,0,0,0,0,0.5831756678336579
N4,naive,treatment_effect_mean,-0.3374485596707819,15,0,-0.13359880995655143,-0.13606301168421808,0.13532010108049447,0.13969252213333336,0.04241823057051433,0.005750079096527383,0.006468136365602382,0.00190411133339892,1.023712240751083,242.69700261341956,0,0,0,0,0,0,0.5831756678336579
N4,naive,treatment_effect_sd,0.07626392697027408,15,0,0.1080148908591926,0.10517830108672592,0.112513547490632,0.10761705063333334,0.033889102535489234,0.00841801521230091,0.004654810586061288,0.0013895403976301919,1.023712240751083,242.69700261341956,0,0,0,0,0,0,0.5831756678336579
N5,full,baseline_difference_sd,0,15,0,0.025026331455295935,0.022036678551084,0.02715146146202434,0.04045534191573333,0.012772890902690043,0.0028143077480903378,0.001801375098354146,5.379976517385637e-4,1.0294812896207246,110.89329507080029,0,0.2,3,0.06666666666666667,0,0,0.6896395176493616
N5,full,time_trend_mean,-0.08998628257887518,15,0.7333333333333333,-0.02908265359395815,-0.031483939962624816,0.03460049881655658,0.09151123302666667,0.02852316474150816,0.005009945667572272,0.009233737565074082,0.002967037331790367,1.0294812896207246,110.89329507080029,0,0.2,3,0.06666666666666667,0,0,0.6896395176493616
N5,full,time_trend_sd,0.045528614603915496,15,0.8666666666666667,0.017131634463648838,0.013012073406084505,0.025845609456919213,0.08213470214033332,0.026240973060352262,0.005172058368935852,0.00891121967541517,0.0029279870041571568,1.0294812896207246,110.89329507080029,0,0.2,3,0.06666666666666667,0,0,0.6896395176493616
N5,full,treatment_effect_mean,-0.3374485596707819,15,0.2,-0.08770869988155142,-0.0865310805892181,0.09196119224861522,0.13022118926666668,0.039955258254720315,0.0073874645025722415,0.007364128061315394,0.002283165128106618,1.0294812896207246,110.89329507080029,0,0.2,3,0.06666666666666667,0,0,0.6896395176493616
N5,full,treatment_effect_sd,0.07626392697027408,15,0.4,0.054112675186047586,0.05394845656072593,0.05960679070895594,0.10774949335,0.03336657034876681,0.00668039713763115,0.00784212851158499,0.0023747480857420687,1.0294812896207246,110.89329507080029,0,0.2,3,0.06666666666666667,0,0,0.6896395176493616
N5,naive,baseline_difference_sd,0,15,0,0.025055350907472542,0.023881405758042,0.027129355712286703,0.04031721660573333,0.012725609521445852,0.0027804333201242215,0.0017440369624949238,5.265129793301775e-4,1.0169855225850088,213.4089629351896,0,0,0,0,0,0,0.6306294776248512
N5,naive,time_trend_mean,-0.08998628257887518,15,1,-0.002338367383411686,-0.0018345521539248205,0.01290257653327096,0.061843767976666665,0.019082236491971723,0.003391254710671372,0.0032121919224900896,0.0010046277046218452,1.0169855225850088,213.4089629351896,0,0,0,0,0,0,0.6306294776248512
N5,naive,time_trend_sd,0.045528614603915496,15,0.8666666666666667,0.005454643632160438,0.004415887576084507,0.014410688352972911,0.05620303315566666,0.018188174659198923,0.0035648562548924413,0.0023263630509615047,7.464975249406228e-4,1.0169855225850088,213.4089629351896,0,0,0,0,0,0,0.6306294776248512
N5,naive,treatment_effect_mean,-0.3374485596707819,15,0,-0.16216438734588476,-0.16900162862921808,0.16415579602311103,0.14456478533333336,0.04410939946477154,0.0068129962189663095,0.0043091312322038515,0.0013313830549550975,1.0169855225850088,213.4089629351896,0,0,0,0,0,0,0.6306294776248512
N5,naive,treatment_effect_sd,0.07626392697027408,15,0,0.11630537027042592,0.11137751940972591,0.11817980471474934,0.11244551426666667,0.03514156803916636,0.005603105571756094,0.003117905961121586,9.42639320895327e-4,1.0169855225850088,213.4089629351896,0,0,0,0,0,0,0.6306294776248512
N6,full,baseline_difference_sd,0,15,0,0.023579809107526564,0.022004562045416,0.025310365407393603,0.04183546400273333,0.013032531102985336,0.0024583269500733054,0.0022720345806527226,6.799083566584333e-4,1.0248950349232524,84.14275188892506,0,2.533333333333333,35,0.2,0.06666666666666667,0,0.6810869197432473
N6,full,time_trend_mean,-0.08998628257887518,15,0.8,-0.023951567890739815,-0.01575125962577481,0.04863994221210246,0.10959914243666666,0.033963824219661515,0.011314233683954875,0.013458744585839375,0.0041110887011568415,1.0248950349232524,84.14275188892506,0,2.533333333333333,35,0.2,0.06666666666666667,0,0.6810869197432473
N6,full,time_trend_sd,0.045528614603915496,15,0.6,0.028876860003157437,0.0257993884640845,0.04821303541199378,0.099421111151,0.031384695756285386,0.01031858150549017,0.011409998131837332,0.00369958692430703,1.0248950349232524,84.14275188892506,0,2.533333333333333,35,0.2,0.06666666666666667,0,0.6810869197432473
N6,full,treatment_effect_mean,-0.3374485596707819,15,0.06666666666666667,-0.12114208075621809,-0.12206352696921807,0.1317066955902891,0.15556732483333333,0.04827342282113141,0.013813166424432621,0.007829251665737485,0.002549015662014685,1.0248950349232524,84.14275188892506,0,2.533333333333333,35,0.2,0.06666666666666667,0,0.6810869197432473
N6,full,treatment_effect_sd,0.07626392697027408,15,0.4666666666666667,0.07723090350484359,0.08388451541422591,0.09020369381162123,0.13489251200033334,0.04104267714197316,0.01245590485640747,0.008372900839602215,0.0026923891433902336,1.0248950349232524,84.14275188892506,0,2.533333333333333,35,0.2,0.06666666666666667,0,0.6810869197432473
N6,naive,baseline_difference_sd,0,15,0,0.023675752583510748,0.02225457708297,0.025394068995101455,0.04115193004923333,0.012903958152150669,0.002454114325727266,0.002174648962642542,6.44735271426826e-4,1.0139873835176427,179.55793595594145,0,0,0,0,0,0,0.569045663321343
N6,naive,time_trend_mean,-0.08998628257887518,15,0.6666666666666666,0.012817838951718851,0.016283770501400188,0.025143287193380465,0.063609711839,0.01962999405466303,0.005781052150261533,0.005345437996240614,0.0016270420903347403,1.0139873835176427,179.55793595594145,0,0,0,0,0,0,0.569045663321343
N6,naive,time_trend_sd,0.045528614603915496,15,0.6666666666666666,0.008394353736925018,0.013175768959584507,0.023029702680010603,0.06137680866966666,0.019573712810488798,0.0057315046071756545,0.0041057700438013375,0.001357188452242781,1.0139873835176427,179.55793595594145,0,0,0,0,0,0,0.569045663321343
N6,naive,treatment_effect_mean,-0.3374485596707819,15,0,-0.1977429903572181,-0.19068263575421807,0.19914242817934233,0.1686839522333333,0.05153228772608119,0.006298619269046618,0.005851922564218168,0.0017237643218199089,1.0139873835176427,179.55793595594145,0,0,0,0,0,0,0.569045663321343
N6,naive,treatment_effect_sd,0.07626392697027408,15,0,0.1447142017727926,0.15216908525972594,0.14755447372374728,0.12803567436666669,0.03994003486720999,0.007700289981346236,0.0045598167326989,0.001426485844403038,1.0139873835176427,179.55793595594145,0,0,0,0,0,0,0.569045663321343
N7,full,baseline_difference_sd,0,15,0,0.02912755236124654,0.027432561710932,0.03097575814276668,0.0434263626775,0.013574970965564261,0.0028168280788607573,0.0016759240742302334,4.849759540698542e-4,1.083261892683207,19.725680995235184,0.13333333333333333,1.8,9,0.3333333333333333,0,0,0.6200225859792506
N7,full,time_trend_mean,-0.08998628257887518,15,0.8,-0.04701083877655815,-0.035680944050624816,0.057835508010671124,0.14516195591999997,0.04573106861708978,0.009003677916658202,0.01610732018381195,0.005107210930940635,1.083261892683207,19.725680995235184,0.13333333333333333,1.8,9,0.3333333333333333,0,0,0.6200225859792506
N7,full,time_trend_sd,0.045528614603915496,15,0.8666666666666667,0.03561632724152284,0.0251116563675845,0.05158940963068107,0.139170651179,0.04440690115039218,0.009974769671049937,0.015486573019286963,0.004801545583629577,1.083261892683207,19.725680995235184,0.13333333333333333,1.8,9,0.3333333333333333,0,0,0.6200225859792506
N7,full,treatment_effect_mean,-0.3374485596707819,15,0.4,-0.11260357149521809,-0.12085031664421808,0.12240255921911582,0.19726199263333333,0.05994646743309802,0.0128252602031818,0.00925464443692216,0.0028868601857452206,1.083261892683207,19.725680995235184,0.13333333333333333,1.8,9,0.3333333333333333,0,0,0.6200225859792506
N7,full,treatment_effect_sd,0.07626392697027408,15,0.4666666666666667,0.09758651814492993,0.11291357079372592,0.10510639460638697,0.17397930781999998,0.052624563274245854,0.01043423507875738,0.011385434873976013,0.003351575324482809,1.083261892683207,19.725680995235184,0.13333333333333333,1.8,9,0.3333333333333333,0,0,0.6200225859792506
N7,naive,baseline_difference_sd,0,15,0,0.02933875141743859,0.0268940839400755,0.031194122924802555,0.043390966103566665,0.013562387617698323,0.0028323509961241614,0.001693747517136141,5.251206103205752e-4,1.0327256217006522,209.07028504063365,0,0,0,0,0,0,0.5878006355241415
N7,naive,time_trend_mean,-0.08998628257887518,15,1,-0.005090435982652482,-0.0049692778546248095,0.011184073975617166,0.060918807816666656,0.019053690994217446,0.0026615110128136127,0.0026615590170122384,8.142780452553408e-4,1.0327256217006522,209.07028504063365,0,0,0,0,0,0,0.5878006355241415
N7,naive,time_trend_sd,0.045528614603915496,15,1,0.006818530396153837,0.007006655690084504,0.012571361883854338,0.05788970705333332,0.018729548972093037,0.0028226985929318458,0.001631974419499844,5.576243475448607e-4,1.0327256217006522,209.07028504063365,0,0,0,0,0,0,0.5878006355241415
N7,naive,treatment_effect_mean,-0.3374485596707819,15,0,-0.2015065098835514,-0.19764240904921804,0.2031807643464592,0.19103086876666667,0.05852911787536857,0.006956751473833529,0.004910649355476114,0.0014684761751166588,1.0327256217006522,209.07028504063365,0,0,0,0,0,0,0.5878006355241415
N7,naive,treatment_effect_sd,0.07626392697027408,15,0,0.18166060599405928,0.18805665949972594,0.18295472824904427,0.15001380446666665,0.046747886509051165,0.005805519655298482,0.0032294499010809747,9.88307351975387e-4,1.0327256217006522,209.07028504063365,0,0,0,0,0,0,0.5878006355241415
O1,full,baseline_difference_sd,0,15,0,0.026952554020051492,0.023285984668571,0.029158592905012853,0.043468979617999996,0.013597134247572211,0.002973494480963339,0.0017758848631342725,5.249632085878177e-4,1.062869093926566,27.149788989628693,0.13333333333333333,4.266666666666667,34,0.4,0.06666666666666667,0,0.6493614258950432
O1,full,time_trend_mean,-0.08998628257887518,15,0.8,-0.03203232005754148,-0.013164262159074819,0.052225676723512866,0.12032762543,0.03846471738390699,0.011024167545378584,0.01728461305177154,0.005237773466959014,1.062869093926566,27.149788989628693,0.13333333333333333,4.266666666666667,34,0.4,0.06666666666666667,0,0.6493614258950432
O1,full,time_trend_sd,0.045528614603915496,15,0.8,0.026538299137400072,0.0204836507670845,0.04857504202916291,0.11451708382833332,0.036783723064466825,0.010873471606978718,0.014663776002719238,0.004525974372994919,1.062869093926566,27.149788989628693,0.13333333333333333,4.266666666666667,34,0.4,0.06666666666666667,0,0.6493614258950432
O1,full,treatment_effect_mean,-0.3374485596707819,15,0.13333333333333333,-0.1533596564355514,-0.1582233806192181,0.15956419135320715,0.19320201780000001,0.058768337498026374,0.011776328982243942,0.008540207745640368,0.002638877905554334,1.062869093926566,27.149788989628693,0.13333333333333333,4.266666666666667,34,0.4,0.06666666666666667,0,0.6493614258950432
O1,full,treatment_effect_sd,0.07626392697027408,15,0.26666666666666666,0.11322020499576159,0.11559774920672593,0.12230826364068613,0.16558876733666666,0.05094272576364416,0.012364975118446768,0.009268011687925728,0.0026946019827142472,1.062869093926566,27.149788989628693,0.13333333333333333,4.266666666666667,34,0.4,0.06666666666666667,0,0.6493614258950432
O1,naive,baseline_difference_sd,0,15,0,0.027488344342325124,0.023543075520625,0.029809661178574417,0.04320422468599999,0.013620087399466723,0.0030822860822444426,0.001612451703598933,5.204359870101785e-4,1.0183378159833294,179.6325334263356,0,0,0,0,0,0,0.5467777437871301
O1,naive,time_trend_mean,-0.08998628257887518,15,0.9333333333333333,0.0033560360937639495,0.00642909169437518,0.013655380398804689,0.058386933919999995,0.017893277074652464,0.003537618605517124,0.0043460850377434425,0.0013396558042185437,1.0183378159833294,179.6325334263356,0,0,0,0,0,0,0.5467777437871301
O1,naive,time_trend_sd,0.045528614603915496,15,0.8666666666666667,0.0030286942463654044,-5.296565119154925e-4,0.01760283399402598,0.05693137751499999,0.01819303066675187,0.00463439606007753,0.0032803212579647295,0.0011001345154314458,1.0183378159833294,179.6325334263356,0,0,0,0,0,0,0.5467777437871301
O1,naive,treatment_effect_mean,-0.3374485596707819,15,0,-0.23271605011788474,-0.2241483357692181,0.23387481290135526,0.19492207920000001,0.059740654997604316,0.006214430942653199,0.004905603670157684,0.00151038100835579,1.0183378159833294,179.6325334263356,0,0,0,0,0,0,0.5467777437871301
O1,naive,treatment_effect_sd,0.07626392697027408,15,0,0.18756550110872594,0.18726316436972595,0.1889669681045876,0.15203935426666665,0.047209405033638366,0.006139438250668288,0.004242541726611953,0.0012695037265164914,1.0183378159833294,179.6325334263356,0,0,0,0,0,0,0.5467777437871301
O2,full,baseline_difference_sd,0,15,0,0.02212180223970366,0.0214644992146575,0.023511453432531186,0.04055755702703333,0.012678117663961003,0.002128284154254727,0.001794119434917276,5.288210815256828e-4,1.0460485989052606,68.28548006842635,0,5.733333333333333,69,0.26666666666666666,0.13333333333333333,0,0.6031483777570719
O2,full,time_trend_mean,-0.08998628257887518,15,0.4666666666666667,-0.04272130501867148,-0.039331965602124805,0.05957598147249285,0.10289084105999999,0.03204639581574762,0.011097579098654312,0.009695730564360202,0.002839251659648408,1.0460485989052606,68.28548006842635,0,5.733333333333333,69,0.26666666666666666,0.13333333333333333,0,0.6031483777570719
O2,full,time_trend_sd,0.045528614603915496,15,0.7333333333333333,0.03357487138111544,0.024423348844084508,0.049111685006293204,0.09391930613666666,0.029498012105491387,0.009579314081837712,0.007481293398886244,0.0021745963478081855,1.0460485989052606,68.28548006842635,0,5.733333333333333,69,0.26666666666666666,0.13333333333333333,0,0.6031483777570719
O2,full,treatment_effect_mean,-0.3374485596707819,15,0.26666666666666666,-0.09209860319021809,-0.10274523133921809,0.09959813666328342,0.13575804709999997,0.041467894330794286,0.010133523280988946,0.008824611170595156,0.002595444015717784,1.0460485989052606,68.28548006842635,0,5.733333333333333,69,0.26666666666666666,0.13333333333333333,0,0.6031483777570719
O2,full,treatment_effect_sd,0.07626392697027408,15,0.26666666666666666,0.059300874620227186,0.058927646749725934,0.07492825678833605,0.11430026211099999,0.03548033244434475,0.012240593865772203,0.006386497272941102,0.001918763282190751,1.0460485989052606,68.28548006842635,0,5.733333333333333,69,0.26666666666666666,0.13333333333333333,0,0.6031483777570719
O2,naive,baseline_difference_sd,0,15,0,0.022527197965033514,0.021356762340111936,0.023936805726936065,0.04079946662046666,0.012814552718428985,0.0021629348489836204,0.001859768704210024,5.494431249651097e-4,1.0162669784772411,251.47066177834387,0,0,0,0,0,0,0.6042599474901517
O2,naive,time_trend_mean,-0.08998628257887518,15,0.6666666666666666,-0.00433779079263328,-0.011091780306024812,0.026121839470532933,0.06761802438333332,0.02122807263051069,0.006884423766547403,0.004466393895657656,0.0014076264699103935,1.0162669784772411,251.47066177834387,0,0,0,0,0,0,0.6042599474901517
O2,naive,time_trend_sd,0.045528614603915496,15,0.8666666666666667,0.013546533063246836,0.013530317088084505,0.022439433076364295,0.06361523129999999,0.020734704975713406,0.004781060841300154,0.003432451511035296,0.001198559980842788,1.0162669784772411,251.47066177834387,0,0,0,0,0,0,0.6042599474901517
O2,naive,treatment_effect_mean,-0.3374485596707819,15,0,-0.17903794925988475,-0.1795862415492181,0.18058181687181432,0.1596518441,0.04890313640602036,0.0062974218621614725,0.005339961436315096,0.0016768986151002238,1.0162669784772411,251.47066177834387,0,0,0,0,0,0,0.6042599474901517
O2,naive,treatment_effect_sd,0.07626392697027408,15,0,0.13810398974439259,0.14373689119972594,0.14009092494646427,0.12491666676666663,0.03920775935248098,0.006283511694657662,0.0033118778144083185,0.0011160257273729354,1.0162669784772411,251.47066177834387,0,0,0,0,0,0,0.6042599474901517
O3,full,baseline_difference_sd,0,15,0,0.029427855458535823,0.030866953111535,0.03210583920828943,0.043503980529533325,0.013554613556781142,0.0034308082594137063,0.0020516880158284847,6.223661075281792e-4,1.0108425329667738,274.82115449250244,0,0.13333333333333333,2,0.06666666666666667,0,0,0.6526783415949584
O3,full,time_trend_mean,-0.08998628257887518,15,0.6666666666666666,-0.01919399557084815,-0.023891152450624814,0.026413378737657995,0.07204654575,0.0222193436534448,0.004849573695294001,0.004253882670404256,0.0012794208185051609,1.0108425329667738,274.82115449250244,0,0.13333333333333333,2,0.06666666666666667,0,0,0.6526783415949584
O3,full,time_trend_sd,0.045528614603915496,15,0.8666666666666667,0.013476288965834504,0.008765070882584505,0.022013928254805203,0.06474296444333333,0.020144716900113664,0.004652208944738265,0.0035665024671014734,0.001075961949927464,1.0108425329667738,274.82115449250244,0,0.13333333333333333,2,0.06666666666666667,0,0,0.6526783415949584
O3,full,treatment_effect_mean,-0.3374485596707819,15,0.6666666666666666,-0.03733156299221809,-0.03600670761421809,0.04502736517527846,0.09517617643333333,0.029180232146900003,0.006728500253112724,0.0028596551110360016,8.7626356321728e-4,1.0108425329667738,274.82115449250244,0,0.13333333333333333,2,0.06666666666666667,0,0,0.6526783415949584
O3,full,treatment_effect_sd,0.07626392697027408,15,0.7333333333333333,0.02216537823938859,0.021827181366225926,0.0305260464625354,0.07987378417333332,0.02487384222187168,0.005609529647571105,0.0031688322055213563,9.645444541869103e-4,1.0108425329667738,274.82115449250244,0,0.13333333333333333,2,0.06666666666666667,0,0,0.6526783415949584
O3,naive,baseline_difference_sd,0,15,0,0.029711625622734196,0.03078985966696,0.032442700304510234,0.0432383544661,0.01355904531689207,0.0034820776423479575,0.0021145021919992744,6.006772767131615e-4,1.0204538554846463,120.65875273834814,0,0,0,0,0,0,0.6037651397523205
O3,naive,time_trend_mean,-0.08998628257887518,15,0.8666666666666667,0.0019183113030889524,0.0010422391614251791,0.014691172058121147,0.06124384212333332,0.01892236349417189,0.0038927645169849656,0.004148959397911075,0.0012341158342587066,1.0204538554846463,120.65875273834814,0,0,0,0,0,0,0.6037651397523205
O3,naive,time_trend_sd,0.045528614603915496,15,0.9333333333333333,0.0069181397336525044,0.004459641979584504,0.016579696017274468,0.05671597928333333,0.018272586254388986,0.004026924230821524,0.00298330206301026,0.0010229572678452353,1.0204538554846463,120.65875273834814,0,0,0,0,0,0,0.6037651397523205
O3,naive,treatment_effect_mean,-0.3374485596707819,15,0,-0.10192346585255142,-0.09716960124921808,0.10488073548949275,0.11363830426666666,0.0346794362667324,0.006609386104087814,0.003651635102333476,0.0010771200846608443,1.0204538554846463,120.65875273834814,0,0,0,0,0,0,0.6037651397523205
O3,naive,treatment_effect_sd,0.07626392697027408,15,0,0.07416399212829258,0.07641121084022591,0.07602041975443705,0.08908553425,0.027847928090360297,0.004462594466670045,0.0028361999919215247,8.399531036464243e-4,1.0204538554846463,120.65875273834814,0,0,0,0,0,0,0.6037651397523205
O4,full,baseline_difference_sd,0,15,0,0.027860478274627492,0.028721492633305,0.028848855576446335,0.04408223162866666,0.01364488929966957,0.002000896555826703,0.0013005846210401165,3.55328217415052e-4,1.017639225240388,271.6858061061725,0,0,0,0,0,0,0.649977668416949
O4,full,time_trend_mean,-0.08998628257887518,15,0.8,-0.008304394008624818,-0.008623184285124819,0.020669478515385482,0.05987057973666667,0.018469218978373555,0.005058686886700782,0.003072328967776674,9.504221936513099e-4,1.017639225240388,271.6858061061725,0,0,0,0,0,0,0.649977668416949
O4,full,time_trend_sd,0.045528614603915496,15,0.9333333333333333,0.007270912259258104,0.009642188271584501,0.016411298751768413,0.05484680539966666,0.017204306891445302,0.003932143741359391,0.0023191791960108397,7.578117617084046e-4,1.017639225240388,271.6858061061725,0,0,0,0,0,0,0.649977668416949
O4,full,treatment_effect_mean,-0.3374485596707819,15,0.8666666666666667,-0.02400531390088476,-0.018373054869218086,0.03707127694765687,0.08641552733333331,0.02636985725180323,0.007549950231859926,0.004367307958196675,0.0013065325176255097,1.017639225240388,271.6858061061725,0,0,0,0,0,0,0.649977668416949
O4,full,treatment_effect_sd,0.07626392697027408,15,0.6666666666666666,0.0173002038031579,0.012431769993225927,0.03088584817176165,0.07119759199333334,0.021975483197399302,0.006838120907604836,0.003422728653600084,0.0010264285287560305,1.017639225240388,271.6858061061725,0,0,0,0,0,0,0.649977668416949
O4,naive,baseline_difference_sd,0,15,0,0.02847139200375141,0.029181670811175,0.02947672952229616,0.04411907275466666,0.013793012423498632,0.0020399128255065646,0.0013628420174407782,3.84239208205485e-4,1.0180856083984524,215.69294350015346,0,0.06666666666666667,1,0.06666666666666667,0,0,0.6046521317753804
O4,naive,time_trend_mean,-0.08998628257887518,15,0.8666666666666667,0.004494325075944183,0.006104403313425183,0.02069837199937676,0.062876239866,0.019601000207125747,0.00539989183447438,0.004632090600431142,0.0014196294501253046,1.0180856083984524,215.69294350015346,0,0.06666666666666667,1,0.06666666666666667,0,0,0.6046521317753804
O4,naive,time_trend_sd,0.045528614603915496,15,0.9333333333333333,0.00740197740678117,0.002317663639584501,0.019300623236873482,0.05878050599599999,0.01891790779997765,0.004763887876523617,0.003132791399979085,0.0010481463461494004,1.0180856083984524,215.69294350015346,0,0.06666666666666667,1,0.06666666666666667,0,0,0.6046521317753804
O4,naive,treatment_effect_mean,-0.3374485596707819,15,0.06666666666666667,-0.07967269872221809,-0.07681258247421807,0.0828410546156755,0.09877248906666666,0.030121283257386822,0.006064542193038376,0.004114083476564397,0.0012548993248526297,1.0180856083984524,215.69294350015346,0,0.06666666666666667,1,0.06666666666666667,0,0,0.6046521317753804
O4,naive,treatment_effect_sd,0.07626392697027408,15,0.13333333333333333,0.053153093126692585,0.05389153187472591,0.057639270525382855,0.07795706198999999,0.024303295168044414,0.005958392626991502,0.0035649619582156966,0.0011148883421463153,1.0180856083984524,215.69294350015346,0,0.06666666666666667,1,0.06666666666666667,0,0,0.6046521317753804
O5,full,baseline_difference_sd,0,15,0,0.023483092232381982,0.0186493911763135,0.025830728169989742,0.03933756428896666,0.012403015328161047,0.002875647715824117,0.0017522560429045866,5.113807000626365e-4,1.010729429742406,343.7351854698234,0,0.06666666666666667,1,0.06666666666666667,0,0,0.6753591627998484
O5,full,time_trend_mean,-0.08998628257887518,15,1,6.438415839401866e-4,3.204155306751888e-4,0.012310223165987169,0.058810806279999996,0.018089407995986042,0.0032855425993629003,0.0030315354307846043,9.377561538879591e-4,1.010729429742406,343.7351854698234,0,0.06666666666666667,1,0.06666666666666667,0,0,0.6753591627998484
O5,full,time_trend_sd,0.045528614603915496,15,0.9333333333333333,0.00939108842770117,0.004496942211884507,0.016058230784525413,0.05266819145666666,0.01641511839264557,0.0034813198859071585,0.0021810298940765434,6.89853795864618e-4,1.010729429742406,343.7351854698234,0,0.06666666666666667,1,0.06666666666666667,0,0,0.6753591627998484
O5,full,treatment_effect_mean,-0.3374485596707819,15,0.9333333333333333,-0.00428617157621809,-3.476286421810748e-5,0.022402626593896177,0.07484629859999999,0.02291542494378512,0.005876748442103753,0.003570878775265082,0.001115659178207085,1.010729429742406,343.7351854698234,0,0.06666666666666667,1,0.06666666666666667,0,0,0.6753591627998484
O5,full,treatment_effect_sd,0.07626392697027408,15,0.8,0.0027008930377870224,0.006676328255725922,0.02180757963684569,0.06465129064666666,0.020001847201557683,0.005783447479141291,0.0026315891321498737,8.139470245772545e-4,1.010729429742406,343.7351854698234,0,0.06666666666666667,1,0.06666666666666667,0,0,0.6753591627998484
O5,naive,baseline_difference_sd,0,15,0,0.023605486962626224,0.0199909613998195,0.0260430618327551,0.03986214828123333,0.012666226243724918,0.002940141576790247,0.001824565333242242,5.560277011806678e-4,1.0156607056432247,210.70891313638484,0,0,0,0,0,0,0.6294212240849015
O5,naive,time_trend_mean,-0.08998628257887518,15,0.9333333333333333,0.005155115639569185,0.0038877726238751853,0.014599473357503601,0.06234850296333332,0.019359591676657843,0.0036505323003162026,0.004230254895685775,0.0013068157040548537,1.0156607056432247,210.70891313638484,0,0,0,0,0,0,0.6294212240849015
O5,naive,time_trend_sd,0.045528614603915496,15,0.9333333333333333,0.008907067221984505,0.004061223741084502,0.017928014332092474,0.05725992594666666,0.018803989401493623,0.004158277900721149,0.0033195072269170153,0.0011221459371049836,1.0156607056432247,210.70891313638484,0,0,0,0,0,0,0.6294212240849015
O5,naive,treatment_effect_mean,-0.3374485596707819,15,0.3333333333333333,-0.050976239364218086,-0.04841132716421809,0.054280199305227934,0.08325730983333332,0.0255936648489099,0.004983996222891899,0.0037526877506437475,0.001151569472460465,1.0156607056432247,210.70891313638484,0,0,0,0,0,0,0.6294212240849015
O5,naive,treatment_effect_sd,0.07626392697027408,15,0.4,0.030206044867659255,0.032481791502225923,0.03552188048679068,0.06604418605,0.02075713697675714,0.004995704202975627,0.0026396042747737574,8.217347439415772e-4,1.0156607056432247,210.70891313638484,0,0,0,0,0,0,0.6294212240849015
O6,full,baseline_difference_sd,0,15,0,0.02908641849130939,0.025780300160055,0.03215721860073404,0.044689905030666666,0.01410346339508709,0.0036651541332217105,0.0020594240832473867,6.155925466430762e-4,1.010596717662336,220.88908373251215,0,0.06666666666666667,1,0.06666666666666667,0,0,0.5898486194054945
O6,full,time_trend_mean,-0.08998628257887518,15,0.8,0.0035679228327989477,0.00679268219978664,0.016814542878346942,0.059632620559999995,0.018265110300267697,0.004391540397391979,0.004819981888290894,0.0015076012723761194,1.010596717662336,220.88908373251215,0,0.06666666666666667,1,0.06666666666666667,0,0,0.5898486194054945
O6,full,time_trend_sd,0.045528614603915496,15,0.8,0.00884345957378496,0.0080558772505845,0.02639195906920031,0.05810679505699999,0.017805930955081966,0.006645775920931041,0.004693345057938685,0.0013179830077620692,1.010596717662336,220.88908373251215,0,0.06666666666666667,1,0.06666666666666667,0,0,0.5898486194054945
O6,full,treatment_effect_mean,-0.3374485596707819,15,0.8,0.01682152504344858,0.01674712653078192,0.028331310011505843,0.07883509816666667,0.024089985705346366,0.00609273233439811,0.003267690227661161,9.545107661663794e-4,1.010596717662336,220.88908373251215,0,0.06666666666666667,1,0.06666666666666667,0,0,0.5898486194054945
O6,full,treatment_effect_sd,0.07626392697027408,15,0.8666666666666667,0.007803039537853954,0.008408860169225915,0.021068212662422987,0.06890191970033333,0.021329410749654342,0.005230283786071325,0.003419360972807707,9.899260532432765e-4,1.010596717662336,220.88908373251215,0,0.06666666666666667,1,0.06666666666666667,0,0,0.5898486194054945
O6,naive,baseline_difference_sd,0,15,0,0.029457769280209337,0.024689423862852,0.03267052121046044,0.04437855709599999,0.013953990534066953,0.003775889537551769,0.002158545777670339,6.388025946820215e-4,1.0070495026099222,246.36607979276818,0,0,0,0,0,0,0.574532441224608
O6,naive,time_trend_mean,-0.08998628257887518,15,0.8666666666666667,-0.001963370573852847,-0.0035690758309153137,0.017050064018773566,0.058612020706666657,0.01819306364453395,0.004526508107281608,0.0038508303092986743,0.0011818169631384054,1.0070495026099222,246.36607979276818,0,0,0,0,0,0,0.574532441224608
O6,naive,time_trend_sd,0.045528614603915496,15,0.9333333333333333,0.0031821123803353114,0.0045313701585845065,0.01614954237948616,0.056918421474333326,0.01812700902626199,0.004231530286059442,0.002334089669287699,8.148584063166728e-4,1.0070495026099222,246.36607979276818,0,0,0,0,0,0,0.574532441224608
O6,naive,treatment_effect_mean,-0.3374485596707819,15,0.6666666666666666,-0.02318960712688475,-0.02522311593421811,0.031040895996015807,0.07805229446666667,0.02398574533021349,0.005514781083183927,0.004479885967760399,0.001337960736948244,1.0070495026099222,246.36607979276818,0,0,0,0,0,0,0.574532441224608
O6,naive,treatment_effect_sd,0.07626392697027408,15,0.6,0.023620331632125922,0.022569064314225923,0.033069215058717766,0.06247935802,0.019672549110851194,0.006185541425592642,0.0032915644049207977,0.0010762927141281693,1.0070495026099222,246.36607979276818,0,0,0,0,0,0,0.574532441224608
O7,full,baseline_difference_sd,0,15,0,0.02394024141540074,0.020040231617718,0.025761709914077734,0.04124007359523333,0.012952934713986859,0.0025429249001525517,0.002009828391609076,5.816725475168539e-4,1.0161584801041619,170.4899811565988,0,0.9333333333333333,14,0.06666666666666667,0.06666666666666667,0,0.6761874214813368
O7,full,time_trend_mean,-0.08998628257887518,15,0.8,0.014926535659449392,0.019603872164175182,0.022247488703234595,0.06420974587566666,0.019741508995657246,0.004408994757536142,0.0039631247768606255,0.0012250690901499694,1.0161584801041619,170.4899811565988,0,0.9333333333333333,14,0.06666666666666667,0.06666666666666667,0,0.6761874214813368
O7,full,time_trend_sd,0.045528614603915496,15,0.8666666666666667,0.009701928365219015,0.012122955921084505,0.018981490991263252,0.057942621764666656,0.018122089189659924,0.004360288213340675,0.0035566266866609493,0.0011393182484262107,1.0161584801041619,170.4899811565988,0,0.9333333333333333,14,0.06666666666666667,0.06666666666666667,0,0.6761874214813368
O7,full,treatment_effect_mean,-0.3374485596707819,15,0.8666666666666667,0.025328590024448584,0.02187063199078193,0.031931946856539654,0.08883946106666668,0.027176248951417275,0.00519692049900898,0.0047821227207887635,0.0014658961840678547,1.0161584801041619,170.4899811565988,0,0.9333333333333333,14,0.06666666666666667,0.06666666666666667,0,0.6761874214813368
O7,full,treatment_effect_sd,0.07626392697027408,15,0.7333333333333333,0.018414033101985923,0.009603551417725925,0.031598906796214174,0.07415925000666666,0.02285927264993861,0.006863018367800802,0.00392948658730052,0.001177162933892511,1.0161584801041619,170.4899811565988,0,0.9333333333333333,14,0.06666666666666667,0.06666666666666667,0,0.6761874214813368
O7,naive,baseline_difference_sd,0,15,0,0.024153376725770635,0.020886728434698,0.02595637547864491,0.04179716101153333,0.013068065660531798,0.0025403574092100843,0.0019871563149858975,5.921831477382222e-4,1.0109797412202761,297.6729269442444,0,0,0,0,0,0,0.6215489008382886
O7,naive,time_trend_mean,-0.08998628257887518,15,0.9333333333333333,0.001038790412955474,0.002538762101725184,0.016765832756493012,0.06322599295333332,0.01973426705962728,0.0044722482560839725,0.004319892067561622,0.0013775964919606025,1.0109797412202761,297.6729269442444,0,0,0,0,0,0,0.6215489008382886
O7,naive,time_trend_sd,0.045528614603915496,15,0.8666666666666667,0.008090339254979192,0.008151971094084505,0.018989822769935057,0.059093190926166654,0.019110975208644822,0.004591605535982304,0.003381330394393454,0.0011190159728637831,1.0109797412202761,297.6729269442444,0,0,0,0,0,0,0.6215489008382886
O7,naive,treatment_effect_mean,-0.3374485596707819,15,1,-0.00551859202221809,-0.003136881794218116,0.013751247763442965,0.07282410443333334,0.022257696973466124,0.0033662394994150155,0.003997050706584172,0.001208698788667005,1.0109797412202761,297.6729269442444,0,0,0,0,0,0,0.6215489008382886
O7,naive,treatment_effect_sd,0.07626392697027408,15,0.7333333333333333,0.01565024989839259,0.015270591835725919,0.025605372048126053,0.05840843515333332,0.018229394894420062,0.005416276764404662,0.0029022915352969157,8.92699549606253e-4,1.0109797412202761,297.6729269442444,0,0,0,0,0,0,0.6215489008382886
O8,full,baseline_difference_sd,0,15,0,0.029669154018178105,0.026462699211555,0.03142194996086921,0.046106037265999995,0.014364758840077818,0.0027656081634063094,0.001317147047534278,4.041651386032181e-4,1.035384620797691,43.019496493136565,0,6.466666666666667,90,0.2,0.06666666666666667,0,0.6678420924762273
O8,full,time_trend_mean,-0.08998628257887518,15,0.7333333333333333,0.03321839043289532,0.03149160575191669,0.03886205670883441,0.09508922741433332,0.02943399481875793,0.005390454451345254,0.0062986484649267495,0.0018610040709430146,1.035384620797691,43.019496493136565,0,6.466666666666667,90,0.2,0.06666666666666667,0,0.6678420924762273
O8,full,time_trend_sd,0.045528614603915496,15,0.7333333333333333,0.029441531455158838,0.0295779561150845,0.03595178281894651,0.08182460889666665,0.025843288057549284,0.005514441517089405,0.005657059878275906,0.0017254345687437965,1.035384620797691,43.019496493136565,0,6.466666666666667,90,0.2,0.06666666666666667,0,0.6678420924762273
O8,full,treatment_effect_mean,-0.3374485596707819,15,0.4666666666666667,0.050305974160581905,0.056015146980781916,0.053946790224940915,0.11845797703333331,0.0363173038101661,0.005206898853092104,0.005204022356168229,0.0016092926733089217,1.035384620797691,43.019496493136565,0,6.466666666666667,90,0.2,0.06666666666666667,0,0.6678420924762273
O8,full,treatment_effect_sd,0.07626392697027408,15,0.6,0.03782028665258592,0.033418289008225924,0.05078361458275234,0.10023986215833333,0.031195869475279935,0.00905775684784581,0.005628254440368709,0.0017740198320139152,1.035384620797691,43.019496493136565,0,6.466666666666667,90,0.2,0.06666666666666667,0,0.6678420924762273
O8,naive,baseline_difference_sd,0,15,0,0.0298104686462353,0.02682323393986335,0.03138878067273036,0.04602373607266666,0.01425728668195257,0.0026266696895579345,0.0010142318368911742,3.1932712076162097e-4,1.0133210524884029,306.1702977430015,0,0,0,0,0,0,0.6192364475741734
O8,naive,time_trend_mean,-0.08998628257887518,15,1,-2.0257510178584893e-4,-0.0032723703671248133,0.013576735993834865,0.07138849125999999,0.022188610464462695,0.003628131392076836,0.003924799341732587,0.001215507431769053,1.0133210524884029,306.1702977430015,0,0,0,0,0,0,0.6192364475741734
O8,naive,time_trend_sd,0.045528614603915496,15,0.8666666666666667,0.017264931690575837,0.021634829518584503,0.023244669652930934,0.06490148476666666,0.021059298287677882,0.004159642850342172,0.0029680160106704723,0.0010734480821702357,1.0133210524884029,306.1702977430015,0,0,0,0,0,0,0.6192364475741734
O8,naive,treatment_effect_mean,-0.3374485596707819,15,0.6,0.03771802233044858,0.03577696317078194,0.04117665417240453,0.08439756943333333,0.025748818779089345,0.004414809818857929,0.004134765114989346,0.0012503897987859672,1.0133210524884029,306.1702977430015,0,0,0,0,0,0,0.6192364475741734
O8,naive,treatment_effect_sd,0.07626392697027408,15,0.5333333333333333,0.03221576841765925,0.024206787734225924,0.039206270214046615,0.06613047720666666,0.020841870798561278,0.005971814089995646,0.0030284640920442414,9.516416371281499e-4,1.0133210524884029,306.1702977430015,0,0,0,0,0,0,0.6192364475741734
O9,full,baseline_difference_sd,0,15,0,0.023195854204369884,0.0227816750585863,0.02399971365807026,0.04193921980283333,0.013033363846538594,0.0016461774639401155,0.0015572942115254398,4.344741516267114e-4,1.0179462140391864,104.16215426789225,0,1.1333333333333333,12,0.26666666666666666,0.06666666666666667,0,0.6263828256575944
O9,full,time_trend_mean,-0.08998628257887518,15,0.8,0.023172375382729416,0.019042993638032135,0.03359346980353172,0.09503898425683333,0.02997566809186598,0.006500341928164095,0.00871722811657894,0.002744901278160346,1.0179462140391864,104.16215426789225,0,1.1333333333333333,12,0.26666666666666666,0.06666666666666667,0,0.6263828256575944
O9,full,time_trend_sd,0.045528614603915496,15,0.9333333333333333,0.017326644124518172,0.0206494036015845,0.027967510833434843,0.088381288243,0.028267265338286326,0.005867398216297743,0.007951067982488217,0.0025128754964386614,1.0179462140391864,104.16215426789225,0,1.1333333333333333,12,0.26666666666666666,0.06666666666666667,0,0.6263828256575944
O9,full,treatment_effect_mean,-0.3374485596707819,15,0.06666666666666667,0.11138280661191524,0.1219938769792819,0.11588865921121523,0.14533277527,0.044132320314354635,0.008552575739948878,0.006362654032770349,0.0019711465270929977,1.0179462140391864,104.16215426789225,0,1.1333333333333333,12,0.26666666666666666,0.06666666666666667,0,0.6263828256575944
O9,full,treatment_effect_sd,0.07626392697027408,15,0.3333333333333333,0.06928331750967258,0.06618008330022591,0.07582978183827443,0.11940250207666665,0.03660480359669411,0.008237448150689596,0.006220941434465878,0.0018543859364032857,1.0179462140391864,104.16215426789225,0,1.1333333333333333,12,0.26666666666666666,0.06666666666666667,0,0.6263828256575944
O9,naive,baseline_difference_sd,0,15,0,0.022828308211142262,0.023239678087485,0.023602447531098636,0.041680453797766664,0.012973961289671872,0.0016023169312716881,0.0015521268751783847,4.6114311999051477e-4,1.0185963601024002,222.65270498150667,0,0,0,0,0,0,0.582871654750308
O9,naive,time_trend_mean,-0.08998628257887518,15,0.9333333333333333,-0.005205767225900482,-0.0017252688946248207,0.01689259821989799,0.05916442125999999,0.01824605565577029,0.004295012574475533,0.0032360848986092657,9.481072234664447e-4,1.0185963601024002,222.65270498150667,0,0,0,0,0,0,0.582871654750308
O9,naive,time_trend_sd,0.045528614603915496,15,1,0.004478439996925871,0.005758707365084506,0.0129341049795355,0.056495208301333324,0.0180528099875871,0.0032429555172445884,0.0024341244670800263,7.728794159427476e-4,1.0185963601024002,222.65270498150667,0,0,0,0,0,0,0.582871654750308
O9,naive,treatment_effect_mean,-0.3374485596707819,15,0,0.09163332716878192,0.09350718552078191,0.09295358070534127,0.0947518309,0.0290472522133067,0.004172199813077085,0.003919448425174787,0.0012020466288472022,1.0185963601024002,222.65270498150667,0,0,0,0,0,0,0.582871654750308
O9,naive,treatment_effect_sd,0.07626392697027408,15,0.26666666666666666,0.04767436391975925,0.04845241847922592,0.05220960979746771,0.07635347594666665,0.023753605700668083,0.005688323755417087,0.0032667233544207918,0.001008919906713455,1.0185963601024002,222.65270498150667,0,0,0,0,0,0,0.582871654750308
P1,full,time_trend_mean,-0.08998628257887518,15,1,-7.152358501472805e-4,-0.0033500060557248162,0.015602308314205025,0.06045277117333333,0.01881843075908473,0.004165508564476469,0.003591390576157746,0.00113890851443889,1.0094535973454124,133.52790705131306,0,0.8,7,0.2,0,0,0.6341780710691679
P1,full,time_trend_sd,0.045528614603915496,15,0.8666666666666667,0.005642548377719186,0.004872329939084506,0.015463638911527354,0.05745472701599999,0.018548483941806415,0.0038478730320529167,0.0025531155397331053,8.808552739855276e-4,1.0094535973454124,133.52790705131306,0,0.8,7,0.2,0,0,0.6341780710691679
P1,full,treatment_effect_mean,-0.3374485596707819,15,1,0.007468349662115255,0.011612012625781931,0.01627742011337821,0.06242211289999998,0.01897970894290791,0.00386539740030322,0.001827723171794222,5.605935287476127e-4,1.0094535973454124,133.52790705131306,0,0.8,7,0.2,0,0,0.6341780710691679
P1,full,treatment_effect_sd,0.07626392697027408,15,0.8666666666666667,0.0011349585397925882,0.007496257618725924,0.015896204905556398,0.04880663464,0.015021967254731528,0.00423759702385669,0.0017380787093335536,5.08489834770513e-4,1.0094535973454124,133.52790705131306,0,0.8,7,0.2,0,0,0.6341780710691679
P1,naive,time_trend_mean,-0.08998628257887518,15,0.8666666666666667,-3.786511553596818e-5,-0.0025347482777398206,0.015574196452298813,0.06193607032333333,0.01938573303672506,0.0041623667835209745,0.003538633768353766,0.0011201215921237012,1.0262765272154553,131.1079952353866,0,1.2666666666666666,19,0.06666666666666667,0.06666666666666667,0,0.7947009251407149
P1,naive,time_trend_sd,0.045528614603915496,15,1,0.006007229905107604,0.005691772328084502,0.015521426024258378,0.05876453130633333,0.01936916774518689,0.0038249916404549745,0.0025824793211727676,0.001031195326081406,1.0262765272154553,131.1079952353866,0,1.2666666666666666,19,0.06666666666666667,0.06666666666666667,0,0.7947009251407149
P1,naive,treatment_effect_mean,-0.3374485596707819,15,0.8666666666666667,0.013592883295115247,0.012309201755781929,0.02069485297694837,0.05628731453333333,0.01723105281967528,0.004170564054545051,0.0018746220502789727,5.744901437734952e-4,1.0262765272154553,131.1079952353866,0,1.2666666666666666,19,0.06666666666666667,0.06666666666666667,0,0.7947009251407149
P1,naive,treatment_effect_sd,0.07626392697027408,15,0.9333333333333333,0.0070010130642592545,0.009728668472225921,0.015382288905564857,0.044319487149999996,0.01364895633931346,0.0036606071710298758,0.0014858346449963724,4.652559000656545e-4,1.0262765272154553,131.1079952353866,0,1.2666666666666666,19,0.06666666666666667,0.06666666666666667,0,0.7947009251407149
P1,zero_mean,time_trend_mean,-0.08998628257887518,15,0.8666666666666667,-1.5461312271848187e-4,-5.290832728248179e-4,0.015937041070681394,0.06058593378,0.018786228356356457,0.004259152941195071,0.003754039154924524,0.0011506651665207498,1.0136021294109903,289.005312314683,0,0.8666666666666667,8,0.26666666666666666,0,0,0.678908192934666
P1,zero_mean,time_trend_sd,0.045528614603915496,15,0.9333333333333333,0.005660233981300836,0.005798277501584501,0.01573229246783141,0.05825400612799999,0.018721161193420557,0.003923070750338968,0.0027409184731956196,9.575856802345722e-4,1.0136021294109903,289.005312314683,0,0.8666666666666667,8,0.26666666666666666,0,0,0.678908192934666
P1,zero_mean,treatment_effect_mean,-0.3374485596707819,15,0.8666666666666667,0.012629499653781903,0.013469206275781909,0.019491232368328355,0.056521162566666686,0.01723289449553763,0.003967761853194296,0.0019417312498398907,6.052117300374279e-4,1.0136021294109903,289.005312314683,0,0.8666666666666667,8,0.26666666666666666,0,0,0.678908192934666
P1,zero_mean,treatment_effect_sd,0.07626392697027408,15,0.9333333333333333,0.002239763835225923,0.007052024725725928,0.015305146282791064,0.04933964497333333,0.015074819332554185,0.004046435474587895,0.0017120351235338455,5.070993649933047e-4,1.0136021294109903,289.005312314683,0,0.8666666666666667,8,0.26666666666666666,0,0,0.678908192934666
P2,full,time_trend_mean,-0.08998628257887518,15,0.8,0.009838736142970685,0.011861649561575191,0.021931957522480065,0.06119209860666667,0.019175918219971,0.005238661442152077,0.0026119822927664796,8.051807067869913e-4,1.0118206325779684,441.8706945023676,0,0.6,4,0.2,0,0,0.6664952238225714
P2,full,time_trend_sd,0.045528614603915496,15,1,0.00558318859371017,0.006460614107084504,0.011590035102347655,0.057218838759999995,0.018748809958902077,0.0027144707297939766,0.0019287378319262968,6.990353544599564e-4,1.0118206325779684,441.8706945023676,0,0.6,4,0.2,0,0,0.6664952238225714
P2,full,treatment_effect_mean,-0.3374485596707819,15,0.2,0.043924675610781914,0.04702710259078191,0.045488467487560684,0.06527219603333335,0.019902223499383774,0.003160284196696402,0.0016984192056917376,4.977365523704547e-4,1.0118206325779684,441.8706945023676,0,0.6,4,0.2,0,0,0.6664952238225714
P2,full,treatment_effect_sd,0.07626392697027408,15,0.9333333333333333,0.006372113911692587,0.004925615300225922,0.014355033822898596,0.04939703213333333,0.015130068936129011,0.0034378477523109934,0.0012857310111754271,4.0334482491014007e-4,1.0118206325779684,441.8706945023676,0,0.6,4,0.2,0,0,0.6664952238225714
P2,naive,time_trend_mean,-0.08998628257887518,15,0.7333333333333333,0.009503409645244853,0.011925632300775188,0.02237880323318687,0.059208083563333326,0.0182665708083855,0.0054149003371936726,0.002491590053906722,7.721887118604346e-4,1.0083665690424264,496.4818351818559,0,0,0,0,0,0,0.8179764821381686
P2,naive,time_trend_sd,0.045528614603915496,15,1,0.005105549507154172,0.006514207873584504,0.011212704631986547,0.05627529443666666,0.01793558011175108,0.0026680398020452927,0.0018831127809042004,5.724610181358188e-4,1.0083665690424264,496.4818351818559,0,0,0,0,0,0,0.8179764821381686
P2,naive,treatment_effect_mean,-0.3374485596707819,15,0,0.05056256504311525,0.0511760224457819,0.051400956140642017,0.058301062399999985,0.017825471525869482,0.002471051083951123,0.0018829192037245219,5.81941545275218e-4,1.0083665690424264,496.4818351818559,0,0,0,0,0,0,0.8179764821381686
P2,naive,treatment_effect_sd,0.07626392697027408,15,0.7333333333333333,0.012080439891425923,0.012048117043725923,0.0173257140638645,0.04476119497,0.01387367864783077,0.0033192441034113826,0.001407688409538158,4.5603490029951324e-4,1.0083665690424264,496.4818351818559,0,0,0,0,0,0,0.8179764821381686
P2,zero_mean,time_trend_mean,-0.08998628257887518,15,0.7333333333333333,0.009888482151657017,0.011021938067400192,0.022298604336999386,0.06037144711333333,0.01893796432929147,0.005341519821939448,0.002401843301751334,7.397025810585032e-4,1.0065945335722424,442.5042378768803,0,0.5333333333333333,8,0.06666666666666667,0,0,0.7520742129177832
P2,zero_mean,time_trend_sd,0.045528614603915496,15,1,0.00524403755803017,0.006427840351584502,0.011257618136958013,0.05625817424666666,0.018255949817268594,0.0026623571216865998,0.001720215582053384,5.817309647219388e-4,1.0065945335722424,442.5042378768803,0,0.5333333333333333,8,0.06666666666666667,0,0,0.7520742129177832
P2,zero_mean,treatment_effect_mean,-0.3374485596707819,15,0,0.04905832033744857,0.050651031080781894,0.04992443931797653,0.05844363976666666,0.017803006980954172,0.002474597324856255,0.0018488868282599451,5.646347167375945e-4,1.0065945335722424,442.5042378768803,0,0.5333333333333333,8,0.06666666666666667,0,0,0.7520742129177832
P2,zero_mean,treatment_effect_sd,0.07626392697027408,15,0.8666666666666667,0.008035278378059254,0.007948097804725926,0.015017760853704279,0.04834713171333333,0.014847366094059658,0.003390822092124417,0.0011393586920820026,3.623974176901635e-4,1.0065945335722424,442.5042378768803,0,0.5333333333333333,8,0.06666666666666667,0,0,0.7520742129177832
P3,full,time_trend_mean,-0.08998628257887518,15,0.9333333333333333,0.005682551303347851,0.009591431758875182,0.015757365339416754,0.06596775762266666,0.02079394725292749,0.003927950875499046,0.004426712542014811,0.0016331236272259192,1.0072996040271165,190.93031306367055,0,0.26666666666666666,2,0.2,0,0,0.6627210621484584
P3,full,time_trend_sd,0.045528614603915496,15,0.8666666666666667,0.00868031014338617,0.007395955806084507,0.017610567402782436,0.06010158244666666,0.01929538990786161,0.004095156547352795,0.0038654448180354055,0.0012753033888530478,1.0072996040271165,190.93031306367055,0,0.26666666666666666,2,0.2,0,0,0.6627210621484584
P3,full,treatment_effect_mean,-0.3374485596707819,15,0.26666666666666666,0.060607002965781906,0.062039294765781905,0.06667361525707745,0.07536206906666666,0.02289432411578941,0.007426603544759562,0.0030537623339699435,9.059616880523122e-4,1.0072996040271165,190.93031306367055,0,0.26666666666666666,2,0.2,0,0,0.6627210621484584
P3,full,treatment_effect_sd,0.07626392697027408,15,0.6666666666666666,0.018335476223459254,0.023174753018725916,0.024097098834140365,0.05581403932333333,0.017075477950128985,0.004178862489458869,0.0025607122314363854,6.966830199509811e-4,1.0072996040271165,190.93031306367055,0,0.26666666666666666,2,0.2,0,0,0.6627210621484584
P3,naive,time_trend_mean,-0.08998628257887518,15,0.9333333333333333,0.005293103166338351,0.010172786990050184,0.015310329672888255,0.06444191867266666,0.020032135375824513,0.0038395428816743044,0.004137177600223193,0.0013045183899548969,1.0116417519376035,309.960550350391,0,0.06666666666666667,1,0.06666666666666667,0,0,0.7922466205285639
P3,naive,time_trend_sd,0.045528614603915496,15,0.8666666666666667,0.00797554455096317,0.006695849504584503,0.01671178415560266,0.059310765373333324,0.019277324575876137,0.003924960589238479,0.0031113934316315513,0.001133392957914271,1.0116417519376035,309.960550350391,0,0.06666666666666667,1,0.06666666666666667,0,0,0.7922466205285639
P3,naive,treatment_effect_mean,-0.3374485596707819,15,0.06666666666666667,0.07259248353511524,0.07562415987078192,0.07581172041930427,0.06486047446666666,0.01988073494483183,0.0058416502508083995,0.0017899689953579337,5.724030341221251e-4,1.0116417519376035,309.960550350391,0,0.06666666666666667,1,0.06666666666666667,0,0,0.7922466205285639
P3,naive,treatment_effect_sd,0.07626392697027408,15,0.4,0.024454314680959252,0.024972968037725918,0.027313952475373295,0.04918137475999999,0.01520314458963599,0.0032517961334751115,0.0012536624202442563,4.05766277830763e-4,1.0116417519376035,309.960550350391,0,0.06666666666666667,1,0.06666666666666667,0,0,0.7922466205285639
P3,zero_mean,time_trend_mean,-0.08998628257887518,15,0.9333333333333333,0.0055860653486778525,0.009117150491235182,0.015246361451806177,0.066054750153,0.02068816163746444,0.0037914133384288045,0.004089479837492864,0.0013332871882495718,1.007164778972813,327.7514813277918,0,0.13333333333333333,1,0.13333333333333333,0,0,0.7593293848753339
P3,zero_mean,time_trend_sd,0.045528614603915496,15,0.8666666666666667,0.008391031065824504,0.006890134891084504,0.017105441694962597,0.05915009706666666,0.019176557483821303,0.003983777220823518,0.0030276008469954153,0.0010704013197618354,1.007164778972813,327.7514813277918,0,0.13333333333333333,1,0.13333333333333333,0,0,0.7593293848753339
P3,zero_mean,treatment_effect_mean,-0.3374485596707819,15,0.13333333333333333,0.06986960414944858,0.07422720853078191,0.07310178427100984,0.06617018706666665,0.02020727418243264,0.005745242004132132,0.001739645875678163,5.378010167319699e-4,1.007164778972813,327.7514813277918,0,0.13333333333333333,1,0.13333333333333333,0,0,0.7593293848753339
P3,zero_mean,treatment_effect_sd,0.07626392697027408,15,0.5333333333333333,0.021774000778725922,0.023360612673225922,0.025747440127579267,0.051534345806666666,0.015994220892170233,0.0036725192133244574,0.001325727692147025,4.0491855380112994e-4,1.007164778972813,327.7514813277918,0,0.13333333333333333,1,0.13333333333333333,0,0,0.7593293848753339
P4,full,time_trend_mean,-0.08998628257887518,15,0.9333333333333333,0.003933576831276668,0.004611872061125191,0.01432639157309529,0.0697873039,0.021655617822433013,0.0036817355070876477,0.0050293502985851325,0.0015554519379879068,1.0059619410294878,386.27741722882377,0,0.13333333333333333,2,0.06666666666666667,0,0,0.7124926605438835
P4,full,time_trend_sd,0.045528614603915496,15,0.7333333333333333,0.012621883466637838,0.009891168218584503,0.02124024902836425,0.06217240836666666,0.020098855009748413,0.004565681270878757,0.003828254179422694,0.0012887502668096752,1.0059619410294878,386.27741722882377,0,0.13333333333333333,2,0.06666666666666667,0,0,0.7124926605438835
P4,full,treatment_effect_mean,-0.3374485596707819,15,0,0.08650305392644858,0.08500083459078189,0.08789495137640904,0.08203045723333334,0.02501329984032211,0.004163996525139534,0.003005155778439579,9.23419763670341e-4,1.0059619410294878,386.27741722882377,0,0.13333333333333333,2,0.06666666666666667,0,0,0.7124926605438835
P4,full,treatment_effect_sd,0.07626392697027408,15,0.26666666666666666,0.035557829361092586,0.038235627178225914,0.04082751470321511,0.05966833800666666,0.018463135829514848,0.005362080672707112,0.0021029983866532992,6.781445318564426e-4,1.0059619410294878,386.27741722882377,0,0.13333333333333333,2,0.06666666666666667,0,0,0.7124926605438835
P4,naive,time_trend_mean,-0.08998628257887518,15,0.9333333333333333,0.004339943843489185,0.004454438727875182,0.014404707986437743,0.07031238395999999,0.022305146757917498,0.003670933120084861,0.004891989737217811,0.0017201537562930589,1.0286784153199324,86.6416748198865,0,1.7333333333333334,25,0.13333333333333333,0.06666666666666667,0,0.82245147746818
P4,naive,time_trend_sd,0.045528614603915496,15,0.7333333333333333,0.01295804434233217,0.010271504561084506,0.021219859015681488,0.06526175510999999,0.021081499274495718,0.0044910347476751,0.003979978046286302,0.0013593232890088773,1.0286784153199324,86.6416748198865,0,1.7333333333333334,25,0.13333333333333333,0.06666666666666667,0,0.82245147746818
P4,naive,treatment_effect_mean,-0.3374485596707819,15,0,0.09331152769578191,0.09279422271078192,0.09494766577286001,0.07406628613333333,0.02244705348492487,0.0046905530803494425,0.002865665735072777,8.772451453701011e-4,1.0286784153199324,86.6416748198865,0,1.7333333333333334,25,0.13333333333333333,0.06666666666666667,0,0.82245147746818
P4,naive,treatment_effect_sd,0.07626392697027408,15,0.13333333333333333,0.038957719850759256,0.040308437861225926,0.04309001984476135,0.055577890826666664,0.017115941968168895,0.004921134264226995,0.0020270994675507027,6.403256023774537e-4,1.0286784153199324,86.6416748198865,0,1.7333333333333334,25,0.13333333333333333,0.06666666666666667,0,0.82245147746818
P4,zero_mean,time_trend_mean,-0.08998628257887518,15,0.9333333333333333,0.003887422680609184,0.003638304522990188,0.0145857546290776,0.06867629297333333,0.02139172538034691,0.003757204346337693,0.004668883887753482,0.0014449444833873827,1.0073578160996972,295.3767282861612,0,0,0,0,0,0,0.751669420990641
P4,zero_mean,time_trend_sd,0.045528614603915496,15,0.6666666666666666,0.012609939481960836,0.008577763736734502,0.021164122761005277,0.06212984756666666,0.020095360646489695,0.004542729815746309,0.003464117265944024,0.0011895816791075535,1.0073578160996972,295.3767282861612,0,0,0,0,0,0,0.751669420990641
P4,zero_mean,treatment_effect_mean,-0.3374485596707819,15,0,0.09152598637578191,0.08942240844578192,0.09317231612740486,0.07396468776666668,0.02259472492038441,0.004660428478808495,0.002826154029636468,8.866368046317141e-4,1.0073578160996972,295.3767282861612,0,0,0,0,0,0,0.751669420990641
P4,zero_mean,treatment_effect_sd,0.07626392697027408,15,0.2,0.037334207646525924,0.03820059569122593,0.041652781004738924,0.057741669636666666,0.01795972848529137,0.00493609956511953,0.0019545265087717823,6.052433080801561e-4,1.0073578160996972,295.3767282861612,0,0,0,0,0,0,0.751669420990641
P5,full,time_trend_mean,-0.08998628257887518,15,0.9333333333333333,0.004995807322387852,0.005396910183390183,0.013615537856882614,0.061240212123333325,0.01903619933855765,0.003385101605668364,0.002111192419848456,6.917865060155084e-4,1.0061642790017828,444.98450103411665,0,0.06666666666666667,1,0.06666666666666667,0,0,0.7691778726550427
P5,full,time_trend_sd,0.045528614603915496,15,1,0.005502100746287837,0.004456182902084507,0.010222609316702979,0.05604530771666666,0.018100551845727553,0.0023026169680176846,0.0017377418261743294,6.034317836231615e-4,1.0061642790017828,444.98450103411665,0,0.06666666666666667,1,0.06666666666666667,0,0,0.7691778726550427
P5,full,treatment_effect_mean,-0.3374485596707819,15,0,0.10033363710911525,0.10071736671578191,0.10154375631128501,0.0802462061,0.024449642051980355,0.004177283039266466,0.0017187654046577174,5.250140901555742e-4,1.0061642790017828,444.98450103411665,0,0.06666666666666667,1,0.06666666666666667,0,0,0.7691778726550427
P5,full,treatment_effect_sd,0.07626392697027408,15,0.4,0.030352276292759255,0.02681180461522592,0.0339059316436011,0.057202621833333335,0.017805008994697585,0.004038666014456428,0.0015038830089529002,4.5050647916825286e-4,1.0061642790017828,444.98450103411665,0,0.06666666666666667,1,0.06666666666666667,0,0,0.7691778726550427
P5,naive,time_trend_mean,-0.08998628257887518,15,0.9333333333333333,0.004959165949740485,0.00666424226133519,0.013665234774234848,0.060647453319999996,0.018829020722992442,0.0034032055741388028,0.0024429211912235698,7.427570879933196e-4,1.0107471895782039,544.1979960103206,0,0,0,0,0,0,0.8096126594347853
P5,naive,time_trend_sd,0.045528614603915496,15,1,0.005049701219738504,0.004152956089584506,0.010009182643317894,0.05617999586333332,0.018020066502588302,0.0023096730563107164,0.0013841515479494993,5.29964965527324e-4,1.0107471895782039,544.1979960103206,0,0,0,0,0,0,0.8096126594347853
P5,naive,treatment_effect_mean,-0.3374485596707819,15,0,0.11051395464711525,0.11225060554578192,0.11157070138597142,0.0698601564,0.02135695558874246,0.004094309954183446,0.0020514748285129962,6.360997342460893e-4,1.0107471895782039,544.1979960103206,0,0,0,0,0,0,0.8096126594347853
P5,naive,treatment_effect_sd,0.07626392697027408,15,0.06666666666666667,0.03540807382329259,0.028632427643725922,0.03783635965493593,0.053758379259999996,0.016594806460429667,0.003564291354752881,0.0015278071602815536,4.6011349718297605e-4,1.0107471895782039,544.1979960103206,0,0,0,0,0,0,0.8096126594347853
P5,zero_mean,time_trend_mean,-0.08998628257887518,15,0.9333333333333333,0.005446526228023418,0.007121540506375187,0.013821033052265555,0.06226071506666665,0.019373914242536577,0.0033949153858514216,0.00234102457323357,7.298045732261195e-4,1.0060782644129114,582.0292171824264,0,0.06666666666666667,1,0.06666666666666667,0,0,0.767546942228236
P5,zero_mean,time_trend_sd,0.045528614603915496,15,1,0.005699753511529837,0.004743176821084501,0.010573748385565757,0.05748267090333332,0.01846200239607074,0.0023802305534947324,0.0019132208172675477,6.34954572589097e-4,1.0060782644129114,582.0292171824264,0,0.06666666666666667,1,0.06666666666666667,0,0,0.767546942228236
P5,zero_mean,treatment_effect_mean,-0.3374485596707819,15,0,0.10827999853111524,0.10960377370578192,0.10933873336542524,0.07199644593333335,0.022007017958665276,0.004056745106761214,0.001994611149096111,6.113233227562041e-4,1.0060782644129114,582.0292171824264,0,0.06666666666666667,1,0.06666666666666667,0,0,0.767546942228236
P5,zero_mean,treatment_effect_sd,0.07626392697027408,15,0.26666666666666666,0.03341010864502592,0.027004161005225916,0.0362119594200841,0.05657124619666666,0.01753840114379646,0.0037327761152236858,0.0015343128275204794,4.7562553435381036e-4,1.0060782644129114,582.0292171824264,0,0.06666666666666667,1,0.06666666666666667,0,0,0.767546942228236
P6,full,time_trend_mean,-0.08998628257887518,15,1,-0.015083867048351983,-0.006324347127124819,0.05515377287467946,0.12229557291333332,0.041140873969304964,0.01417849381779967,0.054445799713866205,0.019880854198996076,1.8289737144104987,2.9168530492611975,0.13333333333333333,10.733333333333333,154,0.2,0.06666666666666667,0.06666666666666667,0.5186327436430495
P6,full,time_trend_sd,0.045528614603915496,15,0.9333333333333333,0.055258470027627175,0.011006343840084504,0.18080256640760975,0.18208292841333332,0.06727355970225059,0.04600936978313995,0.12099924230394446,0.04729587348406106,1.8289737144104987,2.9168530492611975,0.13333333333333333,10.733333333333333,154,0.2,0.06666666666666667,0.06666666666666667,0.5186327436430495
P6,full,treatment_effect_mean,-0.3374485596707819,15,0,0.11287272528854858,0.11079872206078192,0.11470860258006518,0.09216600346666666,0.028179550287875103,0.0054629361009781345,0.0060400148525228655,0.001892364205671958,1.8289737144104987,2.9168530492611975,0.13333333333333333,10.733333333333333,154,0.2,0.06666666666666667,0.06666666666666667,0.5186327436430495
P6,full,treatment_effect_sd,0.07626392697027408,15,0.3333333333333333,0.03662819052329259,0.030940233782725923,0.04331549264911586,0.07288547373,0.022885257676894564,0.0061795027679359274,0.010496091448678859,0.0037762584823419296,1.8289737144104987,2.9168530492611975,0.13333333333333333,10.733333333333333,154,0.2,0.06666666666666667,0.06666666666666667,0.5186327436430495
P6,naive,time_trend_mean,-0.08998628257887518,15,1,3.2802216411981824e-4,-0.0014711080441248137,0.01586514170825225,0.06766551559333332,0.021526978511156772,0.004239231086637319,0.0038805341767454565,0.0012747280118979788,1.0127640582889612,308.0251566764577,0,0.2,1,0.2,0,0,0.7698887211280002
P6,naive,time_trend_sd,0.045528614603915496,15,0.9333333333333333,0.010526532385526904,0.010222106501084502,0.017514697950417484,0.06296052881033333,0.020767063341163204,0.0037412446384937157,0.002910097091567515,0.0010605033671161708,1.0127640582889612,308.0251566764577,0,0.2,1,0.2,0,0,0.7698887211280002
P6,naive,treatment_effect_mean,-0.3374485596707819,15,0,0.12634203207708192,0.12543421447128192,0.12683221799794045,0.07314479903333335,0.02236094445061669,0.002977324456990271,0.002246656486746507,6.827088188667711e-4,1.0127640582889612,308.0251566764577,0,0.2,1,0.2,0,0,0.7698887211280002
P6,naive,treatment_effect_sd,0.07626392697027408,15,0.06666666666666667,0.039774089666125924,0.04194305098322593,0.04206135949458399,0.05637275477333333,0.017366183800558127,0.003656498654681298,0.0015592518471183518,4.879656942733231e-4,1.0127640582889612,308.0251566764577,0,0.2,1,0.2,0,0,0.7698887211280002
P6,zero_mean,time_trend_mean,-0.08998628257887518,15,1,8.54659296956586e-4,-4.952065962748192e-4,0.016475359133269935,0.07003403308133332,0.022060435448509254,0.004397296377616159,0.004571037922047461,0.0014846887146520357,1.0077830112809378,384.6002161952722,0,0.4,3,0.2,0,0,0.7085608936579363
P6,zero_mean,time_trend_sd,0.045528614603915496,15,0.9333333333333333,0.010945634904034838,0.010302296621084506,0.01800257086208998,0.064684955935,0.021080018625161095,0.003819925524630641,0.003458919409927946,0.001310732682173025,1.0077830112809378,384.6002161952722,0,0.4,3,0.2,0,0,0.7085608936579363
P6,zero_mean,treatment_effect_mean,-0.3374485596707819,15,0,0.12289857979564858,0.12106897528578192,0.1234341244972691,0.07474918213333334,0.02290365463107551,0.0030696925697619613,0.0022801178672746253,6.951548577725685e-4,1.0077830112809378,384.6002161952722,0,0.4,3,0.2,0,0,0.7085608936579363
P6,zero_mean,treatment_effect_sd,0.07626392697027408,15,0.06666666666666667,0.03877634585305925,0.04126152628522592,0.04103299880830828,0.05766578104333333,0.01770968248433196,0.003586701563579422,0.001792365992853458,5.569420068577801e-4,1.0077830112809378,384.6002161952722,0,0.4,3,0.2,0,0,0.7085608936579363
P7,full,time_trend_mean,-0.08998628257887518,15,0.8,0.008244001426569364,-3.587010806298113e-4,0.019542622753767436,0.057795835329999996,0.018116667650770035,0.004735508304099926,0.0029692471475567662,9.480585990655978e-4,1.0134665069295772,461.9988914668663,0,0,0,0,0,0,0.7802709362462831
P7,full,time_trend_sd,0.045528614603915496,15,1,0.0017188977843948477,5.648785092845013e-4,0.011366091158649855,0.055104651931999996,0.018262869931618308,0.003002777507498455,0.001901376093261197,8.072672936917686e-4,1.0134665069295772,461.9988914668663,0,0,0,0,0,0,0.7802709362462831
P7,full,treatment_effect_mean,-0.3374485596707819,15,0,0.14529598476991523,0.1412960992942819,0.14716653016597395,0.09636735734666667,0.029281131671984907,0.00625108225391569,0.0014249338255787976,4.270189335153316e-4,1.0134665069295772,461.9988914668663,0,0,0,0,0,0,0.7802709362462831
P7,full,treatment_effect_sd,0.07626392697027408,15,0,0.06689793230475925,0.07157012114322593,0.06784440721302284,0.07072093294333333,0.021760465509175334,0.0030181622061199813,0.001064406284915702,3.455713120587751e-4,1.0134665069295772,461.9988914668663,0,0,0,0,0,0,0.7802709362462831
P7,naive,time_trend_mean,-0.08998628257887518,15,0.8,0.008783982219685283,-4.213103101248089e-4,0.01927568757112481,0.05906936565999999,0.018489652974560806,0.004585643650910246,0.0033970440479735953,0.0010810976053224012,1.0088432052966734,442.1328925786583,0,0.06666666666666667,1,0.06666666666666667,0,0,0.786933606340757
P7,naive,time_trend_sd,0.045528614603915496,15,1,0.0017518807875985703,8.003262170845071e-4,0.011787575389733474,0.056264283385666664,0.018317729246818792,0.0031153748602087915,0.002378923937067133,8.947406951777108e-4,1.0088432052966734,442.1328925786583,0,0.06666666666666667,1,0.06666666666666667,0,0,0.786933606340757
P7,naive,treatment_effect_mean,-0.3374485596707819,15,0,0.1575336772215819,0.16241858843678192,0.15848675103509682,0.09166455663333334,0.02799489282112804,0.004638278580828436,0.0020612969267333405,6.051921554512284e-4,1.0088432052966734,442.1328925786583,0,0.06666666666666667,1,0.06666666666666667,0,0,0.786933606340757
P7,naive,treatment_effect_sd,0.07626392697027408,15,0,0.07178388572519259,0.07290542565822593,0.07264835265533823,0.06918379179999999,0.02139934959540566,0.0029863605863860417,0.0014193639342066965,4.26455382404152e-4,1.0088432052966734,442.1328925786583,0,0.06666666666666667,1,0.06666666666666667,0,0,0.786933606340757
P7,zero_mean,time_trend_mean,-0.08998628257887518,15,0.8,0.008641610220686985,-4.157064462481652e-5,0.01938579621487168,0.059027783929999994,0.018348803276661958,0.004637823286215292,0.0032033393080557818,9.830656583711607e-4,1.008649220029284,358.99832733697957,0,0,0,0,0,0,0.8071832405532267
P7,zero_mean,time_trend_sd,0.045528614603915496,15,1,0.0018205356605861713,2.5497476983450673e-4,0.011623972638296183,0.056205601561999996,0.01794479484038638,0.003068298618876503,0.0022869317897135544,7.682027865055761e-4,1.008649220029284,358.99832733697957,0,0,0,0,0,0,0.8071832405532267
P7,zero_mean,treatment_effect_mean,-0.3374485596707819,15,0,0.15567826644234858,0.15892818294878192,0.1566538548144908,0.09239492569999999,0.028049852440515957,0.004665278936268599,0.002001246800161488,5.700968808873298e-4,1.008649220029284,358.99832733697957,0,0,0,0,0,0,0.8071832405532267
P7,zero_mean,treatment_effect_sd,0.07626392697027408,15,0,0.07077787559872592,0.07158668416822593,0.07163049682119663,0.06899006493333333,0.021333195561142857,0.0029449763591427713,0.0014023390907144805,4.3158639224657216e-4,1.008649220029284,358.99832733697957,0,0,0,0,0,0,0.8071832405532267
X1,fixed_zero,baseline_difference_sd,0.10084833067590679,15,0.9333333333333333,0.0025116650506598797,0.00221253137509321,0.022735687568208162,0.08468283388333332,0.02701104009536017,0.006039175841787809,0.004119487259977357,0.0012766689243404552,1.00805927867218,453.45968550349454,0,0.06666666666666667,1,0.06666666666666667,0,0,0.7809739866199106
X1,fixed_zero,time_trend_mean,-0.08998628257887518,15,0.8,0.010680990307721518,0.00873316913237518,0.020716562556624282,0.05912274077466666,0.01831953614390477,0.0047441122171810145,0.004613779814443922,0.0014327621429797114,1.00805927867218,453.45968550349454,0,0.06666666666666667,1,0.06666666666666667,0,0,0.7809739866199106
X1,fixed_zero,time_trend_sd,0.045528614603915496,15,0.6666666666666666,0.004390879863922147,0.007921722801084503,0.020398185046527285,0.05607161833999999,0.017764814558632127,0.005323842108940365,0.00322825630343727,0.0010062765557097397,1.00805927867218,453.45968550349454,0,0.06666666666666667,1,0.06666666666666667,0,0,0.7809739866199106
X1,fixed_zero,treatment_effect_mean,-0.3374485596707819,15,0.6,0.02378788167744857,0.025223482950781917,0.027402286903170803,0.05235154176666667,0.01594577346467386,0.0036353621633633364,0.002130090862767834,6.395747735093123e-4,1.00805927867218,453.45968550349454,0,0.06666666666666667,1,0.06666666666666667,0,0,0.7809739866199106
X1,fixed_zero,treatment_effect_sd,0.07626392697027408,15,0.8,-0.0010649425301074136,-1.632548352740737e-4,0.014369480154456852,0.041086490999999996,0.012680506787923583,0.0038298438733274914,0.0013783150826466495,4.084482975124359e-4,1.00805927867218,453.45968550349454,0,0.06666666666666667,1,0.06666666666666667,0,0,0.7809739866199106
X1,shared,baseline_difference_mean,0.08998628257887518,15,0.6,-0.021433979101785218,-0.02129267308947519,0.03107107382146307,0.05071940427266666,0.015435546726920027,0.006011870212237513,0.0020143218526906584,5.98541624906729e-4,1.010806981159636,183.25279130677495,0,2.6666666666666665,18,0.2,0.13333333333333333,0,0.531507358392618
X1,shared,baseline_difference_sd,0.045528614603915496,15,1,0.0016305645461346145,0.005561471333084503,0.011683904917116628,0.04242902233733333,0.013008230079747373,0.0030920969927162806,0.001031710331043843,3.334200720472046e-4,1.010806981159636,183.25279130677495,0,2.6666666666666665,18,0.2,0.13333333333333333,0,0.531507358392618
X1,shared,time_trend_mean,-0.08998628257887518,15,0.8,0.0073979313015011495,0.009456228001625183,0.018514118674493603,0.058229215363333336,0.017961464056277483,0.00453591385304551,0.004485596051986985,0.0013519110735737173,1.010806981159636,183.25279130677495,0,2.6666666666666665,18,0.2,0.13333333333333333,0,0.531507358392618
X1,shared,time_trend_sd,0.045528614603915496,15,0.7333333333333333,0.0034210071927981713,0.006502672284084507,0.019423181975656605,0.05369591166829999,0.016870726231232477,0.005109911292536543,0.0029656212565821465,9.176489173871671e-4,1.010806981159636,183.25279130677495,0,2.6666666666666665,18,0.2,0.13333333333333333,0,0.531507358392618
X1,shared,treatment_effect_mean,-0.3374485596707819,15,0.7333333333333333,-0.019311499181218085,-0.017948041384218072,0.02842305426069166,0.06093637943333333,0.018629620845451868,0.005573765160361502,0.002331308813623046,7.046286277187981e-4,1.010806981159636,183.25279130677495,0,2.6666666666666665,18,0.2,0.13333333333333333,0,0.531507358392618
X1,shared,treatment_effect_sd,0.07626392697027408,15,0.7333333333333333,-0.011070389152617412,-0.009795319318774073,0.020186765025147855,0.046185194906666664,0.01416473981758183,0.004511508824187815,0.0016760209505731697,4.975014908586411e-4,1.010806981159636,183.25279130677495,0,2.6666666666666665,18,0.2,0.13333333333333333,0,0.531507358392618
X1,two_pop,baseline_difference_sd,0.10084833067590679,15,0.9333333333333333,0.0018246016182598764,6.107878745932049e-4,0.022359412298226727,0.08349500536666665,0.026565780182787765,0.005955874334618458,0.003813697019471546,0.0012761592323574389,1.0064939524538656,467.80435374936735,0,0,0,0,0,0,0.7813137070879723
X1,two_pop,time_trend_mean,-0.08998628257887518,15,0.8,0.010882244664392018,0.00904104944537519,0.02076173571750281,0.05862187340366666,0.018196967392651954,0.00472551146942804,0.0045927329205903275,0.001439778815217409,1.0064939524538656,467.80435374936735,0,0,0,0,0,0,0.7813137070879723
X1,two_pop,time_trend_sd,0.045528614603915496,15,0.6666666666666666,0.004406013924389103,0.007241484958084507,0.020340270323864627,0.05559675097966666,0.017837202535540563,0.005307095238223054,0.0036042090500821573,0.001168376190409029,1.0064939524538656,467.80435374936735,0,0,0,0,0,0,0.7813137070879723
X1,two_pop,treatment_effect_mean,-0.3374485596707819,15,0.6,0.02349480769211525,0.024498931435781912,0.02703408351802223,0.05243969,0.01597952273339068,0.0035740701405093094,0.0019938475544869086,6.213516263880316e-4,1.0064939524538656,467.80435374936735,0,0,0,0,0,0,0.7813137070879723
X1,two_pop,treatment_effect_sd,0.07626392697027408,15,0.8,-0.0026932305448107443,-6.970869557740844e-4,0.015216012998293602,0.041992890719999995,0.0129369815112237,0.004002441761838625,0.0011873286767775833,3.9792663285952314e-4,1.0064939524538656,467.80435374936735,0,0,0,0,0,0,0.7813137070879723
X1,zero_mean,baseline_difference_sd,0.10084833067590679,15,0.7333333333333333,-0.021913060414506788,-0.018879750467406795,0.026529512084685198,0.04519184311999999,0.013866565214792684,0.0039967200366732274,0.00160470206002869,4.8563211914077624e-4,1.0206467385931604,76.11719318271987,0,3.8666666666666667,48,0.2,0.06666666666666667,0,0.28048436372366864
X1,zero_mean,time_trend_mean,-0.08998628257887518,15,0.7333333333333333,0.012414332691951318,0.010442623425625186,0.021733959898881827,0.05924584204766666,0.01821753019331889,0.004767818883632761,0.004672519707348503,0.0013889435802439166,1.0206467385931604,76.11719318271987,0,3.8666666666666667,48,0.2,0.06666666666666667,0,0.28048436372366864
X1,zero_mean,time_trend_sd,0.045528614603915496,15,0.6666666666666666,0.004010464804067864,0.0057297165595845065,0.019593278851301563,0.05371872224433333,0.016885828352077734,0.005125654997866782,0.003032261474589901,9.617786025185683e-4,1.0206467385931604,76.11719318271987,0,3.8666666666666667,48,0.2,0.06666666666666667,0,0.28048436372366864
X1,zero_mean,treatment_effect_mean,-0.3374485596707819,15,0.7333333333333333,0.01605914744611524,0.017718505980781896,0.022073837725001506,0.05784388576666665,0.017594466017668214,0.004047557422284193,0.00308590060409102,9.276568966329521e-4,1.0206467385931604,76.11719318271987,0,3.8666666666666667,48,0.2,0.06666666666666667,0,0.28048436372366864
X1,zero_mean,treatment_effect_sd,0.07626392697027408,15,0.7333333333333333,-0.012551530351187746,-0.0053800109272740815,0.024043969316736115,0.049224946629666665,0.015189726748972949,0.0054809510797941986,0.0013382832103851674,4.245766306890539e-4,1.0206467385931604,76.11719318271987,0,3.8666666666666667,48,0.2,0.06666666666666667,0,0.28048436372366864
X10,free_gamma,time_trend_mean,-0.08998628257887518,15,1,0.0026887399607085183,0.002773748611875182,0.009827306565364282,0.041224461149999996,0.012614673072421633,0.0025262427175740242,0.0017246167913470196,5.241908147071968e-4,1.006913066542444,346.5408219501628,0,0,0,0,0,0,0.6031116217009843
X10,free_gamma,time_trend_sd,0.045528614603915496,15,0.8666666666666667,0.004475858578044504,0.0034680842205845053,0.010841390234839016,0.03493009885666666,0.010866537127069878,0.002639026230224867,0.0012470629007019657,3.9959707266179706e-4,1.006913066542444,346.5408219501628,0,0,0,0,0,0,0.6031116217009843
X10,free_gamma,treatment_effect_mean,-0.3374485596707819,15,0.9333333333333333,0.007404143117781917,0.008639007780781915,0.017705293366537846,0.06619767296666669,0.02015680513711264,0.004298305961045016,0.0029318704878465974,8.637682616947896e-4,1.006913066542444,346.5408219501628,0,0,0,0,0,0,0.6031116217009843
X10,free_gamma,treatment_effect_sd,0.07626392697027408,15,0.9333333333333333,0.005295594870959256,0.009411984637225923,0.016190522634640474,0.05449085696333332,0.017011381747632618,0.004089094364853521,0.0019447833589910624,5.990591242778699e-4,1.006913066542444,346.5408219501628,0,0,0,0,0,0,0.6031116217009843
X10,kappa_0,time_trend_mean,-0.08998628257887518,15,1,0.0028901919225418535,0.0030751660498751915,0.01009247802911318,0.041899924953333334,0.012793895831173263,0.0025843609795820222,0.0018282859078387781,5.60264722755156e-4,1.0085221492481407,459.6588430334497,0,0,0,0,0,0,0.713274053348044
X10,kappa_0,time_trend_sd,0.045528614603915496,15,0.8666666666666667,0.004814315287414504,0.003701318735584505,0.011097786438333805,0.034905721206666664,0.01083755427962832,0.002672388339832699,0.0012587179228969654,4.1222336116364096e-4,1.0085221492481407,459.6588430334497,0,0,0,0,0,0,0.713274053348044
X10,kappa_0,treatment_effect_mean,-0.3374485596707819,15,0.9333333333333333,0.007920173483448574,0.009751103245781934,0.017553582681733352,0.06593445056666666,0.020003036699174047,0.004186706146129395,0.0027089120003613285,8.24697139690131e-4,1.0085221492481407,459.6588430334497,0,0,0,0,0,0,0.713274053348044
X10,kappa_0,treatment_effect_sd,0.07626392697027408,15,0.9333333333333333,0.0050325008731592555,0.009622076035725916,0.015733069293496518,0.053629207299999995,0.016751106525008053,0.0039839266734826755,0.0018666357528902575,5.992595617318575e-4,1.0085221492481407,459.6588430334497,0,0,0,0,0,0,0.713274053348044
X10,kappa_0.5,time_trend_mean,-0.08998628257887518,15,1,0.0027796472501618523,0.0020047282898751906,0.009943143317330864,0.04122550108333333,0.01254204063643037,0.002551465407979852,0.0018344027840524032,5.519733797452664e-4,1.0057800977801017,493.6630459031911,0,0,0,0,0,0,0.6838626293877162
X10,kappa_0.5,time_trend_sd,0.045528614603915496,15,0.8666666666666667,0.004602634460784505,0.0037197419250845007,0.011002257383261249,0.034739481366666665,0.01076539476888218,0.002670813460191022,0.001183894701162412,3.7751302428552466e-4,1.0057800977801017,493.6630459031911,0,0,0,0,0,0,0.6838626293877162
X10,kappa_0.5,treatment_effect_mean,-0.3374485596707819,15,0.8666666666666667,0.007402198662448578,0.008468944720781912,0.01765118448920988,0.06491969143333333,0.020058008330422504,0.004282620766654856,0.002748661220824243,8.368734562903321e-4,1.0057800977801017,493.6630459031911,0,0,0,0,0,0,0.6838626293877162
X10,kappa_0.5,treatment_effect_sd,0.07626392697027408,15,0.9333333333333333,0.00481276220522592,0.00943209127372592,0.01597415170587572,0.05451673701333332,0.016983828014854412,0.004070897081534812,0.002018398441427974,6.246277715553042e-4,1.0057800977801017,493.6630459031911,0,0,0,0,0,0,0.6838626293877162
X10,kappa_1,time_trend_mean,-0.08998628257887518,15,1,0.002894982983555187,0.002485134941875189,0.009916163277734102,0.041275986073333326,0.012606137980944973,0.0025347494617756635,0.0018945408242480991,5.919921336649323e-4,1.011797633570212,368.82991727329085,0,0,0,0,0,0,0.6795051015960071
X10,kappa_1,time_trend_sd,0.045528614603915496,15,0.8666666666666667,0.004632872498217838,0.0030016758050845013,0.011186080067882687,0.03508630395666667,0.010930783918616854,0.0027211457631501363,0.0013304393760088778,4.242399137860072e-4,1.011797633570212,368.82991727329085,0,0,0,0,0,0,0.6795051015960071
X10,kappa_1,treatment_effect_mean,-0.3374485596707819,15,0.9333333333333333,0.0074384821444485735,0.00899172681578192,0.018330457194742796,0.06697308200000002,0.020487133265890627,0.0044775203944260565,0.0028977907164375698,8.893919356436368e-4,1.011797633570212,368.82991727329085,0,0,0,0,0,0,0.6795051015960071
X10,kappa_1,treatment_effect_sd,0.07626392697027408,15,0.8666666666666667,0.005691431795159253,0.008920804556225917,0.017161459235973085,0.05525514188999999,0.017170568339121648,0.004327018828816178,0.002191062837473857,6.867140354149951e-4,1.011797633570212,368.82991727329085,0,0,0,0,0,0,0.6795051015960071
X10,kappa_2,time_trend_mean,-0.08998628257887518,15,1,0.0025101067461751835,0.0025586576138751788,0.009846566304515008,0.04082870505,0.012540449457776508,0.0025446615283206994,0.001753839962986279,5.337978250533269e-4,1.005429993232573,481.89902642787763,0,0,0,0,0,0,0.710172448991205
X10,kappa_2,time_trend_sd,0.045528614603915496,15,0.8666666666666667,0.004410840913127836,0.003120890034584503,0.01092862072705795,0.034748215789999995,0.010850835167113541,0.002672334899817523,0.0012612328307102909,4.0241895488468514e-4,1.005429993232573,481.89902642787763,0,0,0,0,0,0,0.710172448991205
X10,kappa_2,treatment_effect_mean,-0.3374485596707819,15,0.8666666666666667,0.00716318401211525,0.007386775680781887,0.01891742653179004,0.0664499298,0.020444783371705234,0.004679421678204096,0.002999468901726765,9.214282074608642e-4,1.005429993232573,481.89902642787763,0,0,0,0,0,0,0.710172448991205
X10,kappa_2,treatment_effect_sd,0.07626392697027408,15,0.9333333333333333,0.006158938796292587,0.009343582073225914,0.01742376306960865,0.055732103683333326,0.017280173618359547,0.004356071234572503,0.0019483658517099164,5.853767575003555e-4,1.005429993232573,481.89902642787763,0,0,0,0,0,0,0.710172448991205
X11,free_gamma,time_trend_mean,-0.08998628257887518,15,0.9333333333333333,-0.0027378570156914805,-0.0012602890941248168,0.010835016174476412,0.04291684718666666,0.013154174714069367,0.0028018069993538406,0.002104282382993699,6.487309836108326e-4,1.0074826266413262,381.87396420352064,0,0,0,0,0,0,0.6077538860135318
X11,free_gamma,time_trend_sd,0.045528614603915496,15,0.8,0.006862246748584504,0.008039256706084505,0.013388775573207296,0.03516331310666667,0.010977093582387907,0.0030725615292136687,0.0013647331292224712,4.485169472982379e-4,1.0074826266413262,381.87396420352064,0,0,0,0,0,0,0.6077538860135318
X11,free_gamma,treatment_effect_mean,-0.3374485596707819,15,0.9333333333333333,-0.006077412294884758,-0.002759132309218093,0.02064156324174629,0.06582297323333333,0.020113791084330958,0.005272158631237135,0.0029317788716233307,9.166244806207392e-4,1.0074826266413262,381.87396420352064,0,0,0,0,0,0,0.6077538860135318
X11,free_gamma,treatment_effect_sd,0.07626392697027408,15,1,0.004326559082459253,0.0020746486242259193,0.01628457108256274,0.05500342746,0.017155650816941075,0.004195815448149568,0.0019622275714197696,6.125855871234614e-4,1.0074826266413262,381.87396420352064,0,0,0,0,0,0,0.6077538860135318
X11,kappa_0,time_trend_mean,-0.08998628257887518,15,0.9333333333333333,-0.0026167051727914825,-0.002658738084124812,0.010674769356668749,0.04332035230999999,0.013332234941977713,0.0027659092389917695,0.0019794190224632718,6.324461142059334e-4,1.0063989609102564,387.1115799079607,0,0,0,0,0,0,0.6876416777351373
X11,kappa_0,time_trend_sd,0.045528614603915496,15,0.8666666666666667,0.007129817523407837,0.009418392469584501,0.013772670315406202,0.03556113611666666,0.011068026695520794,0.0031492873309435046,0.00154000897716702,4.783125683727487e-4,1.0063989609102564,387.1115799079607,0,0,0,0,0,0,0.6876416777351373
X11,kappa_0,treatment_effect_mean,-0.3374485596707819,15,0.9333333333333333,-0.005706000395884758,-0.00427008323921807,0.02061801250301345,0.06737573229999998,0.0205616583571009,0.005295172997690455,0.0030663260595404965,9.38982845143968e-4,1.0063989609102564,387.1115799079607,0,0,0,0,0,0,0.6876416777351373
X11,kappa_0,treatment_effect_sd,0.07626392697027408,15,0.8,0.0064770656281959195,0.0037970730227259164,0.01727691623883045,0.054081993429999996,0.016898297075843366,0.004280682985989888,0.002036974120192207,6.285513962967709e-4,1.0063989609102564,387.1115799079607,0,0,0,0,0,0,0.6876416777351373
X11,kappa_0.5,time_trend_mean,-0.08998628257887518,15,0.9333333333333333,-0.002683976503558147,-0.0015632574681248151,0.010849000373276322,0.04307387670666667,0.013146190666245502,0.0028093857898594332,0.002238458807199541,6.5348874103292e-4,1.0079841563446275,442.56067546382286,0,0,0,0,0,0,0.6776041249762008
X11,kappa_0.5,time_trend_sd,0.045528614603915496,15,0.8666666666666667,0.007051624027801171,0.008187145395584502,0.01376629342639693,0.03579608349333333,0.011217617602777,0.0031598534467846594,0.001551270506781652,5.067552041652766e-4,1.0079841563446275,442.56067546382286,0,0,0,0,0,0,0.6776041249762008
X11,kappa_0.5,treatment_effect_mean,-0.3374485596707819,15,0.9333333333333333,-0.006262163914551425,-0.003609731134218086,0.02055166717809422,0.0658760146,0.02010998754732609,0.005231472934532499,0.0028964505140198094,9.024516519204887e-4,1.0079841563446275,442.56067546382286,0,0,0,0,0,0,0.6776041249762008
X11,kappa_0.5,treatment_effect_sd,0.07626392697027408,15,0.9333333333333333,0.004977550438792588,0.0016075933562259143,0.01653570961800962,0.053876040689999995,0.01691702613282276,0.004214377468011916,0.0019654313782046105,5.974689729614833e-4,1.0079841563446275,442.56067546382286,0,0,0,0,0,0,0.6776041249762008
X11,kappa_1,time_trend_mean,-0.08998628257887518,15,0.8666666666666667,-0.002573384615191483,-5.991243081248099e-4,0.010839591797615403,0.042756067803333325,0.013059896021635457,0.002814178920614411,0.0019878827134068625,6.423208633941711e-4,1.0112919458938465,467.1708465588985,0,0,0,0,0,0,0.7116421741636311
X11,kappa_1,time_trend_sd,0.045528614603915496,15,0.8666666666666667,0.006826968975384503,0.007604780175084501,0.013346266319707952,0.03546911137666666,0.011088374364114213,0.003064955363060055,0.0013454288812501135,4.3326843852253615e-4,1.0112919458938465,467.1708465588985,0,0,0,0,0,0,0.7116421741636311
X11,kappa_1,treatment_effect_mean,-0.3374485596707819,15,0.9333333333333333,-0.006398000954884756,-0.004786938044218092,0.02073340038327908,0.06502232349999999,0.01995106777718823,0.005270805544524418,0.003101339344025762,9.325152155202199e-4,1.0112919458938465,467.1708465588985,0,0,0,0,0,0,0.7116421741636311
X11,kappa_1,treatment_effect_sd,0.07626392697027408,15,1,0.004241269230359255,0.0027199614672259176,0.016372662276427245,0.05391948883666666,0.01685207196068643,0.004226411052059178,0.0021032867095523706,6.800875186109674e-4,1.0112919458938465,467.1708465588985,0,0,0,0,0,0,0.7116421741636311
X11,kappa_2,time_trend_mean,-0.08998628257887518,15,0.9333333333333333,-0.002507723335791484,2.16916733751793e-5,0.010692809411756085,0.04254311089999999,0.013021041451511802,0.0027780709749658295,0.002130612905257137,6.447380860412005e-4,1.011540779691791,449.9428170284794,0,0,0,0,0,0,0.6392671447638802
X11,kappa_2,time_trend_sd,0.045528614603915496,15,0.8666666666666667,0.006704320090527838,0.007573878119084505,0.013430679943040723,0.03551625222333333,0.010987093085528902,0.0031102969065456153,0.0014689342191887174,4.4390309645928023e-4,1.011540779691791,449.9428170284794,0,0,0,0,0,0,0.6392671447638802
X11,kappa_2,treatment_effect_mean,-0.3374485596707819,15,0.8666666666666667,-0.005981511180884758,-0.0028466032342180925,0.020908446601930992,0.06510862419999998,0.019910663384398255,0.005354468516367229,0.0029073940527423237,8.777039077735634e-4,1.011540779691791,449.9428170284794,0,0,0,0,0,0,0.6392671447638802
X11,kappa_2,treatment_effect_sd,0.07626392697027408,15,0.9333333333333333,0.004334472422759254,0.0024694449007259256,0.016479337325270876,0.054965214846666666,0.017053155575098324,0.0042492092331263345,0.0021072309413254515,6.441365006542438e-4,1.011540779691791,449.9428170284794,0,0,0,0,0,0,0.6392671447638802
X12,free_gamma,time_trend_mean,-0.08998628257887518,15,1,5.1803607085158335e-6,-4.9924110212482e-4,0.008596994839077006,0.04246685158333333,0.012987024870067943,0.002297643100268801,0.002206438642346348,6.619312532568395e-4,1.0118619103403226,404.9000545201408,0,0,0,0,0,0,0.6198920041246361
X12,free_gamma,time_trend_sd,0.045528614603915496,15,0.8,0.005808424009727171,0.004394972372084506,0.013153614157598722,0.03600815866333333,0.011036617953466143,0.0031541330700504975,0.0012947145296797402,3.8100355307772797e-4,1.0118619103403226,404.9000545201408,0,0,0,0,0,0,0.6198920041246361
X12,free_gamma,treatment_effect_mean,-0.3374485596707819,15,0.8,0.012379955913115241,0.0087949667907819,0.026513916884828938,0.07025094713333334,0.021507963120907397,0.006266261588658401,0.0031285166215452498,9.900844587505254e-4,1.0118619103403226,404.9000545201408,0,0,0,0,0,0,0.6198920041246361
X12,free_gamma,treatment_effect_sd,0.07626392697027408,15,0.8,0.01047164465752592,0.011211561801725917,0.019716757611482387,0.05797369549,0.01803291726249284,0.004464904325294404,0.0020654751014584235,6.392753953066725e-4,1.0118619103403226,404.9000545201408,0,0,0,0,0,0,0.6198920041246361
X12,kappa_0,time_trend_mean,-0.08998628257887518,15,1,3.670474760851842e-4,-3.4921795012481105e-4,0.008630731209303083,0.04206552889666666,0.012872103929583463,0.0023045730524567536,0.0021103701383331465,6.389740613118963e-4,1.0082216715642465,257.2306643996374,0,0,0,0,0,0,0.6891554696555229
X12,kappa_0,time_trend_sd,0.045528614603915496,15,0.6666666666666666,0.006161346471937838,0.0053815606535845065,0.013236196847729018,0.035427681776666664,0.011054185048244153,0.0031308912086379626,0.0012549655620857786,3.96772030248079e-4,1.0082216715642465,257.2306643996374,0,0,0,0,0,0,0.6891554696555229
X12,kappa_0,treatment_effect_mean,-0.3374485596707819,15,0.8,0.011229526516115241,0.004480487920781928,0.028293644193679243,0.0753443539,0.023115144243374623,0.006940708259363654,0.0026231614036647394,7.968074119539378e-4,1.0082216715642465,257.2306643996374,0,0,0,0,0,0,0.6891554696555229
X12,kappa_0,treatment_effect_sd,0.07626392697027408,15,0.7333333333333333,0.02047597520782592,0.01686096577822592,0.025678404159352835,0.06202653681666666,0.019433042681993456,0.004141384166983368,0.002210724354522903,6.904117216923224e-4,1.0082216715642465,257.2306643996374,0,0,0,0,0,0,0.6891554696555229
X12,kappa_0.5,time_trend_mean,-0.08998628257887518,15,1,2.1584934804185312e-4,-5.960331866248086e-4,0.00859851112662059,0.041856971879999996,0.012890210542175899,0.0022973245720926266,0.0019943555760320456,6.163805033049135e-4,1.0068245106164135,323.997025828611,0,0,0,0,0,0,0.6652376269938767
X12,kappa_0.5,time_trend_sd,0.045528614603915496,15,0.8,0.0060160735960011705,0.005456645719084503,0.013124452631304953,0.03547331475666666,0.011037022544621388,0.0031174407470467664,0.0012680897969082762,4.131326177344833e-4,1.0068245106164135,323.997025828611,0,0,0,0,0,0,0.6652376269938767
X12,kappa_0.5,treatment_effect_mean,-0.3374485596707819,15,0.8,0.011832038875115247,0.007276128955781891,0.02749009466663504,0.07209244799999999,0.02212058967535145,0.006631678094237846,0.0031367224782150862,9.398816530020209e-4,1.0068245106164135,323.997025828611,0,0,0,0,0,0,0.6652376269938767
X12,kappa_0.5,treatment_effect_sd,0.07626392697027408,15,0.8,0.014626389287225924,0.011482491534225925,0.021693936290001454,0.05889463751666666,0.018229076975202162,0.004281985588929215,0.002118885830926287,6.428834192719377e-4,1.0068245106164135,323.997025828611,0,0,0,0,0,0,0.6652376269938767
X12,kappa_1,time_trend_mean,-0.08998628257887518,15,1,2.4152851625518316e-4,-3.6710982262481984e-4,0.008436920174182915,0.04204908840999999,0.012906918002693642,0.002253937602149533,0.002105442078321407,6.640451647472465e-4,1.0091965807081702,275.5062393107845,0,0,0,0,0,0,0.6604701034005453
X12,kappa_1,time_trend_sd,0.045528614603915496,15,0.7333333333333333,0.005879754618747837,0.004738278252084505,0.013089687819409135,0.03590242612,0.011134996231491005,0.0031255675236998544,0.0012559183767719075,4.215545917127778e-4,1.0091965807081702,275.5062393107845,0,0,0,0,0,0,0.6604701034005453
X12,kappa_1,treatment_effect_mean,-0.3374485596707819,15,0.8,0.01239954147044858,0.009570593195781907,0.026982948088186017,0.06958325973333333,0.021213181454818174,0.006404969381282715,0.0030949408621124227,9.22650387879865e-4,1.0091965807081702,275.5062393107845,0,0,0,0,0,0,0.6604701034005453
X12,kappa_1,treatment_effect_sd,0.07626392697027408,15,0.8,0.010828631888092587,0.011188013726225923,0.019373279143188867,0.057016013783333326,0.017697307760194115,0.004293389238885598,0.0020336850091802446,6.159971282163848e-4,1.0091965807081702,275.5062393107845,0,0,0,0,0,0,0.6604701034005453
X12,kappa_2,time_trend_mean,-0.08998628257887518,15,1,1.1727259891851824e-5,-4.5562395212481177e-4,0.008635508102985653,0.04164104766333333,0.012761622046720331,0.0023079344919538875,0.002076813032481133,6.529073650147271e-4,1.0096820917976788,413.3092721031089,0,0,0,0,0,0,0.6966086082287921
X12,kappa_2,time_trend_sd,0.045528614603915496,15,0.8,0.00559993146981117,0.004445925991584505,0.013138669809788525,0.03516166062666666,0.010914572153061432,0.003176536882294334,0.001335168209503985,4.365184468926545e-4,1.0096820917976788,413.3092721031089,0,0,0,0,0,0,0.6966086082287921
X12,kappa_2,treatment_effect_mean,-0.3374485596707819,15,0.8,0.01244696893111524,0.01035766121578191,0.02656706856018136,0.0688301531,0.021111289909681304,0.006272855901815767,0.0029470938754249947,9.103255403971174e-4,1.0096820917976788,413.3092721031089,0,0,0,0,0,0,0.6966086082287921
X12,kappa_2,treatment_effect_sd,0.07626392697027408,15,0.8,0.010303277657725922,0.01200662035622592,0.019541053753966187,0.05763494226333333,0.017984301207106354,0.00443762526039066,0.001980004559943445,6.397847260038162e-4,1.0096820917976788,413.3092721031089,0,0,0,0,0,0,0.6966086082287921
X13,kappa_0,baseline_difference_sd,0,15,0,0.0297356303669787,0.030262040477565,0.031088401926004514,0.044771074582433325,0.013885462967540518,0.0024242969671817885,0.0016180043179548056,4.933993201481182e-4,1.0129353336268423,183.50417437179507,0,0.26666666666666666,4,0.06666666666666667,0,0,0.5314610985671894
X13,kappa_0,time_trend_mean,-0.08998628257887518,15,0.8666666666666667,0.006198605105475551,0.0070975010077551914,0.014266363462134564,0.06691568310999998,0.020708013145287047,0.0034341397465127432,0.0035226519690258083,0.0011137561252330557,1.0129353336268423,183.50417437179507,0,0.26666666666666666,4,0.06666666666666667,0,0,0.5314610985671894
X13,kappa_0,time_trend_sd,0.045528614603915496,15,0.8,0.013838796581889171,0.009592883606584501,0.02007680950626715,0.06414027952,0.020355687910149103,0.003887397119594399,0.003973960699949474,0.001218569117596862,1.0129353336268423,183.50417437179507,0,0.26666666666666666,4,0.06666666666666667,0,0,0.5314610985671894
X13,kappa_0,treatment_effect_mean,-0.3374485596707819,15,0.6,0.025099959322781903,0.023812791220781893,0.03152184292236952,0.05471160086666668,0.016690260065662602,0.005096347594231658,0.002098859641898475,6.586168173639613e-4,1.0129353336268423,183.50417437179507,0,0.26666666666666666,4,0.06666666666666667,0,0,0.5314610985671894
X13,kappa_0,treatment_effect_sd,0.07626392697027408,15,0.8,0.0018610876939492533,-1.6962388577407284e-4,0.014626006034274077,0.043820376366666663,0.013541866246986126,0.0038771897509670247,0.0015831961152509538,4.888224045801088e-4,1.0129353336268423,183.50417437179507,0,0.26666666666666666,4,0.06666666666666667,0,0,0.5314610985671894
X13,kappa_0.5,baseline_difference_sd,0,15,0,0.029939454385708334,0.02984426194119,0.03128248915973118,0.045159546294899995,0.013959945410790155,0.0024234449964990667,0.0016996095895771043,5.098719348168607e-4,1.0137533446374452,188.9780274473722,0,0.5333333333333333,7,0.13333333333333333,0,0,0.5020961030719734
X13,kappa_0.5,time_trend_mean,-0.08998628257887518,15,0.8666666666666667,0.006261942873568853,0.006327417063740182,0.014359431636290772,0.06680469871666667,0.020772064441502015,0.003453583525696467,0.003308441494401763,0.0010054570456758097,1.0137533446374452,188.9780274473722,0,0.5333333333333333,7,0.13333333333333333,0,0,0.5020961030719734
X13,kappa_0.5,time_trend_sd,0.045528614603915496,15,0.8,0.013368349645492503,0.010313099710084504,0.019355616049822486,0.062121083729999985,0.019750949694674405,0.0037409614923745223,0.0034474550965014343,0.001072688590756285,1.0137533446374452,188.9780274473722,0,0.5333333333333333,7,0.13333333333333333,0,0,0.5020961030719734
X13,kappa_0.5,treatment_effect_mean,-0.3374485596707819,15,0.6,0.025119052944115244,0.024471787550781887,0.03147709522895965,0.054265669799999985,0.016589386980892015,0.005069803484806105,0.0019925371792102685,6.362891793912518e-4,1.0137533446374452,188.9780274473722,0,0.5333333333333333,7,0.13333333333333333,0,0,0.5020961030719734
X13,kappa_0.5,treatment_effect_sd,0.07626392697027408,15,0.8,-9.381346332741069e-5,-0.0017139053442740831,0.015175540451551698,0.04490656389666666,0.013747463020782393,0.004055756288736685,0.0016116726528487759,4.6345968431117093e-4,1.0137533446374452,188.9780274473722,0,0.5333333333333333,7,0.13333333333333333,0,0,0.5020961030719734
X13,kappa_1,baseline_difference_sd,0,15,0,0.02986164080788219,0.02907525726893,0.031177261051621368,0.04464966042763333,0.013847362597450594,0.0023949950036030758,0.0017172089249418748,4.881539384645021e-4,1.013427399592418,121.04403206884332,0,0.6,9,0.06666666666666667,0,0,0.4879106582518796
X13,kappa_1,time_trend_mean,-0.08998628257887518,15,0.8666666666666667,0.007000869844696851,0.00813506445692519,0.014577287720059276,0.06598542752333333,0.020503817744694244,0.003417237174458392,0.0033503172129715265,0.001056737592635787,1.013427399592418,121.04403206884332,0,0.6,9,0.06666666666666667,0,0,0.4879106582518796
X13,kappa_1,time_trend_sd,0.045528614603915496,15,0.8666666666666667,0.01245425107470617,0.009541640530084501,0.018109077630989096,0.06018094201666666,0.019220882086305097,0.003513548499465725,0.002826649270863248,8.83583364648005e-4,1.013427399592418,121.04403206884332,0,0.6,9,0.06666666666666667,0,0,0.4879106582518796
X13,kappa_1,treatment_effect_mean,-0.3374485596707819,15,0.6,0.024776596900448578,0.024495244620781897,0.031112550515291028,0.054066647733333334,0.016499461934330138,0.005029278886105826,0.0022328604086283435,6.804306763292018e-4,1.013427399592418,121.04403206884332,0,0.6,9,0.06666666666666667,0,0,0.4879106582518796
X13,kappa_1,treatment_effect_sd,0.07626392697027408,15,0.8666666666666667,-0.004692433164174079,-0.004692110115774084,0.017189589825890413,0.045920339075999995,0.014190106297193007,0.004419624009396811,0.0013884512914147502,4.2084560560701363e-4,1.013427399592418,121.04403206884332,0,0.6,9,0.06666666666666667,0,0,0.4879106582518796
X13,kappa_2,baseline_difference_sd,0,15,0,0.03010358705473573,0.02907679807802,0.03143179929458018,0.044279854443433325,0.013734520487486775,0.0024161961446620803,0.001734596353463068,5.128634379519675e-4,1.0245120695443064,82.7182178263284,0,2.3333333333333335,35,0.06666666666666667,0.06666666666666667,0,0.40888870506850394
X13,kappa_2,time_trend_mean,-0.08998628257887518,15,0.8666666666666667,0.008660116578193518,0.010471642798440178,0.015480185740497388,0.06453788844666666,0.019909486493399357,0.0034292703452608484,0.0030002955820321456,9.681929050901865e-4,1.0245120695443064,82.7182178263284,0,2.3333333333333335,35,0.06666666666666667,0.06666666666666667,0,0.40888870506850394
X13,kappa_2,time_trend_sd,0.045528614603915496,15,0.9333333333333333,0.01057781976182117,0.008734826611084504,0.015780321193731496,0.05656966146333332,0.018107888986430357,0.0031296766841658274,0.0018515348868583267,6.292483386595678e-4,1.0245120695443064,82.7182178263284,0,2.3333333333333335,35,0.06666666666666667,0.06666666666666667,0,0.40888870506850394
X13,kappa_2,treatment_effect_mean,-0.3374485596707819,15,0.5333333333333333,0.023160770453115244,0.02459081063578189,0.0295610952200576,0.056529036899999996,0.017315098318140907,0.004909444706942907,0.002430921276027485,7.346426654507027e-4,1.0245120695443064,82.7182178263284,0,2.3333333333333335,35,0.06666666666666667,0.06666666666666667,0,0.40888870506850394
X13,kappa_2,treatment_effect_sd,0.07626392697027408,15,0.8,-0.012288017401030745,-0.009758625460274076,0.02171219400040785,0.048101767909999996,0.014897977453639286,0.004784080719751051,0.0015386411064638352,4.84959214882006e-4,1.0245120695443064,82.7182178263284,0,2.3333333333333335,35,0.06666666666666667,0.06666666666666667,0,0.40888870506850394
X14,kappa_0.5,baseline_difference_sd,0,15,0,0.029937527841492752,0.03035016225894,0.03148925721630166,0.053740722011099994,0.017073689127171107,0.002609293100415353,0.002297684668161425,6.824643397423232e-4,1.012148091479957,488.7531983809731,0,0,0,0,0,0,0.812687239749758
X14,kappa_0.5,time_trend_mean,-0.08998628257887518,15,0.8666666666666667,3.7872127754368426e-4,-0.004145995245674813,0.016451327158490864,0.06222118544333333,0.019174918234681745,0.004395636923372626,0.004453359279450853,0.0013641979574209606,1.012148091479957,488.7531983809731,0,0,0,0,0,0,0.812687239749758
X14,kappa_0.5,time_trend_sd,0.045528614603915496,15,0.8666666666666667,0.007519134896270664,0.005838355343084502,0.01977738593296213,0.05784876748833333,0.01839988538186788,0.004888818179953493,0.0034270221178638333,0.0010895020632113056,1.012148091479957,488.7531983809731,0,0,0,0,0,0,0.812687239749758
X14,kappa_0.5,treatment_effect_mean,-0.3374485596707819,15,0.6666666666666666,0.020645857896115245,0.021096976075781926,0.026408714414964854,0.055372885600000005,0.016889816288883527,0.004401044914762437,0.00220115601971997,6.517128543966789e-4,1.012148091479957,488.7531983809731,0,0,0,0,0,0,0.812687239749758
X14,kappa_0.5,treatment_effect_sd,0.07626392697027408,15,0.8,0.0024488511767925894,0.0030219704572259226,0.015368299878585276,0.044284830233333336,0.01365131362181401,0.004054871576899338,0.0013650869131942166,4.287663476594575e-4,1.012148091479957,488.7531983809731,0,0,0,0,0,0,0.812687239749758
X14,kappa_1,baseline_difference_sd,0,15,0,0.029633440618459468,0.0305390334719445,0.031071013277352153,0.05230861018003333,0.016722458387890285,0.0024966701137090347,0.002033837070926223,6.089839141408116e-4,1.0095421362774109,410.2716327963337,0,0.06666666666666667,1,0.06666666666666667,0,0,0.7666660470580382
X14,kappa_1,time_trend_mean,-0.08998628257887518,15,0.8666666666666667,7.922368469410838e-4,-0.003585512112824818,0.016301560696070087,0.06188344891,0.019131677561718664,0.004351627297476575,0.004524206049521189,0.001358629716867527,1.0095421362774109,410.2716327963337,0,0.06666666666666667,1,0.06666666666666667,0,0,0.7666660470580382
X14,kappa_1,time_trend_sd,0.045528614603915496,15,0.8666666666666667,0.006994208565079175,0.004388375336084507,0.01923598014687569,0.057239635985999994,0.018038970356635493,0.004789154255481627,0.0032890729754715734,0.0010247139998260236,1.0095421362774109,410.2716327963337,0,0.06666666666666667,1,0.06666666666666667,0,0,0.7666660470580382
X14,kappa_1,treatment_effect_mean,-0.3374485596707819,15,0.6666666666666666,0.02061211139144858,0.021225812935781907,0.026445604540285148,0.0545068338,0.01675383870774959,0.004428082973539179,0.002155250923969933,6.852698798560142e-4,1.0095421362774109,410.2716327963337,0,0.06666666666666667,1,0.06666666666666667,0,0,0.7666660470580382
X14,kappa_1,treatment_effect_sd,0.07626392697027408,15,0.8,-0.0026516501360707464,-0.0030200599902740766,0.015997194151291055,0.045608378209999995,0.014051120425501641,0.0042162862151252836,0.0014634423556505914,4.590487931978469e-4,1.0095421362774109,410.2716327963337,0,0.06666666666666667,1,0.06666666666666667,0,0,0.7666660470580382
X14,kappa_est,baseline_difference_sd,0,15,0,0.029404951731063216,0.0298928004196585,0.03094978913510416,0.05314141170376666,0.016781802047068424,0.00258067351675673,0.002162694966074647,6.078421915990695e-4,1.009214518201761,350.46013175787675,0,0.26666666666666666,2,0.2,0,0,0.6756086052817828
X14,kappa_est,kappa,1,15,0.8,-0.353926296286833,-0.46988470449444997,0.42447744613579097,0.9433341081,0.2906797984910283,0.0626311646949528,0.028365956328957154,0.008073128012314362,1.009214518201761,350.46013175787675,0,0.26666666666666666,2,0.2,0,0,0.6756086052817828
X14,kappa_est,time_trend_mean,-0.08998628257887518,15,0.8666666666666667,3.379490303051842e-4,-0.005067470319624817,0.016648229245621128,0.06153599731666667,0.01906105348506195,0.004448509601682587,0.004359085792687496,0.0013460858693656267,1.009214518201761,350.46013175787675,0,0.26666666666666666,2,0.2,0,0,0.6756086052817828
X14,kappa_est,time_trend_sd,0.045528614603915496,15,0.8666666666666667,0.007524387179785681,0.006208742487084501,0.019626925081689225,0.05826863201466666,0.01849991681833687,0.0048447304637610315,0.003462307247744979,0.001116883566253354,1.009214518201761,350.46013175787675,0,0.26666666666666666,2,0.2,0,0,0.6756086052817828
X14,kappa_est,treatment_effect_mean,-0.3374485596707819,15,0.6666666666666666,0.020659389650115254,0.020738384735781934,0.02645124399688059,0.05442888836666665,0.016678468961577004,0.004414731251060172,0.0021471581226356626,6.485112873085898e-4,1.009214518201761,350.46013175787675,0,0.26666666666666666,2,0.2,0,0,0.6756086052817828
X14,kappa_est,treatment_effect_sd,0.07626392697027408,15,0.8,-4.14267258740784e-5,-3.365262762740767e-4,0.015949594384861498,0.04526043625666666,0.013898679026643974,0.0042626940246413975,0.0014075911954432201,4.5309972739032917e-4,1.009214518201761,350.46013175787675,0,0.26666666666666666,2,0.2,0,0,0.6756086052817828
X15,kappa_0.5,time_trend_mean,-0.08998628257887518,15,1,-0.0024000632917751488,-0.0010591529119748089,0.012340234736104063,0.06644607122,0.02052916597852241,0.0032350876510274336,0.002800694219104214,8.45157178797745e-4,1.008942399871546,334.2755977387773,0,0,0,0,0,0,0.8059790777863641
X15,kappa_0.5,time_trend_sd,0.045528614603915496,15,1,0.012170146053245503,0.011885491858584507,0.01633459660897295,0.05941915721999999,0.018994963399198893,0.002911879503744022,0.0019048108252465211,6.428385844828909e-4,1.008942399871546,334.2755977387773,0,0,0,0,0,0,0.8059790777863641
X15,kappa_0.5,treatment_effect_mean,-0.3374485596707819,15,0.6,0.024017880969115238,0.024711216990781937,0.030489101029624904,0.05498865873333332,0.016918394074238424,0.005019438467086066,0.00200480307355839,6.150937766507177e-4,1.008942399871546,334.2755977387773,0,0,0,0,0,0,0.8059790777863641
X15,kappa_0.5,treatment_effect_sd,0.07626392697027408,15,1,0.001312278393792588,-0.001711015100274077,0.01264759165947198,0.04344801108666667,0.013394068844656475,0.0033619669009368647,0.0011582225974942212,3.690239761777761e-4,1.008942399871546,334.2755977387773,0,0,0,0,0,0,0.8059790777863641
X15,kappa_1,time_trend_mean,-0.08998628257887518,15,1,-0.00132843146374055,6.348361370751843e-4,0.011898715413684565,0.06625971578666666,0.02051275094409064,0.0031601841983159187,0.0028163008863543284,8.987057746929244e-4,1.009417478306311,509.48885731378687,0,0,0,0,0,0,0.8820511646256645
X15,kappa_1,time_trend_sd,0.045528614603915496,15,1,0.012004604941858172,0.011706215110084503,0.016322088388896087,0.05894959667666666,0.018645674488066477,0.0029556245359465645,0.0020917004741454804,6.79417944022237e-4,1.009417478306311,509.48885731378687,0,0,0,0,0,0,0.8820511646256645
X15,kappa_1,treatment_effect_mean,-0.3374485596707819,15,0.5333333333333333,0.02323078788378191,0.02438298660578192,0.02970850494579345,0.05530823406666666,0.01690635298339362,0.004949211772833598,0.0017396011844928077,5.461202058532399e-4,1.009417478306311,509.48885731378687,0,0,0,0,0,0,0.8820511646256645
X15,kappa_1,treatment_effect_sd,0.07626392697027408,15,0.9333333333333333,-0.0025237710699407443,-0.004332533567774077,0.013263667073915235,0.045009989056666665,0.013959410253919299,0.003480101023104617,9.057174569574874e-4,2.951678027757713e-4,1.009417478306311,509.48885731378687,0,0,0,0,0,0,0.8820511646256645
X15,kappa_est,kappa,1,15,0.6666666666666666,-0.11071736509512965,-0.11029292330999996,0.3062987538868457,0.7898582373133333,0.239861429923382,0.07632664377483425,0.01805683761815647,0.005377011641485195,1.0092123712769974,542.2057700020312,0,0,0,0,0,0,0.7640503709705717
X15,kappa_est,time_trend_mean,-0.08998628257887518,15,1,-0.0014829307783764817,-1.9722527277481194e-4,0.012375702937814852,0.06618766822,0.020515165340461983,0.003283714572505426,0.0028458468334038776,8.845118137627116e-4,1.0092123712769974,542.2057700020312,0,0,0,0,0,0,0.7640503709705717
X15,kappa_est,time_trend_sd,0.045528614603915496,15,1,0.01198356464447317,0.011216141851584503,0.01631104143695589,0.059436995343333326,0.018839123452981797,0.00295736672408103,0.002272720743028335,7.619084855007664e-4,1.0092123712769974,542.2057700020312,0,0,0,0,0,0,0.7640503709705717
X15,kappa_est,treatment_effect_mean,-0.3374485596707819,15,0.6,0.02323380273444859,0.02521920349078194,0.029933553833342716,0.05521586116666666,0.016870399896190838,0.00504414834656637,0.0018357682677697367,5.837020273130941e-4,1.0092123712769974,542.2057700020312,0,0,0,0,0,0,0.7640503709705717
X15,kappa_est,treatment_effect_sd,0.07626392697027408,15,1,-0.0014394363886740794,-0.0038492922002740793,0.012370864914861236,0.045292347533333326,0.014021041365659952,0.0032837948607486083,0.0012097190900800404,4.0576939359057007e-4,1.0092123712769974,542.2057700020312,0,0,0,0,0,0,0.7640503709705717
X16,kappa_0,time_trend_mean,-0.08998628257887518,15,1,-0.0022380408569022845,-0.005632841002624817,0.01184349331444764,0.06768992253333334,0.02088752333517929,0.003108278198297963,0.004470769166721235,0.0013553769519802103,1.0084199675863799,211.22213319608846,0,0.13333333333333333,2,0.06666666666666667,0,0,0.6844038612850936
X16,kappa_0,time_trend_sd,0.045528614603915496,15,0.8666666666666667,0.012497337545948504,0.008342762390584506,0.02124589676615656,0.06246008999199999,0.020039144533559972,0.0045919547943021844,0.004613862173578623,0.0014779149366350665,1.0084199675863799,211.22213319608846,0,0.13333333333333333,2,0.06666666666666667,0,0,0.6844038612850936
X16,kappa_0,treatment_effect_mean,-0.3374485596707819,15,0.5333333333333333,0.028606899761448583,0.027922449315781916,0.0318826297648194,0.05747872869999999,0.017550740851556657,0.0037620982629281777,0.002047266577916746,5.987276463374382e-4,1.0084199675863799,211.22213319608846,0,0.13333333333333333,2,0.06666666666666667,0,0,0.6844038612850936
X16,kappa_0,treatment_effect_sd,0.07626392697027408,15,0.7333333333333333,0.007467521581159253,0.00604651306422592,0.016879783478182604,0.04468865699666666,0.013829935843773768,0.004045837470300689,0.0013367089525438355,4.146347532698875e-4,1.0084199675863799,211.22213319608846,0,0.13333333333333333,2,0.06666666666666667,0,0,0.6844038612850936
X16,kappa_0.5,time_trend_mean,-0.08998628257887518,15,1,-0.002449494090908382,-0.005157301114624813,0.011517162415023915,0.06577119814666667,0.020271024502994523,0.0030076688741644186,0.004136482342115498,0.001245696482063382,1.013739300409829,389.9055302099574,0,0.13333333333333333,2,0.06666666666666667,0,0,0.7732351417557831
X16,kappa_0.5,time_trend_sd,0.045528614603915496,15,0.8,0.011204637845121837,0.009067743457084505,0.019148733882332514,0.05968129661333332,0.01892037152150932,0.004150129946812791,0.0031508827092178405,0.0010089807230260232,1.013739300409829,389.9055302099574,0,0.13333333333333333,2,0.06666666666666667,0,0,0.7732351417557831
X16,kappa_0.5,treatment_effect_mean,-0.3374485596707819,15,0.5333333333333333,0.028574332509781912,0.027986346205781887,0.03222742084289059,0.05753476563333333,0.017451525799476737,0.003983126695424082,0.002304220061727465,6.716320159978333e-4,1.013739300409829,389.9055302099574,0,0.13333333333333333,2,0.06666666666666667,0,0,0.7732351417557831
X16,kappa_0.5,treatment_effect_sd,0.07626392697027408,15,0.7333333333333333,0.004637432544015921,0.0027256429497259232,0.017379782958043953,0.04547125010999999,0.013961585668272247,0.004476534653600588,0.0013085227412919186,4.2141172679536554e-4,1.013739300409829,389.9055302099574,0,0.13333333333333333,2,0.06666666666666667,0,0,0.7732351417557831
X16,kappa_1,time_trend_mean,-0.08998628257887518,15,1,-0.0015684484498458477,-0.005089155040774812,0.012044107264990986,0.06554508082666667,0.020299308395153724,0.003191512060705315,0.00434079601017717,0.0013531962052267554,1.0122609675207779,114.59270298993653,0,0.6666666666666666,10,0.06666666666666667,0,0,0.5210232377575773
X16,kappa_1,time_trend_sd,0.045528614603915496,15,0.8,0.010316886149024172,0.0076397703710845075,0.018411478958770867,0.05809793671133332,0.01858283122229432,0.004075575486422006,0.0026046736974686584,8.872936357143163e-4,1.0122609675207779,114.59270298993653,0,0.6666666666666666,10,0.06666666666666667,0,0,0.5210232377575773
X16,kappa_1,treatment_effect_mean,-0.3374485596707819,15,0.6,0.02628410136144858,0.026137108385781926,0.030754465074626383,0.05822318876666666,0.01773355580988077,0.004267678673533951,0.0024935176096480332,7.363058596090122e-4,1.0122609675207779,114.59270298993653,0,0.6666666666666666,10,0.06666666666666667,0,0,0.5210232377575773
X16,kappa_1,treatment_effect_sd,0.07626392697027408,15,0.7333333333333333,-6.243906676007447e-4,-0.0017352836977740788,0.019823097629662348,0.04891556739666667,0.015025206453831678,0.005295316906268204,0.00138810401689174,0.00042332650551250107,1.0122609675207779,114.59270298993653,0,0.6666666666666666,10,0.06666666666666667,0,0,0.5210232377575773
X17,kappa_0,time_trend_mean,-0.08998628257887518,15,1,-6.872285776264142e-4,7.717544382801894e-4,0.013030956668153234,0.07299507775,0.022365671514511232,0.003477823093436681,0.005068077087747481,0.0015153200983001067,1.0046472794250247,395.36307531143325,0,0,0,0,0,0,0.7866827173919154
X17,kappa_0,time_trend_sd,0.045528614603915496,15,0.7333333333333333,0.01858342485996117,0.0190923200890845,0.027024520440981054,0.06670554110666665,0.02107266976898277,0.0052439150146975115,0.00424292796724196,0.0013672249731915241,1.0046472794250247,395.36307531143325,0,0,0,0,0,0,0.7866827173919154
X17,kappa_0,treatment_effect_mean,-0.3374485596707819,15,0.7333333333333333,0.022057824760115245,0.023523411540781913,0.02546393036994653,0.05459466353333333,0.016728902883900196,0.003400253317638179,0.001798100045761986,5.371463642458745e-4,1.0046472794250247,395.36307531143325,0,0,0,0,0,0,0.7866827173919154
X17,kappa_0,treatment_effect_sd,0.07626392697027408,15,0.9333333333333333,0.0010226433296259213,6.088896287259199e-4,0.01196790676807949,0.04320032863,0.013266350063907964,0.0031868591011685837,0.0014121554314008712,4.256994482371045e-4,1.0046472794250247,395.36307531143325,0,0,0,0,0,0,0.7866827173919154
X17,kappa_0.5,time_trend_mean,-0.08998628257887518,15,1,-4.052433053899176e-4,-4.541931402481103e-5,0.013016281681110688,0.07225463355633333,0.022381606690468438,0.003477061224916548,0.00506758396065732,0.001562751300783728,1.0195055463272082,280.9955281064251,0,0.13333333333333333,2,0.06666666666666667,0,0,0.6631029136313081
X17,kappa_0.5,time_trend_sd,0.045528614603915496,15,0.7333333333333333,0.018087549975462837,0.017741221020584508,0.027114924933085156,0.06401852458,0.020277294876664662,0.005398807341917402,0.004015585689019663,0.0012533335163325504,1.0195055463272082,280.9955281064251,0,0.13333333333333333,2,0.06666666666666667,0,0,0.6631029136313081
X17,kappa_0.5,treatment_effect_mean,-0.3374485596707819,15,0.6,0.02236377883878191,0.024346224700781904,0.025892524902948126,0.05391110123333334,0.016498604503163376,0.0034875722409296135,0.00203593106843543,5.931214065019511e-4,1.0195055463272082,280.9955281064251,0,0.13333333333333333,2,0.06666666666666667,0,0,0.6631029136313081
X17,kappa_0.5,treatment_effect_sd,0.07626392697027408,15,0.8666666666666667,-0.0029498520881840813,-0.004788900319774081,0.013875746123431466,0.04508699527,0.013874542824477065,0.003623679100619773,0.0013582588619281632,4.274182180434985e-4,1.0195055463272082,280.9955281064251,0,0.13333333333333333,2,0.06666666666666667,0,0,0.6631029136313081
X17,kappa_1,time_trend_mean,-0.08998628257887518,15,1,3.45929163138516e-5,7.977535558251897e-4,0.012624750445989959,0.06937973405666666,0.021401911183667806,0.0033740938164794135,0.004612411905177465,0.0013775724522324566,1.0786248700170262,16.46862018381748,0.06666666666666667,8.4,124,0.13333333333333333,0.06666666666666667,0,0.32051049657253533
X17,kappa_1,time_trend_sd,0.045528614603915496,15,0.7333333333333333,0.016000452744774504,0.017040442670084505,0.024535473325971693,0.061532282179999995,0.019629489780062497,0.004971166601309902,0.0035176824593928105,0.0011103210868998556,1.0786248700170262,16.46862018381748,0.06666666666666667,8.4,124,0.13333333333333333,0.06666666666666667,0,0.32051049657253533
X17,kappa_1,treatment_effect_mean,-0.3374485596707819,15,0.5333333333333333,0.02174263575311524,0.020952389605781885,0.025627743420876203,0.05401657216666665,0.016554144179593173,0.0036256922822074213,0.001935854082322039,6.020133470655217e-4,1.0786248700170262,16.46862018381748,0.06666666666666667,8.4,124,0.13333333333333333,0.06666666666666667,0,0.32051049657253533
X17,kappa_1,treatment_effect_sd,0.07626392697027408,15,0.8666666666666667,-0.010691683549727413,-0.014331643353274082,0.01912610271840062,0.04885281777333333,0.014953878854026026,0.004238393463054636,0.0012674325746239528,3.9521144632044015e-4,1.0786248700170262,16.46862018381748,0.06666666666666667,8.4,124,0.13333333333333333,0.06666666666666667,0,0.32051049657253533
X18,kappa_0,time_trend_mean,-0.08998628257887518,15,1,0.009837392941792651,0.009861245700075183,0.014580665196383326,0.06226671894333333,0.01916074107809318,0.0028762760854692472,0.004424915099339121,0.0013302285188667893,1.0064128407978943,415.8199084549246,0,0,0,0,0,0,0.7910904873780662
X18,kappa_0,time_trend_sd,0.045528614603915496,15,0.9333333333333333,0.008039857262424338,0.0112810414225845,0.019330233568098393,0.05961443661333333,0.01892755224404118,0.00469816548541693,0.0037633727279525386,0.0012232745967552762,1.0064128407978943,415.8199084549246,0,0,0,0,0,0,0.7910904873780662
X18,kappa_0,treatment_effect_mean,-0.3374485596707819,15,0.4666666666666667,0.028967068251115245,0.029398288410781903,0.035495735378757234,0.05690765696666667,0.017399943645329347,0.005482805505877892,0.001639147508462895,4.8770073639801e-4,1.0064128407978943,415.8199084549246,0,0,0,0,0,0,0.7910904873780662
X18,kappa_0,treatment_effect_sd,0.07626392697027408,15,0.8666666666666667,0.008218372561792588,0.006088278069225919,0.013629011011963552,0.04447183316333333,0.01375051417654608,0.0029057614394238816,0.0011688234171781686,3.5891536709157357e-4,1.0064128407978943,415.8199084549246,0,0,0,0,0,0,0.7910904873780662
X18,kappa_0.5,time_trend_mean,-0.08998628257887518,15,1,0.009972738657082186,0.009350386183875181,0.015176260960715391,0.06173198164999999,0.01910733025970891,0.0030573492303122493,0.003907290115006802,0.0012212169441138654,1.0050892005659693,525.7846547478613,0,0,0,0,0,0,0.8550334735201747
X18,kappa_0.5,time_trend_sd,0.045528614603915496,15,0.9333333333333333,0.00792233044041417,0.012077808051584503,0.019008598469885302,0.05892274259,0.01863705811649649,0.004618004332286319,0.0037642253597168053,0.0012071930526244626,1.0050892005659693,525.7846547478613,0,0,0,0,0,0,0.8550334735201747
X18,kappa_0.5,treatment_effect_mean,-0.3374485596707819,15,0.4666666666666667,0.028956762353115246,0.030044384940781932,0.03531036286026602,0.057864209166666666,0.01764216647923191,0.00540057959421858,0.0016826796485282245,4.8156819144613583e-4,1.0050892005659693,525.7846547478613,0,0,0,0,0,0,0.8550334735201747
X18,kappa_0.5,treatment_effect_sd,0.07626392697027408,15,0.9333333333333333,0.006636897371025921,0.005704971515225921,0.0129686096104784,0.04537374905333333,0.014021083454587852,0.002977731981072914,0.0013483343225658545,4.190879068212869e-4,1.0050892005659693,525.7846547478613,0,0,0,0,0,0,0.8550334735201747
X18,kappa_1,time_trend_mean,-0.08998628257887518,15,1,0.010772191642365321,0.010285270472875183,0.01537420569647807,0.06186299814533333,0.019290642894769866,0.00293167538665148,0.004273194198525084,0.001360349879960974,1.0065943249622453,359.51689960502245,0,0,0,0,0,0,0.8141153679252898
X18,kappa_1,time_trend_sd,0.045528614603915496,15,0.9333333333333333,0.007279234087763171,0.011961985827584502,0.018391025896585887,0.05845516668599999,0.01861789172240944,0.004513808849554564,0.0034038265260347427,0.0011060814087002092,1.0065943249622453,359.51689960502245,0,0,0,0,0,0,0.8141153679252898
X18,kappa_1,treatment_effect_mean,-0.3374485596707819,15,0.4666666666666667,0.02786549154178191,0.03096936083578189,0.034229519012129395,0.05697338260000001,0.017453255150062578,0.005312884291556898,0.0014950948992777326,4.4211508150192704e-4,1.0065943249622453,359.51689960502245,0,0,0,0,0,0,0.8141153679252898
X18,kappa_1,treatment_effect_sd,0.07626392697027408,15,0.9333333333333333,0.0022127642680925875,7.55604914725927e-4,0.011231286565594583,0.04728238462666666,0.014526446119544238,0.002942854205072227,0.0012350966900615118,3.718847220292686e-4,1.0065943249622453,359.51689960502245,0,0,0,0,0,0,0.8141153679252898
X19,mu_gamma_est,time_trend_mean,-0.08998628257887518,15,0.8,0.0014811860862721838,5.213146189018969e-5,0.016867576884744297,0.06564228475333334,0.02015389775902879,0.004490634999168458,0.005387494300162035,0.0016300206484199775,1.0428334991466615,52.05775796209291,0,7.066666666666666,97,0.13333333333333333,0.06666666666666667,0,0.46030474575432834
X19,mu_gamma_est,time_trend_sd,0.045528614603915496,15,0.7333333333333333,0.010902961566861373,0.01793490595958451,0.02450625919496908,0.057968590642333326,0.018220937805707396,0.005865651643268817,0.0030818206303920045,0.001037137214439462,1.0428334991466615,52.05775796209291,0,7.066666666666666,97,0.13333333333333333,0.06666666666666667,0,0.46030474575432834
X19,mu_gamma_est,treatment_effect_mean,-0.3374485596707819,15,0.8,-0.013641317314884752,-0.01135347632921807,0.03022462605974128,0.08496227593333334,0.02595829603684288,0.0072083408154612165,0.004085632833523187,0.0012346254534434753,1.0428334991466615,52.05775796209291,0,7.066666666666666,97,0.13333333333333333,0.06666666666666667,0,0.46030474575432834
X19,mu_gamma_est,treatment_effect_sd,0.07626392697027408,15,0.8666666666666667,-0.0041336929129607465,-0.00287336157227408,0.016996513116314477,0.04788034924666666,0.014745636384125115,0.004406116211864628,0.00141504734244891,4.2941992850140375e-4,1.0428334991466615,52.05775796209291,0,7.066666666666666,97,0.13333333333333333,0.06666666666666667,0,0.46030474575432834
X19,mu_gamma_zero,time_trend_mean,-0.08998628257887518,15,0.8,0.003266804342565852,0.0033746255886251825,0.01665359510782356,0.06554281750999999,0.020293004349218737,0.004364386877269226,0.005499771581726712,0.0016719777052459168,1.0098330227790218,273.93034200262804,0,1.4666666666666666,15,0.2,0.06666666666666667,0,0.6636143236540143
X19,mu_gamma_zero,time_trend_sd,0.045528614603915496,15,0.6666666666666666,0.010842138075688203,0.018249882472584508,0.02416442590047186,0.05782309233999999,0.01827359432116226,0.0057716519116349264,0.003042210894589318,9.56224968366428e-4,1.0098330227790218,273.93034200262804,0,1.4666666666666666,15,0.2,0.06666666666666667,0,0.6636143236540143
X19,mu_gamma_zero,treatment_effect_mean,-0.3374485596707819,15,0.9333333333333333,-0.010243211574551433,-0.006995886839218091,0.028555573647832434,0.08366501483333333,0.025687615748215722,0.0071238904048067,0.004353220968322349,0.0013602151221147813,1.0098330227790218,273.93034200262804,0,1.4666666666666666,15,0.2,0.06666666666666667,0,0.6636143236540143
X19,mu_gamma_zero,treatment_effect_sd,0.07626392697027408,15,0.8666666666666667,-0.005907885407440747,-0.004805830532774086,0.019381652350511664,0.05144385339666666,0.015932265130263554,0.0049334524122032946,0.0015517066593816642,4.799252860643884e-4,1.0098330227790218,273.93034200262804,0,1.4666666666666666,15,0.2,0.06666666666666667,0,0.6636143236540143
X2,fixed_zero,baseline_difference_sd,0.18642858491803838,15,1,0.007017022224661621,0.009919110436961615,0.022708446835747506,0.14889808619999997,0.04725005005760845,0.005772069180796283,0.0050129850232003064,0.0015096819640241657,1.0097356368645285,351.6150298104163,0,0,0,0,0,0,0.7967556272640307
X2,fixed_zero,time_trend_mean,-0.08998628257887518,15,0.8666666666666667,0.008717325239045183,0.010108904062525181,0.014265722499669212,0.06597941090333333,0.020476390784973864,0.0030180300944522716,0.004557794669690579,0.0014182748345358711,1.0097356368645285,351.6150298104163,0,0,0,0,0,0,0.7967556272640307
X2,fixed_zero,time_trend_sd,0.045528614603915496,15,0.8,0.012266609400861505,0.008934156250584503,0.02181271715723796,0.06083679516666665,0.019373086918518124,0.004820528450494373,0.00336697373754018,0.0011295904721349782,1.0097356368645285,351.6150298104163,0,0,0,0,0,0,0.7967556272640307
X2,fixed_zero,treatment_effect_mean,-0.3374485596707819,15,0.5333333333333333,0.021268597232781915,0.02458337065078192,0.02838831614660273,0.05438057926666666,0.016595025723777017,0.005025245305946812,0.002492961468564252,7.509438369729636e-4,1.0097356368645285,351.6150298104163,0,0,0,0,0,0,0.7967556272640307
X2,fixed_zero,treatment_effect_sd,0.07626392697027408,15,0.9333333333333333,7.138553187925875e-4,-0.004049757759274075,0.015448618131098003,0.042050593399999996,0.013005951102004013,0.004124406561159708,0.0016988325521187517,5.155797243711964e-4,1.0097356368645285,351.6150298104163,0,0,0,0,0,0,0.7967556272640307
X2,shared,baseline_difference_mean,0.17997256515775037,15,0.06666666666666667,-0.06763712553174103,-0.07214929088275036,0.0722150583660887,0.08278377999999999,0.02538664398077664,0.006762469459245022,0.004013315197654024,0.0012474602933591579,1.02148394155376,217.3383189431,0,0.26666666666666666,3,0.13333333333333333,0,0,0.6067338035138229
X2,shared,baseline_difference_sd,0.048636334823684464,15,0.4666666666666667,0.0254189272279281,0.027995777759815536,0.03345846642394388,0.06160778987966666,0.018801808681862358,0.0058146803991736265,0.0028214000644789226,8.438556173412824e-4,1.02148394155376,217.3383189431,0,0.26666666666666666,3,0.13333333333333333,0,0,0.6067338035138229
X2,shared,time_trend_mean,-0.08998628257887518,15,0.9333333333333333,0.003917186429601528,0.0039042254613503302,0.015134989251883696,0.06492601749666665,0.019952227531948495,0.00390716877885455,0.0041178679737223405,0.0012629393313385415,1.02148394155376,217.3383189431,0,0.26666666666666666,3,0.13333333333333333,0,0,0.6067338035138229
X2,shared,time_trend_sd,0.045528614603915496,15,0.8,0.010699850783100505,0.0056074889765845015,0.020042018549237303,0.05770530754,0.0183334077853609,0.004529235986875835,0.0027281494077417154,8.463048635356176e-4,1.02148394155376,217.3383189431,0,0.26666666666666666,3,0.13333333333333333,0,0,0.6067338035138229
X2,shared,treatment_effect_mean,-0.3374485596707819,15,0.4666666666666667,-0.04086953442121808,-0.0400489607942181,0.049175085202004365,0.08623249866666666,0.02632057253883567,0.007308850607395994,0.0034513104856077922,0.0010421251619187769,1.02148394155376,217.3383189431,0,0.26666666666666666,3,0.13333333333333333,0,0,0.6067338035138229
X2,shared,treatment_effect_sd,0.07626392697027408,15,0.9333333333333333,0.001648458724759254,-0.001104451981774085,0.015087710459302212,0.05812213146333333,0.017999389853780058,0.004008220042581267,0.0025540012351377797,7.950846126577787e-4,1.02148394155376,217.3383189431,0,0.26666666666666666,3,0.13333333333333333,0,0,0.6067338035138229
X2,two_pop,baseline_difference_sd,0.18642858491803838,15,1,0.008026756097361623,0.010812741114461621,0.022195805928828995,0.1459041319333333,0.04674015817994389,0.005530596631362327,0.004495019480172751,0.0014576747598572487,1.0091968705068994,255.7796648723279,0,0,0,0,0,0,0.8169305582969926
X2,two_pop,time_trend_mean,-0.08998628257887518,15,0.8666666666666667,0.00888555078483985,0.010115221249730189,0.014580617792327924,0.06681359774666666,0.020788943457658898,0.0030896301495715534,0.004975626431573525,0.0015109324065228642,1.0091968705068994,255.7796648723279,0,0,0,0,0,0,0.8169305582969926
X2,two_pop,time_trend_sd,0.045528614603915496,15,0.8,0.012249289673612173,0.006459263691584505,0.021604494748519623,0.06042592656999999,0.019481779024085245,0.004756267262636216,0.003316407745402522,0.0011448980682978586,1.0091968705068994,255.7796648723279,0,0,0,0,0,0,0.8169305582969926
X2,two_pop,treatment_effect_mean,-0.3374485596707819,15,0.5333333333333333,0.021168761546448575,0.0237933738907819,0.028456552966454985,0.05403070689999998,0.016520482594267184,0.005082595943316608,0.0025886815012356227,7.908621285764981e-4,1.0091968705068994,255.7796648723279,0,0,0,0,0,0,0.8169305582969926
X2,two_pop,treatment_effect_sd,0.07626392697027408,15,0.8666666666666667,-8.989954464407456e-4,-0.006764200142774082,0.01588070024409884,0.043037808756666664,0.013274527304563636,0.004237489548492798,0.0018090343405262348,5.860172384120986e-4,1.0091968705068994,255.7796648723279,0,0,0,0,0,0,0.8169305582969926
X2,zero_mean,baseline_difference_sd,0.18642858491803838,15,0,-0.05617408763807171,-0.05091325044303838,0.057350679483078926,0.06256174544666665,0.019215584699000247,0.003088831438784042,0.001270662206981502,4.08638007063145e-4,1.0132599007118281,322.9044968221263,0,0,0,0,0,0,0.6943131534058935
X2,zero_mean,time_trend_mean,-0.08998628257887518,15,0.8,0.01246404414587475,0.011761801717245182,0.015780568493348347,0.06719597852999999,0.020778898762881953,0.002586695982784435,0.005222213868330509,0.00158186013957797,1.0132599007118281,322.9044968221263,0,0,0,0,0,0,0.6943131534058935
X2,zero_mean,time_trend_sd,0.045528614603915496,15,0.8,0.012013565208834502,0.006616184745584501,0.022440926189622273,0.060284914549999985,0.019145558788487595,0.005065777469741413,0.004052610312327349,0.001305521272639709,1.0132599007118281,322.9044968221263,0,0,0,0,0,0,0.6943131534058935
X2,zero_mean,treatment_effect_mean,-0.3374485596707819,15,0.7333333333333333,0.012577138824115245,0.01366772197078192,0.026036163641650102,0.06720563416666667,0.020452225920427083,0.006092720458369713,0.002622163675300583,8.039615346124711e-4,1.0132599007118281,322.9044968221263,0,0,0,0,0,0,0.6943131534058935
X2,zero_mean,treatment_effect_sd,0.07626392697027408,15,0.8666666666666667,-0.007812060931790746,-0.01396138691677408,0.01856843249474541,0.05381205335,0.016776454280471597,0.0045020502417541935,0.0017248561362311471,5.575158446974356e-4,1.0132599007118281,322.9044968221263,0,0,0,0,0,0,0.6943131534058935
X20,normalised,baseline_difference_sd,0,15,0,0.047366436051964236,0.05140608048355,0.04921660627808899,0.05139030025733333,0.01579271768112451,0.0035726647644461584,0.0011924903682332202,3.0303548473641106e-4,1.007625498553256,413.61379802832187,0,0.06666666666666667,1,0.06666666666666667,0,0,0.5463333983661688
X20,normalised,time_trend_mean,-0.08998628257887518,15,0.8666666666666667,-0.002302543255740816,-0.0052527981246248134,0.015844076181328864,0.048824933406666667,0.014904755485317311,0.004189553714684683,0.0021737747960129555,6.507575499978927e-4,1.007625498553256,413.61379802832187,0,0.06666666666666667,1,0.06666666666666667,0,0,0.5463333983661688
X20,normalised,time_trend_sd,0.045528614603915496,15,0.8,0.003566748288270001,0.0032516128665845065,0.014667661468136332,0.048633566526999995,0.014954779105116016,0.00380242967054313,0.0011999680542358884,3.6777616313076876e-4,1.007625498553256,413.61379802832187,0,0.06666666666666667,1,0.06666666666666667,0,0,0.5463333983661688
X20,normalised,treatment_effect_mean,-0.3374485596707819,15,0.8666666666666667,0.003523708474781906,0.005877571605781895,0.027976850155231582,0.08340645706666666,0.025354718186983677,0.007417583468609434,0.003924812053727596,0.0011754510435758043,1.007625498553256,413.61379802832187,0,0.06666666666666667,1,0.06666666666666667,0,0,0.5463333983661688
X20,normalised,treatment_effect_sd,0.07626392697027408,15,0.8,0.015600296385895341,0.023813301993225927,0.028704846723532983,0.076099410823,0.02345493551441539,0.00643982574128559,0.0015546581894196562,5.228896343265835e-4,1.007625498553256,413.61379802832187,0,0.06666666666666667,1,0.06666666666666667,0,0,0.5463333983661688
X20,raw,baseline_control_mean,0.45,15,0.9333333333333333,0.004574975134333315,0.0022711267549999636,0.010507024930959395,0.04409717476666666,0.013438954744323767,0.0025279463067878712,0.002147532595518648,6.330645952254075e-4,1.0173806245708248,219.27114328601795,0,0,0,0,0,0,0.602113365284639
X20,raw,baseline_difference_sd,0,15,0,0.031315106572823354,0.028838565443306,0.033490099718106646,0.057619389010333324,0.017788375419582676,0.00317299857572165,0.0029741296065383897,8.143000199183829e-4,1.0173806245708248,219.27114328601795,0,0,0,0,0,0,0.602113365284639
X20,raw,time_trend_mean,-0.04,15,0.8,-0.0015481499357499996,-0.002455589448500002,0.007614115740262816,0.021659466656666668,0.006635061976154288,0.0019924498610389037,8.302136751337868e-4,2.579948558496126e-4,1.0173806245708248,219.27114328601795,0,0,0,0,0,0,0.602113365284639
X20,raw,time_trend_sd,0.02,15,0.8666666666666667,-2.1160919276072288e-4,0.0010613250148844983,0.006364543684185768,0.022610531716366667,0.00690195991044193,0.0017000554162700551,6.21209342027871e-4,1.6853849123609402e-4,1.0173806245708248,219.27114328601795,0,0,0,0,0,0,0.602113365284639
X20,raw,treatment_effect_mean,-0.15,15,0.8666666666666667,-3.445439040666724e-4,-0.001026518300000001,0.009879787920414869,0.03325212000000001,0.010173559917221372,0.0026388782634529993,0.0017021505053023518,5.264037277970495e-4,1.0173806245708248,219.27114328601795,0,0,0,0,0,0,0.602113365284639
X20,raw,treatment_effect_sd,0.03,15,0.8666666666666667,0.004201349846653122,0.008226458409350004,0.011752488901214877,0.03176386942133333,0.009706336744118041,0.0029334238264624524,6.315257654914891e-4,2.0265624088721909e-4,1.0173806245708248,219.27114328601795,0,0,0,0,0,0,0.602113365284639
X21,normalised,baseline_difference_sd,0,15,0,0.023263167920245367,0.024284655041835,0.0245149056852449,0.029778332877599997,0.009126770637203756,0.0020668405680257726,9.690053545541376e-4,2.7912730683093604e-4,1.0157339008473771,291.3172580554725,0,0,0,0,0,0,0.570970472054247
X21,normalised,time_trend_mean,-0.08998628257887518,15,0.9333333333333333,0.003999236109575185,0.005316139274375187,0.00963890232069361,0.03991438395,0.012158317464215748,0.0023439062098456593,0.002099943224989687,6.528000017394934e-4,1.0157339008473771,291.3172580554725,0,0,0,0,0,0,0.570970472054247
X21,normalised,time_trend_sd,0.045528614603915496,15,0.8,0.002198171188556171,-3.215152934154947e-4,0.011787876898762775,0.034793609903333335,0.010734351380552147,0.003095181568712738,0.0012985701987731585,3.7037570400641517e-4,1.0157339008473771,291.3172580554725,0,0,0,0,0,0,0.570970472054247
X21,normalised,treatment_effect_mean,-0.3374485596707819,15,1,-0.0028654062492180906,-3.543467642180831e-4,0.019467515138684128,0.07436398690000001,0.022625425366194465,0.005146244072149246,0.002254545954692996,6.85266964965972e-4,1.0157339008473771,291.3172580554725,0,0,0,0,0,0,0.570970472054247
X21,normalised,treatment_effect_sd,0.07626392697027408,15,0.7333333333333333,0.017200397308359254,0.017405673801225915,0.022238215705401815,0.06130100481,0.019067459286662813,0.0037671945813692303,0.0017936405783302385,5.890970455102193e-4,1.0157339008473771,291.3172580554725,0,0,0,0,0,0,0.570970472054247
X21,raw,baseline_control_mean,0.45,15,0.9333333333333333,0.0023062397646666623,0.0016426236100000047,0.009675591578602228,0.04106365246666667,0.012592174103311109,0.0025113788265155486,0.001320108301073217,3.938844003781636e-4,1.0134093724730155,190.55867603428737,0,0,0,0,0,0,0.6554181543038167
X21,raw,baseline_difference_sd,0,15,0,0.013128648165182867,0.012801350591862,0.013520217425791035,0.028864071442999996,0.009210717413332103,8.633355826388098e-4,0.0013464681683125134,4.25557143954373e-4,1.0134093724730155,190.55867603428737,0,0,0,0,0,0,0.6554181543038167
X21,raw,time_trend_mean,-0.04,15,1,0.001515302266563334,0.0020933930830000017,0.0039428996216121365,0.017251316699999998,0.005290722036004314,9.728572229358056e-4,8.667384602125019e-4,2.6703959695735085e-4,1.0134093724730155,190.55867603428737,0,0,0,0,0,0,0.6554181543038167
X21,raw,time_trend_sd,0.02,15,0.8666666666666667,-2.3878739975150034e-4,0.001077167733300001,0.005429080270469009,0.015401358975666664,0.004807525351208294,0.0014495785880463863,4.1365495218547885e-4,1.4002988602982694e-4,1.0134093724730155,190.55867603428737,0,0,0,0,0,0,0.6554181543038167
X21,raw,treatment_effect_mean,-0.15,15,0.9333333333333333,-0.0019195200930666714,-0.001695596984999992,0.00805171467344593,0.027731655299999994,0.008499625558626498,0.0020898658841947905,0.0013238261439202012,3.949479047253029e-4,1.0134093724730155,190.55867603428737,0,0,0,0,0,0,0.6554181543038167
X21,raw,treatment_effect_sd,0.03,15,0.8666666666666667,0.004193016523203335,0.0054621462855,0.008153729857405721,0.02284459849,0.007120345246314127,0.0018689554573858578,8.448755568853662e-4,2.623575436264724e-4,1.0134093724730155,190.55867603428737,0,0,0,0,0,0,0.6554181543038167
X22,normalised,baseline_difference_sd,0,15,0,0.012309542109948703,0.010890781090598,0.013340827617627095,0.015801909400466663,0.004849251550445568,0.0013745870695968884,4.4486271219460583e-4,1.2455337173736104e-4,1.0198302992981516,195.4961594648346,0,0,0,0,0,0,0.5865484017665169
X22,normalised,time_trend_mean,-0.08998628257887518,15,0.9333333333333333,0.0027300026252418527,0.005456336740375184,0.0100575927310839,0.03235140981333333,0.009919498748856097,0.002587086850529048,0.0017205837034515352,5.219425264334582e-4,1.0198302992981516,195.4961594648346,0,0,0,0,0,0,0.5865484017665169
X22,normalised,time_trend_sd,0.045528614603915496,15,0.8666666666666667,-0.0030009753246154954,-0.0031014958384154925,0.008936751101846137,0.025900932206666668,0.00815320688036754,0.002249756611556603,0.0011912812877209824,3.8173713180352626e-4,1.0198302992981516,195.4961594648346,0,0,0,0,0,0,0.5865484017665169
X22,normalised,treatment_effect_mean,-0.3374485596707819,15,0.8,0.0015424493664485802,0.0029346822807819195,0.02225056135041514,0.06374040283333333,0.01958397258955978,0.005932406945634235,0.0026959939496838947,8.402138431163613e-4,1.0198302992981516,195.4961594648346,0,0,0,0,0,0,0.5865484017665169
X22,normalised,treatment_effect_sd,0.07626392697027408,15,0.9333333333333333,0.007391340544225922,0.005776215817725916,0.0147125939008391,0.04911179753333333,0.015435252802421123,0.003399879244182168,0.0018997600730540614,6.183571248083054e-4,1.0198302992981516,195.4961594648346,0,0,0,0,0,0,0.5865484017665169
X22,raw,baseline_control_mean,0.45,15,0.9333333333333333,0.0013373828759999892,4.4499275499998436e-4,0.010716069517361959,0.03636396456666667,0.011138087405121537,0.0028415985559429166,0.0016818007659347323,4.964564543647062e-4,1.0186000847395271,193.37180597876866,0,0,0,0,0,0,0.6133924142186349
X22,raw,baseline_difference_sd,0,15,0,0.008271106275874237,0.00669068575356495,0.009154521078548047,0.01616641188173333,0.005083360811841721,0.0010486064613426684,9.494261159586492e-4,2.740576261045026e-4,1.0186000847395271,193.37180597876866,0,0,0,0,0,0,0.6133924142186349
X22,raw,time_trend_mean,-0.04,15,0.8666666666666667,0.001217679542600001,0.0024178160395000037,0.004188679561803597,0.014289853823333334,0.0043715167677722735,0.001071124009193968,6.900203310183365e-4,2.113030089533568e-4,1.0186000847395271,193.37180597876866,0,0,0,0,0,0,0.6133924142186349
X22,raw,time_trend_sd,0.02,15,0.8,-0.001771406757463334,-0.00166710920865,0.003946524288617026,0.011453908408333331,0.0035770736910227144,9.425335181708531e-4,4.982203464066925e-4,1.5918806924360615e-4,1.0186000847395271,193.37180597876866,0,0,0,0,0,0,0.6133924142186349
X22,raw,treatment_effect_mean,-0.15,15,0.8666666666666667,7.229530966666083e-5,0.002276746524999984,0.00913114243807903,0.02550485206666666,0.007774186681140683,0.0024403239775062664,0.0010922745235532746,3.3655704763969435e-4,1.0186000847395271,193.37180597876866,0,0,0,0,0,0,0.6133924142186349
X22,raw,treatment_effect_sd,0.03,15,0.8,0.0034056750717933342,0.0029134324269999984,0.006625943268089481,0.020013317543333332,0.006217333026121612,0.00151903403275394,8.870111948718177e-4,2.7438803556522305e-4,1.0186000847395271,193.37180597876866,0,0,0,0,0,0,0.6133924142186349
X23,kappa_0,time_trend_mean,-0.08998628257887518,15,0.9333333333333333,-0.0055374206503171495,-0.0028755583216248104,0.017525708236313327,0.06635435044333332,0.02069816228347909,0.004443996124193227,0.004200474740960786,0.0012914383674428825,1.0075158527626005,400.6293884172118,0,0.06666666666666667,1,0.06666666666666667,0,0,0.7759420008199007
X23,kappa_0,time_trend_sd,0.045528614603915496,15,1,0.0071700333492930425,0.008590714063834506,0.019519106407999615,0.06525247040033333,0.02123595634937799,0.004851996177840012,0.0028002027655710826,9.886813725618676e-4,1.0075158527626005,400.6293884172118,0,0.06666666666666667,1,0.06666666666666667,0,0,0.7759420008199007
X23,kappa_0,treatment_effect_mean,-0.3374485596707819,15,0.9333333333333333,0.0018034739050152404,0.0027347221607819105,0.02530891079736266,0.10929678833333333,0.03418530962689762,0.006746895834502545,0.00607022749383516,0.0018161202162476524,1.0075158527626005,400.6293884172118,0,0.06666666666666667,1,0.06666666666666667,0,0,0.7759420008199007
X23,kappa_0,treatment_effect_sd,0.07626392697027408,15,0.8666666666666667,0.016385009069475386,0.010956249289725925,0.02839958844917923,0.10182885608966666,0.03307445221672412,0.006199470610324974,0.00463145200492491,0.001521124006093551,1.0075158527626005,400.6293884172118,0,0.06666666666666667,1,0.06666666666666667,0,0,0.7759420008199007
X23,kappa_0.5,time_trend_mean,-0.08998628257887518,15,0.9333333333333333,-0.005389758908282815,-0.003004841291124813,0.017355878769431014,0.06726407065666666,0.0210063893218341,0.004409219454488614,0.004235092377573438,0.0013471810957422779,1.0088914907532653,483.93781237219537,0,0.13333333333333333,1,0.13333333333333333,0,0,0.8060040449453274
X23,kappa_0.5,time_trend_sd,0.045528614603915496,15,1,0.007237871139143405,0.008068284128534504,0.019445110644400646,0.06553107986666666,0.021362869458986886,0.0048234956895991206,0.002874975101755425,0.0010704310091444126,1.0088914907532653,483.93781237219537,0,0.13333333333333333,1,0.13333333333333333,0,0,0.8060040449453274
X23,kappa_0.5,treatment_effect_mean,-0.3374485596707819,15,0.9333333333333333,0.0017620510707819041,0.003241806875781905,0.02512614623905016,0.1064332395,0.033029089000612695,0.006698712034254318,0.005295120278616228,0.0017145246132479238,1.0088914907532653,483.93781237219537,0,0.13333333333333333,1,0.13333333333333333,0,0,0.8060040449453274
X23,kappa_0.5,treatment_effect_sd,0.07626392697027408,15,0.9333333333333333,0.011514754015830261,0.014159080568225915,0.024612556158339863,0.09963074615399999,0.03239048656704914,0.005813705239729124,0.004212971932242216,0.0014391448238322503,1.0088914907532653,483.93781237219537,0,0.13333333333333333,1,0.13333333333333333,0,0,0.8060040449453274
X23,kappa_1,time_trend_mean,-0.08998628257887518,15,0.8666666666666667,-0.005578649299111149,-0.003371638935124821,0.017957776890740376,0.06563129939,0.020375276829796347,0.0045619577787795055,0.004084757081179458,0.0012833186896573773,1.0057329639412218,473.96199519018813,0,0,0,0,0,0,0.759526740000081
X23,kappa_1,time_trend_sd,0.045528614603915496,15,0.8666666666666667,0.007026915955600065,0.008502888333234503,0.02009091350342758,0.06574908367099999,0.020930578040518344,0.00503038806764265,0.00307776596199609,0.0010769646759109413,1.0057329639412218,473.96199519018813,0,0,0,0,0,0,0.759526740000081
X23,kappa_1,treatment_effect_mean,-0.3374485596707819,15,0.9333333333333333,0.002257518134915241,0.006701669060781901,0.024259773226205764,0.10444038949999998,0.03258726661434138,0.006455563541060969,0.0053428663922865565,0.0017144979669886451,1.0057329639412218,473.96199519018813,0,0,0,0,0,0,0.759526740000081
X23,kappa_1,treatment_effect_sd,0.07626392697027408,15,0.9333333333333333,0.00886438817662042,0.01119626951172592,0.024931825748894725,0.10040912484933333,0.03272119674238019,0.006227924198017014,0.004694262975592,0.0016435393740946694,1.0057329639412218,473.96199519018813,0,0,0,0,0,0,0.759526740000081
X24,normalised,baseline_difference_sd,0.044444444444444446,15,0.6666666666666666,0.00970651014822287,0.002500509634705557,0.0266512146083184,0.05592589326066666,0.017656465136460107,0.006633631309154299,0.0033168643823244743,0.0011073885858848378,1.0089112075899114,327.9019754680218,0,0,0,0,0,0,0.6606418033385246
X24,normalised,time_trend_mean,-0.08998628257887518,15,1,0.0024770308166885183,0.006674226893375185,0.012274875259449468,0.05933338690333333,0.01816364596195648,0.0032131079854716103,0.0031210140666775776,9.439370939581629e-4,1.0089112075899114,327.9019754680218,0,0,0,0,0,0,0.6606418033385246
X24,normalised,time_trend_sd,0.045528614603915496,15,0.8666666666666667,0.009891549028795335,0.012243460646584506,0.018280810821333263,0.054041039185333324,0.01681480665584859,0.0041087476550153105,0.0016535598985223416,5.511236829810149e-4,1.0089112075899114,327.9019754680218,0,0,0,0,0,0,0.6606418033385246
X24,normalised,treatment_effect_mean,-0.3374485596707819,15,0.8666666666666667,0.0010087716511152478,0.0018698376757819157,0.024598154497152025,0.0826523968,0.02534863447331611,0.006568602723898345,0.002954300017515027,9.318484885971822e-4,1.0089112075899114,327.9019754680218,0,0,0,0,0,0,0.6606418033385246
X24,normalised,treatment_effect_sd,0.07626392697027408,15,0.9333333333333333,0.014300050360325922,0.008527392520225927,0.021824668432204444,0.06710047224333333,0.020932501005022485,0.004406364811009213,0.0018733300533756044,5.789127876048161e-4,1.0089112075899114,327.9019754680218,0,0,0,0,0,0,0.6606418033385246
X24,raw,baseline_control_mean,0.45,15,0.9333333333333333,0.0012940438746666615,-0.0018978032549999968,0.011671637649323647,0.062445767133333316,0.019254995880898424,0.0031001448798811566,0.004541797978697547,0.0013777466899600034,1.0172402158472742,360.4317477324006,0,0.06666666666666667,1,0.06666666666666667,0,0,0.6450410278690315
X24,raw,baseline_difference_sd,0.02,15,0.6666666666666666,0.022964354151638347,0.015405173953132002,0.033592272176592004,0.05869928826766666,0.018490294019525236,0.006552421517404123,0.0036200846910717614,0.0011536307661800377,1.0172402158472742,360.4317477324006,0,0.06666666666666667,1,0.06666666666666667,0,0,0.6450410278690315
X24,raw,time_trend_mean,-0.04,15,1,0.0011783279316366683,0.0030489285892500023,0.006015776613032549,0.024344774366666665,0.007502292801226715,0.0015766399974863864,0.0010480700274579165,3.1096933330902624e-4,1.0172402158472742,360.4317477324006,0,0.06666666666666667,1,0.06666666666666667,0,0,0.6450410278690315
X24,raw,time_trend_sd,0.02,15,0.8,0.001718371798428356,0.0015583602289499995,0.00608748923859626,0.02245987588733333,0.006980437795130059,0.0015607855987196998,6.799249751939086e-4,1.9752248534778445e-4,1.0172402158472742,360.4317477324006,0,0.06666666666666667,1,0.06666666666666667,0,0,0.6450410278690315
X24,raw,treatment_effect_mean,-0.15,15,0.8666666666666667,6.904405006333288e-4,-0.0011964271200000098,0.010436780839075462,0.03197820893333334,0.009770242176844865,0.0027832366333099346,0.001271043469035574,3.751423904717696e-4,1.0172402158472742,360.4317477324006,0,0.06666666666666667,1,0.06666666666666667,0,0,0.6450410278690315
X24,raw,treatment_effect_sd,0.03,15,0.8666666666666667,0.002906980463226001,0.001362484332000001,0.007747626271775586,0.02622217500333333,0.008100848564758185,0.0019193595924818557,8.654738833789399e-4,2.6625252636823695e-4,1.0172402158472742,360.4317477324006,0,0.06666666666666667,1,0.06666666666666667,0,0,0.6450410278690315
X25,normalised,baseline_difference_sd,0.10084833067590679,15,0.8666666666666667,0.009691028080126543,0.013794638572593207,0.022506185872752577,0.08929257814999998,0.028657845650139045,0.005428840821345398,0.0039479154264160515,0.0012011484668037551,1.0330429567678856,153.8017630660684,0,0.3333333333333333,5,0.06666666666666667,0,0,0.6563567580239064
X25,normalised,time_trend_mean,-0.08998628257887518,15,0.8666666666666667,0.007609323905275516,0.0047693662833751815,0.015361898753761084,0.05605583171,0.01716898671673319,0.0035665722141795726,0.0022211507253589646,7.009112423179836e-4,1.0330429567678856,153.8017630660684,0,0.3333333333333333,5,0.06666666666666667,0,0,0.6563567580239064
X25,normalised,time_trend_sd,0.045528614603915496,15,0.9333333333333333,0.005882576846648504,0.007510545301584501,0.013318322507086987,0.05138702660333333,0.01592054847316029,0.003193441985941711,0.0018992422387456636,6.02798972403331e-4,1.0330429567678856,153.8017630660684,0,0.3333333333333333,5,0.06666666666666667,0,0,0.6563567580239064
X25,normalised,treatment_effect_mean,-0.3374485596707819,15,0.8,0.019529887006781915,0.023927300570781906,0.02595699433643405,0.07509195896666666,0.02317194225117991,0.0045696910530456806,0.003348198224738315,0.0010484494635822942,1.0330429567678856,153.8017630660684,0,0.3333333333333333,5,0.06666666666666667,0,0,0.6563567580239064
X25,normalised,treatment_effect_sd,0.07626392697027408,15,0.8,0.003889293346395031,0.005970316084225921,0.022072815769249302,0.065561482464,0.02022757767996633,0.005806908405689284,0.002019284465276494,6.64536902110318e-4,1.0330429567678856,153.8017630660684,0,0.3333333333333333,5,0.06666666666666667,0,0,0.6563567580239064
X25,raw,baseline_control_mean,0.45,15,0.8666666666666667,6.115792029999863e-4,0.004360056085000008,0.01425379359186174,0.05623193636666665,0.017427669203320752,0.003805978404693038,0.005069804660744401,0.0015468236727262184,1.0076121668615694,343.9816658866638,0,0.13333333333333333,2,0.06666666666666667,0,0,0.6623826001852117
X25,raw,baseline_difference_sd,0.044721359549995794,15,0.06666666666666667,0.060684865192696204,0.06378776730750421,0.0647255760360222,0.09263928181333334,0.029489212591612978,0.006016330928274555,0.0033654990432569988,0.0012020941261251916,1.0076121668615694,343.9816658866638,0,0.13333333333333333,2,0.06666666666666667,0,0,0.6623826001852117
X25,raw,time_trend_mean,-0.04,15,0.9333333333333333,1.929060764133348e-4,-7.671177534999962e-4,0.005479209571048377,0.024279655096666665,0.0074911241510828,0.001463472503747531,0.0011230219067813211,3.3872864846506143e-4,1.0076121668615694,343.9816658866638,0,0.13333333333333333,2,0.06666666666666667,0,0,0.6623826001852117
X25,raw,time_trend_sd,0.02,15,1,8.712061633915862e-4,0.001799728391257499,0.0058010277108582415,0.023174964046999997,0.007155821187372891,0.0015328060711139674,8.526094263480319e-4,2.949883024908176e-4,1.0076121668615694,343.9816658866638,0,0.13333333333333333,2,0.06666666666666667,0,0,0.6623826001852117
X25,raw,treatment_effect_mean,-0.15,15,0.9333333333333333,0.005445488943066662,0.007277702264999991,0.008900143231829222,0.0317351618,0.009677418173086762,0.001881473581265763,0.001100317905773681,3.190032803950641e-4,1.0076121668615694,343.9816658866638,0,0.13333333333333333,2,0.06666666666666667,0,0,0.6623826001852117
X25,raw,treatment_effect_sd,0.03,15,1,0.0018698429714762007,4.259509435000017e-4,0.00694543201662588,0.027757671212666667,0.00852731344358771,0.0017877102905191498,0.001051010282574827,3.221578587947039e-4,1.0076121668615694,343.9816658866638,0,0.13333333333333333,2,0.06666666666666667,0,0,0.6623826001852117
X26,normalised,baseline_difference_sd,0.18642858491803838,15,1,0.0031189030171949574,0.002419942331961633,0.023334848368093207,0.14612594326666667,0.046404865958546024,0.006180543158812606,0.005364027217759527,0.001763171641585758,1.0077700112668873,361.7735908866267,0,0,0,0,0,0,0.5848695889584333
X26,normalised,time_trend_mean,-0.08998628257887518,15,1,0.010238821713184151,0.009883930507475186,0.01562008523174726,0.06141299071,0.018775923794235243,0.0031527039706607135,0.002888162986239221,8.572172127620158e-4,1.0077700112668873,361.7735908866267,0,0,0,0,0,0,0.5848695889584333
X26,normalised,time_trend_sd,0.045528614603915496,15,0.9333333333333333,0.009128657303619503,0.011869041180584503,0.015187202542589961,0.051769494545999994,0.016146442163600703,0.003243881459243422,0.0017626150051322067,5.551259738042583e-4,1.0077700112668873,361.7735908866267,0,0,0,0,0,0,0.5848695889584333
X26,normalised,treatment_effect_mean,-0.3374485596707819,15,0.7333333333333333,0.024424880234448575,0.017817812780781928,0.03369268525299004,0.08281246093333332,0.025410168814585684,0.006202662245761295,0.0029735038974773604,9.307229275245747e-4,1.0077700112668873,361.7735908866267,0,0,0,0,0,0,0.5848695889584333
X26,normalised,treatment_effect_sd,0.07626392697027408,15,0.9333333333333333,0.011063187744925922,0.009077956357225928,0.019219317957137827,0.06593673715666666,0.020380284756731887,0.004200238595757571,0.002356881608707664,7.136047064939869e-4,1.0077700112668873,361.7735908866267,0,0,0,0,0,0,0.5848695889584333
X26,raw,baseline_control_mean,0.45,15,0.8666666666666667,0.002289404220999987,0.010521204519999994,0.022295369041303997,0.0629987714,0.01956822328776106,0.005927189824389224,0.00470081870525626,0.0014362463220989486,1.0099483476493363,291.94998060100727,0,0.06666666666666667,1,0.06666666666666667,0,0,0.6708586202541016
X26,raw,baseline_difference_sd,0.08246211251235322,15,0,0.10352032069214678,0.10211193912064678,0.1057990833814787,0.1473837739,0.04669651106784638,0.005837007844999301,0.004365417290799371,0.0013424011979199246,1.0099483476493363,291.94998060100727,0,0.06666666666666667,1,0.06666666666666667,0,0,0.6708586202541016
X26,raw,time_trend_mean,-0.04,15,1,-1.8055041749299934e-4,0.0012911180336500003,0.005469237566450463,0.025475200919999996,0.007824187198320546,0.0014609185247893113,9.449011343609571e-4,2.891899121852461e-4,1.0099483476493363,291.94998060100727,0,0.06666666666666667,1,0.06666666666666667,0,0,0.6708586202541016
X26,raw,time_trend_sd,0.02,15,0.9333333333333333,0.0033239126340725996,0.004589812164899999,0.006313610558262933,0.022829923044199996,0.007097393646310852,0.0014346050497427044,7.829574380299201e-4,2.4421500326761203e-4,1.0099483476493363,291.94998060100727,0,0.06666666666666667,1,0.06666666666666667,0,0,0.6708586202541016
X26,raw,treatment_effect_mean,-0.15,15,0.9333333333333333,3.7898658593332746e-4,4.61605754999983e-4,0.008515804824251967,0.0314938619,0.009643301135055791,0.0022736895907695884,0.0012933908483006597,4.0195154767752556e-4,1.0099483476493363,291.94998060100727,0,0.06666666666666667,1,0.06666666666666667,0,0,0.6708586202541016
X26,raw,treatment_effect_sd,0.03,15,0.8,0.0012578401325627664,0.003649159164799999,0.008827756552858786,0.027742566811999998,0.00856982325561101,0.0023352443120498384,7.326405907298154e-4,2.372366433403915e-4,1.0099483476493363,291.94998060100727,0,0.06666666666666667,1,0.06666666666666667,0,0,0.6708586202541016
X27,normalised,baseline_difference_sd,0.27519266535511244,15,1,0.013257727820220888,0.01162001739488755,0.024135157864523936,0.21821843489999998,0.06928886281829458,0.0053900602845186425,0.004327038353230259,0.0013552985295005595,1.0076104801831378,360.6423140165116,0,0,0,0,0,0,0.663570468874794
X27,normalised,time_trend_mean,-0.08998628257887518,15,0.8666666666666667,0.015386408258915185,0.01841929454597019,0.020636382686260564,0.058201547971999994,0.018007290091053074,0.0036753885242999554,0.003885276405683267,0.0011921021519272997,1.0076104801831378,360.6423140165116,0,0,0,0,0,0,0.663570468874794
X27,normalised,time_trend_sd,0.045528614603915496,15,0.8666666666666667,0.004602038771099469,0.0040602191042845015,0.0180516488651705,0.051583403303666654,0.01607170578867005,0.004665092755935213,0.002556930539877264,8.013430744886718e-4,1.0076104801831378,360.6423140165116,0,0,0,0,0,0,0.663570468874794
X27,normalised,treatment_effect_mean,-0.3374485596707819,15,0.5333333333333333,0.03313636766278191,0.029587014545781887,0.038716745377129984,0.0766031796,0.023337107827627934,0.005351685386829468,0.0034442730584726263,0.001013789601208559,1.0076104801831378,360.6423140165116,0,0,0,0,0,0,0.663570468874794
X27,normalised,treatment_effect_sd,0.07626392697027408,15,0.8666666666666667,0.0018674952638575882,0.0023051409202259204,0.019795597123222663,0.06478134751633333,0.01986874711984933,0.005267000548593714,0.002688505709111933,7.849615498378434e-4,1.0076104801831378,360.6423140165116,0,0,0,0,0,0,0.663570468874794
X27,raw,baseline_control_mean,0.45,15,0.8,-0.002794597868000011,-0.0043153937050000035,0.01779997217610506,0.054617219933333315,0.016895219066819997,0.004698246118243671,0.0035656730270579215,0.001099529980677337,1.014248587207903,250.65326164478077,0,0,0,0,0,0,0.6552819742418041
X27,raw,baseline_difference_sd,0.1216552506059644,15,0,0.16520306821670228,0.1670893435140356,0.16643848345362527,0.22299558626666666,0.07136023252111748,0.005409746667756947,0.004772480744098048,0.0016163225235002884,1.014248587207903,250.65326164478077,0,0,0,0,0,0,0.6552819742418041
X27,raw,time_trend_mean,-0.04,15,0.9333333333333333,1.2623481599366668e-4,1.3308543675000228e-4,0.004632854940131611,0.024056800046666663,0.007342689136638612,0.0012377228419138142,0.0014110137175068916,4.306460060189728e-4,1.014248587207903,250.65326164478077,0,0,0,0,0,0,0.6552819742418041
X27,raw,time_trend_sd,0.02,15,0.8666666666666667,8.859354084593434e-4,-6.010264960000164e-5,0.007908669581014159,0.022110424769633333,0.006853301662002907,0.0021003770578789053,6.780870866570548e-4,2.1581932412281188e-4,1.014248587207903,250.65326164478077,0,0,0,0,0,0,0.6552819742418041
X27,raw,treatment_effect_mean,-0.15,15,1,0.0021030651269666597,0.002881835979999997,0.007645244991825665,0.02966387956666667,0.00906431194703764,0.0019644499058582734,0.001018191542145502,3.1258461183231455e-4,1.014248587207903,250.65326164478077,0,0,0,0,0,0,0.6552819742418041
X27,raw,treatment_effect_sd,0.03,15,0.8666666666666667,-0.0011371837839260323,-0.001270247790814999,0.007632214979995816,0.025622301948799997,0.00795067901627362,0.002017026073605258,6.822767246329967e-4,1.965343377664878e-4,1.014248587207903,250.65326164478077,0,0,0,0,0,0,0.6552819742418041
X3,fixed_zero,baseline_difference_sd,0.27519266535511244,15,1,0.009820792961554222,0.013018033874887536,0.02538143832141234,0.21384292709999997,0.06782559596334992,0.006255108979694382,0.004257147713975526,0.0013923454605978697,1.0108836327906885,318.1266918704543,0,0.6,9,0.06666666666666667,0,0,0.7614356278925292
X3,fixed_zero,time_trend_mean,-0.08998628257887518,15,0.9333333333333333,8.606595533960523e-4,-0.003956979118029821,0.013081650147103408,0.06060745596666666,0.020263669218234834,0.0034886431634290013,0.0044895623046247455,0.0023186168233811726,1.0108836327906885,318.1266918704543,0,0.6,9,0.06666666666666667,0,0,0.7614356278925292
X3,fixed_zero,time_trend_sd,0.045528614603915496,15,0.8666666666666667,0.0053125279733299705,0.005409765931584501,0.017795417922925865,0.05641725028133332,0.019082883470606684,0.00453914675418329,0.003258009055046462,0.0018445689989028005,1.0108836327906885,318.1266918704543,0,0.6,9,0.06666666666666667,0,0,0.7614356278925292
X3,fixed_zero,treatment_effect_mean,-0.3374485596707819,15,0.6,0.02510648415178191,0.022736099935781906,0.027750840503460713,0.05674595316666668,0.017322073593577385,0.0031597197229324843,0.001759147070432399,5.374712390168898e-4,1.0108836327906885,318.1266918704543,0,0.6,9,0.06666666666666667,0,0,0.7614356278925292
X3,fixed_zero,treatment_effect_sd,0.07626392697027408,15,0.8,0.006448418952892587,0.0056125713277259265,0.015072244109796372,0.04425490623666666,0.01370797134389678,0.0036409421417428586,0.001444514954919648,4.296807631540861e-4,1.0108836327906885,318.1266918704543,0,0.6,9,0.06666666666666667,0,0,0.7614356278925292
X3,shared,baseline_difference_mean,0.26995884773662554,15,0,-0.14132778537983307,-0.14498897930997554,0.14224726019227396,0.11013392422333332,0.033331677111597624,0.004315587295245048,0.003510275625001172,9.836876925643705e-4,1.0155638772275808,160.42586899918533,0,0,0,0,0,0,0.6530864742812261
X3,shared,baseline_difference_sd,0.05341557445131835,15,0,0.06595124946138164,0.07066184007318164,0.06798159968446679,0.07861872533333332,0.024133005177598373,0.004407222887664086,0.002627599243462624,7.859787980319499e-4,1.0155638772275808,160.42586899918533,0,0,0,0,0,0,0.6530864742812261
X3,shared,time_trend_mean,-0.08998628257887518,15,0.8666666666666667,-0.0018377876509504823,-0.0025262197441248135,0.015553284028995903,0.05910364767999999,0.01818403158333692,0.004127669531316611,0.003831236966928806,0.0011507067563520377,1.0155638772275808,160.42586899918533,0,0,0,0,0,0,0.6530864742812261
X3,shared,time_trend_sd,0.045528614603915496,15,0.8666666666666667,0.0034349419497978566,0.003646674558234503,0.01599591778902957,0.05289883699399999,0.016663969810419562,0.004175357638359613,0.0022963599950614373,6.935072777369979e-4,1.0155638772275808,160.42586899918533,0,0,0,0,0,0,0.6530864742812261
X3,shared,treatment_effect_mean,-0.3374485596707819,15,0.6,-0.03855996684788475,-0.04061530197921809,0.044113326868877784,0.09732780113333334,0.029828180933187332,0.005726595623744676,0.0038314605164120625,0.0011417373687973263,1.0155638772275808,160.42586899918533,0,0,0,0,0,0,0.6530864742812261
X3,shared,treatment_effect_sd,0.07626392697027408,15,0.9333333333333333,0.005918560759925921,0.0059196115317259185,0.017187468309599614,0.06447695719999999,0.019988235883953476,0.004312603666866258,0.0019313402769102284,5.617733325309702e-4,1.0155638772275808,160.42586899918533,0,0,0,0,0,0,0.6530864742812261
X3,two_pop,baseline_difference_sd,0.27519266535511244,15,1,0.011531411754554228,0.015406398979887548,0.023953670869982097,0.21354721679999997,0.06918858734968389,0.00561124439403569,0.0038961362985290046,0.0012286126270862517,1.0118857806250259,396.2693911571054,0,0,0,0,0,0,0.8248355802474284
X3,two_pop,time_trend_mean,-0.08998628257887518,15,0.8666666666666667,2.41225310360652e-4,-0.004526055549874813,0.013721605423106378,0.05948351035999999,0.0185502425552217,0.003666686570977981,0.0038751872338676735,0.0012644633269413004,1.0118857806250259,396.2693911571054,0,0,0,0,0,0,0.8248355802474284
X3,two_pop,time_trend_sd,0.045528614603915496,15,0.8666666666666667,0.005024382739682127,0.004628827350584501,0.017401600533845027,0.05606995780066666,0.01795278601747628,0.004452698052262406,0.0029622719206895383,9.646857581243628e-4,1.0118857806250259,396.2693911571054,0,0,0,0,0,0,0.8248355802474284
X3,two_pop,treatment_effect_mean,-0.3374485596707819,15,0.6,0.025320926582781903,0.022208503725781925,0.028029037260982315,0.056258904233333344,0.01722625536028013,0.0032124490742701036,0.001825979335680493,5.525534180256548e-4,1.0118857806250259,396.2693911571054,0,0,0,0,0,0,0.8248355802474284
X3,two_pop,treatment_effect_sd,0.07626392697027408,15,0.8666666666666667,0.00465936822889259,0.0026919376047259275,0.014559861306670304,0.044626388506666656,0.013719412387347326,0.003686654009271255,0.0013485783850510796,4.1951710223858316e-4,1.0118857806250259,396.2693911571054,0,0,0,0,0,0,0.8248355802474284
X3,zero_mean,baseline_difference_sd,0.27519266535511244,15,0,-0.09285738839477911,-0.09416719920011243,0.09386906877046088,0.08291161413333333,0.02550911334296709,0.0036733353113509956,0.0020402324959140246,5.550067738801358e-4,1.0079471115055059,381.2302374464188,0,0.06666666666666667,1,0.06666666666666667,0,0,0.7202395712018607
X3,zero_mean,time_trend_mean,-0.08998628257887518,15,0.8666666666666667,0.0040808243221001845,6.578382093751778e-4,0.014005511482738152,0.061994260713333325,0.019393847912957844,0.003580714461281892,0.0047906759966877925,0.001498534990779195,1.0079471115055059,381.2302374464188,0,0.06666666666666667,1,0.06666666666666667,0,0,0.7202395712018607
X3,zero_mean,time_trend_sd,0.045528614603915496,15,0.8666666666666667,0.0052578999569017374,0.005282803578934507,0.01783212185308263,0.05680169021999999,0.018274296451777108,0.004553954779140558,0.003424959375239435,0.001163894674020367,1.0079471115055059,381.2302374464188,0,0.06666666666666667,1,0.06666666666666667,0,0,0.7202395712018607
X3,zero_mean,treatment_effect_mean,-0.3374485596707819,15,0.9333333333333333,0.009484458347115251,0.0066779944907819355,0.01816860499934818,0.07668047146666665,0.02345655325762086,0.004141628884907271,0.0029090425415300835,8.895766731018731e-4,1.0079471115055059,381.2302374464188,0,0.06666666666666667,1,0.06666666666666667,0,0,0.7202395712018607
X3,zero_mean,treatment_effect_sd,0.07626392697027408,15,0.9333333333333333,0.0013371687999259214,0.002572757074225926,0.017750209248812182,0.06147884585666666,0.019018989413159926,0.004730462888684681,0.0019474047998634962,6.152492502145906e-4,1.0079471115055059,381.2302374464188,0,0.06666666666666667,1,0.06666666666666667,0,0,0.7202395712018607
X4,fixed_zero,baseline_difference_sd,0.09938079899999065,15,1,0.010901766544976012,0.009301371078509355,0.020818730709693027,0.08967975699666667,0.028378642970919948,0.004740185609397569,0.0035271849502526388,0.0011708100279508428,1.0081968973096764,542.7889042670233,0,0,0,0,0,0,0.7876053870691504
X4,fixed_zero,time_trend_mean,-0.08998628257887518,15,0.7333333333333333,0.016031679441273386,0.011286300324375179,0.026248311642607117,0.05777875321266666,0.01809062871342057,0.005554657751959654,0.004149650518129913,0.0013532486464599152,1.0081968973096764,542.7889042670233,0,0,0,0,0,0,0.7876053870691504
X4,fixed_zero,time_trend_sd,0.045528614603915496,15,0.8666666666666667,0.001399813864949973,0.0056368424785845014,0.016136445745986435,0.05459010433099999,0.01732491369378348,0.0042963888695429645,0.002514611689082469,8.703628182155089e-4,1.0081968973096764,542.7889042670233,0,0,0,0,0,0,0.7876053870691504
X4,fixed_zero,treatment_effect_mean,-0.3374485596707819,15,0.6666666666666666,0.017380995795115248,0.013673276490781927,0.028423491933298514,0.0527157472,0.016073000272081767,0.006010680249430246,0.0014305224649971183,4.1632590602118434e-4,1.0081968973096764,542.7889042670233,0,0,0,0,0,0,0.7876053870691504
X4,fixed_zero,treatment_effect_sd,0.07626392697027408,15,0.9333333333333333,-3.1817093717408096e-4,-0.0019600320952740807,0.01086866168036685,0.04099666054333333,0.012588878296621028,0.0029035270912782275,9.247509982126503e-4,2.942409829792594e-4,1.0081968973096764,542.7889042670233,0,0,0,0,0,0,0.7876053870691504
X4,shared,baseline_difference_mean,0,15,0.6666666666666666,0.013257249222126441,0.01907318907975,0.03097515972483245,0.06485064938333333,0.01989773379148888,0.007481910866699524,0.002007878441083071,6.02620854220443e-4,1.0082682687366369,335.42689431592913,0,0.26666666666666666,2,0.2,0,0,0.71933000489463506
X4,shared,baseline_difference_sd,0.09938079899999065,15,0.6666666666666666,-0.02039698337515732,-0.01969529945299066,0.023330585152126528,0.046389034546666666,0.014278704598744245,0.003027012585916808,0.0015635305325082535,4.580752222300363e-4,1.0082682687366369,335.42689431592913,0,0.26666666666666666,2,0.2,0,0,0.71933000489463506
X4,shared,time_trend_mean,-0.08998628257887518,15,0.7333333333333333,0.016250995580303216,0.01222678490322518,0.026102126691528088,0.056921496892,0.01764931620552282,0.005459108773872136,0.004134864612613017,0.001220532494173481,1.0082682687366369,335.42689431592913,0,0.26666666666666666,2,0.2,0,0,0.71933000489463506
X4,shared,time_trend_sd,0.045528614603915496,15,0.8666666666666667,0.001004010366086633,0.006684460228584502,0.01614790198323378,0.052884637596,0.01677264700302657,0.004307358335660004,0.0020319868079214454,6.353038630835679e-4,1.0082682687366369,335.42689431592913,0,0.26666666666666666,2,0.2,0,0,0.71933000489463506
X4,shared,treatment_effect_mean,-0.3374485596707819,15,0.4666666666666667,0.002724740119448584,0.004359383080781931,0.037241446507297,0.06841444516666666,0.020909238608231056,0.009926519780140653,0.0026369574863019437,7.979653315259781e-4,1.0082682687366369,335.42689431592913,0,0.26666666666666666,2,0.2,0,0,0.71933000489463506
X4,shared,treatment_effect_sd,0.07626392697027408,15,0.8666666666666667,-0.009408550337740747,-0.014631192159274081,0.017927531846996782,0.04899891149333333,0.015132080810037155,0.0040784764195476095,0.0013152593153944625,4.211696347055392e-4,1.0082682687366369,335.42689431592913,0,0.26666666666666666,2,0.2,0,0,0.71933000489463506
X4,two_pop,baseline_difference_sd,0.09938079899999065,15,1,0.010768662240442681,0.0074210655520093455,0.020723589633541723,0.0885927238,0.027998614669487075,0.004732132416112378,0.0034457800004762426,0.001121644052640396,1.0043180988321014,575.4603861756606,0,0.06666666666666667,1,0.06666666666666667,0,0,0.7845556567523663
X4,two_pop,time_trend_mean,-0.08998628257887518,15,0.7333333333333333,0.015990684759518682,0.012303462042775187,0.02621016428074952,0.05763885514233332,0.017893640498190706,0.005550229805702868,0.0043153059684159795,0.0013480908171131687,1.0043180988321014,575.4603861756606,0,0.06666666666666667,1,0.06666666666666667,0,0,0.7845556567523663
X4,two_pop,time_trend_sd,0.045528614603915496,15,0.8666666666666667,0.0011927358215386005,0.0054221556675845065,0.016464976673260613,0.054380410193666656,0.017097194419016835,0.004388888877536048,0.002438328081625329,8.225871843761673e-4,1.0043180988321014,575.4603861756606,0,0.06666666666666667,1,0.06666666666666667,0,0,0.7845556567523663
X4,two_pop,treatment_effect_mean,-0.3374485596707819,15,0.6666666666666666,0.01716155495711524,0.013256377555781906,0.028438325258999864,0.0527513747,0.016079499248681937,0.006060524346660957,0.0014554010621441633,4.021992555453821e-4,1.0043180988321014,575.4603861756606,0,0.06666666666666667,1,0.06666666666666667,0,0,0.7845556567523663
X4,two_pop,treatment_effect_sd,0.07626392697027408,15,0.9333333333333333,-0.0018196300841074144,-0.0037351438062740855,0.011348026413235528,0.041642115419999993,0.01288095604457332,0.0029936438598244216,9.572731570731718e-4,2.9672056544762535e-4,1.0043180988321014,575.4603861756606,0,0.06666666666666667,1,0.06666666666666667,0,0,0.7845556567523663
X4,zero_mean,baseline_difference_sd,0.09938079899999065,15,0.6666666666666666,-0.01695136524475732,-0.01780325029999065,0.020415480250113086,0.046450691973333326,0.014309673049918962,0.0030407124421470587,0.001276339920040618,3.7356392959303334e-4,1.0191842920838436,340.9365894423376,0,0.13333333333333333,1,0.13333333333333333,0,0,0.7280764878040118
X4,zero_mean,time_trend_mean,-0.08998628257887518,15,0.7333333333333333,0.017556534474560882,0.01299705539027518,0.02722673614624569,0.058876304703666664,0.018213990927374996,0.0055617524115338535,0.0046082488450597614,0.001453622410606009,1.0191842920838436,340.9365894423376,0,0.13333333333333333,1,0.13333333333333333,0,0,0.7280764878040118
X4,zero_mean,time_trend_sd,0.045528614603915496,15,0.8666666666666667,0.0014639971663744009,0.005988637713584502,0.01649401778630446,0.05452259351866666,0.017996006837116676,0.004390812933450411,0.002562816105284937,0.0011457667888117274,1.0191842920838436,340.9365894423376,0,0.13333333333333333,1,0.13333333333333333,0,0,0.7280764878040118
X4,zero_mean,treatment_effect_mean,-0.3374485596707819,15,0.7333333333333333,0.008753767279781917,0.00673750930078193,0.027627370797924076,0.06023125876666666,0.018457801203660657,0.007003280739448412,0.0018040815431453149,5.648750935421369e-4,1.0191842920838436,340.9365894423376,0,0.13333333333333333,1,0.13333333333333333,0,0,0.7280764878040118
X4,zero_mean,treatment_effect_sd,0.07626392697027408,15,0.9333333333333333,-0.008360683297327413,-0.014406757383774081,0.015990635737210906,0.04943129811666666,0.015206276720732262,0.0036429913736805934,0.001235096278849762,3.674318016643473e-4,1.0191842920838436,340.9365894423376,0,0.13333333333333333,1,0.13333333333333333,0,0,0.7280764878040118
X5,fixed_zero,baseline_difference_sd,0.18324913891634048,15,1,0.02074685056199285,0.01858240687865953,0.029055994849143067,0.1540882432,0.04992620570860939,0.005436773126666257,0.004107929322792216,0.0016984060528784112,1.015454030234734,316.57399009788037,0,0,0,0,0,0,0.8097819937510192
X5,fixed_zero,time_trend_mean,-0.08998628257887518,15,0.8666666666666667,0.012380284064281518,0.014304752705125184,0.019419631319737583,0.06447241127666666,0.019971426202455657,0.003998666269450977,0.004402753859764697,0.0014377706790349653,1.015454030234734,316.57399009788037,0,0,0,0,0,0,0.8097819937510192
X5,fixed_zero,time_trend_sd,0.045528614603915496,15,0.8666666666666667,0.008500414284478204,0.010376842388584502,0.017906283839724143,0.05913874045699999,0.018860462104450852,0.004212040207556401,0.003651354861819489,0.0012044263288552956,1.015454030234734,316.57399009788037,0,0,0,0,0,0,0.8097819937510192
X5,fixed_zero,treatment_effect_mean,-0.3374485596707819,15,0.8,0.016806275693781902,0.013305818615781895,0.022447943267608614,0.05441288236666667,0.016443681303105674,0.003977250075207838,0.0023066807673840046,6.765674198648484e-4,1.015454030234734,316.57399009788037,0,0,0,0,0,0,0.8097819937510192
X5,fixed_zero,treatment_effect_sd,0.07626392697027408,15,0.8,0.0010152456060592535,2.279305462259268e-4,0.014718899603871693,0.04208461617,0.01293531628101955,0.003924422449848345,0.0015498525978583342,4.794695076116731e-4,1.015454030234734,316.57399009788037,0,0,0,0,0,0,0.8097819937510192
X5,shared,baseline_difference_mean,0,15,0.8666666666666667,0.016630782751112422,0.015659274935601,0.03524103053355048,0.08692625726266666,0.026470596776066606,0.00830381710055226,0.0010872265639552947,3.213037099273868e-4,1.0268465325541514,107.11121489580233,0,6.333333333333333,55,0.2,0.2,0,0.4836601546153953
X5,shared,baseline_difference_sd,0.18324913891634048,15,0.2,-0.051514252835173815,-0.05133207372784049,0.053836629391247406,0.06307794925333332,0.019522625826910618,0.0041804341798115305,0.0013120681450810177,3.839792677463664e-4,1.0268465325541514,107.11121489580233,0,6.333333333333333,55,0.2,0.2,0,0.4836601546153953
X5,shared,time_trend_mean,-0.08998628257887518,15,0.8666666666666667,0.014603083809759118,0.01637926091217519,0.021203933998497237,0.06408155243666666,0.01979665099947804,0.004108847251078875,0.004127580453772512,0.0012619895926667057,1.0268465325541514,107.11121489580233,0,6.333333333333333,55,0.2,0.2,0,0.4836601546153953
X5,shared,time_trend_sd,0.045528614603915496,15,0.8666666666666667,0.008593806562764887,0.007175856154084503,0.017493345672931534,0.05789176370099999,0.018273656892147026,0.00407223728955728,0.002533352833897772,7.917034406045802e-4,1.0268465325541514,107.11121489580233,0,6.333333333333333,55,0.2,0.2,0,0.4836601546153953
X5,shared,treatment_effect_mean,-0.3374485596707819,15,0.8,-0.0033979613135514267,-0.0018129481542180637,0.026367140791380674,0.07412690836666666,0.022732349714863598,0.006988153099680806,0.0032330687923752053,9.88960189030081e-4,1.0268465325541514,107.11121489580233,0,6.333333333333333,55,0.2,0.2,0,0.4836601546153953
X5,shared,treatment_effect_sd,0.07626392697027408,15,0.8,-0.006909031481040746,-0.00367790890677408,0.02090642008727299,0.055559908576666664,0.017212887198482997,0.005273543704592897,0.001176245031200303,3.5799046689289634e-4,1.0268465325541514,107.11121489580233,0,6.333333333333333,55,0.2,0.2,0,0.4836601546153953
X5,two_pop,baseline_difference_sd,0.18324913891634048,15,1,0.021023869156126185,0.019590220043659512,0.02906234205743207,0.15656577336666663,0.04941018479404278,0.0053626795778741,0.004521383050921333,0.0014304063790983527,1.0162433420626045,331.65841076247034,0,0,0,0,0,0,0.7965769382401828
X5,two_pop,time_trend_mean,-0.08998628257887518,15,0.8666666666666667,0.01299105483378392,0.015223568843075186,0.019861005929597025,0.06617253170333333,0.020559482214041233,0.004015079174109128,0.004520645899198291,0.0014498928978694916,1.0162433420626045,331.65841076247034,0,0,0,0,0,0,0.7965769382401828
X5,two_pop,time_trend_sd,0.045528614603915496,15,0.8666666666666667,0.008738610987741837,0.008118810465084503,0.018124794822433857,0.059453574295,0.01907075976770555,0.004243859979515303,0.0034529250509248367,0.0011481200501143182,1.0162433420626045,331.65841076247034,0,0,0,0,0,0,0.7965769382401828
X5,two_pop,treatment_effect_mean,-0.3374485596707819,15,0.8,0.016407861152781908,0.0133226423657819,0.022158868619256356,0.05403097243333334,0.01641708655977942,0.003980286698902969,0.0021098698731320965,6.587540125502364e-4,1.0162433420626045,331.65841076247034,0,0,0,0,0,0,0.7965769382401828
X5,two_pop,treatment_effect_sd,0.07626392697027408,15,0.8,-3.901119057407911e-5,-9.84761983274074e-4,0.015062645206573431,0.04318565518,0.013384204215517708,0.004025647762837319,0.0014491593137787287,4.6256299554306283e-4,1.0162433420626045,331.65841076247034,0,0,0,0,0,0,0.7965769382401828
X5,zero_mean,baseline_difference_sd,0.18324913891634048,15,0.13333333333333333,-0.04797300768820715,-0.046820256996840476,0.049418011898730185,0.06326275910666666,0.019632389287710685,0.00317051633210762,0.0013198338487569708,3.954208943228647e-4,1.0303111057675982,113.16935439186136,0,1.4,16,0.26666666666666666,0.06666666666666667,0,0.4504924131921485
X5,zero_mean,time_trend_mean,-0.08998628257887518,15,0.8666666666666667,0.016191353367687386,0.01834689212187518,0.022316500936623306,0.06647425590999999,0.02077230062196669,0.004104581849043712,0.00451852385553979,0.0014589315596545615,1.0303111057675982,113.16935439186136,0,1.4,16,0.26666666666666666,0.06666666666666667,0,0.4504924131921485
X5,zero_mean,time_trend_sd,0.045528614603915496,15,0.8666666666666667,0.009508171896004605,0.006887161156584505,0.018891444585451663,0.060289556532999986,0.0193380944258558,0.004362841028186786,0.00349326471761891,0.0013216617097366302,1.0303111057675982,113.16935439186136,0,1.4,16,0.26666666666666666,0.06666666666666667,0,0.4504924131921485
X5,zero_mean,treatment_effect_mean,-0.3374485596707819,15,0.8,0.002470928426448578,0.001052039555781925,0.02097879162343116,0.0688066732,0.020926419358629017,0.005567791372135132,0.0030358174624779697,9.283643871790628e-4,1.0303111057675982,113.16935439186136,0,1.4,16,0.26666666666666666,0.06666666666666667,0,0.4504924131921485
X5,zero_mean,treatment_effect_sd,0.07626392697027408,15,0.8,-0.005829817706050745,-0.00413003195377408,0.021148297074227985,0.05574521225633333,0.017265410722000735,0.0054331239018109816,0.0015819959101927498,5.08451236312616e-4,1.0303111057675982,113.16935439186136,0,1.4,16,0.26666666666666666,0.06666666666666667,0,0.4504924131921485
X6,fixed_zero,baseline_difference_sd,0.27034500134658757,15,1,0.02260856983241244,0.01415653771841241,0.03776450570096576,0.21936266096666662,0.06936232257912459,0.008084422680029282,0.006601574245124306,0.0020507736583818704,1.0116997854965097,200.97875793380118,0,0.6,9,0.06666666666666667,0,0,0.7470961885888682
X6,fixed_zero,time_trend_mean,-0.08998628257887518,15,1,0.003466089845676992,0.0023040020182251847,0.01737916031780519,0.06823522193633333,0.021529270292607008,0.004551463144133428,0.00422644239409077,0.0015678921090040163,1.0116997854965097,200.97875793380118,0,0.6,9,0.06666666666666667,0,0,0.7470961885888682
X6,fixed_zero,time_trend_sd,0.045528614603915496,15,0.8666666666666667,0.013203132927335838,0.009978435587584503,0.0209421399528038,0.06604544011466666,0.022048516229048888,0.004344540964622165,0.004545276271028384,0.0018710668746173805,1.0116997854965097,200.97875793380118,0,0.6,9,0.06666666666666667,0,0,0.7470961885888682
X6,fixed_zero,treatment_effect_mean,-0.3374485596707819,15,0.6666666666666666,0.020579542044448583,0.02173605370578191,0.02690564341781883,0.0536036917,0.01634476168067673,0.004632155445266666,0.0013837172837505433,4.245313877083638e-4,1.0116997854965097,200.97875793380118,0,0.6,9,0.06666666666666667,0,0,0.7470961885888682
X6,fixed_zero,treatment_effect_sd,0.07626392697027408,15,0.9333333333333333,-0.001468627990567413,-0.003383937714774077,0.011669669746707129,0.04253282967666667,0.013182721235241002,0.0030940533265158545,0.0011613350603864741,3.669274637514781e-4,1.0116997854965097,200.97875793380118,0,0.6,9,0.06666666666666667,0,0,0.7470961885888682
X6,shared,baseline_difference_mean,0,15,0.9333333333333333,0.020664927620046496,0.0205018035483295,0.028181997392361647,0.09798918191733333,0.03005091101682825,0.0051212843219068035,0.0020380257635708955,6.484868421304833e-4,1.1625580242753875,13.03152661319369,0.13333333333333333,45.666666666666664,368,0.3333333333333333,0.2,0,0.22972028757681434
X6,shared,baseline_difference_sd,0.27034500134658757,15,0,-0.0869196473619209,-0.09345151442658756,0.08864924719613844,0.08482501106666666,0.02587730485298927,0.0046572825531739385,0.0022200355494435644,6.664689045258404e-4,1.1625580242753875,13.03152661319369,0.13333333333333333,45.666666666666664,368,0.3333333333333333,0.2,0,0.22972028757681434
X6,shared,time_trend_mean,-0.08998628257887518,15,1,0.005300426729003083,0.007876801981975184,0.01658525354909403,0.06757405416033332,0.020680335229269455,0.004200137002682223,0.00426039415377011,0.0011538492176479671,1.1625580242753875,13.03152661319369,0.13333333333333333,45.666666666666664,368,0.3333333333333333,0.2,0,0.22972028757681434
X6,shared,time_trend_sd,0.045528614603915496,15,0.8666666666666667,0.010504891192930911,0.008883681291584504,0.0170453474137074,0.057687695783333326,0.018453026968546855,0.003587589018095819,0.0023499648607312584,7.880059954019565e-4,1.1625580242753875,13.03152661319369,0.13333333333333333,45.666666666666664,368,0.3333333333333333,0.2,0,0.22972028757681434
X6,shared,treatment_effect_mean,-0.3374485596707819,15,0.7333333333333333,-8.100800302180929e-4,8.80865495781924e-4,0.025748897304165744,0.07075428319999998,0.021694888594166958,0.0068782757532326565,0.004606336433859507,0.0013671717729433455,1.1625580242753875,13.03152661319369,0.13333333333333333,45.666666666666664,368,0.3333333333333333,0.2,0,0.22972028757681434
X6,shared,treatment_effect_sd,0.07626392697027408,15,0.8,-0.014423960359560745,-0.01796972257677408,0.028012209461854298,0.05732725387933334,0.017818813747219487,0.006417794717372158,0.0023181602702487016,6.744061672921366e-4,1.1625580242753875,13.03152661319369,0.13333333333333333,45.666666666666664,368,0.3333333333333333,0.2,0,0.22972028757681434
X6,two_pop,baseline_difference_sd,0.27034500134658757,15,1,0.023872872057412432,0.023941364733412407,0.04024755730415087,0.22016403019999997,0.07068021405361842,0.008660055462876357,0.007327481231497326,0.002415854290181306,1.0130400280868368,239.60126016943025,0,0,0,0,0,0,0.7078531707990181
X6,two_pop,time_trend_mean,-0.08998628257887518,15,1,0.003218811380473453,0.0036274741844751907,0.01717656915229241,0.067027715145,0.02071377796573663,0.004509306100724349,0.0043564254863960265,0.0013442817019611926,1.0130400280868368,239.60126016943025,0,0,0,0,0,0,0.7078531707990181
X6,two_pop,time_trend_sd,0.045528614603915496,15,0.8666666666666667,0.012049887962714438,0.009540296847584506,0.019767476612924748,0.06361531375333332,0.020189604264091998,0.0041880214534905265,0.00398498400806459,0.00123274015875161,1.0130400280868368,239.60126016943025,0,0,0,0,0,0,0.7078531707990181
X6,two_pop,treatment_effect_mean,-0.3374485596707819,15,0.7333333333333333,0.02064534058944858,0.021490094750781896,0.027039419070879346,0.05305069346666665,0.016246921886390743,0.004666752431802631,0.001596116582357263,4.8676365012593077e-4,1.0130400280868368,239.60126016943025,0,0,0,0,0,0,0.7078531707990181
X6,two_pop,treatment_effect_sd,0.07626392697027408,15,0.8666666666666667,-0.003098817683830747,-0.004322111753774074,0.012316441438659073,0.04342352027666666,0.013415159735665943,0.0031858174402262496,0.0012061631171049767,3.7492311003317657e-4,1.0130400280868368,239.60126016943025,0,0,0,0,0,0,0.7078531707990181
X6,zero_mean,baseline_difference_sd,0.27034500134658757,15,0.06666666666666667,-0.08606790892995422,-0.08794902644658756,0.08795253424285314,0.08360492530000001,0.025633065175158745,0.004840036394235655,0.002393790317983776,7.264904358683375e-4,1.0991031479006996,17.625338858821898,0.06666666666666667,21.133333333333333,245,0.3333333333333333,0.2,0,0.2893681470843692
X6,zero_mean,time_trend_mean,-0.08998628257887518,15,1,0.006676869626953284,0.009506702580475188,0.016864880777883038,0.06554446494999999,0.02028550235957831,0.004139044192951501,0.0033136370493003085,0.0010731626611722902,1.0991031479006996,17.625338858821898,0.06666666666666667,21.133333333333333,245,0.3333333333333333,0.2,0,0.2893681470843692
X6,zero_mean,time_trend_sd,0.045528614603915496,15,0.8666666666666667,0.010585885077572037,0.009795821015084506,0.01688060628350319,0.058137095499333324,0.018530336035280443,0.0035141947423788593,0.0022712249558402334,7.398083693902705e-4,1.0991031479006996,17.625338858821898,0.06666666666666667,21.133333333333333,245,0.3333333333333333,0.2,0,0.2893681470843692
X6,zero_mean,treatment_effect_mean,-0.3374485596707819,15,0.8,0.004105634164115254,-4.8716793421810234e-4,0.02438704112979538,0.0680994856,0.020895972191056655,0.006424681999783454,0.004204570631926604,0.0012570976544894483,1.0991031479006996,17.625338858821898,0.06666666666666667,21.133333333333333,245,0.3333333333333333,0.2,0,0.2893681470843692
X6,zero_mean,treatment_effect_sd,0.07626392697027408,15,0.8,-0.014416237400887412,-0.018560106039274077,0.02789995853434895,0.05691514986166667,0.017904629240540076,0.006384019028679827,0.002097402519331158,6.353297666271082e-4,1.0991031479006996,17.625338858821898,0.06666666666666667,21.133333333333333,245,0.3333333333333333,0.2,0,0.2893681470843692
X7,kappa_0.5,baseline_difference_sd,0,15,0,0.029268895202100978,0.03119003725856,0.030351556301333474,0.04461834027566667,0.01411835212395459,0.0021472364890955296,0.001464010410468318,4.3520005675017065e-4,1.0073878395194429,440.84050296601185,0,0.13333333333333333,2,0.06666666666666667,0,0,0.787743585341939
X7,kappa_0.5,time_trend_mean,-0.08998628257887518,15,1,-0.005106097778192148,-0.008536622698624818,0.016933216396810315,0.05815337637666666,0.018028196684423372,0.004314937369357974,0.004124323423723885,0.0012688235669266554,1.0073878395194429,440.84050296601185,0,0.13333333333333333,2,0.06666666666666667,0,0,0.787743585341939
X7,kappa_0.5,time_trend_sd,0.045528614603915496,15,0.8,0.0030336888917014376,7.44476615084505e-4,0.016702039552969606,0.053649470714333326,0.017081976092940543,0.004389556249434792,0.0026119443585811163,8.451567422920319e-4,1.0073878395194429,440.84050296601185,0,0.13333333333333333,2,0.06666666666666667,0,0,0.787743585341939
X7,kappa_0.5,treatment_effect_mean,-0.3374485596707819,15,0.6,0.02249168368944858,0.021408928160781937,0.027960917348401296,0.054659786466666666,0.016687997761777505,0.0044395709556050034,0.0023734729957814527,7.165837134409027e-4,1.0073878395194429,440.84050296601185,0,0.13333333333333333,2,0.06666666666666667,0,0,0.787743585341939
X7,kappa_0.5,treatment_effect_sd,0.07626392697027408,15,0.7333333333333333,0.0020909948798592537,-0.001267050866274086,0.01656966134168838,0.04276358357333333,0.013217607295571537,0.004393025457558871,0.0016460936287223313,5.110954539039828e-4,1.0073878395194429,440.84050296601185,0,0.13333333333333333,2,0.06666666666666667,0,0,0.787743585341939
X7,kappa_1,baseline_difference_sd,0,15,0,0.028928419279780085,0.03056130803816,0.029997352594340186,0.045300653718666664,0.014075904652019916,0.0021211135997465306,0.0013977988400193121,3.956606698935278e-4,1.0103682139576649,413.54557003187836,0,0.2,2,0.13333333333333333,0,0,0.7676311825833945
X7,kappa_1,time_trend_mean,-0.08998628257887518,15,1,-0.004432831816943348,-0.007421165763124821,0.016715720320313397,0.0586508334,0.018382864395843457,0.00430751260598133,0.0039695644451944795,0.0012910257001216279,1.0103682139576649,413.54557003187836,0,0.2,2,0.13333333333333333,0,0,0.7676311825833945
X7,kappa_1,time_trend_sd,0.045528614603915496,15,0.8,0.002986386561588212,-3.2021375711549505e-4,0.016650019160305556,0.05431505265066666,0.017244687567244642,0.004377741046176567,0.0028591008376660032,9.89011425555669e-4,1.0103682139576649,413.54557003187836,0,0.2,2,0.13333333333333333,0,0,0.7676311825833945
X7,kappa_1,treatment_effect_mean,-0.3374485596707819,15,0.6,0.021594836891781915,0.0205007474757819,0.027608757185912262,0.055250454766666665,0.016842673447590432,0.004597409930508984,0.0024773212138717144,7.657954969427016e-4,1.0103682139576649,413.54557003187836,0,0.2,2,0.13333333333333333,0,0,0.7676311825833945
X7,kappa_1,treatment_effect_sd,0.07626392697027408,15,0.7333333333333333,-0.0011266836384274115,-0.00273456073127408,0.017198776663940943,0.044702784296666666,0.013844050509506338,0.004586692729399907,0.001709615430139183,5.266925287309445e-4,1.0103682139576649,413.54557003187836,0,0.2,2,0.13333333333333333,0,0,0.7676311825833945
X7,kappa_2,baseline_difference_sd,0,15,0,0.02911162753795286,0.030869772707687,0.03024800313542507,0.045641019661666664,0.0140617925219901,0.0021950404449933014,0.0014446089954172855,4.1410770202950596e-4,1.184139954371942,8.832662834501416,0.06666666666666667,0.5333333333333333,8,0.06666666666666667,0,0,0.4138269892087038
X7,kappa_2,time_trend_mean,-0.08998628257887518,15,0.9333333333333333,-0.004001709953347816,-0.007903102289643318,0.017844605497756957,0.06373116843333332,0.01979719460065751,0.004647704985257738,0.00709615456287847,0.0022622887908914755,1.184139954371942,8.832662834501416,0.06666666666666667,0.5333333333333333,8,0.06666666666666667,0,0,0.4138269892087038
X7,kappa_2,time_trend_sd,0.045528614603915496,15,0.8,0.006200332802294447,7.896014525845055e-4,0.023238866174890696,0.07426907971499999,0.023565470564001437,0.00598570185785182,0.02095072840745878,0.006639330334620099,1.184139954371942,8.832662834501416,0.06666666666666667,0.5333333333333333,8,0.06666666666666667,0,0,0.4138269892087038
X7,kappa_2,treatment_effect_mean,-0.3374485596707819,15,0.6666666666666666,0.018759420757781912,0.02144560677078189,0.02650430590500548,0.059843359266666674,0.018362906551112095,0.005004015275888878,0.002153485774584259,6.603939960916924e-4,1.184139954371942,8.832662834501416,0.06666666666666667,0.5333333333333333,8,0.06666666666666667,0,0,0.4138269892087038
X7,kappa_2,treatment_effect_sd,0.07626392697027408,15,0.8666666666666667,-0.004835154163294079,-0.006517142157774075,0.01649935106251941,0.05295673476333333,0.01631662936668188,0.004216039693001006,0.0030561424655487683,9.23101787434262e-4,1.184139954371942,8.832662834501416,0.06666666666666667,0.5333333333333333,8,0.06666666666666667,0,0,0.4138269892087038
X7,kappa_unanchored,baseline_difference_sd,0,15,0,0.029159619690048866,0.0306292454792585,0.030236355080555773,0.045819601764,0.014295595515687551,0.002137317211719358,0.0014065778673859053,4.039278851548894e-4,1.0069659696873818,338.3837097253737,0,0,0,0,0,0,0.7476928161310666
X7,kappa_unanchored,kappa,0,15,0,0.3786902040193481,0.3808843375521015,0.37953100527198025,0.8849738734366666,0.280442227434913,0.006748086197182242,0.016036437996727704,0.00525959363585074,1.0069659696873818,338.3837097253737,0,0,0,0,0,0,0.7476928161310666
X7,kappa_unanchored,time_trend_mean,-0.08998628257887518,15,0.9333333333333333,-0.004656060134461415,-0.00847438082347482,0.017096237499345655,0.05974036727,0.018616171468663092,0.004396446947400592,0.0046063857699491645,0.0014461550009646634,1.0069659696873818,338.3837097253737,0,0,0,0,0,0,0.7476928161310666
X7,kappa_unanchored,time_trend_sd,0.045528614603915496,15,0.8666666666666667,0.003463326071234671,7.932865115845011e-4,0.01716184608746019,0.05583329517566666,0.017847545063815678,0.004492329443888444,0.0033507677077139484,0.0011183916261004114,1.0069659696873818,338.3837097253737,0,0,0,0,0,0,0.7476928161310666
X7,kappa_unanchored,treatment_effect_mean,-0.3374485596707819,15,0.6666666666666666,0.02231118945378191,0.020940179895781896,0.02783394688566496,0.05520152706666668,0.016849357429631465,0.004447627171485207,0.002373446306805752,7.339562641321744e-4,1.0069659696873818,338.3837097253737,0,0,0,0,0,0,0.7476928161310666
X7,kappa_unanchored,treatment_effect_sd,0.07626392697027408,15,0.7333333333333333,0.0020739334574592532,-0.0018433672377740767,0.016538504925919965,0.0427369084,0.013279680207061644,0.00438521008780578,0.0016320022686638427,5.011452776315005e-4,1.0069659696873818,338.3837097253737,0,0,0,0,0,0,0.7476928161310666
X8,kappa_0.5,baseline_difference_sd,0,15,0,0.03174828394688823,0.02974317689467255,0.03314947885555332,0.0454478884844,0.014172112457271815,0.002548590854662013,0.001478844783739509,4.275175385348714e-4,1.0064602470206383,549.6028268599873,0,0,0,0,0,0,0.7889625315446254
X8,kappa_0.5,time_trend_mean,-0.08998628257887518,15,0.8666666666666667,-0.002142775371234482,-0.006678431795624815,0.01810146947924431,0.059646558283333324,0.018410745371761583,0.004803805864821024,0.004179781349372174,0.0012942415250659903,1.0064602470206383,549.6028268599873,0,0,0,0,0,0,0.7889625315446254
X8,kappa_0.5,time_trend_sd,0.045528614603915496,15,0.8,0.004135777580494903,0.009650339633084502,0.01775179423306054,0.05524622313933333,0.017782817687986126,0.004613811116772872,0.0027801709385235455,9.556278923732857e-4,1.0064602470206383,549.6028268599873,0,0,0,0,0,0,0.7889625315446254
X8,kappa_0.5,treatment_effect_mean,-0.3374485596707819,15,0.2,0.04297671612944858,0.042236938335781904,0.044716426157405405,0.05974486656666667,0.01828627149713877,0.003301088987196762,0.001713474341037482,5.052230095581511e-4,1.0064602470206383,549.6028268599873,0,0,0,0,0,0,0.7889625315446254
X8,kappa_0.5,treatment_effect_sd,0.07626392697027408,15,0.6666666666666666,0.013703595362359254,0.012211311618225917,0.018061423018094647,0.04694598863,0.014484963098795397,0.0031444562962149873,0.0012333476921998286,3.578477644798461e-4,1.0064602470206383,549.6028268599873,0,0,0,0,0,0,0.7889625315446254
X8,kappa_1,baseline_difference_sd,0,15,0,0.03150136891147556,0.03003523815172575,0.0328361923792272,0.04553896752899999,0.0142725937426164,0.002476738735121819,0.0011767180041365594,3.657906228774768e-4,1.0084284226391451,560.9043420234658,0,0,0,0,0,0,0.7894981234671882
X8,kappa_1,time_trend_mean,-0.08998628257887518,15,0.8666666666666667,-0.0019089634102324481,-0.00641888974262482,0.01792106848010206,0.05929395517666666,0.018807414004981295,0.0047623565157755765,0.004110704949176134,0.0013952388146569249,1.0084284226391451,560.9043420234658,0,0,0,0,0,0,0.7894981234671882
X8,kappa_1,time_trend_sd,0.045528614603915496,15,0.8,0.004022892384645837,0.009343423784584505,0.017393812425221887,0.055724018375999995,0.017949646017285756,0.004522649725432472,0.002640949139855117,9.756444361777296e-4,1.0084284226391451,560.9043420234658,0,0,0,0,0,0,0.7894981234671882
X8,kappa_1,treatment_effect_mean,-0.3374485596707819,15,0.26666666666666666,0.04137600511011524,0.041352801180781884,0.04306466699152237,0.05996947073333333,0.018380966582692008,0.0031914141986008377,0.001955865181940345,5.753933070906279e-4,1.0084284226391451,560.9043420234658,0,0,0,0,0,0,0.7894981234671882
X8,kappa_1,treatment_effect_sd,0.07626392697027408,15,0.9333333333333333,0.009826811308359256,0.007995594283725926,0.015581975366187868,0.048870307153333334,0.015082292690170949,0.0032318917041437886,0.0013697241024166718,4.3119271882302996e-4,1.0084284226391451,560.9043420234658,0,0,0,0,0,0,0.7894981234671882
X8,kappa_2,baseline_difference_sd,0,15,0,0.03185933766954214,0.0310126309003,0.033214333754153724,0.04530696696733333,0.013986178764501832,0.002509618212147717,0.0011502103447606745,3.6332645142747165e-4,1.00607697475109,557.551847550489,0,0.13333333333333333,1,0.13333333333333333,0,0,0.7797837276390452
X8,kappa_2,time_trend_mean,-0.08998628257887518,15,0.8666666666666667,-1.9053661908804975e-4,-0.005255695941624811,0.017701320677080804,0.06096672652333333,0.01904048315208573,0.004730602872404583,0.004548174385707253,0.0014261306802057228,1.00607697475109,557.551847550489,0,0.13333333333333333,1,0.13333333333333333,0,0,0.7797837276390452
X8,kappa_2,time_trend_sd,0.045528614603915496,15,0.8,0.0047336713733853045,0.009093068249084506,0.01765511787499355,0.05497354357733333,0.0175419492329277,0.004545763667641627,0.0027569168004694116,9.302114339131701e-4,1.00607697475109,557.551847550489,0,0.13333333333333333,1,0.13333333333333333,0,0,0.7797837276390452
X8,kappa_2,treatment_effect_mean,-0.3374485596707819,15,0.3333333333333333,0.035388966454115246,0.036671533075781915,0.037261118057799976,0.06135999696666668,0.01886768878142249,0.003116912073405955,0.001558019199235705,4.967111913216489e-4,1.00607697475109,557.551847550489,0,0.13333333333333333,1,0.13333333333333333,0,0,0.7797837276390452
X8,kappa_2,treatment_effect_sd,0.07626392697027408,15,1,0.0011529830121259216,-0.0028888149262740748,0.011946690819637264,0.05238629254666667,0.016149249852469176,0.003177982870062553,0.0010688257838994747,3.5827786539234134e-4,1.00607697475109,557.551847550489,0,0.13333333333333333,1,0.13333333333333333,0,0,0.7797837276390452
X8,kappa_unanchored,baseline_difference_sd,0,15,0,0.03149583119032972,0.030283813639785,0.03285720210544531,0.04496974272766666,0.01402065796688405,0.00250154734726233,0.0012286724684698867,4.0916146944004734e-4,1.0072887348072268,469.2313508488953,0,0,0,0,0,0,0.8049361106235178
X8,kappa_unanchored,kappa,0,15,0,0.4046378829702284,0.40342902655929,0.4053324442554789,0.9553863354966666,0.30254184223294583,0.006339074016946752,0.014493026716781298,0.004685120046339092,1.0072887348072268,469.2313508488953,0,0,0,0,0,0,0.8049361106235178
X8,kappa_unanchored,time_trend_mean,-0.08998628257887518,15,0.8666666666666667,-0.002139493709703813,-0.0058283176096248085,0.018025963989788528,0.05924453870333332,0.01842477187631544,0.004783587598887998,0.004230834798826606,0.0013018879175395806,1.0072887348072268,469.2313508488953,0,0,0,0,0,0,0.8049361106235178
X8,kappa_unanchored,time_trend_sd,0.045528614603915496,15,0.8,0.0041095166250688375,0.011047639248084502,0.01785446487178637,0.05546392379933333,0.017726529377026574,0.004643688412136384,0.0027284513343885514,9.462406017673265e-4,1.0072887348072268,469.2313508488953,0,0,0,0,0,0,0.8049361106235178
X8,kappa_unanchored,treatment_effect_mean,-0.3374485596707819,15,0.26666666666666666,0.04275403158811524,0.04297789431078192,0.04447034224080882,0.06060059673333334,0.018558631741020296,0.0032700384661030375,0.001836709388877702,5.640035414418878e-4,1.0072887348072268,469.2313508488953,0,0,0,0,0,0,0.8049361106235178
X8,kappa_unanchored,treatment_effect_sd,0.07626392697027408,15,0.6666666666666666,0.013959117655925921,0.013617012628725916,0.01831812771079012,0.047923042129999996,0.014728014219127257,0.003170137864249013,0.001327206511035138,4.1099801988766095e-4,1.0072887348072268,469.2313508488953,0,0,0,0,0,0,0.8049361106235178
X9,kappa_0.5,baseline_difference_sd,0,15,0,0.029556213634991595,0.022935222058839,0.03454881671220805,0.04279562294966666,0.013498629237561382,0.004781295190460453,0.0028892021448527353,8.781824131842348e-4,1.0094752476848523,373.5154835499189,0,0,0,0,0,0,0.7849570535931145
X9,kappa_0.5,time_trend_mean,-0.08998628257887518,15,0.8666666666666667,0.0021892836338913194,0.002635769770275187,0.021776096823975695,0.07252970557333333,0.022481046223417386,0.005790419612586317,0.004892613718384467,0.0014624215298876873,1.0094752476848523,373.5154835499189,0,0,0,0,0,0,0.7849570535931145
X9,kappa_0.5,time_trend_sd,0.045528614603915496,15,0.8666666666666667,0.01681795339806117,0.0188533669410845,0.023456970880023863,0.06389084484333332,0.020586217593663206,0.004370239666253444,0.0034829268930277766,0.0011113765798114188,1.0094752476848523,373.5154835499189,0,0,0,0,0,0,0.7849570535931145
X9,kappa_0.5,treatment_effect_mean,-0.3374485596707819,15,0,0.05614554359311524,0.05773660318578189,0.057318526269320956,0.0643589783,0.019764365027053678,0.003083265758440842,0.0020973545603145565,6.569537507533715e-4,1.0094752476848523,373.5154835499189,0,0,0,0,0,0,0.7849570535931145
X9,kappa_0.5,treatment_effect_sd,0.07626392697027408,15,0.4666666666666667,0.02042485454732592,0.024350438609225922,0.025610701194326492,0.04990232229333332,0.01543916855051658,0.004129452855365917,0.0016030218085489147,4.973784193612507e-4,1.0094752476848523,373.5154835499189,0,0,0,0,0,0,0.7849570535931145
X9,kappa_1,baseline_difference_sd,0,15,0,0.029449147961525018,0.0231722229782865,0.034278858989961754,0.04201773726763333,0.013307048396201405,0.0046888001663073125,0.0027080193899566094,8.574958698529981e-4,1.0066614297648566,295.1153001691351,0,0.06666666666666667,1,0.06666666666666667,0,0,0.7654282184301451
X9,kappa_1,time_trend_mean,-0.08998628257887518,15,0.8666666666666667,0.002643648437766218,0.001600656292780181,0.02220390805207397,0.07260873355666667,0.022508052945680302,0.005892032487802318,0.00494868748898541,0.0015791738747307398,1.0066614297648566,295.1153001691351,0,0.06666666666666667,1,0.06666666666666667,0,0,0.7654282184301451
X9,kappa_1,time_trend_sd,0.045528614603915496,15,0.8666666666666667,0.01698828821434117,0.01920923620508451,0.024042537569180067,0.06443796851666667,0.020644355862942575,0.004546911638777561,0.0038819658368648767,0.0013395632659822488,1.0066614297648566,295.1153001691351,0,0.06666666666666667,1,0.06666666666666667,0,0,0.7654282184301451
X9,kappa_1,treatment_effect_mean,-0.3374485596707819,15,0,0.05395108865944857,0.0558823150957819,0.05513643363637507,0.06431838803333333,0.019702555563447993,0.00303910638415204,0.002404006979237074,7.127235161098367e-4,1.0066614297648566,295.1153001691351,0,0.06666666666666667,1,0.06666666666666667,0,0,0.7654282184301451
X9,kappa_1,treatment_effect_sd,0.07626392697027408,15,0.6,0.016801137473259255,0.02064090605272592,0.023115532339700623,0.05145598386999999,0.015826238466051933,0.004243058322150503,0.0014624123701741899,4.6179912265629234e-4,1.0066614297648566,295.1153001691351,0,0.06666666666666667,1,0.06666666666666667,0,0,0.7654282184301451
X9,kappa_2,baseline_difference_sd,0,15,0,0.029341365762465797,0.0235726218083195,0.034201737861366946,0.04240490873089999,0.013413995111478593,0.004696831210894526,0.0028347057272556948,8.286283989124545e-4,1.0059933611647156,358.2063087610168,0,0.06666666666666667,1,0.06666666666666667,0,0,0.8301655908391689
X9,kappa_2,time_trend_mean,-0.08998628257887518,15,0.8666666666666667,0.004975640373685351,0.004440446351740179,0.02319918572885085,0.07527508013666666,0.023478380140781817,0.006055960590038953,0.005649439806256607,0.0018346789434912796,1.0059933611647156,358.2063087610168,0,0.06666666666666667,1,0.06666666666666667,0,0,0.8301655908391689
X9,kappa_2,time_trend_sd,0.045528614603915496,15,0.8,0.01756489366560117,0.018973237880584498,0.024860187813032227,0.06505745685999999,0.021035159427609886,0.004701849549572107,0.004014024257335972,0.0013488269977491956,1.0059933611647156,358.2063087610168,0,0.06666666666666667,1,0.06666666666666667,0,0,0.8301655908391689
X9,kappa_2,treatment_effect_mean,-0.3374485596707819,15,0.13333333333333333,0.046189112474115245,0.04640027768078192,0.04756272091112042,0.06559057863333333,0.020141206681312803,0.003032894766704652,0.0022783004616537626,6.846001303310578e-4,1.0059933611647156,358.2063087610168,0,0.06666666666666667,1,0.06666666666666667,0,0,0.8301655908391689
X9,kappa_2,treatment_effect_sd,0.07626392697027408,15,0.9333333333333333,0.0058794316783259215,0.006673895113225928,0.017194331741736086,0.05589736667999999,0.017311574367527796,0.004318377069362738,0.0015462078483740628,4.8122771020368203e-4,1.0059933611647156,358.2063087610168,0,0.06666666666666667,1,0.06666666666666667,0,0,0.8301655908391689
X9,kappa_unanchored,baseline_difference_sd,0,15,0,0.029446241210721053,0.02191988234479,0.03435210889630434,0.042633668529733326,0.013567018762561035,0.004728230295512153,0.002736257618567767,8.63329913690228e-4,1.007106011437557,358.3544596411487,0,0,0,0,0,0,0.8016534193358454
X9,kappa_unanchored,kappa,0,15,0,0.40143286670322176,0.4008252928156,0.40244404805251477,0.9510861737399999,0.3015344532718042,0.007619830066197426,0.0184876987556553,0.005549264889034865,1.007106011437557,358.3544596411487,0,0,0,0,0,0,0.8016534193358454
X9,kappa_unanchored,time_trend_mean,-0.08998628257887518,15,0.8666666666666667,0.001795522855229185,2.7164794707518203e-4,0.021602132567241295,0.07220305251333332,0.02226104904268808,0.005753435179643404,0.0044845429186606755,0.0013359450995983019,1.007106011437557,358.3544596411487,0,0,0,0,0,0,0.8016534193358454
X9,kappa_unanchored,time_trend_sd,0.045528614603915496,15,0.8666666666666667,0.01644246769758784,0.017832626825084505,0.023072779453326395,0.06397556794999999,0.020331422531404665,0.004325987977293421,0.0032841460960978787,0.0010397289993270044,1.007106011437557,358.3544596411487,0,0,0,0,0,0,0.8016534193358454
X9,kappa_unanchored,treatment_effect_mean,-0.3374485596707819,15,0,0.05634038104378192,0.05855227168578192,0.05754781818638652,0.06457367209999999,0.01969427167658891,0.0031340621957414274,0.0023451311429315944,7.022583963323761e-4,1.007106011437557,358.3544596411487,0,0,0,0,0,0,0.8016534193358454
X9,kappa_unanchored,treatment_effect_sd,0.07626392697027408,15,0.4666666666666667,0.020360662584792587,0.02388708239672592,0.02553386334823645,0.050348750959999994,0.015520002766722074,0.004118092455378547,0.0014760131216742095,4.689216803477893e-4,1.007106011437557,358.3544596411487,0,0,0,0,0,0,0.8016534193358454
