scenario_id,category,description,model_label,dgp_type,dgp_n_did,dgp_n_rct,dgp_n_pp,dgp_true_effect,dgp_sigma_effect,dgp_true_trend,dgp_sigma_trend,dgp_baseline_mean,dgp_baseline_sd,dgp_within_sd,dgp_rho,dgp_rho_effect_trend,dgp_n_control,dgp_n_treatment,dgp_covariates,dgp_beta_cov,dgp_did_gamma_mean,dgp_did_gamma_sd,dgp_did_gamma_sign_flip,dgp_rct_gamma_mean,dgp_rct_gamma_sd,dgp_rct_gamma_sign_flip,dgp_pp_gamma_mean,dgp_pp_gamma_sd,dgp_n_randomised_did,dgp_n_randomised_rct,dgp_kappa_true,dgp_mislabel_rate,dgp_cluster_size,dgp_icc,dgp_randomisation_label_override,fit_fn,fit_normalise,fit_robust_heterogeneity,fit_design_effects,fit_correlated_effects,fit_hierarchical_rho,fit_time_trend,fit_baseline_imbalance,fit_mu_gamma,fit_kappa,fit_allow_unidentified_kappa,fit_cluster_deff_default,fit_pp_likelihood,fit_covariates,fit_multiplicative_covariate,fit_provide_rho,fit_data_format,fit_label,dgp_bespoke_fn,dgp_delta_rct,dgp_delta_pp,dgp_did_trend,dgp_pp_trend,dgp_n_outlier,dgp_outlier_shift,dgp_effect_df,dgp_within_df,dgp_outlier_direction,dgp_n_outlier_pp,dgp_trend_df,dgp_within_sd_shape,dgp_within_sd_rate,dgp_rho_alpha,dgp_rho_beta,dgp_size_effect_slope,dgp_rho_values,fit_priors,dgp_lognormal_sigma,dgp_trend_low,dgp_trend_high,dgp_mix_prob,dgp_sigma_within,dgp_trend_size_slope,dgp_n_small_min,dgp_n_small_max,dgp_n_large_min,dgp_n_large_max,dgp_level_assignments,dgp_level_multipliers,dgp_level2_assignments,dgp_level2_multipliers
A1,A,"Baseline: DiD-only summary, normalised, 20 studies",default,metadid,20,0,0,-0.15,0.03,-0.04,0.02,0.45,0.05,0.12,0.5,0,100,100,NA,NA,0,0,FALSE,0,0,FALSE,0,0,0,0,0,0,NA,NA,NA,meta_did,TRUE,FALSE,FALSE,FALSE,TRUE,pooled,by_randomisation,zero,0.5,FALSE,2,differenced,NA,NA,TRUE,summary,NA,NA,NA,NA,NA,NA,NA,NA,NA,NA,NA,NA,NA,NA,NA,NA,NA,NA,NA,NA,NA,NA,NA,NA,NA,NA,NA,NA,NA,NA,NA,NA,NA,NA
A1,A,"Baseline: DiD-only summary, normalised, 20 studies",naive,metadid,20,0,0,-0.15,0.03,-0.04,0.02,0.45,0.05,0.12,0.5,0,100,100,NA,NA,0,0,FALSE,0,0,FALSE,0,0,0,0,0,0,NA,NA,NA,meta_did_general,TRUE,FALSE,FALSE,FALSE,TRUE,fixed_zero,fixed_zero,zero,0.5,FALSE,2,differenced,NA,NA,TRUE,summary,NA,NA,NA,NA,NA,NA,NA,NA,NA,NA,NA,NA,NA,NA,NA,NA,NA,NA,NA,NA,NA,NA,NA,NA,NA,NA,NA,NA,NA,NA,NA,NA,NA,NA
A1,A,"Baseline: DiD-only summary, normalised, 20 studies",robust,metadid,20,0,0,-0.15,0.03,-0.04,0.02,0.45,0.05,0.12,0.5,0,100,100,NA,NA,0,0,FALSE,0,0,FALSE,0,0,0,0,0,0,NA,NA,NA,meta_did,TRUE,TRUE,FALSE,FALSE,TRUE,pooled,by_randomisation,zero,0.5,FALSE,2,differenced,NA,NA,TRUE,summary,NA,NA,NA,NA,NA,NA,NA,NA,NA,NA,NA,NA,NA,NA,NA,NA,NA,NA,NA,NA,NA,NA,NA,NA,NA,NA,NA,NA,NA,NA,NA,NA,NA,NA
A2,A,"Large sample: DiD-only, 60 studies",default,metadid,60,0,0,-0.15,0.03,-0.04,0.02,0.45,0.05,0.12,0.5,0,100,100,NA,NA,0,0,FALSE,0,0,FALSE,0,0,0,0,0,0,NA,NA,NA,meta_did,TRUE,FALSE,FALSE,FALSE,TRUE,pooled,by_randomisation,zero,0.5,FALSE,2,differenced,NA,NA,TRUE,summary,NA,NA,NA,NA,NA,NA,NA,NA,NA,NA,NA,NA,NA,NA,NA,NA,NA,NA,NA,NA,NA,NA,NA,NA,NA,NA,NA,NA,NA,NA,NA,NA,NA,NA
A2,A,"Large sample: DiD-only, 60 studies",naive,metadid,60,0,0,-0.15,0.03,-0.04,0.02,0.45,0.05,0.12,0.5,0,100,100,NA,NA,0,0,FALSE,0,0,FALSE,0,0,0,0,0,0,NA,NA,NA,meta_did_general,TRUE,FALSE,FALSE,FALSE,TRUE,fixed_zero,fixed_zero,zero,0.5,FALSE,2,differenced,NA,NA,TRUE,summary,NA,NA,NA,NA,NA,NA,NA,NA,NA,NA,NA,NA,NA,NA,NA,NA,NA,NA,NA,NA,NA,NA,NA,NA,NA,NA,NA,NA,NA,NA,NA,NA,NA,NA
A2,A,"Large sample: DiD-only, 60 studies",robust,metadid,60,0,0,-0.15,0.03,-0.04,0.02,0.45,0.05,0.12,0.5,0,100,100,NA,NA,0,0,FALSE,0,0,FALSE,0,0,0,0,0,0,NA,NA,NA,meta_did,TRUE,TRUE,FALSE,FALSE,TRUE,pooled,by_randomisation,zero,0.5,FALSE,2,differenced,NA,NA,TRUE,summary,NA,NA,NA,NA,NA,NA,NA,NA,NA,NA,NA,NA,NA,NA,NA,NA,NA,NA,NA,NA,NA,NA,NA,NA,NA,NA,NA,NA,NA,NA,NA,NA,NA,NA
A3,A,"Small sample: DiD-only, 5 studies",default,metadid,5,0,0,-0.15,0.03,-0.04,0.02,0.45,0.05,0.12,0.5,0,100,100,NA,NA,0,0,FALSE,0,0,FALSE,0,0,0,0,0,0,NA,NA,NA,meta_did,TRUE,FALSE,FALSE,FALSE,TRUE,pooled,by_randomisation,zero,0.5,FALSE,2,differenced,NA,NA,TRUE,summary,NA,NA,NA,NA,NA,NA,NA,NA,NA,NA,NA,NA,NA,NA,NA,NA,NA,NA,NA,NA,NA,NA,NA,NA,NA,NA,NA,NA,NA,NA,NA,NA,NA,NA
A3,A,"Small sample: DiD-only, 5 studies",naive,metadid,5,0,0,-0.15,0.03,-0.04,0.02,0.45,0.05,0.12,0.5,0,100,100,NA,NA,0,0,FALSE,0,0,FALSE,0,0,0,0,0,0,NA,NA,NA,meta_did_general,TRUE,FALSE,FALSE,FALSE,TRUE,fixed_zero,fixed_zero,zero,0.5,FALSE,2,differenced,NA,NA,TRUE,summary,NA,NA,NA,NA,NA,NA,NA,NA,NA,NA,NA,NA,NA,NA,NA,NA,NA,NA,NA,NA,NA,NA,NA,NA,NA,NA,NA,NA,NA,NA,NA,NA,NA,NA
A3,A,"Small sample: DiD-only, 5 studies",robust,metadid,5,0,0,-0.15,0.03,-0.04,0.02,0.45,0.05,0.12,0.5,0,100,100,NA,NA,0,0,FALSE,0,0,FALSE,0,0,0,0,0,0,NA,NA,NA,meta_did,TRUE,TRUE,FALSE,FALSE,TRUE,pooled,by_randomisation,zero,0.5,FALSE,2,differenced,NA,NA,TRUE,summary,NA,NA,NA,NA,NA,NA,NA,NA,NA,NA,NA,NA,NA,NA,NA,NA,NA,NA,NA,NA,NA,NA,NA,NA,NA,NA,NA,NA,NA,NA,NA,NA,NA,NA
A4,A,"Very large sample: DiD-only, 100 studies",default,metadid,100,0,0,-0.15,0.03,-0.04,0.02,0.45,0.05,0.12,0.5,0,100,100,NA,NA,0,0,FALSE,0,0,FALSE,0,0,0,0,0,0,NA,NA,NA,meta_did,TRUE,FALSE,FALSE,FALSE,TRUE,pooled,by_randomisation,zero,0.5,FALSE,2,differenced,NA,NA,TRUE,summary,NA,NA,NA,NA,NA,NA,NA,NA,NA,NA,NA,NA,NA,NA,NA,NA,NA,NA,NA,NA,NA,NA,NA,NA,NA,NA,NA,NA,NA,NA,NA,NA,NA,NA
A4,A,"Very large sample: DiD-only, 100 studies",naive,metadid,100,0,0,-0.15,0.03,-0.04,0.02,0.45,0.05,0.12,0.5,0,100,100,NA,NA,0,0,FALSE,0,0,FALSE,0,0,0,0,0,0,NA,NA,NA,meta_did_general,TRUE,FALSE,FALSE,FALSE,TRUE,fixed_zero,fixed_zero,zero,0.5,FALSE,2,differenced,NA,NA,TRUE,summary,NA,NA,NA,NA,NA,NA,NA,NA,NA,NA,NA,NA,NA,NA,NA,NA,NA,NA,NA,NA,NA,NA,NA,NA,NA,NA,NA,NA,NA,NA,NA,NA,NA,NA
A4,A,"Very large sample: DiD-only, 100 studies",robust,metadid,100,0,0,-0.15,0.03,-0.04,0.02,0.45,0.05,0.12,0.5,0,100,100,NA,NA,0,0,FALSE,0,0,FALSE,0,0,0,0,0,0,NA,NA,NA,meta_did,TRUE,TRUE,FALSE,FALSE,TRUE,pooled,by_randomisation,zero,0.5,FALSE,2,differenced,NA,NA,TRUE,summary,NA,NA,NA,NA,NA,NA,NA,NA,NA,NA,NA,NA,NA,NA,NA,NA,NA,NA,NA,NA,NA,NA,NA,NA,NA,NA,NA,NA,NA,NA,NA,NA,NA,NA
A5,A,"Mixed designs: 10 DiD + 10 RCT + 10 PP, normalised",default,metadid,10,10,10,-0.15,0.03,-0.04,0.02,0.45,0.05,0.12,0.5,0,100,100,NA,NA,0,0,FALSE,0,0,FALSE,0,0,0,0,0,0,NA,NA,NA,meta_did,TRUE,FALSE,FALSE,FALSE,TRUE,pooled,by_randomisation,zero,0.5,FALSE,2,differenced,NA,NA,TRUE,summary,NA,NA,NA,NA,NA,NA,NA,NA,NA,NA,NA,NA,NA,NA,NA,NA,NA,NA,NA,NA,NA,NA,NA,NA,NA,NA,NA,NA,NA,NA,NA,NA,NA,NA
A5,A,"Mixed designs: 10 DiD + 10 RCT + 10 PP, normalised",naive,metadid,10,10,10,-0.15,0.03,-0.04,0.02,0.45,0.05,0.12,0.5,0,100,100,NA,NA,0,0,FALSE,0,0,FALSE,0,0,0,0,0,0,NA,NA,NA,meta_did_general,TRUE,FALSE,FALSE,FALSE,TRUE,fixed_zero,fixed_zero,zero,0.5,FALSE,2,differenced,NA,NA,TRUE,summary,NA,NA,NA,NA,NA,NA,NA,NA,NA,NA,NA,NA,NA,NA,NA,NA,NA,NA,NA,NA,NA,NA,NA,NA,NA,NA,NA,NA,NA,NA,NA,NA,NA,NA
A5,A,"Mixed designs: 10 DiD + 10 RCT + 10 PP, normalised",robust,metadid,10,10,10,-0.15,0.03,-0.04,0.02,0.45,0.05,0.12,0.5,0,100,100,NA,NA,0,0,FALSE,0,0,FALSE,0,0,0,0,0,0,NA,NA,NA,meta_did,TRUE,TRUE,FALSE,FALSE,TRUE,pooled,by_randomisation,zero,0.5,FALSE,2,differenced,NA,NA,TRUE,summary,NA,NA,NA,NA,NA,NA,NA,NA,NA,NA,NA,NA,NA,NA,NA,NA,NA,NA,NA,NA,NA,NA,NA,NA,NA,NA,NA,NA,NA,NA,NA,NA,NA,NA
A6,A,"PP-heavy with trend: 5 DiD + 25 PP, trend = -0.10",default,metadid,5,0,25,-0.15,0.03,-0.1,0.01,0.45,0.05,0.12,0.5,0,100,100,NA,NA,0,0,FALSE,0,0,FALSE,0,0,0,0,0,0,NA,NA,NA,meta_did,TRUE,FALSE,FALSE,FALSE,TRUE,pooled,by_randomisation,zero,0.5,FALSE,2,differenced,NA,NA,TRUE,summary,NA,NA,NA,NA,NA,NA,NA,NA,NA,NA,NA,NA,NA,NA,NA,NA,NA,NA,NA,NA,NA,NA,NA,NA,NA,NA,NA,NA,NA,NA,NA,NA,NA,NA
A6,A,"PP-heavy with trend: 5 DiD + 25 PP, trend = -0.10",naive,metadid,5,0,25,-0.15,0.03,-0.1,0.01,0.45,0.05,0.12,0.5,0,100,100,NA,NA,0,0,FALSE,0,0,FALSE,0,0,0,0,0,0,NA,NA,NA,meta_did_general,TRUE,FALSE,FALSE,FALSE,TRUE,fixed_zero,fixed_zero,zero,0.5,FALSE,2,differenced,NA,NA,TRUE,summary,NA,NA,NA,NA,NA,NA,NA,NA,NA,NA,NA,NA,NA,NA,NA,NA,NA,NA,NA,NA,NA,NA,NA,NA,NA,NA,NA,NA,NA,NA,NA,NA,NA,NA
A6,A,"PP-heavy with trend: 5 DiD + 25 PP, trend = -0.10",robust,metadid,5,0,25,-0.15,0.03,-0.1,0.01,0.45,0.05,0.12,0.5,0,100,100,NA,NA,0,0,FALSE,0,0,FALSE,0,0,0,0,0,0,NA,NA,NA,meta_did,TRUE,TRUE,FALSE,FALSE,TRUE,pooled,by_randomisation,zero,0.5,FALSE,2,differenced,NA,NA,TRUE,summary,NA,NA,NA,NA,NA,NA,NA,NA,NA,NA,NA,NA,NA,NA,NA,NA,NA,NA,NA,NA,NA,NA,NA,NA,NA,NA,NA,NA,NA,NA,NA,NA,NA,NA
A7,A,Covariates: 30 DiD studies with dose covariate,default,metadid,30,0,0,-0.15,0.03,-0.04,0.02,0.45,0.05,0.12,0.5,0,100,100,data.frame(dose),-0.04,0,0,FALSE,0,0,FALSE,0,0,0,0,0,0,NA,NA,NA,meta_did,TRUE,FALSE,FALSE,FALSE,TRUE,pooled,by_randomisation,zero,0.5,FALSE,2,differenced,~dose,NA,TRUE,summary,NA,NA,NA,NA,NA,NA,NA,NA,NA,NA,NA,NA,NA,NA,NA,NA,NA,NA,NA,NA,NA,NA,NA,NA,NA,NA,NA,NA,NA,NA,NA,NA,NA,NA
A7,A,Covariates: 30 DiD studies with dose covariate,naive,metadid,30,0,0,-0.15,0.03,-0.04,0.02,0.45,0.05,0.12,0.5,0,100,100,data.frame(dose),-0.04,0,0,FALSE,0,0,FALSE,0,0,0,0,0,0,NA,NA,NA,meta_did_general,TRUE,FALSE,FALSE,FALSE,TRUE,fixed_zero,fixed_zero,zero,0.5,FALSE,2,differenced,NA,NA,TRUE,summary,NA,NA,NA,NA,NA,NA,NA,NA,NA,NA,NA,NA,NA,NA,NA,NA,NA,NA,NA,NA,NA,NA,NA,NA,NA,NA,NA,NA,NA,NA,NA,NA,NA,NA
A7,A,Covariates: 30 DiD studies with dose covariate,robust,metadid,30,0,0,-0.15,0.03,-0.04,0.02,0.45,0.05,0.12,0.5,0,100,100,data.frame(dose),-0.04,0,0,FALSE,0,0,FALSE,0,0,0,0,0,0,NA,NA,NA,meta_did,TRUE,TRUE,FALSE,FALSE,TRUE,pooled,by_randomisation,zero,0.5,FALSE,2,differenced,~dose,NA,TRUE,summary,NA,NA,NA,NA,NA,NA,NA,NA,NA,NA,NA,NA,NA,NA,NA,NA,NA,NA,NA,NA,NA,NA,NA,NA,NA,NA,NA,NA,NA,NA,NA,NA,NA,NA
A8,A,"Correlated effects: 30 DiD, rho_effect_trend = 0.95",default,metadid,30,0,0,-0.15,0.03,-0.04,0.02,0.45,0,0.12,0.5,0.95,100,100,NA,NA,0,0,FALSE,0,0,FALSE,0,0,0,0,0,0,NA,NA,NA,meta_did_general,TRUE,FALSE,FALSE,TRUE,TRUE,pooled,by_randomisation,zero,0.5,FALSE,2,differenced,NA,NA,TRUE,summary,NA,NA,NA,NA,NA,NA,NA,NA,NA,NA,NA,NA,NA,NA,NA,NA,NA,NA,NA,NA,NA,NA,NA,NA,NA,NA,NA,NA,NA,NA,NA,NA,NA,NA
A8,A,"Correlated effects: 30 DiD, rho_effect_trend = 0.95",naive,metadid,30,0,0,-0.15,0.03,-0.04,0.02,0.45,0,0.12,0.5,0.95,100,100,NA,NA,0,0,FALSE,0,0,FALSE,0,0,0,0,0,0,NA,NA,NA,meta_did_general,TRUE,FALSE,FALSE,FALSE,TRUE,fixed_zero,fixed_zero,zero,0.5,FALSE,2,differenced,NA,NA,TRUE,summary,NA,NA,NA,NA,NA,NA,NA,NA,NA,NA,NA,NA,NA,NA,NA,NA,NA,NA,NA,NA,NA,NA,NA,NA,NA,NA,NA,NA,NA,NA,NA,NA,NA,NA
A9,A,"Unnormalised DiD-only, 20 studies, raw scale",default,metadid,20,0,0,-0.15,0.03,-0.04,0.02,0.45,0.05,0.12,0.5,0,100,100,NA,NA,0,0,FALSE,0,0,FALSE,0,0,0,0,0,0,NA,NA,NA,meta_did,FALSE,FALSE,FALSE,FALSE,TRUE,pooled,by_randomisation,zero,0.5,FALSE,2,differenced,NA,NA,TRUE,summary,NA,NA,NA,NA,NA,NA,NA,NA,NA,NA,NA,NA,NA,NA,NA,NA,NA,NA,NA,NA,NA,NA,NA,NA,NA,NA,NA,NA,NA,NA,NA,NA,NA,NA
A9,A,"Unnormalised DiD-only, 20 studies, raw scale",naive,metadid,20,0,0,-0.15,0.03,-0.04,0.02,0.45,0.05,0.12,0.5,0,100,100,NA,NA,0,0,FALSE,0,0,FALSE,0,0,0,0,0,0,NA,NA,NA,meta_did_general,FALSE,FALSE,FALSE,FALSE,TRUE,fixed_zero,fixed_zero,zero,0.5,FALSE,2,differenced,NA,NA,TRUE,summary,NA,NA,NA,NA,NA,NA,NA,NA,NA,NA,NA,NA,NA,NA,NA,NA,NA,NA,NA,NA,NA,NA,NA,NA,NA,NA,NA,NA,NA,NA,NA,NA,NA,NA
A9,A,"Unnormalised DiD-only, 20 studies, raw scale",robust,metadid,20,0,0,-0.15,0.03,-0.04,0.02,0.45,0.05,0.12,0.5,0,100,100,NA,NA,0,0,FALSE,0,0,FALSE,0,0,0,0,0,0,NA,NA,NA,meta_did,FALSE,TRUE,FALSE,FALSE,TRUE,pooled,by_randomisation,zero,0.5,FALSE,2,differenced,NA,NA,TRUE,summary,NA,NA,NA,NA,NA,NA,NA,NA,NA,NA,NA,NA,NA,NA,NA,NA,NA,NA,NA,NA,NA,NA,NA,NA,NA,NA,NA,NA,NA,NA,NA,NA,NA,NA
A10,A,"Unnormalised mixed: 10 DiD + 10 RCT + 10 PP, raw scale",default,metadid,10,10,10,-0.15,0.03,-0.04,0.02,0.45,0.05,0.12,0.5,0,100,100,NA,NA,0,0,FALSE,0,0,FALSE,0,0,0,0,0,0,NA,NA,NA,meta_did,FALSE,FALSE,FALSE,FALSE,TRUE,pooled,by_randomisation,zero,0.5,FALSE,2,differenced,NA,NA,TRUE,summary,NA,NA,NA,NA,NA,NA,NA,NA,NA,NA,NA,NA,NA,NA,NA,NA,NA,NA,NA,NA,NA,NA,NA,NA,NA,NA,NA,NA,NA,NA,NA,NA,NA,NA
A10,A,"Unnormalised mixed: 10 DiD + 10 RCT + 10 PP, raw scale",naive,metadid,10,10,10,-0.15,0.03,-0.04,0.02,0.45,0.05,0.12,0.5,0,100,100,NA,NA,0,0,FALSE,0,0,FALSE,0,0,0,0,0,0,NA,NA,NA,meta_did_general,FALSE,FALSE,FALSE,FALSE,TRUE,fixed_zero,fixed_zero,zero,0.5,FALSE,2,differenced,NA,NA,TRUE,summary,NA,NA,NA,NA,NA,NA,NA,NA,NA,NA,NA,NA,NA,NA,NA,NA,NA,NA,NA,NA,NA,NA,NA,NA,NA,NA,NA,NA,NA,NA,NA,NA,NA,NA
A10,A,"Unnormalised mixed: 10 DiD + 10 RCT + 10 PP, raw scale",robust,metadid,10,10,10,-0.15,0.03,-0.04,0.02,0.45,0.05,0.12,0.5,0,100,100,NA,NA,0,0,FALSE,0,0,FALSE,0,0,0,0,0,0,NA,NA,NA,meta_did,FALSE,TRUE,FALSE,FALSE,TRUE,pooled,by_randomisation,zero,0.5,FALSE,2,differenced,NA,NA,TRUE,summary,NA,NA,NA,NA,NA,NA,NA,NA,NA,NA,NA,NA,NA,NA,NA,NA,NA,NA,NA,NA,NA,NA,NA,NA,NA,NA,NA,NA,NA,NA,NA,NA,NA,NA
A11,A,"Individual-level DiD: fit from individual data, 20 studies",default,metadid,20,0,0,-0.15,0.03,-0.04,0.02,0.45,0.05,0.12,0.5,0,100,100,NA,NA,0,0,FALSE,0,0,FALSE,0,0,0,0,0,0,NA,NA,NA,meta_did,TRUE,FALSE,FALSE,FALSE,TRUE,pooled,by_randomisation,zero,0.5,FALSE,2,differenced,NA,NA,TRUE,individual,NA,NA,NA,NA,NA,NA,NA,NA,NA,NA,NA,NA,NA,NA,NA,NA,NA,NA,NA,NA,NA,NA,NA,NA,NA,NA,NA,NA,NA,NA,NA,NA,NA,NA
A11,A,"Individual-level DiD: fit from individual data, 20 studies",robust,metadid,20,0,0,-0.15,0.03,-0.04,0.02,0.45,0.05,0.12,0.5,0,100,100,NA,NA,0,0,FALSE,0,0,FALSE,0,0,0,0,0,0,NA,NA,NA,meta_did,TRUE,TRUE,FALSE,FALSE,TRUE,pooled,by_randomisation,zero,0.5,FALSE,2,differenced,NA,NA,TRUE,individual,NA,NA,NA,NA,NA,NA,NA,NA,NA,NA,NA,NA,NA,NA,NA,NA,NA,NA,NA,NA,NA,NA,NA,NA,NA,NA,NA,NA,NA,NA,NA,NA,NA,NA
A12,A,"Individual vs summary consistency: same data, fit both ways, 20 studies",summary,metadid,20,0,0,-0.15,0.03,-0.04,0.02,0.45,0.05,0.12,0.5,0,100,100,NA,NA,0,0,FALSE,0,0,FALSE,0,0,0,0,0,0,NA,NA,NA,meta_did,TRUE,FALSE,FALSE,FALSE,TRUE,pooled,by_randomisation,zero,0.5,FALSE,2,differenced,NA,NA,TRUE,summary,summary,NA,NA,NA,NA,NA,NA,NA,NA,NA,NA,NA,NA,NA,NA,NA,NA,NA,NA,NA,NA,NA,NA,NA,NA,NA,NA,NA,NA,NA,NA,NA,NA,NA
A12,A,"Individual vs summary consistency: same data, fit both ways, 20 studies",individual,metadid,20,0,0,-0.15,0.03,-0.04,0.02,0.45,0.05,0.12,0.5,0,100,100,NA,NA,0,0,FALSE,0,0,FALSE,0,0,0,0,0,0,NA,NA,NA,meta_did,TRUE,FALSE,FALSE,FALSE,TRUE,pooled,by_randomisation,zero,0.5,FALSE,2,differenced,NA,NA,TRUE,individual,individual,NA,NA,NA,NA,NA,NA,NA,NA,NA,NA,NA,NA,NA,NA,NA,NA,NA,NA,NA,NA,NA,NA,NA,NA,NA,NA,NA,NA,NA,NA,NA,NA,NA
A12,A,"Individual vs summary consistency: same data, fit both ways, 20 studies",naive,metadid,20,0,0,-0.15,0.03,-0.04,0.02,0.45,0.05,0.12,0.5,0,100,100,NA,NA,0,0,FALSE,0,0,FALSE,0,0,0,0,0,0,NA,NA,NA,meta_did_general,TRUE,FALSE,FALSE,FALSE,TRUE,fixed_zero,fixed_zero,zero,0.5,FALSE,2,differenced,NA,NA,TRUE,summary,NA,NA,NA,NA,NA,NA,NA,NA,NA,NA,NA,NA,NA,NA,NA,NA,NA,NA,NA,NA,NA,NA,NA,NA,NA,NA,NA,NA,NA,NA,NA,NA,NA,NA
A12,A,"Individual vs summary consistency: same data, fit both ways, 20 studies",robust,metadid,20,0,0,-0.15,0.03,-0.04,0.02,0.45,0.05,0.12,0.5,0,100,100,NA,NA,0,0,FALSE,0,0,FALSE,0,0,0,0,0,0,NA,NA,NA,meta_did,TRUE,TRUE,FALSE,FALSE,TRUE,pooled,by_randomisation,zero,0.5,FALSE,2,differenced,NA,NA,TRUE,summary,NA,NA,NA,NA,NA,NA,NA,NA,NA,NA,NA,NA,NA,NA,NA,NA,NA,NA,NA,NA,NA,NA,NA,NA,NA,NA,NA,NA,NA,NA,NA,NA,NA,NA
A13,A,"Known vs hierarchical rho: same DiD data, compare rho modes",hierarchical_rho,metadid,20,0,0,-0.15,0.03,-0.04,0.02,0.45,0.05,0.12,0.5,0,100,100,NA,NA,0,0,FALSE,0,0,FALSE,0,0,0,0,0,0,NA,NA,NA,meta_did,TRUE,FALSE,FALSE,FALSE,TRUE,pooled,by_randomisation,zero,0.5,FALSE,2,differenced,NA,NA,TRUE,summary,hierarchical_rho,NA,NA,NA,NA,NA,NA,NA,NA,NA,NA,NA,NA,NA,NA,NA,NA,NA,NA,NA,NA,NA,NA,NA,NA,NA,NA,NA,NA,NA,NA,NA,NA,NA
A13,A,"Known vs hierarchical rho: same DiD data, compare rho modes",known_rho,metadid,20,0,0,-0.15,0.03,-0.04,0.02,0.45,0.05,0.12,0.5,0,100,100,NA,NA,0,0,FALSE,0,0,FALSE,0,0,0,0,0,0,NA,NA,NA,meta_did,TRUE,FALSE,FALSE,FALSE,FALSE,pooled,by_randomisation,zero,0.5,FALSE,2,differenced,NA,NA,TRUE,summary,known_rho,NA,NA,NA,NA,NA,NA,NA,NA,NA,NA,NA,NA,NA,NA,NA,NA,NA,NA,NA,NA,NA,NA,NA,NA,NA,NA,NA,NA,NA,NA,NA,NA,NA
A13,A,"Known vs hierarchical rho: same DiD data, compare rho modes",naive,metadid,20,0,0,-0.15,0.03,-0.04,0.02,0.45,0.05,0.12,0.5,0,100,100,NA,NA,0,0,FALSE,0,0,FALSE,0,0,0,0,0,0,NA,NA,NA,meta_did_general,TRUE,FALSE,FALSE,FALSE,TRUE,fixed_zero,fixed_zero,zero,0.5,FALSE,2,differenced,NA,NA,TRUE,summary,NA,NA,NA,NA,NA,NA,NA,NA,NA,NA,NA,NA,NA,NA,NA,NA,NA,NA,NA,NA,NA,NA,NA,NA,NA,NA,NA,NA,NA,NA,NA,NA,NA,NA
A13,A,"Known vs hierarchical rho: same DiD data, compare rho modes",robust,metadid,20,0,0,-0.15,0.03,-0.04,0.02,0.45,0.05,0.12,0.5,0,100,100,NA,NA,0,0,FALSE,0,0,FALSE,0,0,0,0,0,0,NA,NA,NA,meta_did,TRUE,TRUE,FALSE,FALSE,TRUE,pooled,by_randomisation,zero,0.5,FALSE,2,differenced,NA,NA,TRUE,summary,NA,NA,NA,NA,NA,NA,NA,NA,NA,NA,NA,NA,NA,NA,NA,NA,NA,NA,NA,NA,NA,NA,NA,NA,NA,NA,NA,NA,NA,NA,NA,NA,NA,NA
F1,F,"Large mixed, normalised, full model: 35 DiD + 35 RCT + 30 PP",default,metadid,35,35,30,-0.15,0.03,-0.04,0.02,0.45,0.05,0.12,0.5,0,100,100,NA,NA,0,0,FALSE,0,0,FALSE,0,0,0,0,0,0,NA,NA,NA,meta_did,TRUE,FALSE,FALSE,FALSE,TRUE,pooled,by_randomisation,zero,0.5,FALSE,2,differenced,NA,NA,TRUE,summary,NA,NA,NA,NA,NA,NA,NA,NA,NA,NA,NA,NA,NA,NA,NA,NA,NA,NA,NA,NA,NA,NA,NA,NA,NA,NA,NA,NA,NA,NA,NA,NA,NA,NA
F1,F,"Large mixed, normalised, full model: 35 DiD + 35 RCT + 30 PP",robust,metadid,35,35,30,-0.15,0.03,-0.04,0.02,0.45,0.05,0.12,0.5,0,100,100,NA,NA,0,0,FALSE,0,0,FALSE,0,0,0,0,0,0,NA,NA,NA,meta_did,TRUE,TRUE,FALSE,FALSE,TRUE,pooled,by_randomisation,zero,0.5,FALSE,2,differenced,NA,NA,TRUE,summary,NA,NA,NA,NA,NA,NA,NA,NA,NA,NA,NA,NA,NA,NA,NA,NA,NA,NA,NA,NA,NA,NA,NA,NA,NA,NA,NA,NA,NA,NA,NA,NA,NA,NA
F2,F,"Large mixed, normalised, naive: 70 DiD + 70 RCT + 60 PP (zero trend, equal baselines)",default,metadid,70,70,60,-0.15,0.03,0,0,0.45,0,0.12,0.5,0,100,100,NA,NA,0,0,FALSE,0,0,FALSE,0,0,0,0,0,0,NA,NA,NA,meta_did_general,TRUE,FALSE,FALSE,FALSE,TRUE,fixed_zero,fixed_zero,zero,0.5,FALSE,2,differenced,NA,NA,TRUE,summary,NA,NA,NA,NA,NA,NA,NA,NA,NA,NA,NA,NA,NA,NA,NA,NA,NA,NA,NA,NA,NA,NA,NA,NA,NA,NA,NA,NA,NA,NA,NA,NA,NA,NA
F2,F,"Large mixed, normalised, naive: 70 DiD + 70 RCT + 60 PP (zero trend, equal baselines)",robust,metadid,70,70,60,-0.15,0.03,0,0,0.45,0,0.12,0.5,0,100,100,NA,NA,0,0,FALSE,0,0,FALSE,0,0,0,0,0,0,NA,NA,NA,meta_did_general,TRUE,TRUE,FALSE,FALSE,TRUE,fixed_zero,fixed_zero,zero,0.5,FALSE,2,differenced,NA,NA,TRUE,summary,NA,NA,NA,NA,NA,NA,NA,NA,NA,NA,NA,NA,NA,NA,NA,NA,NA,NA,NA,NA,NA,NA,NA,NA,NA,NA,NA,NA,NA,NA,NA,NA,NA,NA
F3,F,"Large mixed, unnormalised: 70 DiD + 70 RCT + 60 PP",default,metadid,70,70,60,-0.15,0.03,-0.04,0.02,0.45,0.05,0.12,0.5,0,100,100,NA,NA,0,0,FALSE,0,0,FALSE,0,0,0,0,0,0,NA,NA,NA,meta_did,FALSE,FALSE,FALSE,FALSE,TRUE,pooled,by_randomisation,zero,0.5,FALSE,2,differenced,NA,NA,TRUE,summary,NA,NA,NA,NA,NA,NA,NA,NA,NA,NA,NA,NA,NA,NA,NA,NA,NA,NA,NA,NA,NA,NA,NA,NA,NA,NA,NA,NA,NA,NA,NA,NA,NA,NA
F3,F,"Large mixed, unnormalised: 70 DiD + 70 RCT + 60 PP",robust,metadid,70,70,60,-0.15,0.03,-0.04,0.02,0.45,0.05,0.12,0.5,0,100,100,NA,NA,0,0,FALSE,0,0,FALSE,0,0,0,0,0,0,NA,NA,NA,meta_did,FALSE,TRUE,FALSE,FALSE,TRUE,pooled,by_randomisation,zero,0.5,FALSE,2,differenced,NA,NA,TRUE,summary,NA,NA,NA,NA,NA,NA,NA,NA,NA,NA,NA,NA,NA,NA,NA,NA,NA,NA,NA,NA,NA,NA,NA,NA,NA,NA,NA,NA,NA,NA,NA,NA,NA,NA
F4,F,Large DiD + RCT only: 50 DiD + 50 RCT,default,metadid,50,50,0,-0.15,0.03,-0.04,0.02,0.45,0.05,0.12,0.5,0,100,100,NA,NA,0,0,FALSE,0,0,FALSE,0,0,0,0,0,0,NA,NA,NA,meta_did,TRUE,FALSE,FALSE,FALSE,TRUE,pooled,by_randomisation,zero,0.5,FALSE,2,differenced,NA,NA,TRUE,summary,NA,NA,NA,NA,NA,NA,NA,NA,NA,NA,NA,NA,NA,NA,NA,NA,NA,NA,NA,NA,NA,NA,NA,NA,NA,NA,NA,NA,NA,NA,NA,NA,NA,NA
F4,F,Large DiD + RCT only: 50 DiD + 50 RCT,robust,metadid,50,50,0,-0.15,0.03,-0.04,0.02,0.45,0.05,0.12,0.5,0,100,100,NA,NA,0,0,FALSE,0,0,FALSE,0,0,0,0,0,0,NA,NA,NA,meta_did,TRUE,TRUE,FALSE,FALSE,TRUE,pooled,by_randomisation,zero,0.5,FALSE,2,differenced,NA,NA,TRUE,summary,NA,NA,NA,NA,NA,NA,NA,NA,NA,NA,NA,NA,NA,NA,NA,NA,NA,NA,NA,NA,NA,NA,NA,NA,NA,NA,NA,NA,NA,NA,NA,NA,NA,NA
F5,F,"Large DiD + PP only: 100 DiD + 100 PP, nonzero trend",default,metadid,100,0,100,-0.15,0.03,-0.1,0.01,0.45,0.05,0.12,0.5,0,100,100,NA,NA,0,0,FALSE,0,0,FALSE,0,0,0,0,0,0,NA,NA,NA,meta_did,TRUE,FALSE,FALSE,FALSE,TRUE,pooled,by_randomisation,zero,0.5,FALSE,2,differenced,NA,NA,TRUE,summary,NA,NA,NA,NA,NA,NA,NA,NA,NA,NA,NA,NA,NA,NA,NA,NA,NA,NA,NA,NA,NA,NA,NA,NA,NA,NA,NA,NA,NA,NA,NA,NA,NA,NA
F5,F,"Large DiD + PP only: 100 DiD + 100 PP, nonzero trend",robust,metadid,100,0,100,-0.15,0.03,-0.1,0.01,0.45,0.05,0.12,0.5,0,100,100,NA,NA,0,0,FALSE,0,0,FALSE,0,0,0,0,0,0,NA,NA,NA,meta_did,TRUE,TRUE,FALSE,FALSE,TRUE,pooled,by_randomisation,zero,0.5,FALSE,2,differenced,NA,NA,TRUE,summary,NA,NA,NA,NA,NA,NA,NA,NA,NA,NA,NA,NA,NA,NA,NA,NA,NA,NA,NA,NA,NA,NA,NA,NA,NA,NA,NA,NA,NA,NA,NA,NA,NA,NA
F6,F,Large DiD-only with covariates: 200 studies,default,metadid,200,0,0,-0.15,0.03,-0.04,0.02,0.45,0.05,0.12,0.5,0,100,100,data.frame(dose),-0.04,0,0,FALSE,0,0,FALSE,0,0,0,0,0,0,NA,NA,NA,meta_did,TRUE,FALSE,FALSE,FALSE,TRUE,pooled,by_randomisation,zero,0.5,FALSE,2,differenced,~dose,NA,TRUE,summary,NA,NA,NA,NA,NA,NA,NA,NA,NA,NA,NA,NA,NA,NA,NA,NA,NA,NA,NA,NA,NA,NA,NA,NA,NA,NA,NA,NA,NA,NA,NA,NA,NA,NA
F6,F,Large DiD-only with covariates: 200 studies,robust,metadid,200,0,0,-0.15,0.03,-0.04,0.02,0.45,0.05,0.12,0.5,0,100,100,data.frame(dose),-0.04,0,0,FALSE,0,0,FALSE,0,0,0,0,0,0,NA,NA,NA,meta_did,TRUE,TRUE,FALSE,FALSE,TRUE,pooled,by_randomisation,zero,0.5,FALSE,2,differenced,~dose,NA,TRUE,summary,NA,NA,NA,NA,NA,NA,NA,NA,NA,NA,NA,NA,NA,NA,NA,NA,NA,NA,NA,NA,NA,NA,NA,NA,NA,NA,NA,NA,NA,NA,NA,NA,NA,NA
F7,F,"Large mixed, design effects: 35 DiD + 35 RCT + 30 PP with offsets",default,bespoke,35,35,30,-0.15,0.03,-0.04,0.02,0.45,0.05,0.12,0.5,0,100,100,NA,NA,0,0,FALSE,0,0,FALSE,0,0,0,0,0,0,NA,NA,NA,meta_did,TRUE,FALSE,TRUE,FALSE,TRUE,pooled,by_randomisation,zero,0.5,FALSE,2,differenced,NA,NA,TRUE,summary,NA,simulate_design_offsets,0.1,-0.08,NA,NA,NA,NA,NA,NA,NA,NA,NA,NA,NA,NA,NA,NA,NA,NA,NA,NA,NA,NA,NA,NA,NA,NA,NA,NA,NA,NA,NA,NA
F7,F,"Large mixed, design effects: 35 DiD + 35 RCT + 30 PP with offsets",robust,bespoke,35,35,30,-0.15,0.03,-0.04,0.02,0.45,0.05,0.12,0.5,0,100,100,NA,NA,0,0,FALSE,0,0,FALSE,0,0,0,0,0,0,NA,NA,NA,meta_did,TRUE,TRUE,TRUE,FALSE,TRUE,pooled,by_randomisation,zero,0.5,FALSE,2,differenced,NA,NA,TRUE,summary,NA,simulate_design_offsets,0.1,-0.08,NA,NA,NA,NA,NA,NA,NA,NA,NA,NA,NA,NA,NA,NA,NA,NA,NA,NA,NA,NA,NA,NA,NA,NA,NA,NA,NA,NA,NA,NA
F8,F,"Large DiD-only, correlated effects: 200 studies, rho_effect_trend = 0.95",default,metadid,200,0,0,-0.15,0.03,-0.04,0.02,0.45,0,0.12,0.5,0.95,100,100,NA,NA,0,0,FALSE,0,0,FALSE,0,0,0,0,0,0,NA,NA,NA,meta_did_general,TRUE,FALSE,FALSE,TRUE,TRUE,pooled,by_randomisation,zero,0.5,FALSE,2,differenced,NA,NA,TRUE,summary,NA,NA,NA,NA,NA,NA,NA,NA,NA,NA,NA,NA,NA,NA,NA,NA,NA,NA,NA,NA,NA,NA,NA,NA,NA,NA,NA,NA,NA,NA,NA,NA,NA,NA
B1,B,"Naive vs full: PP-heavy, large trend (full should win)",full,metadid,5,0,25,-0.15,0.03,-0.1,0.01,0.45,0.05,0.12,0.5,0,100,100,NA,NA,0,0,FALSE,0,0,FALSE,0,0,0,0,0,0,NA,NA,NA,meta_did,TRUE,FALSE,FALSE,FALSE,TRUE,pooled,by_randomisation,zero,0.5,FALSE,2,differenced,NA,NA,TRUE,summary,full,NA,NA,NA,NA,NA,NA,NA,NA,NA,NA,NA,NA,NA,NA,NA,NA,NA,NA,NA,NA,NA,NA,NA,NA,NA,NA,NA,NA,NA,NA,NA,NA,NA
B1,B,"Naive vs full: PP-heavy, large trend (full should win)",naive,metadid,5,0,25,-0.15,0.03,-0.1,0.01,0.45,0.05,0.12,0.5,0,100,100,NA,NA,0,0,FALSE,0,0,FALSE,0,0,0,0,0,0,NA,NA,NA,meta_did_general,TRUE,FALSE,FALSE,FALSE,TRUE,fixed_zero,fixed_zero,zero,0.5,FALSE,2,differenced,NA,NA,TRUE,summary,naive,NA,NA,NA,NA,NA,NA,NA,NA,NA,NA,NA,NA,NA,NA,NA,NA,NA,NA,NA,NA,NA,NA,NA,NA,NA,NA,NA,NA,NA,NA,NA,NA,NA
B2,B,"Naive vs full: assumptions satisfied (zero trend, equal baselines)",full,metadid,10,10,10,-0.15,0.03,0,0,0.45,0,0.12,0.5,0,100,100,NA,NA,0,0,FALSE,0,0,FALSE,0,0,0,0,0,0,NA,NA,NA,meta_did,TRUE,FALSE,FALSE,FALSE,TRUE,pooled,by_randomisation,zero,0.5,FALSE,2,differenced,NA,NA,TRUE,summary,full,NA,NA,NA,NA,NA,NA,NA,NA,NA,NA,NA,NA,NA,NA,NA,NA,NA,NA,NA,NA,NA,NA,NA,NA,NA,NA,NA,NA,NA,NA,NA,NA,NA
B2,B,"Naive vs full: assumptions satisfied (zero trend, equal baselines)",naive,metadid,10,10,10,-0.15,0.03,0,0,0.45,0,0.12,0.5,0,100,100,NA,NA,0,0,FALSE,0,0,FALSE,0,0,0,0,0,0,NA,NA,NA,meta_did_general,TRUE,FALSE,FALSE,FALSE,TRUE,fixed_zero,fixed_zero,zero,0.5,FALSE,2,differenced,NA,NA,TRUE,summary,naive,NA,NA,NA,NA,NA,NA,NA,NA,NA,NA,NA,NA,NA,NA,NA,NA,NA,NA,NA,NA,NA,NA,NA,NA,NA,NA,NA,NA,NA,NA,NA,NA,NA
B3,B,"Naive wins: DiD trend = 0, PP trend = -0.10 (pooled borrows wrong trend)",full,bespoke,10,0,10,-0.15,0.03,-0.04,0.02,0.45,0.05,0.12,0.5,0,100,100,NA,NA,0,0,FALSE,0,0,FALSE,0,0,0,0,0,0,NA,NA,NA,meta_did,TRUE,FALSE,FALSE,FALSE,TRUE,pooled,by_randomisation,zero,0.5,FALSE,2,differenced,NA,NA,TRUE,summary,full,simulate_divergent_trends,NA,NA,0,-0.1,NA,NA,NA,NA,NA,NA,NA,NA,NA,NA,NA,NA,NA,NA,NA,NA,NA,NA,NA,NA,NA,NA,NA,NA,NA,NA,NA,NA
B3,B,"Naive wins: DiD trend = 0, PP trend = -0.10 (pooled borrows wrong trend)",naive,bespoke,10,0,10,-0.15,0.03,-0.04,0.02,0.45,0.05,0.12,0.5,0,100,100,NA,NA,0,0,FALSE,0,0,FALSE,0,0,0,0,0,0,NA,NA,NA,meta_did_general,TRUE,FALSE,FALSE,FALSE,TRUE,fixed_zero,fixed_zero,zero,0.5,FALSE,2,differenced,NA,NA,TRUE,summary,naive,simulate_divergent_trends,NA,NA,0,-0.1,NA,NA,NA,NA,NA,NA,NA,NA,NA,NA,NA,NA,NA,NA,NA,NA,NA,NA,NA,NA,NA,NA,NA,NA,NA,NA,NA,NA
B4,B,Correlated vs independent effects: rho_effect_trend = 0.95,correlated,metadid,30,0,0,-0.15,0.03,-0.04,0.02,0.45,0,0.12,0.5,0.95,100,100,NA,NA,0,0,FALSE,0,0,FALSE,0,0,0,0,0,0,NA,NA,NA,meta_did_general,TRUE,FALSE,FALSE,TRUE,TRUE,pooled,by_randomisation,zero,0.5,FALSE,2,differenced,NA,NA,TRUE,summary,correlated,NA,NA,NA,NA,NA,NA,NA,NA,NA,NA,NA,NA,NA,NA,NA,NA,NA,NA,NA,NA,NA,NA,NA,NA,NA,NA,NA,NA,NA,NA,NA,NA,NA
B4,B,Correlated vs independent effects: rho_effect_trend = 0.95,independent,metadid,30,0,0,-0.15,0.03,-0.04,0.02,0.45,0,0.12,0.5,0.95,100,100,NA,NA,0,0,FALSE,0,0,FALSE,0,0,0,0,0,0,NA,NA,NA,meta_did,TRUE,FALSE,FALSE,FALSE,TRUE,pooled,by_randomisation,zero,0.5,FALSE,2,differenced,NA,NA,TRUE,summary,independent,NA,NA,NA,NA,NA,NA,NA,NA,NA,NA,NA,NA,NA,NA,NA,NA,NA,NA,NA,NA,NA,NA,NA,NA,NA,NA,NA,NA,NA,NA,NA,NA,NA
B5,B,"Unrandomised post-only imbalance (only in this design): pooled vs zero-mean vs naive, 10 DiD + 10 RCT",full,bespoke,10,10,0,-0.15,0.03,-0.04,0.02,0.45,0.05,0.12,0.5,0,100,100,NA,NA,0,0,FALSE,0.05,0.02,FALSE,0,0,0,0,0,0,NA,NA,NA,meta_did,TRUE,FALSE,FALSE,FALSE,TRUE,pooled,estimated,estimated,0.5,FALSE,2,differenced,NA,NA,TRUE,summary,full,simulate_rct_imbalance,NA,NA,NA,NA,NA,NA,NA,NA,NA,NA,NA,NA,NA,NA,NA,NA,NA,NA,NA,NA,NA,NA,NA,NA,NA,NA,NA,NA,NA,NA,NA,NA
B5,B,"Unrandomised post-only imbalance (only in this design): pooled vs zero-mean vs naive, 10 DiD + 10 RCT",zero_mean,bespoke,10,10,0,-0.15,0.03,-0.04,0.02,0.45,0.05,0.12,0.5,0,100,100,NA,NA,0,0,FALSE,0.05,0.02,FALSE,0,0,0,0,0,0,NA,NA,NA,meta_did,TRUE,FALSE,FALSE,FALSE,TRUE,pooled,estimated,zero,0.5,FALSE,2,differenced,NA,NA,TRUE,summary,zero_mean,simulate_rct_imbalance,NA,NA,NA,NA,NA,NA,NA,NA,NA,NA,NA,NA,NA,NA,NA,NA,NA,NA,NA,NA,NA,NA,NA,NA,NA,NA,NA,NA,NA,NA,NA,NA
B5,B,"Unrandomised post-only imbalance (only in this design): pooled vs zero-mean vs naive, 10 DiD + 10 RCT",naive,bespoke,10,10,0,-0.15,0.03,-0.04,0.02,0.45,0.05,0.12,0.5,0,100,100,NA,NA,0,0,FALSE,0.05,0.02,FALSE,0,0,0,0,0,0,NA,NA,NA,meta_did_general,TRUE,FALSE,FALSE,FALSE,TRUE,pooled,fixed_zero,zero,0.5,FALSE,2,differenced,NA,NA,TRUE,summary,naive,simulate_rct_imbalance,NA,NA,NA,NA,NA,NA,NA,NA,NA,NA,NA,NA,NA,NA,NA,NA,NA,NA,NA,NA,NA,NA,NA,NA,NA,NA,NA,NA,NA,NA,NA,NA
B6,B,"DiD imbalance > post-only imbalance: pooled vs zero-mean vs naive, 15 DiD + 15 RCT",full,bespoke,15,15,0,-0.15,0.03,-0.04,0.02,0.45,0.05,0.12,0.5,0,100,100,NA,NA,0.08,0.02,FALSE,0.01,0.01,FALSE,0,0,0,0,0,0,NA,NA,NA,meta_did,TRUE,FALSE,FALSE,FALSE,TRUE,pooled,estimated,estimated,0.5,FALSE,2,differenced,NA,NA,TRUE,summary,full,simulate_did_rct_imbalance,NA,NA,NA,NA,NA,NA,NA,NA,NA,NA,NA,NA,NA,NA,NA,NA,NA,NA,NA,NA,NA,NA,NA,NA,NA,NA,NA,NA,NA,NA,NA,NA
B6,B,"DiD imbalance > post-only imbalance: pooled vs zero-mean vs naive, 15 DiD + 15 RCT",zero_mean,bespoke,15,15,0,-0.15,0.03,-0.04,0.02,0.45,0.05,0.12,0.5,0,100,100,NA,NA,0.08,0.02,FALSE,0.01,0.01,FALSE,0,0,0,0,0,0,NA,NA,NA,meta_did,TRUE,FALSE,FALSE,FALSE,TRUE,pooled,estimated,zero,0.5,FALSE,2,differenced,NA,NA,TRUE,summary,zero_mean,simulate_did_rct_imbalance,NA,NA,NA,NA,NA,NA,NA,NA,NA,NA,NA,NA,NA,NA,NA,NA,NA,NA,NA,NA,NA,NA,NA,NA,NA,NA,NA,NA,NA,NA,NA,NA
B6,B,"DiD imbalance > post-only imbalance: pooled vs zero-mean vs naive, 15 DiD + 15 RCT",naive,bespoke,15,15,0,-0.15,0.03,-0.04,0.02,0.45,0.05,0.12,0.5,0,100,100,NA,NA,0.08,0.02,FALSE,0.01,0.01,FALSE,0,0,0,0,0,0,NA,NA,NA,meta_did_general,TRUE,FALSE,FALSE,FALSE,TRUE,pooled,fixed_zero,zero,0.5,FALSE,2,differenced,NA,NA,TRUE,summary,naive,simulate_did_rct_imbalance,NA,NA,NA,NA,NA,NA,NA,NA,NA,NA,NA,NA,NA,NA,NA,NA,NA,NA,NA,NA,NA,NA,NA,NA,NA,NA,NA,NA,NA,NA,NA,NA
C1,C,Single outlier: one study shifted by 5*sigma_effect,normal,bespoke,20,0,0,-0.15,0.03,-0.04,0.02,0.45,0.05,0.12,0.5,0,100,100,NA,NA,0,0,FALSE,0,0,FALSE,0,0,0,0,0,0,NA,NA,NA,meta_did,TRUE,FALSE,FALSE,FALSE,TRUE,pooled,by_randomisation,zero,0.5,FALSE,2,differenced,NA,NA,TRUE,summary,normal,simulate_with_outliers,NA,NA,NA,NA,1,5,NA,NA,NA,NA,NA,NA,NA,NA,NA,NA,NA,NA,NA,NA,NA,NA,NA,NA,NA,NA,NA,NA,NA,NA,NA,NA
C1,C,Single outlier: one study shifted by 5*sigma_effect,robust,bespoke,20,0,0,-0.15,0.03,-0.04,0.02,0.45,0.05,0.12,0.5,0,100,100,NA,NA,0,0,FALSE,0,0,FALSE,0,0,0,0,0,0,NA,NA,NA,meta_did,TRUE,TRUE,FALSE,FALSE,TRUE,pooled,by_randomisation,zero,0.5,FALSE,2,differenced,NA,NA,TRUE,summary,robust,simulate_with_outliers,NA,NA,NA,NA,1,5,NA,NA,NA,NA,NA,NA,NA,NA,NA,NA,NA,NA,NA,NA,NA,NA,NA,NA,NA,NA,NA,NA,NA,NA,NA,NA
C2,C,Multiple outliers: 3 of 20 from contaminating distribution,normal,bespoke,20,0,0,-0.15,0.03,-0.04,0.02,0.45,0.05,0.12,0.5,0,100,100,NA,NA,0,0,FALSE,0,0,FALSE,0,0,0,0,0,0,NA,NA,NA,meta_did,TRUE,FALSE,FALSE,FALSE,TRUE,pooled,by_randomisation,zero,0.5,FALSE,2,differenced,NA,NA,TRUE,summary,normal,simulate_with_outliers,NA,NA,NA,NA,3,5,NA,NA,NA,NA,NA,NA,NA,NA,NA,NA,NA,NA,NA,NA,NA,NA,NA,NA,NA,NA,NA,NA,NA,NA,NA,NA
C2,C,Multiple outliers: 3 of 20 from contaminating distribution,robust,bespoke,20,0,0,-0.15,0.03,-0.04,0.02,0.45,0.05,0.12,0.5,0,100,100,NA,NA,0,0,FALSE,0,0,FALSE,0,0,0,0,0,0,NA,NA,NA,meta_did,TRUE,TRUE,FALSE,FALSE,TRUE,pooled,by_randomisation,zero,0.5,FALSE,2,differenced,NA,NA,TRUE,summary,robust,simulate_with_outliers,NA,NA,NA,NA,3,5,NA,NA,NA,NA,NA,NA,NA,NA,NA,NA,NA,NA,NA,NA,NA,NA,NA,NA,NA,NA,NA,NA,NA,NA,NA,NA
C3,C,Heavy-tailed study effects: theta_i ~ t(df=3),normal,bespoke,20,0,0,-0.15,0.03,-0.04,0.02,0.45,0.05,0.12,0.5,0,100,100,NA,NA,0,0,FALSE,0,0,FALSE,0,0,0,0,0,0,NA,NA,NA,meta_did,TRUE,FALSE,FALSE,FALSE,TRUE,pooled,by_randomisation,zero,0.5,FALSE,2,differenced,NA,NA,TRUE,summary,normal,simulate_t_effects,NA,NA,NA,NA,NA,NA,3,NA,NA,NA,NA,NA,NA,NA,NA,NA,NA,NA,NA,NA,NA,NA,NA,NA,NA,NA,NA,NA,NA,NA,NA,NA
C3,C,Heavy-tailed study effects: theta_i ~ t(df=3),robust,bespoke,20,0,0,-0.15,0.03,-0.04,0.02,0.45,0.05,0.12,0.5,0,100,100,NA,NA,0,0,FALSE,0,0,FALSE,0,0,0,0,0,0,NA,NA,NA,meta_did,TRUE,TRUE,FALSE,FALSE,TRUE,pooled,by_randomisation,zero,0.5,FALSE,2,differenced,NA,NA,TRUE,summary,robust,simulate_t_effects,NA,NA,NA,NA,NA,NA,3,NA,NA,NA,NA,NA,NA,NA,NA,NA,NA,NA,NA,NA,NA,NA,NA,NA,NA,NA,NA,NA,NA,NA,NA,NA
C4,C,Heavy-tailed within-study errors: observations ~ t(df=5),normal,bespoke,20,0,0,-0.15,0.03,-0.04,0.02,0.45,0.05,0.12,0.5,0,100,100,NA,NA,0,0,FALSE,0,0,FALSE,0,0,0,0,0,0,NA,NA,NA,meta_did,TRUE,FALSE,FALSE,FALSE,TRUE,pooled,by_randomisation,zero,0.5,FALSE,2,differenced,NA,NA,TRUE,summary,normal,simulate_t_likelihood,NA,NA,NA,NA,NA,NA,NA,5,NA,NA,NA,NA,NA,NA,NA,NA,NA,NA,NA,NA,NA,NA,NA,NA,NA,NA,NA,NA,NA,NA,NA,NA
C4,C,Heavy-tailed within-study errors: observations ~ t(df=5),robust,bespoke,20,0,0,-0.15,0.03,-0.04,0.02,0.45,0.05,0.12,0.5,0,100,100,NA,NA,0,0,FALSE,0,0,FALSE,0,0,0,0,0,0,NA,NA,NA,meta_did,TRUE,TRUE,FALSE,FALSE,TRUE,pooled,by_randomisation,zero,0.5,FALSE,2,differenced,NA,NA,TRUE,summary,robust,simulate_t_likelihood,NA,NA,NA,NA,NA,NA,NA,5,NA,NA,NA,NA,NA,NA,NA,NA,NA,NA,NA,NA,NA,NA,NA,NA,NA,NA,NA,NA,NA,NA,NA,NA
C5,C,Outlier + small sample: single outlier among 5 studies,normal,bespoke,5,0,0,-0.15,0.03,-0.04,0.02,0.45,0.05,0.12,0.5,0,100,100,NA,NA,0,0,FALSE,0,0,FALSE,0,0,0,0,0,0,NA,NA,NA,meta_did,TRUE,FALSE,FALSE,FALSE,TRUE,pooled,by_randomisation,zero,0.5,FALSE,2,differenced,NA,NA,TRUE,summary,normal,simulate_with_outliers,NA,NA,NA,NA,1,5,NA,NA,NA,NA,NA,NA,NA,NA,NA,NA,NA,NA,NA,NA,NA,NA,NA,NA,NA,NA,NA,NA,NA,NA,NA,NA
C5,C,Outlier + small sample: single outlier among 5 studies,robust,bespoke,5,0,0,-0.15,0.03,-0.04,0.02,0.45,0.05,0.12,0.5,0,100,100,NA,NA,0,0,FALSE,0,0,FALSE,0,0,0,0,0,0,NA,NA,NA,meta_did,TRUE,TRUE,FALSE,FALSE,TRUE,pooled,by_randomisation,zero,0.5,FALSE,2,differenced,NA,NA,TRUE,summary,robust,simulate_with_outliers,NA,NA,NA,NA,1,5,NA,NA,NA,NA,NA,NA,NA,NA,NA,NA,NA,NA,NA,NA,NA,NA,NA,NA,NA,NA,NA,NA,NA,NA,NA,NA
C6,C,Asymmetric contamination: outliers all biased in same direction,normal,bespoke,20,0,0,-0.15,0.03,-0.04,0.02,0.45,0.05,0.12,0.5,0,100,100,NA,NA,0,0,FALSE,0,0,FALSE,0,0,0,0,0,0,NA,NA,NA,meta_did,TRUE,FALSE,FALSE,FALSE,TRUE,pooled,by_randomisation,zero,0.5,FALSE,2,differenced,NA,NA,TRUE,summary,normal,simulate_with_outliers,NA,NA,NA,NA,3,5,NA,NA,positive,NA,NA,NA,NA,NA,NA,NA,NA,NA,NA,NA,NA,NA,NA,NA,NA,NA,NA,NA,NA,NA,NA,NA
C6,C,Asymmetric contamination: outliers all biased in same direction,robust,bespoke,20,0,0,-0.15,0.03,-0.04,0.02,0.45,0.05,0.12,0.5,0,100,100,NA,NA,0,0,FALSE,0,0,FALSE,0,0,0,0,0,0,NA,NA,NA,meta_did,TRUE,TRUE,FALSE,FALSE,TRUE,pooled,by_randomisation,zero,0.5,FALSE,2,differenced,NA,NA,TRUE,summary,robust,simulate_with_outliers,NA,NA,NA,NA,3,5,NA,NA,positive,NA,NA,NA,NA,NA,NA,NA,NA,NA,NA,NA,NA,NA,NA,NA,NA,NA,NA,NA,NA,NA,NA,NA
C7,C,"Outlier in one design: 10 DiD + 10 PP, outliers only among PP",normal,bespoke,10,0,10,-0.15,0.03,-0.04,0.02,0.45,0.05,0.12,0.5,0,100,100,NA,NA,0,0,FALSE,0,0,FALSE,0,0,0,0,0,0,NA,NA,NA,meta_did,TRUE,FALSE,FALSE,FALSE,TRUE,pooled,by_randomisation,zero,0.5,FALSE,2,differenced,NA,NA,TRUE,summary,normal,simulate_design_outliers,NA,NA,NA,NA,NA,5,NA,NA,NA,2,NA,NA,NA,NA,NA,NA,NA,NA,NA,NA,NA,NA,NA,NA,NA,NA,NA,NA,NA,NA,NA,NA
C7,C,"Outlier in one design: 10 DiD + 10 PP, outliers only among PP",robust,bespoke,10,0,10,-0.15,0.03,-0.04,0.02,0.45,0.05,0.12,0.5,0,100,100,NA,NA,0,0,FALSE,0,0,FALSE,0,0,0,0,0,0,NA,NA,NA,meta_did,TRUE,TRUE,FALSE,FALSE,TRUE,pooled,by_randomisation,zero,0.5,FALSE,2,differenced,NA,NA,TRUE,summary,robust,simulate_design_outliers,NA,NA,NA,NA,NA,5,NA,NA,NA,2,NA,NA,NA,NA,NA,NA,NA,NA,NA,NA,NA,NA,NA,NA,NA,NA,NA,NA,NA,NA,NA,NA
C8,C,Heavy-tailed time trends: beta_i ~ t(df=3),normal,bespoke,20,0,0,-0.15,0.03,-0.04,0.02,0.45,0.05,0.12,0.5,0,100,100,NA,NA,0,0,FALSE,0,0,FALSE,0,0,0,0,0,0,NA,NA,NA,meta_did,TRUE,FALSE,FALSE,FALSE,TRUE,pooled,by_randomisation,zero,0.5,FALSE,2,differenced,NA,NA,TRUE,summary,normal,simulate_t_trends,NA,NA,NA,NA,NA,NA,NA,NA,NA,NA,3,NA,NA,NA,NA,NA,NA,NA,NA,NA,NA,NA,NA,NA,NA,NA,NA,NA,NA,NA,NA,NA
C8,C,Heavy-tailed time trends: beta_i ~ t(df=3),robust,bespoke,20,0,0,-0.15,0.03,-0.04,0.02,0.45,0.05,0.12,0.5,0,100,100,NA,NA,0,0,FALSE,0,0,FALSE,0,0,0,0,0,0,NA,NA,NA,meta_did,TRUE,TRUE,FALSE,FALSE,TRUE,pooled,by_randomisation,zero,0.5,FALSE,2,differenced,NA,NA,TRUE,summary,robust,simulate_t_trends,NA,NA,NA,NA,NA,NA,NA,NA,NA,NA,3,NA,NA,NA,NA,NA,NA,NA,NA,NA,NA,NA,NA,NA,NA,NA,NA,NA,NA,NA,NA,NA
D1,D,"Design-specific effects ignored: RCT/PP shifted, design_effects=FALSE",default,bespoke,10,10,10,-0.15,0.03,-0.04,0.02,0.45,0.05,0.12,0.5,0,100,100,NA,NA,0,0,FALSE,0,0,FALSE,0,0,0,0,0,0,NA,NA,NA,meta_did,TRUE,FALSE,FALSE,FALSE,TRUE,pooled,by_randomisation,zero,0.5,FALSE,2,differenced,NA,NA,TRUE,summary,NA,simulate_design_offsets,0.1,-0.08,NA,NA,NA,NA,NA,NA,NA,NA,NA,NA,NA,NA,NA,NA,NA,NA,NA,NA,NA,NA,NA,NA,NA,NA,NA,NA,NA,NA,NA,NA
D1,D,"Design-specific effects ignored: RCT/PP shifted, design_effects=FALSE",naive,bespoke,10,10,10,-0.15,0.03,-0.04,0.02,0.45,0.05,0.12,0.5,0,100,100,NA,NA,0,0,FALSE,0,0,FALSE,0,0,0,0,0,0,NA,NA,NA,meta_did_general,TRUE,FALSE,FALSE,FALSE,TRUE,fixed_zero,fixed_zero,zero,0.5,FALSE,2,differenced,NA,NA,TRUE,summary,NA,simulate_design_offsets,0.1,-0.08,NA,NA,NA,NA,NA,NA,NA,NA,NA,NA,NA,NA,NA,NA,NA,NA,NA,NA,NA,NA,NA,NA,NA,NA,NA,NA,NA,NA,NA,NA
D1,D,"Design-specific effects ignored: RCT/PP shifted, design_effects=FALSE",robust,bespoke,10,10,10,-0.15,0.03,-0.04,0.02,0.45,0.05,0.12,0.5,0,100,100,NA,NA,0,0,FALSE,0,0,FALSE,0,0,0,0,0,0,NA,NA,NA,meta_did,TRUE,TRUE,FALSE,FALSE,TRUE,pooled,by_randomisation,zero,0.5,FALSE,2,differenced,NA,NA,TRUE,summary,NA,simulate_design_offsets,0.1,-0.08,NA,NA,NA,NA,NA,NA,NA,NA,NA,NA,NA,NA,NA,NA,NA,NA,NA,NA,NA,NA,NA,NA,NA,NA,NA,NA,NA,NA,NA,NA
D2,D,Heterogeneous within-study variance: sigma_within drawn from Gamma,default,bespoke,20,0,0,-0.15,0.03,-0.04,0.02,0.45,0.05,0.12,0.5,0,100,100,NA,NA,0,0,FALSE,0,0,FALSE,0,0,0,0,0,0,NA,NA,NA,meta_did,TRUE,FALSE,FALSE,FALSE,TRUE,pooled,by_randomisation,zero,0.5,FALSE,2,differenced,NA,NA,TRUE,summary,NA,simulate_hetero_variance,NA,NA,NA,NA,NA,NA,NA,NA,NA,NA,NA,4,33.3333333333333,NA,NA,NA,NA,NA,NA,NA,NA,NA,NA,NA,NA,NA,NA,NA,NA,NA,NA,NA
D2,D,Heterogeneous within-study variance: sigma_within drawn from Gamma,naive,bespoke,20,0,0,-0.15,0.03,-0.04,0.02,0.45,0.05,0.12,0.5,0,100,100,NA,NA,0,0,FALSE,0,0,FALSE,0,0,0,0,0,0,NA,NA,NA,meta_did_general,TRUE,FALSE,FALSE,FALSE,TRUE,fixed_zero,fixed_zero,zero,0.5,FALSE,2,differenced,NA,NA,TRUE,summary,NA,simulate_hetero_variance,NA,NA,NA,NA,NA,NA,NA,NA,NA,NA,NA,4,33.3333333333333,NA,NA,NA,NA,NA,NA,NA,NA,NA,NA,NA,NA,NA,NA,NA,NA,NA,NA,NA
D2,D,Heterogeneous within-study variance: sigma_within drawn from Gamma,robust,bespoke,20,0,0,-0.15,0.03,-0.04,0.02,0.45,0.05,0.12,0.5,0,100,100,NA,NA,0,0,FALSE,0,0,FALSE,0,0,0,0,0,0,NA,NA,NA,meta_did,TRUE,TRUE,FALSE,FALSE,TRUE,pooled,by_randomisation,zero,0.5,FALSE,2,differenced,NA,NA,TRUE,summary,NA,simulate_hetero_variance,NA,NA,NA,NA,NA,NA,NA,NA,NA,NA,NA,4,33.3333333333333,NA,NA,NA,NA,NA,NA,NA,NA,NA,NA,NA,NA,NA,NA,NA,NA,NA,NA,NA
D3,D,Misspecified rho: true rho varies by study (Beta distribution),default,bespoke,20,0,0,-0.15,0.03,-0.04,0.02,0.45,0.05,0.12,0.5,0,100,100,NA,NA,0,0,FALSE,0,0,FALSE,0,0,0,0,0,0,NA,NA,NA,meta_did,TRUE,FALSE,FALSE,FALSE,TRUE,pooled,by_randomisation,zero,0.5,FALSE,2,differenced,NA,NA,TRUE,summary,NA,simulate_varying_rho,NA,NA,NA,NA,NA,NA,NA,NA,NA,NA,NA,NA,NA,5,5,NA,NA,NA,NA,NA,NA,NA,NA,NA,NA,NA,NA,NA,NA,NA,NA,NA
D3,D,Misspecified rho: true rho varies by study (Beta distribution),naive,bespoke,20,0,0,-0.15,0.03,-0.04,0.02,0.45,0.05,0.12,0.5,0,100,100,NA,NA,0,0,FALSE,0,0,FALSE,0,0,0,0,0,0,NA,NA,NA,meta_did_general,TRUE,FALSE,FALSE,FALSE,TRUE,fixed_zero,fixed_zero,zero,0.5,FALSE,2,differenced,NA,NA,TRUE,summary,NA,simulate_varying_rho,NA,NA,NA,NA,NA,NA,NA,NA,NA,NA,NA,NA,NA,5,5,NA,NA,NA,NA,NA,NA,NA,NA,NA,NA,NA,NA,NA,NA,NA,NA,NA
D3,D,Misspecified rho: true rho varies by study (Beta distribution),robust,bespoke,20,0,0,-0.15,0.03,-0.04,0.02,0.45,0.05,0.12,0.5,0,100,100,NA,NA,0,0,FALSE,0,0,FALSE,0,0,0,0,0,0,NA,NA,NA,meta_did,TRUE,TRUE,FALSE,FALSE,TRUE,pooled,by_randomisation,zero,0.5,FALSE,2,differenced,NA,NA,TRUE,summary,NA,simulate_varying_rho,NA,NA,NA,NA,NA,NA,NA,NA,NA,NA,NA,NA,NA,5,5,NA,NA,NA,NA,NA,NA,NA,NA,NA,NA,NA,NA,NA,NA,NA,NA,NA
D4,D,Effect heterogeneity correlated with sample size,default,bespoke,20,0,0,-0.15,0.03,-0.04,0.02,0.45,0.05,0.12,0.5,0,100,100,NA,NA,0,0,FALSE,0,0,FALSE,0,0,0,0,0,0,NA,NA,NA,meta_did,TRUE,FALSE,FALSE,FALSE,TRUE,pooled,by_randomisation,zero,0.5,FALSE,2,differenced,NA,NA,TRUE,summary,NA,simulate_size_effect_corr,NA,NA,NA,NA,NA,NA,NA,NA,NA,NA,NA,NA,NA,NA,NA,0.001,NA,NA,NA,NA,NA,NA,NA,NA,NA,NA,NA,NA,NA,NA,NA,NA
D4,D,Effect heterogeneity correlated with sample size,naive,bespoke,20,0,0,-0.15,0.03,-0.04,0.02,0.45,0.05,0.12,0.5,0,100,100,NA,NA,0,0,FALSE,0,0,FALSE,0,0,0,0,0,0,NA,NA,NA,meta_did_general,TRUE,FALSE,FALSE,FALSE,TRUE,fixed_zero,fixed_zero,zero,0.5,FALSE,2,differenced,NA,NA,TRUE,summary,NA,simulate_size_effect_corr,NA,NA,NA,NA,NA,NA,NA,NA,NA,NA,NA,NA,NA,NA,NA,0.001,NA,NA,NA,NA,NA,NA,NA,NA,NA,NA,NA,NA,NA,NA,NA,NA
D4,D,Effect heterogeneity correlated with sample size,robust,bespoke,20,0,0,-0.15,0.03,-0.04,0.02,0.45,0.05,0.12,0.5,0,100,100,NA,NA,0,0,FALSE,0,0,FALSE,0,0,0,0,0,0,NA,NA,NA,meta_did,TRUE,TRUE,FALSE,FALSE,TRUE,pooled,by_randomisation,zero,0.5,FALSE,2,differenced,NA,NA,TRUE,summary,NA,simulate_size_effect_corr,NA,NA,NA,NA,NA,NA,NA,NA,NA,NA,NA,NA,NA,NA,NA,0.001,NA,NA,NA,NA,NA,NA,NA,NA,NA,NA,NA,NA,NA,NA,NA,NA
D5,D,Baseline imbalance in RCT with baseline_imbalance='fixed_zero',default,bespoke,10,10,0,-0.15,0.03,-0.04,0.02,0.45,0.05,0.12,0.5,0,100,100,NA,NA,0,0,FALSE,0.05,0.02,FALSE,0,0,0,0,0,0,NA,NA,NA,meta_did_general,TRUE,FALSE,FALSE,FALSE,TRUE,pooled,fixed_zero,zero,0.5,FALSE,2,differenced,NA,NA,TRUE,summary,NA,simulate_rct_imbalance,NA,NA,NA,NA,NA,NA,NA,NA,NA,NA,NA,NA,NA,NA,NA,NA,NA,NA,NA,NA,NA,NA,NA,NA,NA,NA,NA,NA,NA,NA,NA,NA
D5,D,Baseline imbalance in RCT with baseline_imbalance='fixed_zero',naive,bespoke,10,10,0,-0.15,0.03,-0.04,0.02,0.45,0.05,0.12,0.5,0,100,100,NA,NA,0,0,FALSE,0.05,0.02,FALSE,0,0,0,0,0,0,NA,NA,NA,meta_did_general,TRUE,FALSE,FALSE,FALSE,TRUE,fixed_zero,fixed_zero,zero,0.5,FALSE,2,differenced,NA,NA,TRUE,summary,NA,simulate_rct_imbalance,NA,NA,NA,NA,NA,NA,NA,NA,NA,NA,NA,NA,NA,NA,NA,NA,NA,NA,NA,NA,NA,NA,NA,NA,NA,NA,NA,NA,NA,NA,NA,NA
D5,D,Baseline imbalance in RCT with baseline_imbalance='fixed_zero',robust,bespoke,10,10,0,-0.15,0.03,-0.04,0.02,0.45,0.05,0.12,0.5,0,100,100,NA,NA,0,0,FALSE,0.05,0.02,FALSE,0,0,0,0,0,0,NA,NA,NA,meta_did_general,TRUE,TRUE,FALSE,FALSE,TRUE,pooled,fixed_zero,zero,0.5,FALSE,2,differenced,NA,NA,TRUE,summary,NA,simulate_rct_imbalance,NA,NA,NA,NA,NA,NA,NA,NA,NA,NA,NA,NA,NA,NA,NA,NA,NA,NA,NA,NA,NA,NA,NA,NA,NA,NA,NA,NA,NA,NA,NA,NA
E1,E,Extreme rho: pre-post correlation near 0 and near 1,default,bespoke,20,0,0,-0.15,0.03,-0.04,0.02,0.45,0.05,0.12,0.5,0,100,100,NA,NA,0,0,FALSE,0,0,FALSE,0,0,0,0,0,0,NA,NA,NA,meta_did,TRUE,FALSE,FALSE,FALSE,TRUE,pooled,by_randomisation,zero,0.5,FALSE,2,differenced,NA,NA,TRUE,summary,NA,simulate_extreme_rho,NA,NA,NA,NA,NA,NA,NA,NA,NA,NA,NA,NA,NA,NA,NA,NA,0.02;0.98,NA,NA,NA,NA,NA,NA,NA,NA,NA,NA,NA,NA,NA,NA,NA
E1,E,Extreme rho: pre-post correlation near 0 and near 1,naive,bespoke,20,0,0,-0.15,0.03,-0.04,0.02,0.45,0.05,0.12,0.5,0,100,100,NA,NA,0,0,FALSE,0,0,FALSE,0,0,0,0,0,0,NA,NA,NA,meta_did_general,TRUE,FALSE,FALSE,FALSE,TRUE,fixed_zero,fixed_zero,zero,0.5,FALSE,2,differenced,NA,NA,TRUE,summary,NA,simulate_extreme_rho,NA,NA,NA,NA,NA,NA,NA,NA,NA,NA,NA,NA,NA,NA,NA,NA,0.02;0.98,NA,NA,NA,NA,NA,NA,NA,NA,NA,NA,NA,NA,NA,NA,NA
E1,E,Extreme rho: pre-post correlation near 0 and near 1,robust,bespoke,20,0,0,-0.15,0.03,-0.04,0.02,0.45,0.05,0.12,0.5,0,100,100,NA,NA,0,0,FALSE,0,0,FALSE,0,0,0,0,0,0,NA,NA,NA,meta_did,TRUE,TRUE,FALSE,FALSE,TRUE,pooled,by_randomisation,zero,0.5,FALSE,2,differenced,NA,NA,TRUE,summary,NA,simulate_extreme_rho,NA,NA,NA,NA,NA,NA,NA,NA,NA,NA,NA,NA,NA,NA,NA,NA,0.02;0.98,NA,NA,NA,NA,NA,NA,NA,NA,NA,NA,NA,NA,NA,NA,NA
E2,E,Zero heterogeneity: all studies have identical true effect,default,metadid,20,0,0,-0.15,0,-0.04,0,0.45,0,0.12,0.5,0,100,100,NA,NA,0,0,FALSE,0,0,FALSE,0,0,0,0,0,0,NA,NA,NA,meta_did,TRUE,FALSE,FALSE,FALSE,TRUE,pooled,by_randomisation,zero,0.5,FALSE,2,differenced,NA,NA,TRUE,summary,NA,NA,NA,NA,NA,NA,NA,NA,NA,NA,NA,NA,NA,NA,NA,NA,NA,NA,NA,NA,NA,NA,NA,NA,NA,NA,NA,NA,NA,NA,NA,NA,NA,NA
E2,E,Zero heterogeneity: all studies have identical true effect,naive,metadid,20,0,0,-0.15,0,-0.04,0,0.45,0,0.12,0.5,0,100,100,NA,NA,0,0,FALSE,0,0,FALSE,0,0,0,0,0,0,NA,NA,NA,meta_did_general,TRUE,FALSE,FALSE,FALSE,TRUE,fixed_zero,fixed_zero,zero,0.5,FALSE,2,differenced,NA,NA,TRUE,summary,NA,NA,NA,NA,NA,NA,NA,NA,NA,NA,NA,NA,NA,NA,NA,NA,NA,NA,NA,NA,NA,NA,NA,NA,NA,NA,NA,NA,NA,NA,NA,NA,NA,NA
E2,E,Zero heterogeneity: all studies have identical true effect,robust,metadid,20,0,0,-0.15,0,-0.04,0,0.45,0,0.12,0.5,0,100,100,NA,NA,0,0,FALSE,0,0,FALSE,0,0,0,0,0,0,NA,NA,NA,meta_did,TRUE,TRUE,FALSE,FALSE,TRUE,pooled,by_randomisation,zero,0.5,FALSE,2,differenced,NA,NA,TRUE,summary,NA,NA,NA,NA,NA,NA,NA,NA,NA,NA,NA,NA,NA,NA,NA,NA,NA,NA,NA,NA,NA,NA,NA,NA,NA,NA,NA,NA,NA,NA,NA,NA,NA,NA
E3,E,Large heterogeneity: tau >> typical effect size,default,metadid,20,0,0,-0.15,0.3,-0.04,0.1,0.45,0.05,0.12,0.5,0,100,100,NA,NA,0,0,FALSE,0,0,FALSE,0,0,0,0,0,0,NA,NA,NA,meta_did,TRUE,FALSE,FALSE,FALSE,TRUE,pooled,by_randomisation,zero,0.5,FALSE,2,differenced,NA,NA,TRUE,summary,NA,NA,NA,NA,NA,NA,NA,NA,NA,NA,NA,NA,NA,NA,NA,NA,NA,NA,NA,NA,NA,NA,NA,NA,NA,NA,NA,NA,NA,NA,NA,NA,NA,NA
E3,E,Large heterogeneity: tau >> typical effect size,naive,metadid,20,0,0,-0.15,0.3,-0.04,0.1,0.45,0.05,0.12,0.5,0,100,100,NA,NA,0,0,FALSE,0,0,FALSE,0,0,0,0,0,0,NA,NA,NA,meta_did_general,TRUE,FALSE,FALSE,FALSE,TRUE,fixed_zero,fixed_zero,zero,0.5,FALSE,2,differenced,NA,NA,TRUE,summary,NA,NA,NA,NA,NA,NA,NA,NA,NA,NA,NA,NA,NA,NA,NA,NA,NA,NA,NA,NA,NA,NA,NA,NA,NA,NA,NA,NA,NA,NA,NA,NA,NA,NA
E3,E,Large heterogeneity: tau >> typical effect size,robust,metadid,20,0,0,-0.15,0.3,-0.04,0.1,0.45,0.05,0.12,0.5,0,100,100,NA,NA,0,0,FALSE,0,0,FALSE,0,0,0,0,0,0,NA,NA,NA,meta_did,TRUE,TRUE,FALSE,FALSE,TRUE,pooled,by_randomisation,zero,0.5,FALSE,2,differenced,NA,NA,TRUE,summary,NA,NA,NA,NA,NA,NA,NA,NA,NA,NA,NA,NA,NA,NA,NA,NA,NA,NA,NA,NA,NA,NA,NA,NA,NA,NA,NA,NA,NA,NA,NA,NA,NA,NA
E4,E,"Unbalanced arms: n_treatment = 200, n_control = 30",default,metadid,20,0,0,-0.15,0.03,-0.04,0.02,0.45,0.05,0.12,0.5,0,30,200,NA,NA,0,0,FALSE,0,0,FALSE,0,0,0,0,0,0,NA,NA,NA,meta_did,TRUE,FALSE,FALSE,FALSE,TRUE,pooled,by_randomisation,zero,0.5,FALSE,2,differenced,NA,NA,TRUE,summary,NA,NA,NA,NA,NA,NA,NA,NA,NA,NA,NA,NA,NA,NA,NA,NA,NA,NA,NA,NA,NA,NA,NA,NA,NA,NA,NA,NA,NA,NA,NA,NA,NA,NA
E4,E,"Unbalanced arms: n_treatment = 200, n_control = 30",naive,metadid,20,0,0,-0.15,0.03,-0.04,0.02,0.45,0.05,0.12,0.5,0,30,200,NA,NA,0,0,FALSE,0,0,FALSE,0,0,0,0,0,0,NA,NA,NA,meta_did_general,TRUE,FALSE,FALSE,FALSE,TRUE,fixed_zero,fixed_zero,zero,0.5,FALSE,2,differenced,NA,NA,TRUE,summary,NA,NA,NA,NA,NA,NA,NA,NA,NA,NA,NA,NA,NA,NA,NA,NA,NA,NA,NA,NA,NA,NA,NA,NA,NA,NA,NA,NA,NA,NA,NA,NA,NA,NA
E4,E,"Unbalanced arms: n_treatment = 200, n_control = 30",robust,metadid,20,0,0,-0.15,0.03,-0.04,0.02,0.45,0.05,0.12,0.5,0,30,200,NA,NA,0,0,FALSE,0,0,FALSE,0,0,0,0,0,0,NA,NA,NA,meta_did,TRUE,TRUE,FALSE,FALSE,TRUE,pooled,by_randomisation,zero,0.5,FALSE,2,differenced,NA,NA,TRUE,summary,NA,NA,NA,NA,NA,NA,NA,NA,NA,NA,NA,NA,NA,NA,NA,NA,NA,NA,NA,NA,NA,NA,NA,NA,NA,NA,NA,NA,NA,NA,NA,NA,NA,NA
E5,E,Single study per design: 1 DiD + 1 RCT + 1 PP,default,metadid,1,1,1,-0.15,0.03,-0.04,0.02,0.45,0.05,0.12,0.5,0,100,100,NA,NA,0,0,FALSE,0,0,FALSE,0,0,0,0,0,0,NA,NA,NA,meta_did,TRUE,FALSE,FALSE,FALSE,TRUE,pooled,by_randomisation,zero,0.5,FALSE,2,differenced,NA,NA,TRUE,summary,NA,NA,NA,NA,NA,NA,NA,NA,NA,NA,NA,NA,NA,NA,NA,NA,NA,NA,NA,NA,NA,NA,NA,NA,NA,NA,NA,NA,NA,NA,NA,NA,NA,NA
E5,E,Single study per design: 1 DiD + 1 RCT + 1 PP,naive,metadid,1,1,1,-0.15,0.03,-0.04,0.02,0.45,0.05,0.12,0.5,0,100,100,NA,NA,0,0,FALSE,0,0,FALSE,0,0,0,0,0,0,NA,NA,NA,meta_did_general,TRUE,FALSE,FALSE,FALSE,TRUE,fixed_zero,fixed_zero,zero,0.5,FALSE,2,differenced,NA,NA,TRUE,summary,NA,NA,NA,NA,NA,NA,NA,NA,NA,NA,NA,NA,NA,NA,NA,NA,NA,NA,NA,NA,NA,NA,NA,NA,NA,NA,NA,NA,NA,NA,NA,NA,NA,NA
E5,E,Single study per design: 1 DiD + 1 RCT + 1 PP,robust,metadid,1,1,1,-0.15,0.03,-0.04,0.02,0.45,0.05,0.12,0.5,0,100,100,NA,NA,0,0,FALSE,0,0,FALSE,0,0,0,0,0,0,NA,NA,NA,meta_did,TRUE,TRUE,FALSE,FALSE,TRUE,pooled,by_randomisation,zero,0.5,FALSE,2,differenced,NA,NA,TRUE,summary,NA,NA,NA,NA,NA,NA,NA,NA,NA,NA,NA,NA,NA,NA,NA,NA,NA,NA,NA,NA,NA,NA,NA,NA,NA,NA,NA,NA,NA,NA,NA,NA,NA,NA
E6,E,Partial rho: hierarchical_rho imputes the missing half from the reported half,default,metadid,20,0,0,-0.15,0.03,-0.04,0.02,0.45,0.05,0.12,0.5,0,100,100,NA,NA,0,0,FALSE,0,0,FALSE,0,0,0,0,0,0,NA,NA,NA,meta_did,TRUE,FALSE,FALSE,FALSE,TRUE,pooled,by_randomisation,zero,0.5,FALSE,2,differenced,NA,NA,0.5,summary,NA,NA,NA,NA,NA,NA,NA,NA,NA,NA,NA,NA,NA,NA,NA,NA,NA,NA,NA,NA,NA,NA,NA,NA,NA,NA,NA,NA,NA,NA,NA,NA,NA,NA
E6,E,Partial rho: hierarchical_rho imputes the missing half from the reported half,naive,metadid,20,0,0,-0.15,0.03,-0.04,0.02,0.45,0.05,0.12,0.5,0,100,100,NA,NA,0,0,FALSE,0,0,FALSE,0,0,0,0,0,0,NA,NA,NA,meta_did_general,TRUE,FALSE,FALSE,FALSE,TRUE,fixed_zero,fixed_zero,zero,0.5,FALSE,2,differenced,NA,NA,TRUE,summary,NA,NA,NA,NA,NA,NA,NA,NA,NA,NA,NA,NA,NA,NA,NA,NA,NA,NA,NA,NA,NA,NA,NA,NA,NA,NA,NA,NA,NA,NA,NA,NA,NA,NA
E6,E,Partial rho: hierarchical_rho imputes the missing half from the reported half,robust,metadid,20,0,0,-0.15,0.03,-0.04,0.02,0.45,0.05,0.12,0.5,0,100,100,NA,NA,0,0,FALSE,0,0,FALSE,0,0,0,0,0,0,NA,NA,NA,meta_did,TRUE,TRUE,FALSE,FALSE,TRUE,pooled,by_randomisation,zero,0.5,FALSE,2,differenced,NA,NA,0.5,summary,NA,NA,NA,NA,NA,NA,NA,NA,NA,NA,NA,NA,NA,NA,NA,NA,NA,NA,NA,NA,NA,NA,NA,NA,NA,NA,NA,NA,NA,NA,NA,NA,NA,NA
A14,A,"Positive effect: true_effect = +0.15, trend = -0.04",default,metadid,20,0,0,0.15,0.03,-0.04,0.02,0.45,0.05,0.12,0.5,0,100,100,NA,NA,0,0,FALSE,0,0,FALSE,0,0,0,0,0,0,NA,NA,NA,meta_did,TRUE,FALSE,FALSE,FALSE,TRUE,pooled,by_randomisation,zero,0.5,FALSE,2,differenced,NA,NA,TRUE,summary,NA,NA,NA,NA,NA,NA,NA,NA,NA,NA,NA,NA,NA,NA,NA,NA,NA,NA,NA,NA,NA,NA,NA,NA,NA,NA,NA,NA,NA,NA,NA,NA,NA,NA
A14,A,"Positive effect: true_effect = +0.15, trend = -0.04",naive,metadid,20,0,0,0.15,0.03,-0.04,0.02,0.45,0.05,0.12,0.5,0,100,100,NA,NA,0,0,FALSE,0,0,FALSE,0,0,0,0,0,0,NA,NA,NA,meta_did_general,TRUE,FALSE,FALSE,FALSE,TRUE,fixed_zero,fixed_zero,zero,0.5,FALSE,2,differenced,NA,NA,TRUE,summary,NA,NA,NA,NA,NA,NA,NA,NA,NA,NA,NA,NA,NA,NA,NA,NA,NA,NA,NA,NA,NA,NA,NA,NA,NA,NA,NA,NA,NA,NA,NA,NA,NA,NA
A14,A,"Positive effect: true_effect = +0.15, trend = -0.04",robust,metadid,20,0,0,0.15,0.03,-0.04,0.02,0.45,0.05,0.12,0.5,0,100,100,NA,NA,0,0,FALSE,0,0,FALSE,0,0,0,0,0,0,NA,NA,NA,meta_did,TRUE,TRUE,FALSE,FALSE,TRUE,pooled,by_randomisation,zero,0.5,FALSE,2,differenced,NA,NA,TRUE,summary,NA,NA,NA,NA,NA,NA,NA,NA,NA,NA,NA,NA,NA,NA,NA,NA,NA,NA,NA,NA,NA,NA,NA,NA,NA,NA,NA,NA,NA,NA,NA,NA,NA,NA
A15,A,"Null effect: true_effect = 0, trend = -0.04",default,metadid,20,0,0,0,0.03,-0.04,0.02,0.45,0.05,0.12,0.5,0,100,100,NA,NA,0,0,FALSE,0,0,FALSE,0,0,0,0,0,0,NA,NA,NA,meta_did,TRUE,FALSE,FALSE,FALSE,TRUE,pooled,by_randomisation,zero,0.5,FALSE,2,differenced,NA,NA,TRUE,summary,NA,NA,NA,NA,NA,NA,NA,NA,NA,NA,NA,NA,NA,NA,NA,NA,NA,NA,NA,NA,NA,NA,NA,NA,NA,NA,NA,NA,NA,NA,NA,NA,NA,NA
A15,A,"Null effect: true_effect = 0, trend = -0.04",naive,metadid,20,0,0,0,0.03,-0.04,0.02,0.45,0.05,0.12,0.5,0,100,100,NA,NA,0,0,FALSE,0,0,FALSE,0,0,0,0,0,0,NA,NA,NA,meta_did_general,TRUE,FALSE,FALSE,FALSE,TRUE,fixed_zero,fixed_zero,zero,0.5,FALSE,2,differenced,NA,NA,TRUE,summary,NA,NA,NA,NA,NA,NA,NA,NA,NA,NA,NA,NA,NA,NA,NA,NA,NA,NA,NA,NA,NA,NA,NA,NA,NA,NA,NA,NA,NA,NA,NA,NA,NA,NA
A15,A,"Null effect: true_effect = 0, trend = -0.04",robust,metadid,20,0,0,0,0.03,-0.04,0.02,0.45,0.05,0.12,0.5,0,100,100,NA,NA,0,0,FALSE,0,0,FALSE,0,0,0,0,0,0,NA,NA,NA,meta_did,TRUE,TRUE,FALSE,FALSE,TRUE,pooled,by_randomisation,zero,0.5,FALSE,2,differenced,NA,NA,TRUE,summary,NA,NA,NA,NA,NA,NA,NA,NA,NA,NA,NA,NA,NA,NA,NA,NA,NA,NA,NA,NA,NA,NA,NA,NA,NA,NA,NA,NA,NA,NA,NA,NA,NA,NA
A16,A,"Positive trend: true_effect = -0.15, trend = +0.04",default,metadid,20,0,0,-0.15,0.03,0.04,0.02,0.45,0.05,0.12,0.5,0,100,100,NA,NA,0,0,FALSE,0,0,FALSE,0,0,0,0,0,0,NA,NA,NA,meta_did,TRUE,FALSE,FALSE,FALSE,TRUE,pooled,by_randomisation,zero,0.5,FALSE,2,differenced,NA,NA,TRUE,summary,NA,NA,NA,NA,NA,NA,NA,NA,NA,NA,NA,NA,NA,NA,NA,NA,NA,NA,NA,NA,NA,NA,NA,NA,NA,NA,NA,NA,NA,NA,NA,NA,NA,NA
A16,A,"Positive trend: true_effect = -0.15, trend = +0.04",naive,metadid,20,0,0,-0.15,0.03,0.04,0.02,0.45,0.05,0.12,0.5,0,100,100,NA,NA,0,0,FALSE,0,0,FALSE,0,0,0,0,0,0,NA,NA,NA,meta_did_general,TRUE,FALSE,FALSE,FALSE,TRUE,fixed_zero,fixed_zero,zero,0.5,FALSE,2,differenced,NA,NA,TRUE,summary,NA,NA,NA,NA,NA,NA,NA,NA,NA,NA,NA,NA,NA,NA,NA,NA,NA,NA,NA,NA,NA,NA,NA,NA,NA,NA,NA,NA,NA,NA,NA,NA,NA,NA
A16,A,"Positive trend: true_effect = -0.15, trend = +0.04",robust,metadid,20,0,0,-0.15,0.03,0.04,0.02,0.45,0.05,0.12,0.5,0,100,100,NA,NA,0,0,FALSE,0,0,FALSE,0,0,0,0,0,0,NA,NA,NA,meta_did,TRUE,TRUE,FALSE,FALSE,TRUE,pooled,by_randomisation,zero,0.5,FALSE,2,differenced,NA,NA,TRUE,summary,NA,NA,NA,NA,NA,NA,NA,NA,NA,NA,NA,NA,NA,NA,NA,NA,NA,NA,NA,NA,NA,NA,NA,NA,NA,NA,NA,NA,NA,NA,NA,NA,NA,NA
A17,A,"Sign mismatch: negative effect (-0.15) with positive trend (+0.04), PP-heavy",default,metadid,10,0,20,-0.15,0.03,0.04,0.02,0.45,0.05,0.12,0.5,0,100,100,NA,NA,0,0,FALSE,0,0,FALSE,0,0,0,0,0,0,NA,NA,NA,meta_did,TRUE,FALSE,FALSE,FALSE,TRUE,pooled,by_randomisation,zero,0.5,FALSE,2,differenced,NA,NA,TRUE,summary,NA,NA,NA,NA,NA,NA,NA,NA,NA,NA,NA,NA,NA,NA,NA,NA,NA,NA,NA,NA,NA,NA,NA,NA,NA,NA,NA,NA,NA,NA,NA,NA,NA,NA
A17,A,"Sign mismatch: negative effect (-0.15) with positive trend (+0.04), PP-heavy",naive,metadid,10,0,20,-0.15,0.03,0.04,0.02,0.45,0.05,0.12,0.5,0,100,100,NA,NA,0,0,FALSE,0,0,FALSE,0,0,0,0,0,0,NA,NA,NA,meta_did_general,TRUE,FALSE,FALSE,FALSE,TRUE,fixed_zero,fixed_zero,zero,0.5,FALSE,2,differenced,NA,NA,TRUE,summary,NA,NA,NA,NA,NA,NA,NA,NA,NA,NA,NA,NA,NA,NA,NA,NA,NA,NA,NA,NA,NA,NA,NA,NA,NA,NA,NA,NA,NA,NA,NA,NA,NA,NA
A17,A,"Sign mismatch: negative effect (-0.15) with positive trend (+0.04), PP-heavy",robust,metadid,10,0,20,-0.15,0.03,0.04,0.02,0.45,0.05,0.12,0.5,0,100,100,NA,NA,0,0,FALSE,0,0,FALSE,0,0,0,0,0,0,NA,NA,NA,meta_did,TRUE,TRUE,FALSE,FALSE,TRUE,pooled,by_randomisation,zero,0.5,FALSE,2,differenced,NA,NA,TRUE,summary,NA,NA,NA,NA,NA,NA,NA,NA,NA,NA,NA,NA,NA,NA,NA,NA,NA,NA,NA,NA,NA,NA,NA,NA,NA,NA,NA,NA,NA,NA,NA,NA,NA,NA
A18,A,"Both positive: true_effect = +0.15, trend = +0.04",default,metadid,20,0,0,0.15,0.03,0.04,0.02,0.45,0.05,0.12,0.5,0,100,100,NA,NA,0,0,FALSE,0,0,FALSE,0,0,0,0,0,0,NA,NA,NA,meta_did,TRUE,FALSE,FALSE,FALSE,TRUE,pooled,by_randomisation,zero,0.5,FALSE,2,differenced,NA,NA,TRUE,summary,NA,NA,NA,NA,NA,NA,NA,NA,NA,NA,NA,NA,NA,NA,NA,NA,NA,NA,NA,NA,NA,NA,NA,NA,NA,NA,NA,NA,NA,NA,NA,NA,NA,NA
A18,A,"Both positive: true_effect = +0.15, trend = +0.04",naive,metadid,20,0,0,0.15,0.03,0.04,0.02,0.45,0.05,0.12,0.5,0,100,100,NA,NA,0,0,FALSE,0,0,FALSE,0,0,0,0,0,0,NA,NA,NA,meta_did_general,TRUE,FALSE,FALSE,FALSE,TRUE,fixed_zero,fixed_zero,zero,0.5,FALSE,2,differenced,NA,NA,TRUE,summary,NA,NA,NA,NA,NA,NA,NA,NA,NA,NA,NA,NA,NA,NA,NA,NA,NA,NA,NA,NA,NA,NA,NA,NA,NA,NA,NA,NA,NA,NA,NA,NA,NA,NA
A18,A,"Both positive: true_effect = +0.15, trend = +0.04",robust,metadid,20,0,0,0.15,0.03,0.04,0.02,0.45,0.05,0.12,0.5,0,100,100,NA,NA,0,0,FALSE,0,0,FALSE,0,0,0,0,0,0,NA,NA,NA,meta_did,TRUE,TRUE,FALSE,FALSE,TRUE,pooled,by_randomisation,zero,0.5,FALSE,2,differenced,NA,NA,TRUE,summary,NA,NA,NA,NA,NA,NA,NA,NA,NA,NA,NA,NA,NA,NA,NA,NA,NA,NA,NA,NA,NA,NA,NA,NA,NA,NA,NA,NA,NA,NA,NA,NA,NA,NA
G1,G,"Prior sensitivity: effect/trend prior sd = 1 (unnormalised, 20 DiD)",default,metadid,20,0,0,-0.15,0.03,-0.04,0.02,0.45,0.05,0.12,0.5,0,100,100,NA,NA,0,0,FALSE,0,0,FALSE,0,0,0,0,0,0,NA,NA,NA,meta_did,FALSE,FALSE,FALSE,FALSE,TRUE,pooled,by_randomisation,zero,0.5,FALSE,2,differenced,NA,NA,TRUE,summary,NA,NA,NA,NA,NA,NA,NA,NA,NA,NA,NA,NA,NA,NA,NA,NA,NA,NA,NA,"structure(list(treatment_effect_mean = structure(list(dist = ""normal"",      mean = 0, sd = 1), class = ""did_prior""), treatment_effect_sd = structure(list(     dist = ""cauchy"", scale = 5), class = ""did_prior""), time_trend_mean = structure(list(     dist = ""normal"", mean = 0, sd = 1), class = ""did_prior""),      time_trend_sd = structure(list(dist = ""cauchy"", scale = 5), class = ""did_prior""),      rho_mean = structure(list(dist = ""normal"", mean = 0, sd = 1), class = ""did_prior""),      rho_sd = structure(list(dist = ""normal"", mean = 0, sd = 0.5), class = ""did_prior""),      nu = structure(list(dist = ""gamma"", shape = 2, rate = 0.1), class = ""did_prior""),      delta_rct = structure(list(dist = ""normal"", mean = 0, sd = 10), class = ""did_prior""),      delta_pp = structure(list(dist = ""normal"", mean = 0, sd = 10), class = ""did_prior""),      sigma = structure(list(dist = ""cauchy"", scale = 5), class = ""did_prior""),      beta_cov = structure(list(dist = ""normal"", mean = 0, sd = 10), class = ""did_prior""),      lkj_eta = structure(list(dist = ""lkj"", eta = 2), class = ""did_prior""),      baseline_difference_mean = structure(list(dist = ""normal"",          mean = 0, sd = 0.05), class = ""did_prior""), baseline_difference_sd = structure(list(         dist = ""cauchy"", scale = 0.1), class = ""did_prior""),      kappa = structure(list(dist = ""normal"", mean = 0, sd = 0.5), class = ""did_prior""),      multiplier = structure(list(dist = ""lognormal"", meanlog = 0,          sdlog = 0.7), class = ""did_prior"")), class = ""did_priors"")",NA,NA,NA,NA,NA,NA,NA,NA,NA,NA,NA,NA,NA,NA
G2,G,"Prior sensitivity: effect/trend prior sd = 5 (unnormalised, 20 DiD)",default,metadid,20,0,0,-0.15,0.03,-0.04,0.02,0.45,0.05,0.12,0.5,0,100,100,NA,NA,0,0,FALSE,0,0,FALSE,0,0,0,0,0,0,NA,NA,NA,meta_did,FALSE,FALSE,FALSE,FALSE,TRUE,pooled,by_randomisation,zero,0.5,FALSE,2,differenced,NA,NA,TRUE,summary,NA,NA,NA,NA,NA,NA,NA,NA,NA,NA,NA,NA,NA,NA,NA,NA,NA,NA,NA,"structure(list(treatment_effect_mean = structure(list(dist = ""normal"",      mean = 0, sd = 5), class = ""did_prior""), treatment_effect_sd = structure(list(     dist = ""cauchy"", scale = 5), class = ""did_prior""), time_trend_mean = structure(list(     dist = ""normal"", mean = 0, sd = 5), class = ""did_prior""),      time_trend_sd = structure(list(dist = ""cauchy"", scale = 5), class = ""did_prior""),      rho_mean = structure(list(dist = ""normal"", mean = 0, sd = 1), class = ""did_prior""),      rho_sd = structure(list(dist = ""normal"", mean = 0, sd = 0.5), class = ""did_prior""),      nu = structure(list(dist = ""gamma"", shape = 2, rate = 0.1), class = ""did_prior""),      delta_rct = structure(list(dist = ""normal"", mean = 0, sd = 10), class = ""did_prior""),      delta_pp = structure(list(dist = ""normal"", mean = 0, sd = 10), class = ""did_prior""),      sigma = structure(list(dist = ""cauchy"", scale = 5), class = ""did_prior""),      beta_cov = structure(list(dist = ""normal"", mean = 0, sd = 10), class = ""did_prior""),      lkj_eta = structure(list(dist = ""lkj"", eta = 2), class = ""did_prior""),      baseline_difference_mean = structure(list(dist = ""normal"",          mean = 0, sd = 0.05), class = ""did_prior""), baseline_difference_sd = structure(list(         dist = ""cauchy"", scale = 0.1), class = ""did_prior""),      kappa = structure(list(dist = ""normal"", mean = 0, sd = 0.5), class = ""did_prior""),      multiplier = structure(list(dist = ""lognormal"", meanlog = 0,          sdlog = 0.7), class = ""did_prior"")), class = ""did_priors"")",NA,NA,NA,NA,NA,NA,NA,NA,NA,NA,NA,NA,NA,NA
G3,G,"Prior sensitivity: effect/trend prior sd = 10 (default, unnormalised, 20 DiD)",default,metadid,20,0,0,-0.15,0.03,-0.04,0.02,0.45,0.05,0.12,0.5,0,100,100,NA,NA,0,0,FALSE,0,0,FALSE,0,0,0,0,0,0,NA,NA,NA,meta_did,FALSE,FALSE,FALSE,FALSE,TRUE,pooled,by_randomisation,zero,0.5,FALSE,2,differenced,NA,NA,TRUE,summary,NA,NA,NA,NA,NA,NA,NA,NA,NA,NA,NA,NA,NA,NA,NA,NA,NA,NA,NA,"structure(list(treatment_effect_mean = structure(list(dist = ""normal"",      mean = 0, sd = 10), class = ""did_prior""), treatment_effect_sd = structure(list(     dist = ""cauchy"", scale = 5), class = ""did_prior""), time_trend_mean = structure(list(     dist = ""normal"", mean = 0, sd = 10), class = ""did_prior""),      time_trend_sd = structure(list(dist = ""cauchy"", scale = 5), class = ""did_prior""),      rho_mean = structure(list(dist = ""normal"", mean = 0, sd = 1), class = ""did_prior""),      rho_sd = structure(list(dist = ""normal"", mean = 0, sd = 0.5), class = ""did_prior""),      nu = structure(list(dist = ""gamma"", shape = 2, rate = 0.1), class = ""did_prior""),      delta_rct = structure(list(dist = ""normal"", mean = 0, sd = 10), class = ""did_prior""),      delta_pp = structure(list(dist = ""normal"", mean = 0, sd = 10), class = ""did_prior""),      sigma = structure(list(dist = ""cauchy"", scale = 5), class = ""did_prior""),      beta_cov = structure(list(dist = ""normal"", mean = 0, sd = 10), class = ""did_prior""),      lkj_eta = structure(list(dist = ""lkj"", eta = 2), class = ""did_prior""),      baseline_difference_mean = structure(list(dist = ""normal"",          mean = 0, sd = 0.05), class = ""did_prior""), baseline_difference_sd = structure(list(         dist = ""cauchy"", scale = 0.1), class = ""did_prior""),      kappa = structure(list(dist = ""normal"", mean = 0, sd = 0.5), class = ""did_prior""),      multiplier = structure(list(dist = ""lognormal"", meanlog = 0,          sdlog = 0.7), class = ""did_prior"")), class = ""did_priors"")",NA,NA,NA,NA,NA,NA,NA,NA,NA,NA,NA,NA,NA,NA
G4,G,"Prior sensitivity: effect/trend prior sd = 50 (unnormalised, 20 DiD)",default,metadid,20,0,0,-0.15,0.03,-0.04,0.02,0.45,0.05,0.12,0.5,0,100,100,NA,NA,0,0,FALSE,0,0,FALSE,0,0,0,0,0,0,NA,NA,NA,meta_did,FALSE,FALSE,FALSE,FALSE,TRUE,pooled,by_randomisation,zero,0.5,FALSE,2,differenced,NA,NA,TRUE,summary,NA,NA,NA,NA,NA,NA,NA,NA,NA,NA,NA,NA,NA,NA,NA,NA,NA,NA,NA,"structure(list(treatment_effect_mean = structure(list(dist = ""normal"",      mean = 0, sd = 50), class = ""did_prior""), treatment_effect_sd = structure(list(     dist = ""cauchy"", scale = 5), class = ""did_prior""), time_trend_mean = structure(list(     dist = ""normal"", mean = 0, sd = 50), class = ""did_prior""),      time_trend_sd = structure(list(dist = ""cauchy"", scale = 5), class = ""did_prior""),      rho_mean = structure(list(dist = ""normal"", mean = 0, sd = 1), class = ""did_prior""),      rho_sd = structure(list(dist = ""normal"", mean = 0, sd = 0.5), class = ""did_prior""),      nu = structure(list(dist = ""gamma"", shape = 2, rate = 0.1), class = ""did_prior""),      delta_rct = structure(list(dist = ""normal"", mean = 0, sd = 10), class = ""did_prior""),      delta_pp = structure(list(dist = ""normal"", mean = 0, sd = 10), class = ""did_prior""),      sigma = structure(list(dist = ""cauchy"", scale = 5), class = ""did_prior""),      beta_cov = structure(list(dist = ""normal"", mean = 0, sd = 10), class = ""did_prior""),      lkj_eta = structure(list(dist = ""lkj"", eta = 2), class = ""did_prior""),      baseline_difference_mean = structure(list(dist = ""normal"",          mean = 0, sd = 0.05), class = ""did_prior""), baseline_difference_sd = structure(list(         dist = ""cauchy"", scale = 0.1), class = ""did_prior""),      kappa = structure(list(dist = ""normal"", mean = 0, sd = 0.5), class = ""did_prior""),      multiplier = structure(list(dist = ""lognormal"", meanlog = 0,          sdlog = 0.7), class = ""did_prior"")), class = ""did_priors"")",NA,NA,NA,NA,NA,NA,NA,NA,NA,NA,NA,NA,NA,NA
G5,G,"Prior sensitivity: effect/trend prior sd = 100 (unnormalised, 20 DiD)",default,metadid,20,0,0,-0.15,0.03,-0.04,0.02,0.45,0.05,0.12,0.5,0,100,100,NA,NA,0,0,FALSE,0,0,FALSE,0,0,0,0,0,0,NA,NA,NA,meta_did,FALSE,FALSE,FALSE,FALSE,TRUE,pooled,by_randomisation,zero,0.5,FALSE,2,differenced,NA,NA,TRUE,summary,NA,NA,NA,NA,NA,NA,NA,NA,NA,NA,NA,NA,NA,NA,NA,NA,NA,NA,NA,"structure(list(treatment_effect_mean = structure(list(dist = ""normal"",      mean = 0, sd = 100), class = ""did_prior""), treatment_effect_sd = structure(list(     dist = ""cauchy"", scale = 5), class = ""did_prior""), time_trend_mean = structure(list(     dist = ""normal"", mean = 0, sd = 100), class = ""did_prior""),      time_trend_sd = structure(list(dist = ""cauchy"", scale = 5), class = ""did_prior""),      rho_mean = structure(list(dist = ""normal"", mean = 0, sd = 1), class = ""did_prior""),      rho_sd = structure(list(dist = ""normal"", mean = 0, sd = 0.5), class = ""did_prior""),      nu = structure(list(dist = ""gamma"", shape = 2, rate = 0.1), class = ""did_prior""),      delta_rct = structure(list(dist = ""normal"", mean = 0, sd = 10), class = ""did_prior""),      delta_pp = structure(list(dist = ""normal"", mean = 0, sd = 10), class = ""did_prior""),      sigma = structure(list(dist = ""cauchy"", scale = 5), class = ""did_prior""),      beta_cov = structure(list(dist = ""normal"", mean = 0, sd = 10), class = ""did_prior""),      lkj_eta = structure(list(dist = ""lkj"", eta = 2), class = ""did_prior""),      baseline_difference_mean = structure(list(dist = ""normal"",          mean = 0, sd = 0.05), class = ""did_prior""), baseline_difference_sd = structure(list(         dist = ""cauchy"", scale = 0.1), class = ""did_prior""),      kappa = structure(list(dist = ""normal"", mean = 0, sd = 0.5), class = ""did_prior""),      multiplier = structure(list(dist = ""lognormal"", meanlog = 0,          sdlog = 0.7), class = ""did_prior"")), class = ""did_priors"")",NA,NA,NA,NA,NA,NA,NA,NA,NA,NA,NA,NA,NA,NA
G6,G,"Jensen's test: baseline_sd = 0, no between-study variation (200 DiD)",default,metadid,200,0,0,-0.15,0.03,-0.04,0.02,0.45,0,0.12,0.5,0,100,100,NA,NA,0,0,FALSE,0,0,FALSE,0,0,0,0,0,0,NA,NA,NA,meta_did,TRUE,FALSE,FALSE,FALSE,TRUE,pooled,by_randomisation,zero,0.5,FALSE,2,differenced,NA,NA,TRUE,summary,NA,NA,NA,NA,NA,NA,NA,NA,NA,NA,NA,NA,NA,NA,NA,NA,NA,NA,NA,NA,NA,NA,NA,NA,NA,NA,NA,NA,NA,NA,NA,NA,NA,NA
G7,G,"Jensen's test: baseline_sd = 0.01, reduced variation (200 DiD)",default,metadid,200,0,0,-0.15,0.03,-0.04,0.02,0.45,0.01,0.12,0.5,0,100,100,NA,NA,0,0,FALSE,0,0,FALSE,0,0,0,0,0,0,NA,NA,NA,meta_did,TRUE,FALSE,FALSE,FALSE,TRUE,pooled,by_randomisation,zero,0.5,FALSE,2,differenced,NA,NA,TRUE,summary,NA,NA,NA,NA,NA,NA,NA,NA,NA,NA,NA,NA,NA,NA,NA,NA,NA,NA,NA,NA,NA,NA,NA,NA,NA,NA,NA,NA,NA,NA,NA,NA,NA,NA
G8,G,"Jensen's test: baseline_sd = 0.10, amplified variation (100 DiD)",default,metadid,100,0,0,-0.15,0.03,-0.04,0.02,0.45,0.1,0.12,0.5,0,100,100,NA,NA,0,0,FALSE,0,0,FALSE,0,0,0,0,0,0,NA,NA,NA,meta_did,TRUE,FALSE,FALSE,FALSE,TRUE,pooled,by_randomisation,zero,0.5,FALSE,2,differenced,NA,NA,TRUE,summary,NA,NA,NA,NA,NA,NA,NA,NA,NA,NA,NA,NA,NA,NA,NA,NA,NA,NA,NA,NA,NA,NA,NA,NA,NA,NA,NA,NA,NA,NA,NA,NA,NA,NA
G9,G,"Jensen's test: n_control = 5000, high within-study precision (100 DiD)",default,metadid,100,0,0,-0.15,0.03,-0.04,0.02,0.45,0.05,0.12,0.5,0,5000,100,NA,NA,0,0,FALSE,0,0,FALSE,0,0,0,0,0,0,NA,NA,NA,meta_did,TRUE,FALSE,FALSE,FALSE,TRUE,pooled,by_randomisation,zero,0.5,FALSE,2,differenced,NA,NA,TRUE,summary,NA,NA,NA,NA,NA,NA,NA,NA,NA,NA,NA,NA,NA,NA,NA,NA,NA,NA,NA,NA,NA,NA,NA,NA,NA,NA,NA,NA,NA,NA,NA,NA,NA,NA
H1,H,"Skewed trends: beta_i ~ -LogNormal (mean = -0.04, log-SD = 1), 15 DiD + 15 PP",full_normal,bespoke,15,0,15,-0.15,0.03,-0.04,0.052,0.45,0.05,0.12,0.5,0,100,100,NA,NA,0,0,FALSE,0,0,FALSE,0,0,0,0,0,0,NA,NA,NA,meta_did,TRUE,FALSE,FALSE,FALSE,TRUE,pooled,by_randomisation,zero,0.5,FALSE,2,differenced,NA,NA,TRUE,summary,full_normal,simulate_lognormal_trends,NA,NA,NA,NA,NA,NA,NA,NA,NA,NA,NA,NA,NA,NA,NA,NA,NA,NA,1,NA,NA,NA,NA,NA,NA,NA,NA,NA,NA,NA,NA,NA
H1,H,"Skewed trends: beta_i ~ -LogNormal (mean = -0.04, log-SD = 1), 15 DiD + 15 PP",full_robust,bespoke,15,0,15,-0.15,0.03,-0.04,0.052,0.45,0.05,0.12,0.5,0,100,100,NA,NA,0,0,FALSE,0,0,FALSE,0,0,0,0,0,0,NA,NA,NA,meta_did,TRUE,TRUE,FALSE,FALSE,TRUE,pooled,by_randomisation,zero,0.5,FALSE,2,differenced,NA,NA,TRUE,summary,full_robust,simulate_lognormal_trends,NA,NA,NA,NA,NA,NA,NA,NA,NA,NA,NA,NA,NA,NA,NA,NA,NA,NA,1,NA,NA,NA,NA,NA,NA,NA,NA,NA,NA,NA,NA,NA
H1,H,"Skewed trends: beta_i ~ -LogNormal (mean = -0.04, log-SD = 1), 15 DiD + 15 PP",naive,bespoke,15,0,15,-0.15,0.03,-0.04,0.052,0.45,0.05,0.12,0.5,0,100,100,NA,NA,0,0,FALSE,0,0,FALSE,0,0,0,0,0,0,NA,NA,NA,meta_did_general,TRUE,FALSE,FALSE,FALSE,TRUE,fixed_zero,fixed_zero,zero,0.5,FALSE,2,differenced,NA,NA,TRUE,summary,naive,simulate_lognormal_trends,NA,NA,NA,NA,NA,NA,NA,NA,NA,NA,NA,NA,NA,NA,NA,NA,NA,NA,1,NA,NA,NA,NA,NA,NA,NA,NA,NA,NA,NA,NA,NA
H2,H,"Bimodal trends: 50/50 mixture N(-0.10, 0.01) + N(-0.01, 0.01), 15 DiD + 15 PP",full_normal,bespoke,15,0,15,-0.15,0.03,-0.055,0.046,0.45,0.05,0.12,0.5,0,100,100,NA,NA,0,0,FALSE,0,0,FALSE,0,0,0,0,0,0,NA,NA,NA,meta_did,TRUE,FALSE,FALSE,FALSE,TRUE,pooled,by_randomisation,zero,0.5,FALSE,2,differenced,NA,NA,TRUE,summary,full_normal,simulate_bimodal_trends,NA,NA,NA,NA,NA,NA,NA,NA,NA,NA,NA,NA,NA,NA,NA,NA,NA,NA,NA,-0.1,-0.01,0.5,0.01,NA,NA,NA,NA,NA,NA,NA,NA,NA
H2,H,"Bimodal trends: 50/50 mixture N(-0.10, 0.01) + N(-0.01, 0.01), 15 DiD + 15 PP",full_robust,bespoke,15,0,15,-0.15,0.03,-0.055,0.046,0.45,0.05,0.12,0.5,0,100,100,NA,NA,0,0,FALSE,0,0,FALSE,0,0,0,0,0,0,NA,NA,NA,meta_did,TRUE,TRUE,FALSE,FALSE,TRUE,pooled,by_randomisation,zero,0.5,FALSE,2,differenced,NA,NA,TRUE,summary,full_robust,simulate_bimodal_trends,NA,NA,NA,NA,NA,NA,NA,NA,NA,NA,NA,NA,NA,NA,NA,NA,NA,NA,NA,-0.1,-0.01,0.5,0.01,NA,NA,NA,NA,NA,NA,NA,NA,NA
H2,H,"Bimodal trends: 50/50 mixture N(-0.10, 0.01) + N(-0.01, 0.01), 15 DiD + 15 PP",naive,bespoke,15,0,15,-0.15,0.03,-0.055,0.046,0.45,0.05,0.12,0.5,0,100,100,NA,NA,0,0,FALSE,0,0,FALSE,0,0,0,0,0,0,NA,NA,NA,meta_did_general,TRUE,FALSE,FALSE,FALSE,TRUE,fixed_zero,fixed_zero,zero,0.5,FALSE,2,differenced,NA,NA,TRUE,summary,naive,simulate_bimodal_trends,NA,NA,NA,NA,NA,NA,NA,NA,NA,NA,NA,NA,NA,NA,NA,NA,NA,NA,NA,-0.1,-0.01,0.5,0.01,NA,NA,NA,NA,NA,NA,NA,NA,NA
H3,H,"Large trend variance: sigma_trend = 0.10 (5x default), 15 DiD + 15 PP",full_normal,metadid,15,0,15,-0.15,0.03,-0.04,0.1,0.45,0.05,0.12,0.5,0,100,100,NA,NA,0,0,FALSE,0,0,FALSE,0,0,0,0,0,0,NA,NA,NA,meta_did,TRUE,FALSE,FALSE,FALSE,TRUE,pooled,by_randomisation,zero,0.5,FALSE,2,differenced,NA,NA,TRUE,summary,full_normal,NA,NA,NA,NA,NA,NA,NA,NA,NA,NA,NA,NA,NA,NA,NA,NA,NA,NA,NA,NA,NA,NA,NA,NA,NA,NA,NA,NA,NA,NA,NA,NA,NA
H3,H,"Large trend variance: sigma_trend = 0.10 (5x default), 15 DiD + 15 PP",full_robust,metadid,15,0,15,-0.15,0.03,-0.04,0.1,0.45,0.05,0.12,0.5,0,100,100,NA,NA,0,0,FALSE,0,0,FALSE,0,0,0,0,0,0,NA,NA,NA,meta_did,TRUE,TRUE,FALSE,FALSE,TRUE,pooled,by_randomisation,zero,0.5,FALSE,2,differenced,NA,NA,TRUE,summary,full_robust,NA,NA,NA,NA,NA,NA,NA,NA,NA,NA,NA,NA,NA,NA,NA,NA,NA,NA,NA,NA,NA,NA,NA,NA,NA,NA,NA,NA,NA,NA,NA,NA,NA
H3,H,"Large trend variance: sigma_trend = 0.10 (5x default), 15 DiD + 15 PP",naive,metadid,15,0,15,-0.15,0.03,-0.04,0.1,0.45,0.05,0.12,0.5,0,100,100,NA,NA,0,0,FALSE,0,0,FALSE,0,0,0,0,0,0,NA,NA,NA,meta_did_general,TRUE,FALSE,FALSE,FALSE,TRUE,fixed_zero,fixed_zero,zero,0.5,FALSE,2,differenced,NA,NA,TRUE,summary,naive,NA,NA,NA,NA,NA,NA,NA,NA,NA,NA,NA,NA,NA,NA,NA,NA,NA,NA,NA,NA,NA,NA,NA,NA,NA,NA,NA,NA,NA,NA,NA,NA,NA
H4,H,"Trend-size confounding: DiD n ~ U(30,70), PP n ~ U(150,250), 15 DiD + 15 PP",full_normal,bespoke,15,0,15,-0.15,0.03,-0.04,0.02,0.45,0.05,0.12,0.5,0,100,100,NA,NA,0,0,FALSE,0,0,FALSE,0,0,0,0,0,0,NA,NA,NA,meta_did,TRUE,FALSE,FALSE,FALSE,TRUE,pooled,by_randomisation,zero,0.5,FALSE,2,differenced,NA,NA,TRUE,summary,full_normal,simulate_trend_size_corr,NA,NA,NA,NA,NA,NA,NA,NA,NA,NA,NA,NA,NA,NA,NA,NA,NA,NA,NA,NA,NA,NA,NA,3e-04,30,70,150,250,NA,NA,NA,NA
H4,H,"Trend-size confounding: DiD n ~ U(30,70), PP n ~ U(150,250), 15 DiD + 15 PP",full_robust,bespoke,15,0,15,-0.15,0.03,-0.04,0.02,0.45,0.05,0.12,0.5,0,100,100,NA,NA,0,0,FALSE,0,0,FALSE,0,0,0,0,0,0,NA,NA,NA,meta_did,TRUE,TRUE,FALSE,FALSE,TRUE,pooled,by_randomisation,zero,0.5,FALSE,2,differenced,NA,NA,TRUE,summary,full_robust,simulate_trend_size_corr,NA,NA,NA,NA,NA,NA,NA,NA,NA,NA,NA,NA,NA,NA,NA,NA,NA,NA,NA,NA,NA,NA,NA,3e-04,30,70,150,250,NA,NA,NA,NA
H4,H,"Trend-size confounding: DiD n ~ U(30,70), PP n ~ U(150,250), 15 DiD + 15 PP",naive,bespoke,15,0,15,-0.15,0.03,-0.04,0.02,0.45,0.05,0.12,0.5,0,100,100,NA,NA,0,0,FALSE,0,0,FALSE,0,0,0,0,0,0,NA,NA,NA,meta_did_general,TRUE,FALSE,FALSE,FALSE,TRUE,fixed_zero,fixed_zero,zero,0.5,FALSE,2,differenced,NA,NA,TRUE,summary,naive,simulate_trend_size_corr,NA,NA,NA,NA,NA,NA,NA,NA,NA,NA,NA,NA,NA,NA,NA,NA,NA,NA,NA,NA,NA,NA,NA,3e-04,30,70,150,250,NA,NA,NA,NA
I1,I,"Multiplicative covariate: binary balanced, 20 DiD",modelled,bespoke,20,0,0,-0.15,0.03,-0.04,0.02,0.45,0.05,0.12,0.5,0,100,100,NA,NA,0,0,FALSE,0,0,FALSE,0,0,0,0,0,0,NA,NA,NA,meta_did,TRUE,FALSE,FALSE,FALSE,TRUE,pooled,by_randomisation,zero,0.5,FALSE,2,differenced,NA,level,TRUE,summary,modelled,simulate_multiplicative_levels,NA,NA,NA,NA,NA,NA,NA,NA,NA,NA,NA,NA,NA,NA,NA,NA,NA,NA,NA,NA,NA,NA,NA,NA,NA,NA,NA,NA,1;2;1;2;1;2;1;2;1;2;1;2;1;2;1;2;1;2;1;2,1;0.6,NA,NA
I1,I,"Multiplicative covariate: binary balanced, 20 DiD",raw,bespoke,20,0,0,-0.15,0.03,-0.04,0.02,0.45,0.05,0.12,0.5,0,100,100,NA,NA,0,0,FALSE,0,0,FALSE,0,0,0,0,0,0,NA,NA,NA,meta_did,FALSE,FALSE,FALSE,FALSE,TRUE,pooled,by_randomisation,zero,0.5,FALSE,2,differenced,NA,level,TRUE,summary,raw,simulate_multiplicative_levels,NA,NA,NA,NA,NA,NA,NA,NA,NA,NA,NA,NA,NA,NA,NA,NA,NA,NA,NA,NA,NA,NA,NA,NA,NA,NA,NA,NA,1;2;1;2;1;2;1;2;1;2;1;2;1;2;1;2;1;2;1;2,1;0.6,NA,NA
I2,I,"Multiplicative covariate: three-level categorical, 30 DiD",modelled,bespoke,30,0,0,-0.15,0.03,-0.04,0.02,0.45,0.05,0.12,0.5,0,100,100,NA,NA,0,0,FALSE,0,0,FALSE,0,0,0,0,0,0,NA,NA,NA,meta_did,TRUE,FALSE,FALSE,FALSE,TRUE,pooled,by_randomisation,zero,0.5,FALSE,2,differenced,NA,level,TRUE,summary,modelled,simulate_multiplicative_levels,NA,NA,NA,NA,NA,NA,NA,NA,NA,NA,NA,NA,NA,NA,NA,NA,NA,NA,NA,NA,NA,NA,NA,NA,NA,NA,NA,NA,1;2;3;1;2;3;1;2;3;1;2;3;1;2;3;1;2;3;1;2;3;1;2;3;1;2;3;1;2;3,1;0.7;0.4,NA,NA
I2,I,"Multiplicative covariate: three-level categorical, 30 DiD",raw,bespoke,30,0,0,-0.15,0.03,-0.04,0.02,0.45,0.05,0.12,0.5,0,100,100,NA,NA,0,0,FALSE,0,0,FALSE,0,0,0,0,0,0,NA,NA,NA,meta_did,FALSE,FALSE,FALSE,FALSE,TRUE,pooled,by_randomisation,zero,0.5,FALSE,2,differenced,NA,level,TRUE,summary,raw,simulate_multiplicative_levels,NA,NA,NA,NA,NA,NA,NA,NA,NA,NA,NA,NA,NA,NA,NA,NA,NA,NA,NA,NA,NA,NA,NA,NA,NA,NA,NA,NA,1;2;3;1;2;3;1;2;3;1;2;3;1;2;3;1;2;3;1;2;3;1;2;3;1;2;3;1;2;3,1;0.7;0.4,NA,NA
I3,I,"Multiplicative + additive: binary multiplier × continuous dose, 30 DiD",modelled,bespoke,30,0,0,-0.15,0.03,-0.04,0.02,0.45,0.05,0.12,0.5,0,100,100,data.frame(dose),-0.04,0,0,FALSE,0,0,FALSE,0,0,0,0,0,0,NA,NA,NA,meta_did,TRUE,FALSE,FALSE,FALSE,TRUE,pooled,by_randomisation,zero,0.5,FALSE,2,differenced,~dose,level,TRUE,summary,modelled,simulate_multiplicative_levels,NA,NA,NA,NA,NA,NA,NA,NA,NA,NA,NA,NA,NA,NA,NA,NA,NA,NA,NA,NA,NA,NA,NA,NA,NA,NA,NA,NA,1;2;1;2;1;2;1;2;1;2;1;2;1;2;1;2;1;2;1;2;1;2;1;2;1;2;1;2;1;2,1;0.6,NA,NA
I3,I,"Multiplicative + additive: binary multiplier × continuous dose, 30 DiD",raw,bespoke,30,0,0,-0.15,0.03,-0.04,0.02,0.45,0.05,0.12,0.5,0,100,100,data.frame(dose),-0.04,0,0,FALSE,0,0,FALSE,0,0,0,0,0,0,NA,NA,NA,meta_did,FALSE,FALSE,FALSE,FALSE,TRUE,pooled,by_randomisation,zero,0.5,FALSE,2,differenced,~dose,level,TRUE,summary,raw,simulate_multiplicative_levels,NA,NA,NA,NA,NA,NA,NA,NA,NA,NA,NA,NA,NA,NA,NA,NA,NA,NA,NA,NA,NA,NA,NA,NA,NA,NA,NA,NA,1;2;1;2;1;2;1;2;1;2;1;2;1;2;1;2;1;2;1;2;1;2;1;2;1;2;1;2;1;2,1;0.6,NA,NA
I4,I,"Multiplicative covariate: mixed designs (10 DiD + 10 RCT + 10 PP), binary",modelled,bespoke,10,10,10,-0.15,0.03,-0.04,0.02,0.45,0.05,0.12,0.5,0,100,100,NA,NA,0,0,FALSE,0,0,FALSE,0,0,0,0,0,0,NA,NA,NA,meta_did,TRUE,FALSE,FALSE,FALSE,TRUE,pooled,by_randomisation,zero,0.5,FALSE,2,differenced,NA,level,TRUE,summary,modelled,simulate_multiplicative_levels,NA,NA,NA,NA,NA,NA,NA,NA,NA,NA,NA,NA,NA,NA,NA,NA,NA,NA,NA,NA,NA,NA,NA,NA,NA,NA,NA,NA,1;2;1;2;1;2;1;2;1;2;1;2;1;2;1;2;1;2;1;2;1;2;1;2;1;2;1;2;1;2,1;0.6,NA,NA
I4,I,"Multiplicative covariate: mixed designs (10 DiD + 10 RCT + 10 PP), binary",raw,bespoke,10,10,10,-0.15,0.03,-0.04,0.02,0.45,0.05,0.12,0.5,0,100,100,NA,NA,0,0,FALSE,0,0,FALSE,0,0,0,0,0,0,NA,NA,NA,meta_did,FALSE,FALSE,FALSE,FALSE,TRUE,pooled,by_randomisation,zero,0.5,FALSE,2,differenced,NA,level,TRUE,summary,raw,simulate_multiplicative_levels,NA,NA,NA,NA,NA,NA,NA,NA,NA,NA,NA,NA,NA,NA,NA,NA,NA,NA,NA,NA,NA,NA,NA,NA,NA,NA,NA,NA,1;2;1;2;1;2;1;2;1;2;1;2;1;2;1;2;1;2;1;2;1;2;1;2;1;2;1;2;1;2,1;0.6,NA,NA
I5,I,"Omit-multiplier misspecification: truth has binary multiplier, fit with vs without (× modelled/raw)",with_modelled,bespoke,30,0,0,-0.15,0.03,-0.04,0.02,0.45,0.05,0.12,0.5,0,100,100,NA,NA,0,0,FALSE,0,0,FALSE,0,0,0,0,0,0,NA,NA,NA,meta_did,TRUE,FALSE,FALSE,FALSE,TRUE,pooled,by_randomisation,zero,0.5,FALSE,2,differenced,NA,level,TRUE,summary,with_modelled,simulate_multiplicative_levels,NA,NA,NA,NA,NA,NA,NA,NA,NA,NA,NA,NA,NA,NA,NA,NA,NA,NA,NA,NA,NA,NA,NA,NA,NA,NA,NA,NA,1;2;1;2;1;2;1;2;1;2;1;2;1;2;1;2;1;2;1;2;1;2;1;2;1;2;1;2;1;2,1;0.6,NA,NA
I5,I,"Omit-multiplier misspecification: truth has binary multiplier, fit with vs without (× modelled/raw)",with_raw,bespoke,30,0,0,-0.15,0.03,-0.04,0.02,0.45,0.05,0.12,0.5,0,100,100,NA,NA,0,0,FALSE,0,0,FALSE,0,0,0,0,0,0,NA,NA,NA,meta_did,FALSE,FALSE,FALSE,FALSE,TRUE,pooled,by_randomisation,zero,0.5,FALSE,2,differenced,NA,level,TRUE,summary,with_raw,simulate_multiplicative_levels,NA,NA,NA,NA,NA,NA,NA,NA,NA,NA,NA,NA,NA,NA,NA,NA,NA,NA,NA,NA,NA,NA,NA,NA,NA,NA,NA,NA,1;2;1;2;1;2;1;2;1;2;1;2;1;2;1;2;1;2;1;2;1;2;1;2;1;2;1;2;1;2,1;0.6,NA,NA
I5,I,"Omit-multiplier misspecification: truth has binary multiplier, fit with vs without (× modelled/raw)",without_modelled,bespoke,30,0,0,-0.15,0.03,-0.04,0.02,0.45,0.05,0.12,0.5,0,100,100,NA,NA,0,0,FALSE,0,0,FALSE,0,0,0,0,0,0,NA,NA,NA,meta_did,TRUE,FALSE,FALSE,FALSE,TRUE,pooled,by_randomisation,zero,0.5,FALSE,2,differenced,NA,NA,TRUE,summary,without_modelled,simulate_multiplicative_levels,NA,NA,NA,NA,NA,NA,NA,NA,NA,NA,NA,NA,NA,NA,NA,NA,NA,NA,NA,NA,NA,NA,NA,NA,NA,NA,NA,NA,1;2;1;2;1;2;1;2;1;2;1;2;1;2;1;2;1;2;1;2;1;2;1;2;1;2;1;2;1;2,1;0.6,NA,NA
I5,I,"Omit-multiplier misspecification: truth has binary multiplier, fit with vs without (× modelled/raw)",without_raw,bespoke,30,0,0,-0.15,0.03,-0.04,0.02,0.45,0.05,0.12,0.5,0,100,100,NA,NA,0,0,FALSE,0,0,FALSE,0,0,0,0,0,0,NA,NA,NA,meta_did,FALSE,FALSE,FALSE,FALSE,TRUE,pooled,by_randomisation,zero,0.5,FALSE,2,differenced,NA,NA,TRUE,summary,without_raw,simulate_multiplicative_levels,NA,NA,NA,NA,NA,NA,NA,NA,NA,NA,NA,NA,NA,NA,NA,NA,NA,NA,NA,NA,NA,NA,NA,NA,NA,NA,NA,NA,1;2;1;2;1;2;1;2;1;2;1;2;1;2;1;2;1;2;1;2;1;2;1;2;1;2;1;2;1;2,1;0.6,NA,NA
I6,I,"Spurious multiplier: truth has NO multiplicative effect, fit with vs without (× modelled/raw)",with_modelled,bespoke,30,0,0,-0.15,0.03,-0.04,0.02,0.45,0.05,0.12,0.5,0,100,100,NA,NA,0,0,FALSE,0,0,FALSE,0,0,0,0,0,0,NA,NA,NA,meta_did,TRUE,FALSE,FALSE,FALSE,TRUE,pooled,by_randomisation,zero,0.5,FALSE,2,differenced,NA,level,TRUE,summary,with_modelled,simulate_multiplicative_levels,NA,NA,NA,NA,NA,NA,NA,NA,NA,NA,NA,NA,NA,NA,NA,NA,NA,NA,NA,NA,NA,NA,NA,NA,NA,NA,NA,NA,1;2;1;2;1;2;1;2;1;2;1;2;1;2;1;2;1;2;1;2;1;2;1;2;1;2;1;2;1;2,1;1,NA,NA
I6,I,"Spurious multiplier: truth has NO multiplicative effect, fit with vs without (× modelled/raw)",with_raw,bespoke,30,0,0,-0.15,0.03,-0.04,0.02,0.45,0.05,0.12,0.5,0,100,100,NA,NA,0,0,FALSE,0,0,FALSE,0,0,0,0,0,0,NA,NA,NA,meta_did,FALSE,FALSE,FALSE,FALSE,TRUE,pooled,by_randomisation,zero,0.5,FALSE,2,differenced,NA,level,TRUE,summary,with_raw,simulate_multiplicative_levels,NA,NA,NA,NA,NA,NA,NA,NA,NA,NA,NA,NA,NA,NA,NA,NA,NA,NA,NA,NA,NA,NA,NA,NA,NA,NA,NA,NA,1;2;1;2;1;2;1;2;1;2;1;2;1;2;1;2;1;2;1;2;1;2;1;2;1;2;1;2;1;2,1;1,NA,NA
I6,I,"Spurious multiplier: truth has NO multiplicative effect, fit with vs without (× modelled/raw)",without_modelled,bespoke,30,0,0,-0.15,0.03,-0.04,0.02,0.45,0.05,0.12,0.5,0,100,100,NA,NA,0,0,FALSE,0,0,FALSE,0,0,0,0,0,0,NA,NA,NA,meta_did,TRUE,FALSE,FALSE,FALSE,TRUE,pooled,by_randomisation,zero,0.5,FALSE,2,differenced,NA,NA,TRUE,summary,without_modelled,simulate_multiplicative_levels,NA,NA,NA,NA,NA,NA,NA,NA,NA,NA,NA,NA,NA,NA,NA,NA,NA,NA,NA,NA,NA,NA,NA,NA,NA,NA,NA,NA,1;2;1;2;1;2;1;2;1;2;1;2;1;2;1;2;1;2;1;2;1;2;1;2;1;2;1;2;1;2,1;1,NA,NA
I6,I,"Spurious multiplier: truth has NO multiplicative effect, fit with vs without (× modelled/raw)",without_raw,bespoke,30,0,0,-0.15,0.03,-0.04,0.02,0.45,0.05,0.12,0.5,0,100,100,NA,NA,0,0,FALSE,0,0,FALSE,0,0,0,0,0,0,NA,NA,NA,meta_did,FALSE,FALSE,FALSE,FALSE,TRUE,pooled,by_randomisation,zero,0.5,FALSE,2,differenced,NA,NA,TRUE,summary,without_raw,simulate_multiplicative_levels,NA,NA,NA,NA,NA,NA,NA,NA,NA,NA,NA,NA,NA,NA,NA,NA,NA,NA,NA,NA,NA,NA,NA,NA,NA,NA,NA,NA,1;2;1;2;1;2;1;2;1;2;1;2;1;2;1;2;1;2;1;2;1;2;1;2;1;2;1;2;1;2,1;1,NA,NA
I7,I,"Multiplicative covariate, individual-level data, 20 DiD",modelled,bespoke,20,0,0,-0.15,0.03,-0.04,0.02,0.45,0.05,0.12,0.5,0,100,100,NA,NA,0,0,FALSE,0,0,FALSE,0,0,0,0,0,0,NA,NA,NA,meta_did,TRUE,FALSE,FALSE,FALSE,TRUE,pooled,by_randomisation,zero,0.5,FALSE,2,differenced,NA,level,TRUE,individual,modelled,simulate_multiplicative_levels,NA,NA,NA,NA,NA,NA,NA,NA,NA,NA,NA,NA,NA,NA,NA,NA,NA,NA,NA,NA,NA,NA,NA,NA,NA,NA,NA,NA,1;2;1;2;1;2;1;2;1;2;1;2;1;2;1;2;1;2;1;2,1;0.6,NA,NA
I8,I,"Two-multiplier product: binary (1, 0.6) × binary (1, 1.4), 30 DiD",modelled,bespoke,30,0,0,-0.15,0.03,-0.04,0.02,0.45,0.05,0.12,0.5,0,100,100,NA,NA,0,0,FALSE,0,0,FALSE,0,0,0,0,0,0,NA,NA,NA,meta_did,TRUE,FALSE,FALSE,FALSE,TRUE,pooled,by_randomisation,zero,0.5,FALSE,2,differenced,NA,~level + level2,TRUE,summary,modelled,simulate_multiplicative_levels,NA,NA,NA,NA,NA,NA,NA,NA,NA,NA,NA,NA,NA,NA,NA,NA,NA,NA,NA,NA,NA,NA,NA,NA,NA,NA,NA,NA,1;2;1;2;1;2;1;2;1;2;1;2;1;2;1;2;1;2;1;2;1;2;1;2;1;2;1;2;1;2,1;0.6,1;1;2;2;1;1;2;2;1;1;2;2;1;1;2;2;1;1;2;2;1;1;2;2;1;1;2;2;1;1,1;1.4
I8,I,"Two-multiplier product: binary (1, 0.6) × binary (1, 1.4), 30 DiD",raw,bespoke,30,0,0,-0.15,0.03,-0.04,0.02,0.45,0.05,0.12,0.5,0,100,100,NA,NA,0,0,FALSE,0,0,FALSE,0,0,0,0,0,0,NA,NA,NA,meta_did,FALSE,FALSE,FALSE,FALSE,TRUE,pooled,by_randomisation,zero,0.5,FALSE,2,differenced,NA,~level + level2,TRUE,summary,raw,simulate_multiplicative_levels,NA,NA,NA,NA,NA,NA,NA,NA,NA,NA,NA,NA,NA,NA,NA,NA,NA,NA,NA,NA,NA,NA,NA,NA,NA,NA,NA,NA,1;2;1;2;1;2;1;2;1;2;1;2;1;2;1;2;1;2;1;2;1;2;1;2;1;2;1;2;1;2,1;0.6,1;1;2;2;1;1;2;2;1;1;2;2;1;1;2;2;1;1;2;2;1;1;2;2;1;1;2;2;1;1,1;1.4
I9,I,"Two-multiplier product: binary (1, 0.6) × three-level (1, 0.7, 0.4), 30 DiD",modelled,bespoke,30,0,0,-0.15,0.03,-0.04,0.02,0.45,0.05,0.12,0.5,0,100,100,NA,NA,0,0,FALSE,0,0,FALSE,0,0,0,0,0,0,NA,NA,NA,meta_did,TRUE,FALSE,FALSE,FALSE,TRUE,pooled,by_randomisation,zero,0.5,FALSE,2,differenced,NA,~level + level2,TRUE,summary,modelled,simulate_multiplicative_levels,NA,NA,NA,NA,NA,NA,NA,NA,NA,NA,NA,NA,NA,NA,NA,NA,NA,NA,NA,NA,NA,NA,NA,NA,NA,NA,NA,NA,1;2;1;2;1;2;1;2;1;2;1;2;1;2;1;2;1;2;1;2;1;2;1;2;1;2;1;2;1;2,1;0.6,1;1;2;2;3;3;1;1;2;2;3;3;1;1;2;2;3;3;1;1;2;2;3;3;1;1;2;2;3;3,1;0.7;0.4
I9,I,"Two-multiplier product: binary (1, 0.6) × three-level (1, 0.7, 0.4), 30 DiD",raw,bespoke,30,0,0,-0.15,0.03,-0.04,0.02,0.45,0.05,0.12,0.5,0,100,100,NA,NA,0,0,FALSE,0,0,FALSE,0,0,0,0,0,0,NA,NA,NA,meta_did,FALSE,FALSE,FALSE,FALSE,TRUE,pooled,by_randomisation,zero,0.5,FALSE,2,differenced,NA,~level + level2,TRUE,summary,raw,simulate_multiplicative_levels,NA,NA,NA,NA,NA,NA,NA,NA,NA,NA,NA,NA,NA,NA,NA,NA,NA,NA,NA,NA,NA,NA,NA,NA,NA,NA,NA,NA,1;2;1;2;1;2;1;2;1;2;1;2;1;2;1;2;1;2;1;2;1;2;1;2;1;2;1;2;1;2,1;0.6,1;1;2;2;3;3;1;1;2;2;3;3;1;1;2;2;3;3;1;1;2;2;3;3;1;1;2;2;3;3,1;0.7;0.4
J1,J,"Figure panel B: trend-mean sweep, true_trend = 0, 5 DiD + 25 PP",full,metadid,5,0,25,-0.15,0.03,0,0.01,0.45,0.05,0.12,0.5,0,100,100,NA,NA,0,0,FALSE,0,0,FALSE,0,0,0,0,0,0,NA,NA,NA,meta_did,TRUE,FALSE,FALSE,FALSE,TRUE,pooled,by_randomisation,zero,0.5,FALSE,2,differenced,NA,NA,TRUE,summary,full,NA,NA,NA,NA,NA,NA,NA,NA,NA,NA,NA,NA,NA,NA,NA,NA,NA,NA,NA,NA,NA,NA,NA,NA,NA,NA,NA,NA,NA,NA,NA,NA,NA
J1,J,"Figure panel B: trend-mean sweep, true_trend = 0, 5 DiD + 25 PP",naive,metadid,5,0,25,-0.15,0.03,0,0.01,0.45,0.05,0.12,0.5,0,100,100,NA,NA,0,0,FALSE,0,0,FALSE,0,0,0,0,0,0,NA,NA,NA,meta_did_general,TRUE,FALSE,FALSE,FALSE,TRUE,fixed_zero,fixed_zero,zero,0.5,FALSE,2,differenced,NA,NA,TRUE,summary,naive,NA,NA,NA,NA,NA,NA,NA,NA,NA,NA,NA,NA,NA,NA,NA,NA,NA,NA,NA,NA,NA,NA,NA,NA,NA,NA,NA,NA,NA,NA,NA,NA,NA
J2,J,"Figure panel B: trend-mean sweep, true_trend = -0.025, 5 DiD + 25 PP",full,metadid,5,0,25,-0.15,0.03,-0.025,0.01,0.45,0.05,0.12,0.5,0,100,100,NA,NA,0,0,FALSE,0,0,FALSE,0,0,0,0,0,0,NA,NA,NA,meta_did,TRUE,FALSE,FALSE,FALSE,TRUE,pooled,by_randomisation,zero,0.5,FALSE,2,differenced,NA,NA,TRUE,summary,full,NA,NA,NA,NA,NA,NA,NA,NA,NA,NA,NA,NA,NA,NA,NA,NA,NA,NA,NA,NA,NA,NA,NA,NA,NA,NA,NA,NA,NA,NA,NA,NA,NA
J2,J,"Figure panel B: trend-mean sweep, true_trend = -0.025, 5 DiD + 25 PP",naive,metadid,5,0,25,-0.15,0.03,-0.025,0.01,0.45,0.05,0.12,0.5,0,100,100,NA,NA,0,0,FALSE,0,0,FALSE,0,0,0,0,0,0,NA,NA,NA,meta_did_general,TRUE,FALSE,FALSE,FALSE,TRUE,fixed_zero,fixed_zero,zero,0.5,FALSE,2,differenced,NA,NA,TRUE,summary,naive,NA,NA,NA,NA,NA,NA,NA,NA,NA,NA,NA,NA,NA,NA,NA,NA,NA,NA,NA,NA,NA,NA,NA,NA,NA,NA,NA,NA,NA,NA,NA,NA,NA
J3,J,"Figure panel B: trend-mean sweep, true_trend = -0.05, 5 DiD + 25 PP",full,metadid,5,0,25,-0.15,0.03,-0.05,0.01,0.45,0.05,0.12,0.5,0,100,100,NA,NA,0,0,FALSE,0,0,FALSE,0,0,0,0,0,0,NA,NA,NA,meta_did,TRUE,FALSE,FALSE,FALSE,TRUE,pooled,by_randomisation,zero,0.5,FALSE,2,differenced,NA,NA,TRUE,summary,full,NA,NA,NA,NA,NA,NA,NA,NA,NA,NA,NA,NA,NA,NA,NA,NA,NA,NA,NA,NA,NA,NA,NA,NA,NA,NA,NA,NA,NA,NA,NA,NA,NA
J3,J,"Figure panel B: trend-mean sweep, true_trend = -0.05, 5 DiD + 25 PP",naive,metadid,5,0,25,-0.15,0.03,-0.05,0.01,0.45,0.05,0.12,0.5,0,100,100,NA,NA,0,0,FALSE,0,0,FALSE,0,0,0,0,0,0,NA,NA,NA,meta_did_general,TRUE,FALSE,FALSE,FALSE,TRUE,fixed_zero,fixed_zero,zero,0.5,FALSE,2,differenced,NA,NA,TRUE,summary,naive,NA,NA,NA,NA,NA,NA,NA,NA,NA,NA,NA,NA,NA,NA,NA,NA,NA,NA,NA,NA,NA,NA,NA,NA,NA,NA,NA,NA,NA,NA,NA,NA,NA
J4,J,"Figure panel B: trend-mean sweep, true_trend = -0.075, 5 DiD + 25 PP",full,metadid,5,0,25,-0.15,0.03,-0.075,0.01,0.45,0.05,0.12,0.5,0,100,100,NA,NA,0,0,FALSE,0,0,FALSE,0,0,0,0,0,0,NA,NA,NA,meta_did,TRUE,FALSE,FALSE,FALSE,TRUE,pooled,by_randomisation,zero,0.5,FALSE,2,differenced,NA,NA,TRUE,summary,full,NA,NA,NA,NA,NA,NA,NA,NA,NA,NA,NA,NA,NA,NA,NA,NA,NA,NA,NA,NA,NA,NA,NA,NA,NA,NA,NA,NA,NA,NA,NA,NA,NA
J4,J,"Figure panel B: trend-mean sweep, true_trend = -0.075, 5 DiD + 25 PP",naive,metadid,5,0,25,-0.15,0.03,-0.075,0.01,0.45,0.05,0.12,0.5,0,100,100,NA,NA,0,0,FALSE,0,0,FALSE,0,0,0,0,0,0,NA,NA,NA,meta_did_general,TRUE,FALSE,FALSE,FALSE,TRUE,fixed_zero,fixed_zero,zero,0.5,FALSE,2,differenced,NA,NA,TRUE,summary,naive,NA,NA,NA,NA,NA,NA,NA,NA,NA,NA,NA,NA,NA,NA,NA,NA,NA,NA,NA,NA,NA,NA,NA,NA,NA,NA,NA,NA,NA,NA,NA,NA,NA
J5,J,"Figure panel B: trend-mean sweep, true_trend = -0.1, 5 DiD + 25 PP",full,metadid,5,0,25,-0.15,0.03,-0.1,0.01,0.45,0.05,0.12,0.5,0,100,100,NA,NA,0,0,FALSE,0,0,FALSE,0,0,0,0,0,0,NA,NA,NA,meta_did,TRUE,FALSE,FALSE,FALSE,TRUE,pooled,by_randomisation,zero,0.5,FALSE,2,differenced,NA,NA,TRUE,summary,full,NA,NA,NA,NA,NA,NA,NA,NA,NA,NA,NA,NA,NA,NA,NA,NA,NA,NA,NA,NA,NA,NA,NA,NA,NA,NA,NA,NA,NA,NA,NA,NA,NA
J5,J,"Figure panel B: trend-mean sweep, true_trend = -0.1, 5 DiD + 25 PP",naive,metadid,5,0,25,-0.15,0.03,-0.1,0.01,0.45,0.05,0.12,0.5,0,100,100,NA,NA,0,0,FALSE,0,0,FALSE,0,0,0,0,0,0,NA,NA,NA,meta_did_general,TRUE,FALSE,FALSE,FALSE,TRUE,fixed_zero,fixed_zero,zero,0.5,FALSE,2,differenced,NA,NA,TRUE,summary,naive,NA,NA,NA,NA,NA,NA,NA,NA,NA,NA,NA,NA,NA,NA,NA,NA,NA,NA,NA,NA,NA,NA,NA,NA,NA,NA,NA,NA,NA,NA,NA,NA,NA
J6,J,"Figure panel B: trend-mean sweep, true_trend = -0.125, 5 DiD + 25 PP",full,metadid,5,0,25,-0.15,0.03,-0.125,0.01,0.45,0.05,0.12,0.5,0,100,100,NA,NA,0,0,FALSE,0,0,FALSE,0,0,0,0,0,0,NA,NA,NA,meta_did,TRUE,FALSE,FALSE,FALSE,TRUE,pooled,by_randomisation,zero,0.5,FALSE,2,differenced,NA,NA,TRUE,summary,full,NA,NA,NA,NA,NA,NA,NA,NA,NA,NA,NA,NA,NA,NA,NA,NA,NA,NA,NA,NA,NA,NA,NA,NA,NA,NA,NA,NA,NA,NA,NA,NA,NA
J6,J,"Figure panel B: trend-mean sweep, true_trend = -0.125, 5 DiD + 25 PP",naive,metadid,5,0,25,-0.15,0.03,-0.125,0.01,0.45,0.05,0.12,0.5,0,100,100,NA,NA,0,0,FALSE,0,0,FALSE,0,0,0,0,0,0,NA,NA,NA,meta_did_general,TRUE,FALSE,FALSE,FALSE,TRUE,fixed_zero,fixed_zero,zero,0.5,FALSE,2,differenced,NA,NA,TRUE,summary,naive,NA,NA,NA,NA,NA,NA,NA,NA,NA,NA,NA,NA,NA,NA,NA,NA,NA,NA,NA,NA,NA,NA,NA,NA,NA,NA,NA,NA,NA,NA,NA,NA,NA
J7,J,"Figure panel B: trend-mean sweep, true_trend = -0.15, 5 DiD + 25 PP",full,metadid,5,0,25,-0.15,0.03,-0.15,0.01,0.45,0.05,0.12,0.5,0,100,100,NA,NA,0,0,FALSE,0,0,FALSE,0,0,0,0,0,0,NA,NA,NA,meta_did,TRUE,FALSE,FALSE,FALSE,TRUE,pooled,by_randomisation,zero,0.5,FALSE,2,differenced,NA,NA,TRUE,summary,full,NA,NA,NA,NA,NA,NA,NA,NA,NA,NA,NA,NA,NA,NA,NA,NA,NA,NA,NA,NA,NA,NA,NA,NA,NA,NA,NA,NA,NA,NA,NA,NA,NA
J7,J,"Figure panel B: trend-mean sweep, true_trend = -0.15, 5 DiD + 25 PP",naive,metadid,5,0,25,-0.15,0.03,-0.15,0.01,0.45,0.05,0.12,0.5,0,100,100,NA,NA,0,0,FALSE,0,0,FALSE,0,0,0,0,0,0,NA,NA,NA,meta_did_general,TRUE,FALSE,FALSE,FALSE,TRUE,fixed_zero,fixed_zero,zero,0.5,FALSE,2,differenced,NA,NA,TRUE,summary,naive,NA,NA,NA,NA,NA,NA,NA,NA,NA,NA,NA,NA,NA,NA,NA,NA,NA,NA,NA,NA,NA,NA,NA,NA,NA,NA,NA,NA,NA,NA,NA,NA,NA
J8,J,"Figure panel B: trend-mean sweep, true_trend = -0.175, 5 DiD + 25 PP",full,metadid,5,0,25,-0.15,0.03,-0.175,0.01,0.45,0.05,0.12,0.5,0,100,100,NA,NA,0,0,FALSE,0,0,FALSE,0,0,0,0,0,0,NA,NA,NA,meta_did,TRUE,FALSE,FALSE,FALSE,TRUE,pooled,by_randomisation,zero,0.5,FALSE,2,differenced,NA,NA,TRUE,summary,full,NA,NA,NA,NA,NA,NA,NA,NA,NA,NA,NA,NA,NA,NA,NA,NA,NA,NA,NA,NA,NA,NA,NA,NA,NA,NA,NA,NA,NA,NA,NA,NA,NA
J8,J,"Figure panel B: trend-mean sweep, true_trend = -0.175, 5 DiD + 25 PP",naive,metadid,5,0,25,-0.15,0.03,-0.175,0.01,0.45,0.05,0.12,0.5,0,100,100,NA,NA,0,0,FALSE,0,0,FALSE,0,0,0,0,0,0,NA,NA,NA,meta_did_general,TRUE,FALSE,FALSE,FALSE,TRUE,fixed_zero,fixed_zero,zero,0.5,FALSE,2,differenced,NA,NA,TRUE,summary,naive,NA,NA,NA,NA,NA,NA,NA,NA,NA,NA,NA,NA,NA,NA,NA,NA,NA,NA,NA,NA,NA,NA,NA,NA,NA,NA,NA,NA,NA,NA,NA,NA,NA
J9,J,"Figure panel B: trend-mean sweep, true_trend = -0.2, 5 DiD + 25 PP",full,metadid,5,0,25,-0.15,0.03,-0.2,0.01,0.45,0.05,0.12,0.5,0,100,100,NA,NA,0,0,FALSE,0,0,FALSE,0,0,0,0,0,0,NA,NA,NA,meta_did,TRUE,FALSE,FALSE,FALSE,TRUE,pooled,by_randomisation,zero,0.5,FALSE,2,differenced,NA,NA,TRUE,summary,full,NA,NA,NA,NA,NA,NA,NA,NA,NA,NA,NA,NA,NA,NA,NA,NA,NA,NA,NA,NA,NA,NA,NA,NA,NA,NA,NA,NA,NA,NA,NA,NA,NA
J9,J,"Figure panel B: trend-mean sweep, true_trend = -0.2, 5 DiD + 25 PP",naive,metadid,5,0,25,-0.15,0.03,-0.2,0.01,0.45,0.05,0.12,0.5,0,100,100,NA,NA,0,0,FALSE,0,0,FALSE,0,0,0,0,0,0,NA,NA,NA,meta_did_general,TRUE,FALSE,FALSE,FALSE,TRUE,fixed_zero,fixed_zero,zero,0.5,FALSE,2,differenced,NA,NA,TRUE,summary,naive,NA,NA,NA,NA,NA,NA,NA,NA,NA,NA,NA,NA,NA,NA,NA,NA,NA,NA,NA,NA,NA,NA,NA,NA,NA,NA,NA,NA,NA,NA,NA,NA,NA
K1,K,Figure panel B: 5 DiD + 0 RCT + 0 PP (0 incomplete studies added),default,metadid,5,0,0,-0.15,0.03,-0.04,0.02,0.45,0.05,0.12,0.5,0,100,100,NA,NA,0,0,FALSE,0,0,FALSE,0,0,0,0,0,0,NA,NA,NA,meta_did,TRUE,FALSE,FALSE,FALSE,TRUE,pooled,by_randomisation,zero,0.5,FALSE,2,differenced,NA,NA,TRUE,summary,NA,NA,NA,NA,NA,NA,NA,NA,NA,NA,NA,NA,NA,NA,NA,NA,NA,NA,NA,NA,NA,NA,NA,NA,NA,NA,NA,NA,NA,NA,NA,NA,NA,NA
K2,K,Figure panel B: 5 DiD + 5 RCT + 5 PP (10 incomplete studies added),default,metadid,5,5,5,-0.15,0.03,-0.04,0.02,0.45,0.05,0.12,0.5,0,100,100,NA,NA,0,0,FALSE,0,0,FALSE,0,0,0,0,0,0,NA,NA,NA,meta_did,TRUE,FALSE,FALSE,FALSE,TRUE,pooled,by_randomisation,zero,0.5,FALSE,2,differenced,NA,NA,TRUE,summary,NA,NA,NA,NA,NA,NA,NA,NA,NA,NA,NA,NA,NA,NA,NA,NA,NA,NA,NA,NA,NA,NA,NA,NA,NA,NA,NA,NA,NA,NA,NA,NA,NA,NA
K3,K,Figure panel B: 5 DiD + 10 RCT + 10 PP (20 incomplete studies added),default,metadid,5,10,10,-0.15,0.03,-0.04,0.02,0.45,0.05,0.12,0.5,0,100,100,NA,NA,0,0,FALSE,0,0,FALSE,0,0,0,0,0,0,NA,NA,NA,meta_did,TRUE,FALSE,FALSE,FALSE,TRUE,pooled,by_randomisation,zero,0.5,FALSE,2,differenced,NA,NA,TRUE,summary,NA,NA,NA,NA,NA,NA,NA,NA,NA,NA,NA,NA,NA,NA,NA,NA,NA,NA,NA,NA,NA,NA,NA,NA,NA,NA,NA,NA,NA,NA,NA,NA,NA,NA
K4,K,Figure panel B: 5 DiD + 20 RCT + 20 PP (40 incomplete studies added),default,metadid,5,20,20,-0.15,0.03,-0.04,0.02,0.45,0.05,0.12,0.5,0,100,100,NA,NA,0,0,FALSE,0,0,FALSE,0,0,0,0,0,0,NA,NA,NA,meta_did,TRUE,FALSE,FALSE,FALSE,TRUE,pooled,by_randomisation,zero,0.5,FALSE,2,differenced,NA,NA,TRUE,summary,NA,NA,NA,NA,NA,NA,NA,NA,NA,NA,NA,NA,NA,NA,NA,NA,NA,NA,NA,NA,NA,NA,NA,NA,NA,NA,NA,NA,NA,NA,NA,NA,NA,NA
K5,K,Figure panel B: 5 DiD + 40 RCT + 40 PP (80 incomplete studies added),default,metadid,5,40,40,-0.15,0.03,-0.04,0.02,0.45,0.05,0.12,0.5,0,100,100,NA,NA,0,0,FALSE,0,0,FALSE,0,0,0,0,0,0,NA,NA,NA,meta_did,TRUE,FALSE,FALSE,FALSE,TRUE,pooled,by_randomisation,zero,0.5,FALSE,2,differenced,NA,NA,TRUE,summary,NA,NA,NA,NA,NA,NA,NA,NA,NA,NA,NA,NA,NA,NA,NA,NA,NA,NA,NA,NA,NA,NA,NA,NA,NA,NA,NA,NA,NA,NA,NA,NA,NA,NA
K6,K,Figure panel B reference: 15 DiD studies (10 DiD added to core of 5),default,metadid,15,0,0,-0.15,0.03,-0.04,0.02,0.45,0.05,0.12,0.5,0,100,100,NA,NA,0,0,FALSE,0,0,FALSE,0,0,0,0,0,0,NA,NA,NA,meta_did,TRUE,FALSE,FALSE,FALSE,TRUE,pooled,by_randomisation,zero,0.5,FALSE,2,differenced,NA,NA,TRUE,summary,NA,NA,NA,NA,NA,NA,NA,NA,NA,NA,NA,NA,NA,NA,NA,NA,NA,NA,NA,NA,NA,NA,NA,NA,NA,NA,NA,NA,NA,NA,NA,NA,NA,NA
K7,K,Figure panel B reference: 25 DiD studies (20 DiD added to core of 5),default,metadid,25,0,0,-0.15,0.03,-0.04,0.02,0.45,0.05,0.12,0.5,0,100,100,NA,NA,0,0,FALSE,0,0,FALSE,0,0,0,0,0,0,NA,NA,NA,meta_did,TRUE,FALSE,FALSE,FALSE,TRUE,pooled,by_randomisation,zero,0.5,FALSE,2,differenced,NA,NA,TRUE,summary,NA,NA,NA,NA,NA,NA,NA,NA,NA,NA,NA,NA,NA,NA,NA,NA,NA,NA,NA,NA,NA,NA,NA,NA,NA,NA,NA,NA,NA,NA,NA,NA,NA,NA
K8,K,Figure panel B reference: 45 DiD studies (40 DiD added to core of 5),default,metadid,45,0,0,-0.15,0.03,-0.04,0.02,0.45,0.05,0.12,0.5,0,100,100,NA,NA,0,0,FALSE,0,0,FALSE,0,0,0,0,0,0,NA,NA,NA,meta_did,TRUE,FALSE,FALSE,FALSE,TRUE,pooled,by_randomisation,zero,0.5,FALSE,2,differenced,NA,NA,TRUE,summary,NA,NA,NA,NA,NA,NA,NA,NA,NA,NA,NA,NA,NA,NA,NA,NA,NA,NA,NA,NA,NA,NA,NA,NA,NA,NA,NA,NA,NA,NA,NA,NA,NA,NA
K9,K,Figure panel B reference: 85 DiD studies (80 DiD added to core of 5),default,metadid,85,0,0,-0.15,0.03,-0.04,0.02,0.45,0.05,0.12,0.5,0,100,100,NA,NA,0,0,FALSE,0,0,FALSE,0,0,0,0,0,0,NA,NA,NA,meta_did,TRUE,FALSE,FALSE,FALSE,TRUE,pooled,by_randomisation,zero,0.5,FALSE,2,differenced,NA,NA,TRUE,summary,NA,NA,NA,NA,NA,NA,NA,NA,NA,NA,NA,NA,NA,NA,NA,NA,NA,NA,NA,NA,NA,NA,NA,NA,NA,NA,NA,NA,NA,NA,NA,NA,NA,NA
K10,K,Figure panel B split: 5 DiD + 10 RCT only (10 added),default,metadid,5,10,0,-0.15,0.03,-0.04,0.02,0.45,0.05,0.12,0.5,0,100,100,NA,NA,0,0,FALSE,0,0,FALSE,0,0,0,0,0,0,NA,NA,NA,meta_did,TRUE,FALSE,FALSE,FALSE,TRUE,pooled,by_randomisation,zero,0.5,FALSE,2,differenced,NA,NA,TRUE,summary,NA,NA,NA,NA,NA,NA,NA,NA,NA,NA,NA,NA,NA,NA,NA,NA,NA,NA,NA,NA,NA,NA,NA,NA,NA,NA,NA,NA,NA,NA,NA,NA,NA,NA
K11,K,Figure panel B split: 5 DiD + 20 RCT only (20 added),default,metadid,5,20,0,-0.15,0.03,-0.04,0.02,0.45,0.05,0.12,0.5,0,100,100,NA,NA,0,0,FALSE,0,0,FALSE,0,0,0,0,0,0,NA,NA,NA,meta_did,TRUE,FALSE,FALSE,FALSE,TRUE,pooled,by_randomisation,zero,0.5,FALSE,2,differenced,NA,NA,TRUE,summary,NA,NA,NA,NA,NA,NA,NA,NA,NA,NA,NA,NA,NA,NA,NA,NA,NA,NA,NA,NA,NA,NA,NA,NA,NA,NA,NA,NA,NA,NA,NA,NA,NA,NA
K12,K,Figure panel B split: 5 DiD + 40 RCT only (40 added),default,metadid,5,40,0,-0.15,0.03,-0.04,0.02,0.45,0.05,0.12,0.5,0,100,100,NA,NA,0,0,FALSE,0,0,FALSE,0,0,0,0,0,0,NA,NA,NA,meta_did,TRUE,FALSE,FALSE,FALSE,TRUE,pooled,by_randomisation,zero,0.5,FALSE,2,differenced,NA,NA,TRUE,summary,NA,NA,NA,NA,NA,NA,NA,NA,NA,NA,NA,NA,NA,NA,NA,NA,NA,NA,NA,NA,NA,NA,NA,NA,NA,NA,NA,NA,NA,NA,NA,NA,NA,NA
K13,K,Figure panel B split: 5 DiD + 80 RCT only (80 added),default,metadid,5,80,0,-0.15,0.03,-0.04,0.02,0.45,0.05,0.12,0.5,0,100,100,NA,NA,0,0,FALSE,0,0,FALSE,0,0,0,0,0,0,NA,NA,NA,meta_did,TRUE,FALSE,FALSE,FALSE,TRUE,pooled,by_randomisation,zero,0.5,FALSE,2,differenced,NA,NA,TRUE,summary,NA,NA,NA,NA,NA,NA,NA,NA,NA,NA,NA,NA,NA,NA,NA,NA,NA,NA,NA,NA,NA,NA,NA,NA,NA,NA,NA,NA,NA,NA,NA,NA,NA,NA
K14,K,Figure panel B split: 5 DiD + 10 PP only (10 added),default,metadid,5,0,10,-0.15,0.03,-0.04,0.02,0.45,0.05,0.12,0.5,0,100,100,NA,NA,0,0,FALSE,0,0,FALSE,0,0,0,0,0,0,NA,NA,NA,meta_did,TRUE,FALSE,FALSE,FALSE,TRUE,pooled,by_randomisation,zero,0.5,FALSE,2,differenced,NA,NA,TRUE,summary,NA,NA,NA,NA,NA,NA,NA,NA,NA,NA,NA,NA,NA,NA,NA,NA,NA,NA,NA,NA,NA,NA,NA,NA,NA,NA,NA,NA,NA,NA,NA,NA,NA,NA
K15,K,Figure panel B split: 5 DiD + 20 PP only (20 added),default,metadid,5,0,20,-0.15,0.03,-0.04,0.02,0.45,0.05,0.12,0.5,0,100,100,NA,NA,0,0,FALSE,0,0,FALSE,0,0,0,0,0,0,NA,NA,NA,meta_did,TRUE,FALSE,FALSE,FALSE,TRUE,pooled,by_randomisation,zero,0.5,FALSE,2,differenced,NA,NA,TRUE,summary,NA,NA,NA,NA,NA,NA,NA,NA,NA,NA,NA,NA,NA,NA,NA,NA,NA,NA,NA,NA,NA,NA,NA,NA,NA,NA,NA,NA,NA,NA,NA,NA,NA,NA
K16,K,Figure panel B split: 5 DiD + 40 PP only (40 added),default,metadid,5,0,40,-0.15,0.03,-0.04,0.02,0.45,0.05,0.12,0.5,0,100,100,NA,NA,0,0,FALSE,0,0,FALSE,0,0,0,0,0,0,NA,NA,NA,meta_did,TRUE,FALSE,FALSE,FALSE,TRUE,pooled,by_randomisation,zero,0.5,FALSE,2,differenced,NA,NA,TRUE,summary,NA,NA,NA,NA,NA,NA,NA,NA,NA,NA,NA,NA,NA,NA,NA,NA,NA,NA,NA,NA,NA,NA,NA,NA,NA,NA,NA,NA,NA,NA,NA,NA,NA,NA
K17,K,Figure panel B split: 5 DiD + 80 PP only (80 added),default,metadid,5,0,80,-0.15,0.03,-0.04,0.02,0.45,0.05,0.12,0.5,0,100,100,NA,NA,0,0,FALSE,0,0,FALSE,0,0,0,0,0,0,NA,NA,NA,meta_did,TRUE,FALSE,FALSE,FALSE,TRUE,pooled,by_randomisation,zero,0.5,FALSE,2,differenced,NA,NA,TRUE,summary,NA,NA,NA,NA,NA,NA,NA,NA,NA,NA,NA,NA,NA,NA,NA,NA,NA,NA,NA,NA,NA,NA,NA,NA,NA,NA,NA,NA,NA,NA,NA,NA,NA,NA
L1,L,Figure panel E: 0 of 20 studies outlying (5*sigma_effect shift),normal,bespoke,20,0,0,-0.15,0.03,-0.04,0.02,0.45,0.05,0.12,0.5,0,100,100,NA,NA,0,0,FALSE,0,0,FALSE,0,0,0,0,0,0,NA,NA,NA,meta_did,TRUE,FALSE,FALSE,FALSE,TRUE,pooled,by_randomisation,zero,0.5,FALSE,2,differenced,NA,NA,TRUE,summary,normal,simulate_with_outliers,NA,NA,NA,NA,0,5,NA,NA,NA,NA,NA,NA,NA,NA,NA,NA,NA,NA,NA,NA,NA,NA,NA,NA,NA,NA,NA,NA,NA,NA,NA,NA
L1,L,Figure panel E: 0 of 20 studies outlying (5*sigma_effect shift),robust,bespoke,20,0,0,-0.15,0.03,-0.04,0.02,0.45,0.05,0.12,0.5,0,100,100,NA,NA,0,0,FALSE,0,0,FALSE,0,0,0,0,0,0,NA,NA,NA,meta_did,TRUE,TRUE,FALSE,FALSE,TRUE,pooled,by_randomisation,zero,0.5,FALSE,2,differenced,NA,NA,TRUE,summary,robust,simulate_with_outliers,NA,NA,NA,NA,0,5,NA,NA,NA,NA,NA,NA,NA,NA,NA,NA,NA,NA,NA,NA,NA,NA,NA,NA,NA,NA,NA,NA,NA,NA,NA,NA
L2,L,Figure panel E: 1 of 20 studies outlying (5*sigma_effect shift),normal,bespoke,20,0,0,-0.15,0.03,-0.04,0.02,0.45,0.05,0.12,0.5,0,100,100,NA,NA,0,0,FALSE,0,0,FALSE,0,0,0,0,0,0,NA,NA,NA,meta_did,TRUE,FALSE,FALSE,FALSE,TRUE,pooled,by_randomisation,zero,0.5,FALSE,2,differenced,NA,NA,TRUE,summary,normal,simulate_with_outliers,NA,NA,NA,NA,1,5,NA,NA,NA,NA,NA,NA,NA,NA,NA,NA,NA,NA,NA,NA,NA,NA,NA,NA,NA,NA,NA,NA,NA,NA,NA,NA
L2,L,Figure panel E: 1 of 20 studies outlying (5*sigma_effect shift),robust,bespoke,20,0,0,-0.15,0.03,-0.04,0.02,0.45,0.05,0.12,0.5,0,100,100,NA,NA,0,0,FALSE,0,0,FALSE,0,0,0,0,0,0,NA,NA,NA,meta_did,TRUE,TRUE,FALSE,FALSE,TRUE,pooled,by_randomisation,zero,0.5,FALSE,2,differenced,NA,NA,TRUE,summary,robust,simulate_with_outliers,NA,NA,NA,NA,1,5,NA,NA,NA,NA,NA,NA,NA,NA,NA,NA,NA,NA,NA,NA,NA,NA,NA,NA,NA,NA,NA,NA,NA,NA,NA,NA
L3,L,Figure panel E: 3 of 20 studies outlying (5*sigma_effect shift),normal,bespoke,20,0,0,-0.15,0.03,-0.04,0.02,0.45,0.05,0.12,0.5,0,100,100,NA,NA,0,0,FALSE,0,0,FALSE,0,0,0,0,0,0,NA,NA,NA,meta_did,TRUE,FALSE,FALSE,FALSE,TRUE,pooled,by_randomisation,zero,0.5,FALSE,2,differenced,NA,NA,TRUE,summary,normal,simulate_with_outliers,NA,NA,NA,NA,3,5,NA,NA,NA,NA,NA,NA,NA,NA,NA,NA,NA,NA,NA,NA,NA,NA,NA,NA,NA,NA,NA,NA,NA,NA,NA,NA
L3,L,Figure panel E: 3 of 20 studies outlying (5*sigma_effect shift),robust,bespoke,20,0,0,-0.15,0.03,-0.04,0.02,0.45,0.05,0.12,0.5,0,100,100,NA,NA,0,0,FALSE,0,0,FALSE,0,0,0,0,0,0,NA,NA,NA,meta_did,TRUE,TRUE,FALSE,FALSE,TRUE,pooled,by_randomisation,zero,0.5,FALSE,2,differenced,NA,NA,TRUE,summary,robust,simulate_with_outliers,NA,NA,NA,NA,3,5,NA,NA,NA,NA,NA,NA,NA,NA,NA,NA,NA,NA,NA,NA,NA,NA,NA,NA,NA,NA,NA,NA,NA,NA,NA,NA
L4,L,Figure panel E: 5 of 20 studies outlying (5*sigma_effect shift),normal,bespoke,20,0,0,-0.15,0.03,-0.04,0.02,0.45,0.05,0.12,0.5,0,100,100,NA,NA,0,0,FALSE,0,0,FALSE,0,0,0,0,0,0,NA,NA,NA,meta_did,TRUE,FALSE,FALSE,FALSE,TRUE,pooled,by_randomisation,zero,0.5,FALSE,2,differenced,NA,NA,TRUE,summary,normal,simulate_with_outliers,NA,NA,NA,NA,5,5,NA,NA,NA,NA,NA,NA,NA,NA,NA,NA,NA,NA,NA,NA,NA,NA,NA,NA,NA,NA,NA,NA,NA,NA,NA,NA
L4,L,Figure panel E: 5 of 20 studies outlying (5*sigma_effect shift),robust,bespoke,20,0,0,-0.15,0.03,-0.04,0.02,0.45,0.05,0.12,0.5,0,100,100,NA,NA,0,0,FALSE,0,0,FALSE,0,0,0,0,0,0,NA,NA,NA,meta_did,TRUE,TRUE,FALSE,FALSE,TRUE,pooled,by_randomisation,zero,0.5,FALSE,2,differenced,NA,NA,TRUE,summary,robust,simulate_with_outliers,NA,NA,NA,NA,5,5,NA,NA,NA,NA,NA,NA,NA,NA,NA,NA,NA,NA,NA,NA,NA,NA,NA,NA,NA,NA,NA,NA,NA,NA,NA,NA
L5,L,Figure panel E: 7 of 20 studies outlying (5*sigma_effect shift),normal,bespoke,20,0,0,-0.15,0.03,-0.04,0.02,0.45,0.05,0.12,0.5,0,100,100,NA,NA,0,0,FALSE,0,0,FALSE,0,0,0,0,0,0,NA,NA,NA,meta_did,TRUE,FALSE,FALSE,FALSE,TRUE,pooled,by_randomisation,zero,0.5,FALSE,2,differenced,NA,NA,TRUE,summary,normal,simulate_with_outliers,NA,NA,NA,NA,7,5,NA,NA,NA,NA,NA,NA,NA,NA,NA,NA,NA,NA,NA,NA,NA,NA,NA,NA,NA,NA,NA,NA,NA,NA,NA,NA
L5,L,Figure panel E: 7 of 20 studies outlying (5*sigma_effect shift),robust,bespoke,20,0,0,-0.15,0.03,-0.04,0.02,0.45,0.05,0.12,0.5,0,100,100,NA,NA,0,0,FALSE,0,0,FALSE,0,0,0,0,0,0,NA,NA,NA,meta_did,TRUE,TRUE,FALSE,FALSE,TRUE,pooled,by_randomisation,zero,0.5,FALSE,2,differenced,NA,NA,TRUE,summary,robust,simulate_with_outliers,NA,NA,NA,NA,7,5,NA,NA,NA,NA,NA,NA,NA,NA,NA,NA,NA,NA,NA,NA,NA,NA,NA,NA,NA,NA,NA,NA,NA,NA,NA,NA
M1,M,"Figure panel C: zero-mean trends, sigma_trend = 0, 15 DiD + 15 PP",full,metadid,15,0,15,-0.15,0.03,0,0,0.45,0.05,0.12,0.5,0,100,100,NA,NA,0,0,FALSE,0,0,FALSE,0,0,0,0,0,0,NA,NA,NA,meta_did,TRUE,FALSE,FALSE,FALSE,TRUE,pooled,by_randomisation,zero,0.5,FALSE,2,differenced,NA,NA,TRUE,summary,full,NA,NA,NA,NA,NA,NA,NA,NA,NA,NA,NA,NA,NA,NA,NA,NA,NA,NA,NA,NA,NA,NA,NA,NA,NA,NA,NA,NA,NA,NA,NA,NA,NA
M1,M,"Figure panel C: zero-mean trends, sigma_trend = 0, 15 DiD + 15 PP",naive,metadid,15,0,15,-0.15,0.03,0,0,0.45,0.05,0.12,0.5,0,100,100,NA,NA,0,0,FALSE,0,0,FALSE,0,0,0,0,0,0,NA,NA,NA,meta_did_general,TRUE,FALSE,FALSE,FALSE,TRUE,fixed_zero,fixed_zero,zero,0.5,FALSE,2,differenced,NA,NA,TRUE,summary,naive,NA,NA,NA,NA,NA,NA,NA,NA,NA,NA,NA,NA,NA,NA,NA,NA,NA,NA,NA,NA,NA,NA,NA,NA,NA,NA,NA,NA,NA,NA,NA,NA,NA
M2,M,"Figure panel C: zero-mean trends, sigma_trend = 0.02, 15 DiD + 15 PP",full,metadid,15,0,15,-0.15,0.03,0,0.02,0.45,0.05,0.12,0.5,0,100,100,NA,NA,0,0,FALSE,0,0,FALSE,0,0,0,0,0,0,NA,NA,NA,meta_did,TRUE,FALSE,FALSE,FALSE,TRUE,pooled,by_randomisation,zero,0.5,FALSE,2,differenced,NA,NA,TRUE,summary,full,NA,NA,NA,NA,NA,NA,NA,NA,NA,NA,NA,NA,NA,NA,NA,NA,NA,NA,NA,NA,NA,NA,NA,NA,NA,NA,NA,NA,NA,NA,NA,NA,NA
M2,M,"Figure panel C: zero-mean trends, sigma_trend = 0.02, 15 DiD + 15 PP",naive,metadid,15,0,15,-0.15,0.03,0,0.02,0.45,0.05,0.12,0.5,0,100,100,NA,NA,0,0,FALSE,0,0,FALSE,0,0,0,0,0,0,NA,NA,NA,meta_did_general,TRUE,FALSE,FALSE,FALSE,TRUE,fixed_zero,fixed_zero,zero,0.5,FALSE,2,differenced,NA,NA,TRUE,summary,naive,NA,NA,NA,NA,NA,NA,NA,NA,NA,NA,NA,NA,NA,NA,NA,NA,NA,NA,NA,NA,NA,NA,NA,NA,NA,NA,NA,NA,NA,NA,NA,NA,NA
M3,M,"Figure panel C: zero-mean trends, sigma_trend = 0.04, 15 DiD + 15 PP",full,metadid,15,0,15,-0.15,0.03,0,0.04,0.45,0.05,0.12,0.5,0,100,100,NA,NA,0,0,FALSE,0,0,FALSE,0,0,0,0,0,0,NA,NA,NA,meta_did,TRUE,FALSE,FALSE,FALSE,TRUE,pooled,by_randomisation,zero,0.5,FALSE,2,differenced,NA,NA,TRUE,summary,full,NA,NA,NA,NA,NA,NA,NA,NA,NA,NA,NA,NA,NA,NA,NA,NA,NA,NA,NA,NA,NA,NA,NA,NA,NA,NA,NA,NA,NA,NA,NA,NA,NA
M3,M,"Figure panel C: zero-mean trends, sigma_trend = 0.04, 15 DiD + 15 PP",naive,metadid,15,0,15,-0.15,0.03,0,0.04,0.45,0.05,0.12,0.5,0,100,100,NA,NA,0,0,FALSE,0,0,FALSE,0,0,0,0,0,0,NA,NA,NA,meta_did_general,TRUE,FALSE,FALSE,FALSE,TRUE,fixed_zero,fixed_zero,zero,0.5,FALSE,2,differenced,NA,NA,TRUE,summary,naive,NA,NA,NA,NA,NA,NA,NA,NA,NA,NA,NA,NA,NA,NA,NA,NA,NA,NA,NA,NA,NA,NA,NA,NA,NA,NA,NA,NA,NA,NA,NA,NA,NA
M4,M,"Figure panel C: zero-mean trends, sigma_trend = 0.06, 15 DiD + 15 PP",full,metadid,15,0,15,-0.15,0.03,0,0.06,0.45,0.05,0.12,0.5,0,100,100,NA,NA,0,0,FALSE,0,0,FALSE,0,0,0,0,0,0,NA,NA,NA,meta_did,TRUE,FALSE,FALSE,FALSE,TRUE,pooled,by_randomisation,zero,0.5,FALSE,2,differenced,NA,NA,TRUE,summary,full,NA,NA,NA,NA,NA,NA,NA,NA,NA,NA,NA,NA,NA,NA,NA,NA,NA,NA,NA,NA,NA,NA,NA,NA,NA,NA,NA,NA,NA,NA,NA,NA,NA
M4,M,"Figure panel C: zero-mean trends, sigma_trend = 0.06, 15 DiD + 15 PP",naive,metadid,15,0,15,-0.15,0.03,0,0.06,0.45,0.05,0.12,0.5,0,100,100,NA,NA,0,0,FALSE,0,0,FALSE,0,0,0,0,0,0,NA,NA,NA,meta_did_general,TRUE,FALSE,FALSE,FALSE,TRUE,fixed_zero,fixed_zero,zero,0.5,FALSE,2,differenced,NA,NA,TRUE,summary,naive,NA,NA,NA,NA,NA,NA,NA,NA,NA,NA,NA,NA,NA,NA,NA,NA,NA,NA,NA,NA,NA,NA,NA,NA,NA,NA,NA,NA,NA,NA,NA,NA,NA
M5,M,"Figure panel C: zero-mean trends, sigma_trend = 0.1, 15 DiD + 15 PP",full,metadid,15,0,15,-0.15,0.03,0,0.1,0.45,0.05,0.12,0.5,0,100,100,NA,NA,0,0,FALSE,0,0,FALSE,0,0,0,0,0,0,NA,NA,NA,meta_did,TRUE,FALSE,FALSE,FALSE,TRUE,pooled,by_randomisation,zero,0.5,FALSE,2,differenced,NA,NA,TRUE,summary,full,NA,NA,NA,NA,NA,NA,NA,NA,NA,NA,NA,NA,NA,NA,NA,NA,NA,NA,NA,NA,NA,NA,NA,NA,NA,NA,NA,NA,NA,NA,NA,NA,NA
M5,M,"Figure panel C: zero-mean trends, sigma_trend = 0.1, 15 DiD + 15 PP",naive,metadid,15,0,15,-0.15,0.03,0,0.1,0.45,0.05,0.12,0.5,0,100,100,NA,NA,0,0,FALSE,0,0,FALSE,0,0,0,0,0,0,NA,NA,NA,meta_did_general,TRUE,FALSE,FALSE,FALSE,TRUE,fixed_zero,fixed_zero,zero,0.5,FALSE,2,differenced,NA,NA,TRUE,summary,naive,NA,NA,NA,NA,NA,NA,NA,NA,NA,NA,NA,NA,NA,NA,NA,NA,NA,NA,NA,NA,NA,NA,NA,NA,NA,NA,NA,NA,NA,NA,NA,NA,NA
M6,M,"Figure panel C: zero-mean trends, sigma_trend = 0.14, 15 DiD + 15 PP",full,metadid,15,0,15,-0.15,0.03,0,0.14,0.45,0.05,0.12,0.5,0,100,100,NA,NA,0,0,FALSE,0,0,FALSE,0,0,0,0,0,0,NA,NA,NA,meta_did,TRUE,FALSE,FALSE,FALSE,TRUE,pooled,by_randomisation,zero,0.5,FALSE,2,differenced,NA,NA,TRUE,summary,full,NA,NA,NA,NA,NA,NA,NA,NA,NA,NA,NA,NA,NA,NA,NA,NA,NA,NA,NA,NA,NA,NA,NA,NA,NA,NA,NA,NA,NA,NA,NA,NA,NA
M6,M,"Figure panel C: zero-mean trends, sigma_trend = 0.14, 15 DiD + 15 PP",naive,metadid,15,0,15,-0.15,0.03,0,0.14,0.45,0.05,0.12,0.5,0,100,100,NA,NA,0,0,FALSE,0,0,FALSE,0,0,0,0,0,0,NA,NA,NA,meta_did_general,TRUE,FALSE,FALSE,FALSE,TRUE,fixed_zero,fixed_zero,zero,0.5,FALSE,2,differenced,NA,NA,TRUE,summary,naive,NA,NA,NA,NA,NA,NA,NA,NA,NA,NA,NA,NA,NA,NA,NA,NA,NA,NA,NA,NA,NA,NA,NA,NA,NA,NA,NA,NA,NA,NA,NA,NA,NA
N1,N,"Figure panel F: exchangeability gap Delta = 0 (DiD trend -0.04, PP trend -0.04)",full,bespoke,10,0,10,-0.15,0.03,-0.04,0.02,0.45,0.05,0.12,0.5,0,100,100,NA,NA,0,0,FALSE,0,0,FALSE,0,0,0,0,0,0,NA,NA,NA,meta_did,TRUE,FALSE,FALSE,FALSE,TRUE,pooled,by_randomisation,zero,0.5,FALSE,2,differenced,NA,NA,TRUE,summary,full,simulate_divergent_trends,NA,NA,-0.04,-0.04,NA,NA,NA,NA,NA,NA,NA,NA,NA,NA,NA,NA,NA,NA,NA,NA,NA,NA,NA,NA,NA,NA,NA,NA,NA,NA,NA,NA
N1,N,"Figure panel F: exchangeability gap Delta = 0 (DiD trend -0.04, PP trend -0.04)",naive,bespoke,10,0,10,-0.15,0.03,-0.04,0.02,0.45,0.05,0.12,0.5,0,100,100,NA,NA,0,0,FALSE,0,0,FALSE,0,0,0,0,0,0,NA,NA,NA,meta_did_general,TRUE,FALSE,FALSE,FALSE,TRUE,fixed_zero,fixed_zero,zero,0.5,FALSE,2,differenced,NA,NA,TRUE,summary,naive,simulate_divergent_trends,NA,NA,-0.04,-0.04,NA,NA,NA,NA,NA,NA,NA,NA,NA,NA,NA,NA,NA,NA,NA,NA,NA,NA,NA,NA,NA,NA,NA,NA,NA,NA,NA,NA
N2,N,"Figure panel F: exchangeability gap Delta = 0.025 (DiD trend -0.04, PP trend -0.065)",full,bespoke,10,0,10,-0.15,0.03,-0.04,0.02,0.45,0.05,0.12,0.5,0,100,100,NA,NA,0,0,FALSE,0,0,FALSE,0,0,0,0,0,0,NA,NA,NA,meta_did,TRUE,FALSE,FALSE,FALSE,TRUE,pooled,by_randomisation,zero,0.5,FALSE,2,differenced,NA,NA,TRUE,summary,full,simulate_divergent_trends,NA,NA,-0.04,-0.065,NA,NA,NA,NA,NA,NA,NA,NA,NA,NA,NA,NA,NA,NA,NA,NA,NA,NA,NA,NA,NA,NA,NA,NA,NA,NA,NA,NA
N2,N,"Figure panel F: exchangeability gap Delta = 0.025 (DiD trend -0.04, PP trend -0.065)",naive,bespoke,10,0,10,-0.15,0.03,-0.04,0.02,0.45,0.05,0.12,0.5,0,100,100,NA,NA,0,0,FALSE,0,0,FALSE,0,0,0,0,0,0,NA,NA,NA,meta_did_general,TRUE,FALSE,FALSE,FALSE,TRUE,fixed_zero,fixed_zero,zero,0.5,FALSE,2,differenced,NA,NA,TRUE,summary,naive,simulate_divergent_trends,NA,NA,-0.04,-0.065,NA,NA,NA,NA,NA,NA,NA,NA,NA,NA,NA,NA,NA,NA,NA,NA,NA,NA,NA,NA,NA,NA,NA,NA,NA,NA,NA,NA
N3,N,"Figure panel F: exchangeability gap Delta = 0.05 (DiD trend -0.04, PP trend -0.09)",full,bespoke,10,0,10,-0.15,0.03,-0.04,0.02,0.45,0.05,0.12,0.5,0,100,100,NA,NA,0,0,FALSE,0,0,FALSE,0,0,0,0,0,0,NA,NA,NA,meta_did,TRUE,FALSE,FALSE,FALSE,TRUE,pooled,by_randomisation,zero,0.5,FALSE,2,differenced,NA,NA,TRUE,summary,full,simulate_divergent_trends,NA,NA,-0.04,-0.09,NA,NA,NA,NA,NA,NA,NA,NA,NA,NA,NA,NA,NA,NA,NA,NA,NA,NA,NA,NA,NA,NA,NA,NA,NA,NA,NA,NA
N3,N,"Figure panel F: exchangeability gap Delta = 0.05 (DiD trend -0.04, PP trend -0.09)",naive,bespoke,10,0,10,-0.15,0.03,-0.04,0.02,0.45,0.05,0.12,0.5,0,100,100,NA,NA,0,0,FALSE,0,0,FALSE,0,0,0,0,0,0,NA,NA,NA,meta_did_general,TRUE,FALSE,FALSE,FALSE,TRUE,fixed_zero,fixed_zero,zero,0.5,FALSE,2,differenced,NA,NA,TRUE,summary,naive,simulate_divergent_trends,NA,NA,-0.04,-0.09,NA,NA,NA,NA,NA,NA,NA,NA,NA,NA,NA,NA,NA,NA,NA,NA,NA,NA,NA,NA,NA,NA,NA,NA,NA,NA,NA,NA
N4,N,"Figure panel F: exchangeability gap Delta = 0.075 (DiD trend -0.04, PP trend -0.115)",full,bespoke,10,0,10,-0.15,0.03,-0.04,0.02,0.45,0.05,0.12,0.5,0,100,100,NA,NA,0,0,FALSE,0,0,FALSE,0,0,0,0,0,0,NA,NA,NA,meta_did,TRUE,FALSE,FALSE,FALSE,TRUE,pooled,by_randomisation,zero,0.5,FALSE,2,differenced,NA,NA,TRUE,summary,full,simulate_divergent_trends,NA,NA,-0.04,-0.115,NA,NA,NA,NA,NA,NA,NA,NA,NA,NA,NA,NA,NA,NA,NA,NA,NA,NA,NA,NA,NA,NA,NA,NA,NA,NA,NA,NA
N4,N,"Figure panel F: exchangeability gap Delta = 0.075 (DiD trend -0.04, PP trend -0.115)",naive,bespoke,10,0,10,-0.15,0.03,-0.04,0.02,0.45,0.05,0.12,0.5,0,100,100,NA,NA,0,0,FALSE,0,0,FALSE,0,0,0,0,0,0,NA,NA,NA,meta_did_general,TRUE,FALSE,FALSE,FALSE,TRUE,fixed_zero,fixed_zero,zero,0.5,FALSE,2,differenced,NA,NA,TRUE,summary,naive,simulate_divergent_trends,NA,NA,-0.04,-0.115,NA,NA,NA,NA,NA,NA,NA,NA,NA,NA,NA,NA,NA,NA,NA,NA,NA,NA,NA,NA,NA,NA,NA,NA,NA,NA,NA,NA
N5,N,"Figure panel F: exchangeability gap Delta = 0.1 (DiD trend -0.04, PP trend -0.14)",full,bespoke,10,0,10,-0.15,0.03,-0.04,0.02,0.45,0.05,0.12,0.5,0,100,100,NA,NA,0,0,FALSE,0,0,FALSE,0,0,0,0,0,0,NA,NA,NA,meta_did,TRUE,FALSE,FALSE,FALSE,TRUE,pooled,by_randomisation,zero,0.5,FALSE,2,differenced,NA,NA,TRUE,summary,full,simulate_divergent_trends,NA,NA,-0.04,-0.14,NA,NA,NA,NA,NA,NA,NA,NA,NA,NA,NA,NA,NA,NA,NA,NA,NA,NA,NA,NA,NA,NA,NA,NA,NA,NA,NA,NA
N5,N,"Figure panel F: exchangeability gap Delta = 0.1 (DiD trend -0.04, PP trend -0.14)",naive,bespoke,10,0,10,-0.15,0.03,-0.04,0.02,0.45,0.05,0.12,0.5,0,100,100,NA,NA,0,0,FALSE,0,0,FALSE,0,0,0,0,0,0,NA,NA,NA,meta_did_general,TRUE,FALSE,FALSE,FALSE,TRUE,fixed_zero,fixed_zero,zero,0.5,FALSE,2,differenced,NA,NA,TRUE,summary,naive,simulate_divergent_trends,NA,NA,-0.04,-0.14,NA,NA,NA,NA,NA,NA,NA,NA,NA,NA,NA,NA,NA,NA,NA,NA,NA,NA,NA,NA,NA,NA,NA,NA,NA,NA,NA,NA
N6,N,"Figure panel F: exchangeability gap Delta = 0.125 (DiD trend -0.04, PP trend -0.165)",full,bespoke,10,0,10,-0.15,0.03,-0.04,0.02,0.45,0.05,0.12,0.5,0,100,100,NA,NA,0,0,FALSE,0,0,FALSE,0,0,0,0,0,0,NA,NA,NA,meta_did,TRUE,FALSE,FALSE,FALSE,TRUE,pooled,by_randomisation,zero,0.5,FALSE,2,differenced,NA,NA,TRUE,summary,full,simulate_divergent_trends,NA,NA,-0.04,-0.165,NA,NA,NA,NA,NA,NA,NA,NA,NA,NA,NA,NA,NA,NA,NA,NA,NA,NA,NA,NA,NA,NA,NA,NA,NA,NA,NA,NA
N6,N,"Figure panel F: exchangeability gap Delta = 0.125 (DiD trend -0.04, PP trend -0.165)",naive,bespoke,10,0,10,-0.15,0.03,-0.04,0.02,0.45,0.05,0.12,0.5,0,100,100,NA,NA,0,0,FALSE,0,0,FALSE,0,0,0,0,0,0,NA,NA,NA,meta_did_general,TRUE,FALSE,FALSE,FALSE,TRUE,fixed_zero,fixed_zero,zero,0.5,FALSE,2,differenced,NA,NA,TRUE,summary,naive,simulate_divergent_trends,NA,NA,-0.04,-0.165,NA,NA,NA,NA,NA,NA,NA,NA,NA,NA,NA,NA,NA,NA,NA,NA,NA,NA,NA,NA,NA,NA,NA,NA,NA,NA,NA,NA
N7,N,"Figure panel F: exchangeability gap Delta = 0.15 (DiD trend -0.04, PP trend -0.19)",full,bespoke,10,0,10,-0.15,0.03,-0.04,0.02,0.45,0.05,0.12,0.5,0,100,100,NA,NA,0,0,FALSE,0,0,FALSE,0,0,0,0,0,0,NA,NA,NA,meta_did,TRUE,FALSE,FALSE,FALSE,TRUE,pooled,by_randomisation,zero,0.5,FALSE,2,differenced,NA,NA,TRUE,summary,full,simulate_divergent_trends,NA,NA,-0.04,-0.19,NA,NA,NA,NA,NA,NA,NA,NA,NA,NA,NA,NA,NA,NA,NA,NA,NA,NA,NA,NA,NA,NA,NA,NA,NA,NA,NA,NA
N7,N,"Figure panel F: exchangeability gap Delta = 0.15 (DiD trend -0.04, PP trend -0.19)",naive,bespoke,10,0,10,-0.15,0.03,-0.04,0.02,0.45,0.05,0.12,0.5,0,100,100,NA,NA,0,0,FALSE,0,0,FALSE,0,0,0,0,0,0,NA,NA,NA,meta_did_general,TRUE,FALSE,FALSE,FALSE,TRUE,fixed_zero,fixed_zero,zero,0.5,FALSE,2,differenced,NA,NA,TRUE,summary,naive,simulate_divergent_trends,NA,NA,-0.04,-0.19,NA,NA,NA,NA,NA,NA,NA,NA,NA,NA,NA,NA,NA,NA,NA,NA,NA,NA,NA,NA,NA,NA,NA,NA,NA,NA,NA,NA
O1,O,"Figure panel G: crossover, DiD trend -0.04, PP trend -0.2",full,bespoke,10,0,10,-0.15,0.03,-0.04,0.02,0.45,0.05,0.12,0.5,0,100,100,NA,NA,0,0,FALSE,0,0,FALSE,0,0,0,0,0,0,NA,NA,NA,meta_did,TRUE,FALSE,FALSE,FALSE,TRUE,pooled,by_randomisation,zero,0.5,FALSE,2,differenced,NA,NA,TRUE,summary,full,simulate_divergent_trends,NA,NA,-0.04,-0.2,NA,NA,NA,NA,NA,NA,NA,NA,NA,NA,NA,NA,NA,NA,NA,NA,NA,NA,NA,NA,NA,NA,NA,NA,NA,NA,NA,NA
O1,O,"Figure panel G: crossover, DiD trend -0.04, PP trend -0.2",naive,bespoke,10,0,10,-0.15,0.03,-0.04,0.02,0.45,0.05,0.12,0.5,0,100,100,NA,NA,0,0,FALSE,0,0,FALSE,0,0,0,0,0,0,NA,NA,NA,meta_did_general,TRUE,FALSE,FALSE,FALSE,TRUE,fixed_zero,fixed_zero,zero,0.5,FALSE,2,differenced,NA,NA,TRUE,summary,naive,simulate_divergent_trends,NA,NA,-0.04,-0.2,NA,NA,NA,NA,NA,NA,NA,NA,NA,NA,NA,NA,NA,NA,NA,NA,NA,NA,NA,NA,NA,NA,NA,NA,NA,NA,NA,NA
O2,O,"Figure panel G: crossover, DiD trend -0.04, PP trend -0.15",full,bespoke,10,0,10,-0.15,0.03,-0.04,0.02,0.45,0.05,0.12,0.5,0,100,100,NA,NA,0,0,FALSE,0,0,FALSE,0,0,0,0,0,0,NA,NA,NA,meta_did,TRUE,FALSE,FALSE,FALSE,TRUE,pooled,by_randomisation,zero,0.5,FALSE,2,differenced,NA,NA,TRUE,summary,full,simulate_divergent_trends,NA,NA,-0.04,-0.15,NA,NA,NA,NA,NA,NA,NA,NA,NA,NA,NA,NA,NA,NA,NA,NA,NA,NA,NA,NA,NA,NA,NA,NA,NA,NA,NA,NA
O2,O,"Figure panel G: crossover, DiD trend -0.04, PP trend -0.15",naive,bespoke,10,0,10,-0.15,0.03,-0.04,0.02,0.45,0.05,0.12,0.5,0,100,100,NA,NA,0,0,FALSE,0,0,FALSE,0,0,0,0,0,0,NA,NA,NA,meta_did_general,TRUE,FALSE,FALSE,FALSE,TRUE,fixed_zero,fixed_zero,zero,0.5,FALSE,2,differenced,NA,NA,TRUE,summary,naive,simulate_divergent_trends,NA,NA,-0.04,-0.15,NA,NA,NA,NA,NA,NA,NA,NA,NA,NA,NA,NA,NA,NA,NA,NA,NA,NA,NA,NA,NA,NA,NA,NA,NA,NA,NA,NA
O3,O,"Figure panel G: crossover, DiD trend -0.04, PP trend -0.1",full,bespoke,10,0,10,-0.15,0.03,-0.04,0.02,0.45,0.05,0.12,0.5,0,100,100,NA,NA,0,0,FALSE,0,0,FALSE,0,0,0,0,0,0,NA,NA,NA,meta_did,TRUE,FALSE,FALSE,FALSE,TRUE,pooled,by_randomisation,zero,0.5,FALSE,2,differenced,NA,NA,TRUE,summary,full,simulate_divergent_trends,NA,NA,-0.04,-0.1,NA,NA,NA,NA,NA,NA,NA,NA,NA,NA,NA,NA,NA,NA,NA,NA,NA,NA,NA,NA,NA,NA,NA,NA,NA,NA,NA,NA
O3,O,"Figure panel G: crossover, DiD trend -0.04, PP trend -0.1",naive,bespoke,10,0,10,-0.15,0.03,-0.04,0.02,0.45,0.05,0.12,0.5,0,100,100,NA,NA,0,0,FALSE,0,0,FALSE,0,0,0,0,0,0,NA,NA,NA,meta_did_general,TRUE,FALSE,FALSE,FALSE,TRUE,fixed_zero,fixed_zero,zero,0.5,FALSE,2,differenced,NA,NA,TRUE,summary,naive,simulate_divergent_trends,NA,NA,-0.04,-0.1,NA,NA,NA,NA,NA,NA,NA,NA,NA,NA,NA,NA,NA,NA,NA,NA,NA,NA,NA,NA,NA,NA,NA,NA,NA,NA,NA,NA
O4,O,"Figure panel G: crossover, DiD trend -0.04, PP trend -0.07",full,bespoke,10,0,10,-0.15,0.03,-0.04,0.02,0.45,0.05,0.12,0.5,0,100,100,NA,NA,0,0,FALSE,0,0,FALSE,0,0,0,0,0,0,NA,NA,NA,meta_did,TRUE,FALSE,FALSE,FALSE,TRUE,pooled,by_randomisation,zero,0.5,FALSE,2,differenced,NA,NA,TRUE,summary,full,simulate_divergent_trends,NA,NA,-0.04,-0.07,NA,NA,NA,NA,NA,NA,NA,NA,NA,NA,NA,NA,NA,NA,NA,NA,NA,NA,NA,NA,NA,NA,NA,NA,NA,NA,NA,NA
O4,O,"Figure panel G: crossover, DiD trend -0.04, PP trend -0.07",naive,bespoke,10,0,10,-0.15,0.03,-0.04,0.02,0.45,0.05,0.12,0.5,0,100,100,NA,NA,0,0,FALSE,0,0,FALSE,0,0,0,0,0,0,NA,NA,NA,meta_did_general,TRUE,FALSE,FALSE,FALSE,TRUE,fixed_zero,fixed_zero,zero,0.5,FALSE,2,differenced,NA,NA,TRUE,summary,naive,simulate_divergent_trends,NA,NA,-0.04,-0.07,NA,NA,NA,NA,NA,NA,NA,NA,NA,NA,NA,NA,NA,NA,NA,NA,NA,NA,NA,NA,NA,NA,NA,NA,NA,NA,NA,NA
O5,O,"Figure panel G: crossover, DiD trend -0.04, PP trend -0.04",full,bespoke,10,0,10,-0.15,0.03,-0.04,0.02,0.45,0.05,0.12,0.5,0,100,100,NA,NA,0,0,FALSE,0,0,FALSE,0,0,0,0,0,0,NA,NA,NA,meta_did,TRUE,FALSE,FALSE,FALSE,TRUE,pooled,by_randomisation,zero,0.5,FALSE,2,differenced,NA,NA,TRUE,summary,full,simulate_divergent_trends,NA,NA,-0.04,-0.04,NA,NA,NA,NA,NA,NA,NA,NA,NA,NA,NA,NA,NA,NA,NA,NA,NA,NA,NA,NA,NA,NA,NA,NA,NA,NA,NA,NA
O5,O,"Figure panel G: crossover, DiD trend -0.04, PP trend -0.04",naive,bespoke,10,0,10,-0.15,0.03,-0.04,0.02,0.45,0.05,0.12,0.5,0,100,100,NA,NA,0,0,FALSE,0,0,FALSE,0,0,0,0,0,0,NA,NA,NA,meta_did_general,TRUE,FALSE,FALSE,FALSE,TRUE,fixed_zero,fixed_zero,zero,0.5,FALSE,2,differenced,NA,NA,TRUE,summary,naive,simulate_divergent_trends,NA,NA,-0.04,-0.04,NA,NA,NA,NA,NA,NA,NA,NA,NA,NA,NA,NA,NA,NA,NA,NA,NA,NA,NA,NA,NA,NA,NA,NA,NA,NA,NA,NA
O6,O,"Figure panel G: crossover, DiD trend -0.04, PP trend -0.02",full,bespoke,10,0,10,-0.15,0.03,-0.04,0.02,0.45,0.05,0.12,0.5,0,100,100,NA,NA,0,0,FALSE,0,0,FALSE,0,0,0,0,0,0,NA,NA,NA,meta_did,TRUE,FALSE,FALSE,FALSE,TRUE,pooled,by_randomisation,zero,0.5,FALSE,2,differenced,NA,NA,TRUE,summary,full,simulate_divergent_trends,NA,NA,-0.04,-0.02,NA,NA,NA,NA,NA,NA,NA,NA,NA,NA,NA,NA,NA,NA,NA,NA,NA,NA,NA,NA,NA,NA,NA,NA,NA,NA,NA,NA
O6,O,"Figure panel G: crossover, DiD trend -0.04, PP trend -0.02",naive,bespoke,10,0,10,-0.15,0.03,-0.04,0.02,0.45,0.05,0.12,0.5,0,100,100,NA,NA,0,0,FALSE,0,0,FALSE,0,0,0,0,0,0,NA,NA,NA,meta_did_general,TRUE,FALSE,FALSE,FALSE,TRUE,fixed_zero,fixed_zero,zero,0.5,FALSE,2,differenced,NA,NA,TRUE,summary,naive,simulate_divergent_trends,NA,NA,-0.04,-0.02,NA,NA,NA,NA,NA,NA,NA,NA,NA,NA,NA,NA,NA,NA,NA,NA,NA,NA,NA,NA,NA,NA,NA,NA,NA,NA,NA,NA
O7,O,"Figure panel G: crossover, DiD trend -0.04, PP trend 0",full,bespoke,10,0,10,-0.15,0.03,-0.04,0.02,0.45,0.05,0.12,0.5,0,100,100,NA,NA,0,0,FALSE,0,0,FALSE,0,0,0,0,0,0,NA,NA,NA,meta_did,TRUE,FALSE,FALSE,FALSE,TRUE,pooled,by_randomisation,zero,0.5,FALSE,2,differenced,NA,NA,TRUE,summary,full,simulate_divergent_trends,NA,NA,-0.04,0,NA,NA,NA,NA,NA,NA,NA,NA,NA,NA,NA,NA,NA,NA,NA,NA,NA,NA,NA,NA,NA,NA,NA,NA,NA,NA,NA,NA
O7,O,"Figure panel G: crossover, DiD trend -0.04, PP trend 0",naive,bespoke,10,0,10,-0.15,0.03,-0.04,0.02,0.45,0.05,0.12,0.5,0,100,100,NA,NA,0,0,FALSE,0,0,FALSE,0,0,0,0,0,0,NA,NA,NA,meta_did_general,TRUE,FALSE,FALSE,FALSE,TRUE,fixed_zero,fixed_zero,zero,0.5,FALSE,2,differenced,NA,NA,TRUE,summary,naive,simulate_divergent_trends,NA,NA,-0.04,0,NA,NA,NA,NA,NA,NA,NA,NA,NA,NA,NA,NA,NA,NA,NA,NA,NA,NA,NA,NA,NA,NA,NA,NA,NA,NA,NA,NA
O8,O,"Figure panel G: crossover, DiD trend -0.04, PP trend 0.04",full,bespoke,10,0,10,-0.15,0.03,-0.04,0.02,0.45,0.05,0.12,0.5,0,100,100,NA,NA,0,0,FALSE,0,0,FALSE,0,0,0,0,0,0,NA,NA,NA,meta_did,TRUE,FALSE,FALSE,FALSE,TRUE,pooled,by_randomisation,zero,0.5,FALSE,2,differenced,NA,NA,TRUE,summary,full,simulate_divergent_trends,NA,NA,-0.04,0.04,NA,NA,NA,NA,NA,NA,NA,NA,NA,NA,NA,NA,NA,NA,NA,NA,NA,NA,NA,NA,NA,NA,NA,NA,NA,NA,NA,NA
O8,O,"Figure panel G: crossover, DiD trend -0.04, PP trend 0.04",naive,bespoke,10,0,10,-0.15,0.03,-0.04,0.02,0.45,0.05,0.12,0.5,0,100,100,NA,NA,0,0,FALSE,0,0,FALSE,0,0,0,0,0,0,NA,NA,NA,meta_did_general,TRUE,FALSE,FALSE,FALSE,TRUE,fixed_zero,fixed_zero,zero,0.5,FALSE,2,differenced,NA,NA,TRUE,summary,naive,simulate_divergent_trends,NA,NA,-0.04,0.04,NA,NA,NA,NA,NA,NA,NA,NA,NA,NA,NA,NA,NA,NA,NA,NA,NA,NA,NA,NA,NA,NA,NA,NA,NA,NA,NA,NA
O9,O,"Figure panel G: crossover, DiD trend -0.04, PP trend 0.08",full,bespoke,10,0,10,-0.15,0.03,-0.04,0.02,0.45,0.05,0.12,0.5,0,100,100,NA,NA,0,0,FALSE,0,0,FALSE,0,0,0,0,0,0,NA,NA,NA,meta_did,TRUE,FALSE,FALSE,FALSE,TRUE,pooled,by_randomisation,zero,0.5,FALSE,2,differenced,NA,NA,TRUE,summary,full,simulate_divergent_trends,NA,NA,-0.04,0.08,NA,NA,NA,NA,NA,NA,NA,NA,NA,NA,NA,NA,NA,NA,NA,NA,NA,NA,NA,NA,NA,NA,NA,NA,NA,NA,NA,NA
O9,O,"Figure panel G: crossover, DiD trend -0.04, PP trend 0.08",naive,bespoke,10,0,10,-0.15,0.03,-0.04,0.02,0.45,0.05,0.12,0.5,0,100,100,NA,NA,0,0,FALSE,0,0,FALSE,0,0,0,0,0,0,NA,NA,NA,meta_did_general,TRUE,FALSE,FALSE,FALSE,TRUE,fixed_zero,fixed_zero,zero,0.5,FALSE,2,differenced,NA,NA,TRUE,summary,naive,simulate_divergent_trends,NA,NA,-0.04,0.08,NA,NA,NA,NA,NA,NA,NA,NA,NA,NA,NA,NA,NA,NA,NA,NA,NA,NA,NA,NA,NA,NA,NA,NA,NA,NA,NA,NA
P1,P,"Unrandomised post-only imbalance, gamma mean 0",full,bespoke,10,20,0,-0.15,0.03,-0.04,0.02,0.45,0.05,0.12,0.5,0,100,100,NA,NA,0,0,FALSE,0,0.02,FALSE,0,0,0,0,0,0,NA,NA,NA,meta_did,TRUE,FALSE,FALSE,FALSE,TRUE,pooled,estimated,estimated,0.5,FALSE,2,differenced,NA,NA,TRUE,summary,full,simulate_rct_imbalance,NA,NA,NA,NA,NA,NA,NA,NA,NA,NA,NA,NA,NA,NA,NA,NA,NA,NA,NA,NA,NA,NA,NA,NA,NA,NA,NA,NA,NA,NA,NA,NA
P1,P,"Unrandomised post-only imbalance, gamma mean 0",zero_mean,bespoke,10,20,0,-0.15,0.03,-0.04,0.02,0.45,0.05,0.12,0.5,0,100,100,NA,NA,0,0,FALSE,0,0.02,FALSE,0,0,0,0,0,0,NA,NA,NA,meta_did,TRUE,FALSE,FALSE,FALSE,TRUE,pooled,estimated,zero,0.5,FALSE,2,differenced,NA,NA,TRUE,summary,zero_mean,simulate_rct_imbalance,NA,NA,NA,NA,NA,NA,NA,NA,NA,NA,NA,NA,NA,NA,NA,NA,NA,NA,NA,NA,NA,NA,NA,NA,NA,NA,NA,NA,NA,NA,NA,NA
P1,P,"Unrandomised post-only imbalance, gamma mean 0",naive,bespoke,10,20,0,-0.15,0.03,-0.04,0.02,0.45,0.05,0.12,0.5,0,100,100,NA,NA,0,0,FALSE,0,0.02,FALSE,0,0,0,0,0,0,NA,NA,NA,meta_did_general,TRUE,FALSE,FALSE,FALSE,TRUE,pooled,fixed_zero,zero,0.5,FALSE,2,differenced,NA,NA,TRUE,summary,naive,simulate_rct_imbalance,NA,NA,NA,NA,NA,NA,NA,NA,NA,NA,NA,NA,NA,NA,NA,NA,NA,NA,NA,NA,NA,NA,NA,NA,NA,NA,NA,NA,NA,NA,NA,NA
P2,P,"Unrandomised post-only imbalance, gamma mean 0.02",full,bespoke,10,20,0,-0.15,0.03,-0.04,0.02,0.45,0.05,0.12,0.5,0,100,100,NA,NA,0,0,FALSE,0.02,0.02,FALSE,0,0,0,0,0,0,NA,NA,NA,meta_did,TRUE,FALSE,FALSE,FALSE,TRUE,pooled,estimated,estimated,0.5,FALSE,2,differenced,NA,NA,TRUE,summary,full,simulate_rct_imbalance,NA,NA,NA,NA,NA,NA,NA,NA,NA,NA,NA,NA,NA,NA,NA,NA,NA,NA,NA,NA,NA,NA,NA,NA,NA,NA,NA,NA,NA,NA,NA,NA
P2,P,"Unrandomised post-only imbalance, gamma mean 0.02",zero_mean,bespoke,10,20,0,-0.15,0.03,-0.04,0.02,0.45,0.05,0.12,0.5,0,100,100,NA,NA,0,0,FALSE,0.02,0.02,FALSE,0,0,0,0,0,0,NA,NA,NA,meta_did,TRUE,FALSE,FALSE,FALSE,TRUE,pooled,estimated,zero,0.5,FALSE,2,differenced,NA,NA,TRUE,summary,zero_mean,simulate_rct_imbalance,NA,NA,NA,NA,NA,NA,NA,NA,NA,NA,NA,NA,NA,NA,NA,NA,NA,NA,NA,NA,NA,NA,NA,NA,NA,NA,NA,NA,NA,NA,NA,NA
P2,P,"Unrandomised post-only imbalance, gamma mean 0.02",naive,bespoke,10,20,0,-0.15,0.03,-0.04,0.02,0.45,0.05,0.12,0.5,0,100,100,NA,NA,0,0,FALSE,0.02,0.02,FALSE,0,0,0,0,0,0,NA,NA,NA,meta_did_general,TRUE,FALSE,FALSE,FALSE,TRUE,pooled,fixed_zero,zero,0.5,FALSE,2,differenced,NA,NA,TRUE,summary,naive,simulate_rct_imbalance,NA,NA,NA,NA,NA,NA,NA,NA,NA,NA,NA,NA,NA,NA,NA,NA,NA,NA,NA,NA,NA,NA,NA,NA,NA,NA,NA,NA,NA,NA,NA,NA
P3,P,"Unrandomised post-only imbalance, gamma mean 0.04",full,bespoke,10,20,0,-0.15,0.03,-0.04,0.02,0.45,0.05,0.12,0.5,0,100,100,NA,NA,0,0,FALSE,0.04,0.02,FALSE,0,0,0,0,0,0,NA,NA,NA,meta_did,TRUE,FALSE,FALSE,FALSE,TRUE,pooled,estimated,estimated,0.5,FALSE,2,differenced,NA,NA,TRUE,summary,full,simulate_rct_imbalance,NA,NA,NA,NA,NA,NA,NA,NA,NA,NA,NA,NA,NA,NA,NA,NA,NA,NA,NA,NA,NA,NA,NA,NA,NA,NA,NA,NA,NA,NA,NA,NA
P3,P,"Unrandomised post-only imbalance, gamma mean 0.04",zero_mean,bespoke,10,20,0,-0.15,0.03,-0.04,0.02,0.45,0.05,0.12,0.5,0,100,100,NA,NA,0,0,FALSE,0.04,0.02,FALSE,0,0,0,0,0,0,NA,NA,NA,meta_did,TRUE,FALSE,FALSE,FALSE,TRUE,pooled,estimated,zero,0.5,FALSE,2,differenced,NA,NA,TRUE,summary,zero_mean,simulate_rct_imbalance,NA,NA,NA,NA,NA,NA,NA,NA,NA,NA,NA,NA,NA,NA,NA,NA,NA,NA,NA,NA,NA,NA,NA,NA,NA,NA,NA,NA,NA,NA,NA,NA
P3,P,"Unrandomised post-only imbalance, gamma mean 0.04",naive,bespoke,10,20,0,-0.15,0.03,-0.04,0.02,0.45,0.05,0.12,0.5,0,100,100,NA,NA,0,0,FALSE,0.04,0.02,FALSE,0,0,0,0,0,0,NA,NA,NA,meta_did_general,TRUE,FALSE,FALSE,FALSE,TRUE,pooled,fixed_zero,zero,0.5,FALSE,2,differenced,NA,NA,TRUE,summary,naive,simulate_rct_imbalance,NA,NA,NA,NA,NA,NA,NA,NA,NA,NA,NA,NA,NA,NA,NA,NA,NA,NA,NA,NA,NA,NA,NA,NA,NA,NA,NA,NA,NA,NA,NA,NA
P4,P,"Unrandomised post-only imbalance, gamma mean 0.05",full,bespoke,10,20,0,-0.15,0.03,-0.04,0.02,0.45,0.05,0.12,0.5,0,100,100,NA,NA,0,0,FALSE,0.05,0.02,FALSE,0,0,0,0,0,0,NA,NA,NA,meta_did,TRUE,FALSE,FALSE,FALSE,TRUE,pooled,estimated,estimated,0.5,FALSE,2,differenced,NA,NA,TRUE,summary,full,simulate_rct_imbalance,NA,NA,NA,NA,NA,NA,NA,NA,NA,NA,NA,NA,NA,NA,NA,NA,NA,NA,NA,NA,NA,NA,NA,NA,NA,NA,NA,NA,NA,NA,NA,NA
P4,P,"Unrandomised post-only imbalance, gamma mean 0.05",zero_mean,bespoke,10,20,0,-0.15,0.03,-0.04,0.02,0.45,0.05,0.12,0.5,0,100,100,NA,NA,0,0,FALSE,0.05,0.02,FALSE,0,0,0,0,0,0,NA,NA,NA,meta_did,TRUE,FALSE,FALSE,FALSE,TRUE,pooled,estimated,zero,0.5,FALSE,2,differenced,NA,NA,TRUE,summary,zero_mean,simulate_rct_imbalance,NA,NA,NA,NA,NA,NA,NA,NA,NA,NA,NA,NA,NA,NA,NA,NA,NA,NA,NA,NA,NA,NA,NA,NA,NA,NA,NA,NA,NA,NA,NA,NA
P4,P,"Unrandomised post-only imbalance, gamma mean 0.05",naive,bespoke,10,20,0,-0.15,0.03,-0.04,0.02,0.45,0.05,0.12,0.5,0,100,100,NA,NA,0,0,FALSE,0.05,0.02,FALSE,0,0,0,0,0,0,NA,NA,NA,meta_did_general,TRUE,FALSE,FALSE,FALSE,TRUE,pooled,fixed_zero,zero,0.5,FALSE,2,differenced,NA,NA,TRUE,summary,naive,simulate_rct_imbalance,NA,NA,NA,NA,NA,NA,NA,NA,NA,NA,NA,NA,NA,NA,NA,NA,NA,NA,NA,NA,NA,NA,NA,NA,NA,NA,NA,NA,NA,NA,NA,NA
P5,P,"Unrandomised post-only imbalance, gamma mean 0.06",full,bespoke,10,20,0,-0.15,0.03,-0.04,0.02,0.45,0.05,0.12,0.5,0,100,100,NA,NA,0,0,FALSE,0.06,0.02,FALSE,0,0,0,0,0,0,NA,NA,NA,meta_did,TRUE,FALSE,FALSE,FALSE,TRUE,pooled,estimated,estimated,0.5,FALSE,2,differenced,NA,NA,TRUE,summary,full,simulate_rct_imbalance,NA,NA,NA,NA,NA,NA,NA,NA,NA,NA,NA,NA,NA,NA,NA,NA,NA,NA,NA,NA,NA,NA,NA,NA,NA,NA,NA,NA,NA,NA,NA,NA
P5,P,"Unrandomised post-only imbalance, gamma mean 0.06",zero_mean,bespoke,10,20,0,-0.15,0.03,-0.04,0.02,0.45,0.05,0.12,0.5,0,100,100,NA,NA,0,0,FALSE,0.06,0.02,FALSE,0,0,0,0,0,0,NA,NA,NA,meta_did,TRUE,FALSE,FALSE,FALSE,TRUE,pooled,estimated,zero,0.5,FALSE,2,differenced,NA,NA,TRUE,summary,zero_mean,simulate_rct_imbalance,NA,NA,NA,NA,NA,NA,NA,NA,NA,NA,NA,NA,NA,NA,NA,NA,NA,NA,NA,NA,NA,NA,NA,NA,NA,NA,NA,NA,NA,NA,NA,NA
P5,P,"Unrandomised post-only imbalance, gamma mean 0.06",naive,bespoke,10,20,0,-0.15,0.03,-0.04,0.02,0.45,0.05,0.12,0.5,0,100,100,NA,NA,0,0,FALSE,0.06,0.02,FALSE,0,0,0,0,0,0,NA,NA,NA,meta_did_general,TRUE,FALSE,FALSE,FALSE,TRUE,pooled,fixed_zero,zero,0.5,FALSE,2,differenced,NA,NA,TRUE,summary,naive,simulate_rct_imbalance,NA,NA,NA,NA,NA,NA,NA,NA,NA,NA,NA,NA,NA,NA,NA,NA,NA,NA,NA,NA,NA,NA,NA,NA,NA,NA,NA,NA,NA,NA,NA,NA
P6,P,"Unrandomised post-only imbalance, gamma mean 0.08",full,bespoke,10,20,0,-0.15,0.03,-0.04,0.02,0.45,0.05,0.12,0.5,0,100,100,NA,NA,0,0,FALSE,0.08,0.02,FALSE,0,0,0,0,0,0,NA,NA,NA,meta_did,TRUE,FALSE,FALSE,FALSE,TRUE,pooled,estimated,estimated,0.5,FALSE,2,differenced,NA,NA,TRUE,summary,full,simulate_rct_imbalance,NA,NA,NA,NA,NA,NA,NA,NA,NA,NA,NA,NA,NA,NA,NA,NA,NA,NA,NA,NA,NA,NA,NA,NA,NA,NA,NA,NA,NA,NA,NA,NA
P6,P,"Unrandomised post-only imbalance, gamma mean 0.08",zero_mean,bespoke,10,20,0,-0.15,0.03,-0.04,0.02,0.45,0.05,0.12,0.5,0,100,100,NA,NA,0,0,FALSE,0.08,0.02,FALSE,0,0,0,0,0,0,NA,NA,NA,meta_did,TRUE,FALSE,FALSE,FALSE,TRUE,pooled,estimated,zero,0.5,FALSE,2,differenced,NA,NA,TRUE,summary,zero_mean,simulate_rct_imbalance,NA,NA,NA,NA,NA,NA,NA,NA,NA,NA,NA,NA,NA,NA,NA,NA,NA,NA,NA,NA,NA,NA,NA,NA,NA,NA,NA,NA,NA,NA,NA,NA
P6,P,"Unrandomised post-only imbalance, gamma mean 0.08",naive,bespoke,10,20,0,-0.15,0.03,-0.04,0.02,0.45,0.05,0.12,0.5,0,100,100,NA,NA,0,0,FALSE,0.08,0.02,FALSE,0,0,0,0,0,0,NA,NA,NA,meta_did_general,TRUE,FALSE,FALSE,FALSE,TRUE,pooled,fixed_zero,zero,0.5,FALSE,2,differenced,NA,NA,TRUE,summary,naive,simulate_rct_imbalance,NA,NA,NA,NA,NA,NA,NA,NA,NA,NA,NA,NA,NA,NA,NA,NA,NA,NA,NA,NA,NA,NA,NA,NA,NA,NA,NA,NA,NA,NA,NA,NA
P7,P,"Unrandomised post-only imbalance, gamma mean 0.1",full,bespoke,10,20,0,-0.15,0.03,-0.04,0.02,0.45,0.05,0.12,0.5,0,100,100,NA,NA,0,0,FALSE,0.1,0.02,FALSE,0,0,0,0,0,0,NA,NA,NA,meta_did,TRUE,FALSE,FALSE,FALSE,TRUE,pooled,estimated,estimated,0.5,FALSE,2,differenced,NA,NA,TRUE,summary,full,simulate_rct_imbalance,NA,NA,NA,NA,NA,NA,NA,NA,NA,NA,NA,NA,NA,NA,NA,NA,NA,NA,NA,NA,NA,NA,NA,NA,NA,NA,NA,NA,NA,NA,NA,NA
P7,P,"Unrandomised post-only imbalance, gamma mean 0.1",zero_mean,bespoke,10,20,0,-0.15,0.03,-0.04,0.02,0.45,0.05,0.12,0.5,0,100,100,NA,NA,0,0,FALSE,0.1,0.02,FALSE,0,0,0,0,0,0,NA,NA,NA,meta_did,TRUE,FALSE,FALSE,FALSE,TRUE,pooled,estimated,zero,0.5,FALSE,2,differenced,NA,NA,TRUE,summary,zero_mean,simulate_rct_imbalance,NA,NA,NA,NA,NA,NA,NA,NA,NA,NA,NA,NA,NA,NA,NA,NA,NA,NA,NA,NA,NA,NA,NA,NA,NA,NA,NA,NA,NA,NA,NA,NA
P7,P,"Unrandomised post-only imbalance, gamma mean 0.1",naive,bespoke,10,20,0,-0.15,0.03,-0.04,0.02,0.45,0.05,0.12,0.5,0,100,100,NA,NA,0,0,FALSE,0.1,0.02,FALSE,0,0,0,0,0,0,NA,NA,NA,meta_did_general,TRUE,FALSE,FALSE,FALSE,TRUE,pooled,fixed_zero,zero,0.5,FALSE,2,differenced,NA,NA,TRUE,summary,naive,simulate_rct_imbalance,NA,NA,NA,NA,NA,NA,NA,NA,NA,NA,NA,NA,NA,NA,NA,NA,NA,NA,NA,NA,NA,NA,NA,NA,NA,NA,NA,NA,NA,NA,NA,NA
X1,X,"Transport: DiD gamma 0.04 (one-sided), RCTs truly randomised",shared,bespoke,10,20,0,-0.15,0.03,-0.04,0.02,0.45,0.05,0.12,0.5,0,100,100,NA,NA,0.04,0.02,FALSE,0,0,FALSE,0,0,0,20,0,0,NA,NA,NA,meta_did,TRUE,FALSE,FALSE,FALSE,TRUE,pooled,estimated,estimated,0.5,FALSE,2,differenced,NA,NA,TRUE,summary,shared,simulate_imbalance_grid,NA,NA,NA,NA,NA,NA,NA,NA,NA,NA,NA,NA,NA,NA,NA,NA,NA,NA,NA,NA,NA,NA,NA,NA,NA,NA,NA,NA,NA,NA,NA,NA
X1,X,"Transport: DiD gamma 0.04 (one-sided), RCTs truly randomised",zero_mean,bespoke,10,20,0,-0.15,0.03,-0.04,0.02,0.45,0.05,0.12,0.5,0,100,100,NA,NA,0.04,0.02,FALSE,0,0,FALSE,0,0,0,20,0,0,NA,NA,NA,meta_did,TRUE,FALSE,FALSE,FALSE,TRUE,pooled,estimated,zero,0.5,FALSE,2,differenced,NA,NA,TRUE,summary,zero_mean,simulate_imbalance_grid,NA,NA,NA,NA,NA,NA,NA,NA,NA,NA,NA,NA,NA,NA,NA,NA,NA,NA,NA,NA,NA,NA,NA,NA,NA,NA,NA,NA,NA,NA,NA,NA
X1,X,"Transport: DiD gamma 0.04 (one-sided), RCTs truly randomised",two_pop,bespoke,10,20,0,-0.15,0.03,-0.04,0.02,0.45,0.05,0.12,0.5,0,100,100,NA,NA,0.04,0.02,FALSE,0,0,FALSE,0,0,0,20,0,0,NA,NA,NA,meta_did,TRUE,FALSE,FALSE,FALSE,TRUE,pooled,by_randomisation,zero,0.5,FALSE,2,differenced,NA,NA,TRUE,summary,two_pop,simulate_imbalance_grid,NA,NA,NA,NA,NA,NA,NA,NA,NA,NA,NA,NA,NA,NA,NA,NA,NA,NA,NA,NA,NA,NA,NA,NA,NA,NA,NA,NA,NA,NA,NA,NA
X1,X,"Transport: DiD gamma 0.04 (one-sided), RCTs truly randomised",fixed_zero,bespoke,10,20,0,-0.15,0.03,-0.04,0.02,0.45,0.05,0.12,0.5,0,100,100,NA,NA,0.04,0.02,FALSE,0,0,FALSE,0,0,0,20,0,0,NA,NA,NA,meta_did,TRUE,FALSE,FALSE,FALSE,TRUE,pooled,fixed_zero,zero,0.5,FALSE,2,differenced,NA,NA,TRUE,summary,fixed_zero,simulate_imbalance_grid,NA,NA,NA,NA,NA,NA,NA,NA,NA,NA,NA,NA,NA,NA,NA,NA,NA,NA,NA,NA,NA,NA,NA,NA,NA,NA,NA,NA,NA,NA,NA,NA
X2,X,"Transport: DiD gamma 0.08 (one-sided), RCTs truly randomised",shared,bespoke,10,20,0,-0.15,0.03,-0.04,0.02,0.45,0.05,0.12,0.5,0,100,100,NA,NA,0.08,0.02,FALSE,0,0,FALSE,0,0,0,20,0,0,NA,NA,NA,meta_did,TRUE,FALSE,FALSE,FALSE,TRUE,pooled,estimated,estimated,0.5,FALSE,2,differenced,NA,NA,TRUE,summary,shared,simulate_imbalance_grid,NA,NA,NA,NA,NA,NA,NA,NA,NA,NA,NA,NA,NA,NA,NA,NA,NA,NA,NA,NA,NA,NA,NA,NA,NA,NA,NA,NA,NA,NA,NA,NA
X2,X,"Transport: DiD gamma 0.08 (one-sided), RCTs truly randomised",zero_mean,bespoke,10,20,0,-0.15,0.03,-0.04,0.02,0.45,0.05,0.12,0.5,0,100,100,NA,NA,0.08,0.02,FALSE,0,0,FALSE,0,0,0,20,0,0,NA,NA,NA,meta_did,TRUE,FALSE,FALSE,FALSE,TRUE,pooled,estimated,zero,0.5,FALSE,2,differenced,NA,NA,TRUE,summary,zero_mean,simulate_imbalance_grid,NA,NA,NA,NA,NA,NA,NA,NA,NA,NA,NA,NA,NA,NA,NA,NA,NA,NA,NA,NA,NA,NA,NA,NA,NA,NA,NA,NA,NA,NA,NA,NA
X2,X,"Transport: DiD gamma 0.08 (one-sided), RCTs truly randomised",two_pop,bespoke,10,20,0,-0.15,0.03,-0.04,0.02,0.45,0.05,0.12,0.5,0,100,100,NA,NA,0.08,0.02,FALSE,0,0,FALSE,0,0,0,20,0,0,NA,NA,NA,meta_did,TRUE,FALSE,FALSE,FALSE,TRUE,pooled,by_randomisation,zero,0.5,FALSE,2,differenced,NA,NA,TRUE,summary,two_pop,simulate_imbalance_grid,NA,NA,NA,NA,NA,NA,NA,NA,NA,NA,NA,NA,NA,NA,NA,NA,NA,NA,NA,NA,NA,NA,NA,NA,NA,NA,NA,NA,NA,NA,NA,NA
X2,X,"Transport: DiD gamma 0.08 (one-sided), RCTs truly randomised",fixed_zero,bespoke,10,20,0,-0.15,0.03,-0.04,0.02,0.45,0.05,0.12,0.5,0,100,100,NA,NA,0.08,0.02,FALSE,0,0,FALSE,0,0,0,20,0,0,NA,NA,NA,meta_did,TRUE,FALSE,FALSE,FALSE,TRUE,pooled,fixed_zero,zero,0.5,FALSE,2,differenced,NA,NA,TRUE,summary,fixed_zero,simulate_imbalance_grid,NA,NA,NA,NA,NA,NA,NA,NA,NA,NA,NA,NA,NA,NA,NA,NA,NA,NA,NA,NA,NA,NA,NA,NA,NA,NA,NA,NA,NA,NA,NA,NA
X3,X,"Transport: DiD gamma 0.12 (one-sided), RCTs truly randomised",shared,bespoke,10,20,0,-0.15,0.03,-0.04,0.02,0.45,0.05,0.12,0.5,0,100,100,NA,NA,0.12,0.02,FALSE,0,0,FALSE,0,0,0,20,0,0,NA,NA,NA,meta_did,TRUE,FALSE,FALSE,FALSE,TRUE,pooled,estimated,estimated,0.5,FALSE,2,differenced,NA,NA,TRUE,summary,shared,simulate_imbalance_grid,NA,NA,NA,NA,NA,NA,NA,NA,NA,NA,NA,NA,NA,NA,NA,NA,NA,NA,NA,NA,NA,NA,NA,NA,NA,NA,NA,NA,NA,NA,NA,NA
X3,X,"Transport: DiD gamma 0.12 (one-sided), RCTs truly randomised",zero_mean,bespoke,10,20,0,-0.15,0.03,-0.04,0.02,0.45,0.05,0.12,0.5,0,100,100,NA,NA,0.12,0.02,FALSE,0,0,FALSE,0,0,0,20,0,0,NA,NA,NA,meta_did,TRUE,FALSE,FALSE,FALSE,TRUE,pooled,estimated,zero,0.5,FALSE,2,differenced,NA,NA,TRUE,summary,zero_mean,simulate_imbalance_grid,NA,NA,NA,NA,NA,NA,NA,NA,NA,NA,NA,NA,NA,NA,NA,NA,NA,NA,NA,NA,NA,NA,NA,NA,NA,NA,NA,NA,NA,NA,NA,NA
X3,X,"Transport: DiD gamma 0.12 (one-sided), RCTs truly randomised",two_pop,bespoke,10,20,0,-0.15,0.03,-0.04,0.02,0.45,0.05,0.12,0.5,0,100,100,NA,NA,0.12,0.02,FALSE,0,0,FALSE,0,0,0,20,0,0,NA,NA,NA,meta_did,TRUE,FALSE,FALSE,FALSE,TRUE,pooled,by_randomisation,zero,0.5,FALSE,2,differenced,NA,NA,TRUE,summary,two_pop,simulate_imbalance_grid,NA,NA,NA,NA,NA,NA,NA,NA,NA,NA,NA,NA,NA,NA,NA,NA,NA,NA,NA,NA,NA,NA,NA,NA,NA,NA,NA,NA,NA,NA,NA,NA
X3,X,"Transport: DiD gamma 0.12 (one-sided), RCTs truly randomised",fixed_zero,bespoke,10,20,0,-0.15,0.03,-0.04,0.02,0.45,0.05,0.12,0.5,0,100,100,NA,NA,0.12,0.02,FALSE,0,0,FALSE,0,0,0,20,0,0,NA,NA,NA,meta_did,TRUE,FALSE,FALSE,FALSE,TRUE,pooled,fixed_zero,zero,0.5,FALSE,2,differenced,NA,NA,TRUE,summary,fixed_zero,simulate_imbalance_grid,NA,NA,NA,NA,NA,NA,NA,NA,NA,NA,NA,NA,NA,NA,NA,NA,NA,NA,NA,NA,NA,NA,NA,NA,NA,NA,NA,NA,NA,NA,NA,NA
X4,X,"Direction: DiD gamma +/-0.04 (sign-flipped), RCTs truly randomised",shared,bespoke,10,20,0,-0.15,0.03,-0.04,0.02,0.45,0.05,0.12,0.5,0,100,100,NA,NA,0.04,0.02,TRUE,0,0,FALSE,0,0,0,20,0,0,NA,NA,NA,meta_did,TRUE,FALSE,FALSE,FALSE,TRUE,pooled,estimated,estimated,0.5,FALSE,2,differenced,NA,NA,TRUE,summary,shared,simulate_imbalance_grid,NA,NA,NA,NA,NA,NA,NA,NA,NA,NA,NA,NA,NA,NA,NA,NA,NA,NA,NA,NA,NA,NA,NA,NA,NA,NA,NA,NA,NA,NA,NA,NA
X4,X,"Direction: DiD gamma +/-0.04 (sign-flipped), RCTs truly randomised",zero_mean,bespoke,10,20,0,-0.15,0.03,-0.04,0.02,0.45,0.05,0.12,0.5,0,100,100,NA,NA,0.04,0.02,TRUE,0,0,FALSE,0,0,0,20,0,0,NA,NA,NA,meta_did,TRUE,FALSE,FALSE,FALSE,TRUE,pooled,estimated,zero,0.5,FALSE,2,differenced,NA,NA,TRUE,summary,zero_mean,simulate_imbalance_grid,NA,NA,NA,NA,NA,NA,NA,NA,NA,NA,NA,NA,NA,NA,NA,NA,NA,NA,NA,NA,NA,NA,NA,NA,NA,NA,NA,NA,NA,NA,NA,NA
X4,X,"Direction: DiD gamma +/-0.04 (sign-flipped), RCTs truly randomised",two_pop,bespoke,10,20,0,-0.15,0.03,-0.04,0.02,0.45,0.05,0.12,0.5,0,100,100,NA,NA,0.04,0.02,TRUE,0,0,FALSE,0,0,0,20,0,0,NA,NA,NA,meta_did,TRUE,FALSE,FALSE,FALSE,TRUE,pooled,by_randomisation,zero,0.5,FALSE,2,differenced,NA,NA,TRUE,summary,two_pop,simulate_imbalance_grid,NA,NA,NA,NA,NA,NA,NA,NA,NA,NA,NA,NA,NA,NA,NA,NA,NA,NA,NA,NA,NA,NA,NA,NA,NA,NA,NA,NA,NA,NA,NA,NA
X4,X,"Direction: DiD gamma +/-0.04 (sign-flipped), RCTs truly randomised",fixed_zero,bespoke,10,20,0,-0.15,0.03,-0.04,0.02,0.45,0.05,0.12,0.5,0,100,100,NA,NA,0.04,0.02,TRUE,0,0,FALSE,0,0,0,20,0,0,NA,NA,NA,meta_did,TRUE,FALSE,FALSE,FALSE,TRUE,pooled,fixed_zero,zero,0.5,FALSE,2,differenced,NA,NA,TRUE,summary,fixed_zero,simulate_imbalance_grid,NA,NA,NA,NA,NA,NA,NA,NA,NA,NA,NA,NA,NA,NA,NA,NA,NA,NA,NA,NA,NA,NA,NA,NA,NA,NA,NA,NA,NA,NA,NA,NA
X5,X,"Direction: DiD gamma +/-0.08 (sign-flipped), RCTs truly randomised",shared,bespoke,10,20,0,-0.15,0.03,-0.04,0.02,0.45,0.05,0.12,0.5,0,100,100,NA,NA,0.08,0.02,TRUE,0,0,FALSE,0,0,0,20,0,0,NA,NA,NA,meta_did,TRUE,FALSE,FALSE,FALSE,TRUE,pooled,estimated,estimated,0.5,FALSE,2,differenced,NA,NA,TRUE,summary,shared,simulate_imbalance_grid,NA,NA,NA,NA,NA,NA,NA,NA,NA,NA,NA,NA,NA,NA,NA,NA,NA,NA,NA,NA,NA,NA,NA,NA,NA,NA,NA,NA,NA,NA,NA,NA
X5,X,"Direction: DiD gamma +/-0.08 (sign-flipped), RCTs truly randomised",zero_mean,bespoke,10,20,0,-0.15,0.03,-0.04,0.02,0.45,0.05,0.12,0.5,0,100,100,NA,NA,0.08,0.02,TRUE,0,0,FALSE,0,0,0,20,0,0,NA,NA,NA,meta_did,TRUE,FALSE,FALSE,FALSE,TRUE,pooled,estimated,zero,0.5,FALSE,2,differenced,NA,NA,TRUE,summary,zero_mean,simulate_imbalance_grid,NA,NA,NA,NA,NA,NA,NA,NA,NA,NA,NA,NA,NA,NA,NA,NA,NA,NA,NA,NA,NA,NA,NA,NA,NA,NA,NA,NA,NA,NA,NA,NA
X5,X,"Direction: DiD gamma +/-0.08 (sign-flipped), RCTs truly randomised",two_pop,bespoke,10,20,0,-0.15,0.03,-0.04,0.02,0.45,0.05,0.12,0.5,0,100,100,NA,NA,0.08,0.02,TRUE,0,0,FALSE,0,0,0,20,0,0,NA,NA,NA,meta_did,TRUE,FALSE,FALSE,FALSE,TRUE,pooled,by_randomisation,zero,0.5,FALSE,2,differenced,NA,NA,TRUE,summary,two_pop,simulate_imbalance_grid,NA,NA,NA,NA,NA,NA,NA,NA,NA,NA,NA,NA,NA,NA,NA,NA,NA,NA,NA,NA,NA,NA,NA,NA,NA,NA,NA,NA,NA,NA,NA,NA
X5,X,"Direction: DiD gamma +/-0.08 (sign-flipped), RCTs truly randomised",fixed_zero,bespoke,10,20,0,-0.15,0.03,-0.04,0.02,0.45,0.05,0.12,0.5,0,100,100,NA,NA,0.08,0.02,TRUE,0,0,FALSE,0,0,0,20,0,0,NA,NA,NA,meta_did,TRUE,FALSE,FALSE,FALSE,TRUE,pooled,fixed_zero,zero,0.5,FALSE,2,differenced,NA,NA,TRUE,summary,fixed_zero,simulate_imbalance_grid,NA,NA,NA,NA,NA,NA,NA,NA,NA,NA,NA,NA,NA,NA,NA,NA,NA,NA,NA,NA,NA,NA,NA,NA,NA,NA,NA,NA,NA,NA,NA,NA
X6,X,"Direction: DiD gamma +/-0.12 (sign-flipped), RCTs truly randomised",shared,bespoke,10,20,0,-0.15,0.03,-0.04,0.02,0.45,0.05,0.12,0.5,0,100,100,NA,NA,0.12,0.02,TRUE,0,0,FALSE,0,0,0,20,0,0,NA,NA,NA,meta_did,TRUE,FALSE,FALSE,FALSE,TRUE,pooled,estimated,estimated,0.5,FALSE,2,differenced,NA,NA,TRUE,summary,shared,simulate_imbalance_grid,NA,NA,NA,NA,NA,NA,NA,NA,NA,NA,NA,NA,NA,NA,NA,NA,NA,NA,NA,NA,NA,NA,NA,NA,NA,NA,NA,NA,NA,NA,NA,NA
X6,X,"Direction: DiD gamma +/-0.12 (sign-flipped), RCTs truly randomised",zero_mean,bespoke,10,20,0,-0.15,0.03,-0.04,0.02,0.45,0.05,0.12,0.5,0,100,100,NA,NA,0.12,0.02,TRUE,0,0,FALSE,0,0,0,20,0,0,NA,NA,NA,meta_did,TRUE,FALSE,FALSE,FALSE,TRUE,pooled,estimated,zero,0.5,FALSE,2,differenced,NA,NA,TRUE,summary,zero_mean,simulate_imbalance_grid,NA,NA,NA,NA,NA,NA,NA,NA,NA,NA,NA,NA,NA,NA,NA,NA,NA,NA,NA,NA,NA,NA,NA,NA,NA,NA,NA,NA,NA,NA,NA,NA
X6,X,"Direction: DiD gamma +/-0.12 (sign-flipped), RCTs truly randomised",two_pop,bespoke,10,20,0,-0.15,0.03,-0.04,0.02,0.45,0.05,0.12,0.5,0,100,100,NA,NA,0.12,0.02,TRUE,0,0,FALSE,0,0,0,20,0,0,NA,NA,NA,meta_did,TRUE,FALSE,FALSE,FALSE,TRUE,pooled,by_randomisation,zero,0.5,FALSE,2,differenced,NA,NA,TRUE,summary,two_pop,simulate_imbalance_grid,NA,NA,NA,NA,NA,NA,NA,NA,NA,NA,NA,NA,NA,NA,NA,NA,NA,NA,NA,NA,NA,NA,NA,NA,NA,NA,NA,NA,NA,NA,NA,NA
X6,X,"Direction: DiD gamma +/-0.12 (sign-flipped), RCTs truly randomised",fixed_zero,bespoke,10,20,0,-0.15,0.03,-0.04,0.02,0.45,0.05,0.12,0.5,0,100,100,NA,NA,0.12,0.02,TRUE,0,0,FALSE,0,0,0,20,0,0,NA,NA,NA,meta_did,TRUE,FALSE,FALSE,FALSE,TRUE,pooled,fixed_zero,zero,0.5,FALSE,2,differenced,NA,NA,TRUE,summary,fixed_zero,simulate_imbalance_grid,NA,NA,NA,NA,NA,NA,NA,NA,NA,NA,NA,NA,NA,NA,NA,NA,NA,NA,NA,NA,NA,NA,NA,NA,NA,NA,NA,NA,NA,NA,NA,NA
X7,X,Mislabelling: 0% of 'randomised' RCTs are actually unrandomised,kappa_0.5,bespoke,10,20,0,-0.15,0.03,-0.04,0.02,0.45,0.05,0.12,0.5,0,100,100,NA,NA,0,0,FALSE,0.05,0.02,FALSE,0,0,0,20,0,0,NA,NA,NA,meta_did,TRUE,FALSE,FALSE,FALSE,TRUE,pooled,by_randomisation,zero,0.5,FALSE,2,differenced,NA,NA,TRUE,summary,kappa_0.5,simulate_imbalance_grid,NA,NA,NA,NA,NA,NA,NA,NA,NA,NA,NA,NA,NA,NA,NA,NA,NA,NA,NA,NA,NA,NA,NA,NA,NA,NA,NA,NA,NA,NA,NA,NA
X7,X,Mislabelling: 0% of 'randomised' RCTs are actually unrandomised,kappa_1,bespoke,10,20,0,-0.15,0.03,-0.04,0.02,0.45,0.05,0.12,0.5,0,100,100,NA,NA,0,0,FALSE,0.05,0.02,FALSE,0,0,0,20,0,0,NA,NA,NA,meta_did,TRUE,FALSE,FALSE,FALSE,TRUE,pooled,by_randomisation,zero,1,FALSE,2,differenced,NA,NA,TRUE,summary,kappa_1,simulate_imbalance_grid,NA,NA,NA,NA,NA,NA,NA,NA,NA,NA,NA,NA,NA,NA,NA,NA,NA,NA,NA,NA,NA,NA,NA,NA,NA,NA,NA,NA,NA,NA,NA,NA
X7,X,Mislabelling: 0% of 'randomised' RCTs are actually unrandomised,kappa_2,bespoke,10,20,0,-0.15,0.03,-0.04,0.02,0.45,0.05,0.12,0.5,0,100,100,NA,NA,0,0,FALSE,0.05,0.02,FALSE,0,0,0,20,0,0,NA,NA,NA,meta_did,TRUE,FALSE,FALSE,FALSE,TRUE,pooled,by_randomisation,zero,2,FALSE,2,differenced,NA,NA,TRUE,summary,kappa_2,simulate_imbalance_grid,NA,NA,NA,NA,NA,NA,NA,NA,NA,NA,NA,NA,NA,NA,NA,NA,NA,NA,NA,NA,NA,NA,NA,NA,NA,NA,NA,NA,NA,NA,NA,NA
X7,X,Mislabelling: 0% of 'randomised' RCTs are actually unrandomised,kappa_unanchored,bespoke,10,20,0,-0.15,0.03,-0.04,0.02,0.45,0.05,0.12,0.5,0,100,100,NA,NA,0,0,FALSE,0.05,0.02,FALSE,0,0,0,20,0,0,NA,NA,NA,meta_did,TRUE,FALSE,FALSE,FALSE,TRUE,pooled,by_randomisation,zero,estimate,TRUE,2,differenced,NA,NA,TRUE,summary,kappa_unanchored,simulate_imbalance_grid,NA,NA,NA,NA,NA,NA,NA,NA,NA,NA,NA,NA,NA,NA,NA,NA,NA,NA,NA,NA,NA,NA,NA,NA,NA,NA,NA,NA,NA,NA,NA,NA
X8,X,Mislabelling: 25% of 'randomised' RCTs are actually unrandomised,kappa_0.5,bespoke,10,20,0,-0.15,0.03,-0.04,0.02,0.45,0.05,0.12,0.5,0,100,100,NA,NA,0,0,FALSE,0.05,0.02,FALSE,0,0,0,20,0,0.25,NA,NA,NA,meta_did,TRUE,FALSE,FALSE,FALSE,TRUE,pooled,by_randomisation,zero,0.5,FALSE,2,differenced,NA,NA,TRUE,summary,kappa_0.5,simulate_imbalance_grid,NA,NA,NA,NA,NA,NA,NA,NA,NA,NA,NA,NA,NA,NA,NA,NA,NA,NA,NA,NA,NA,NA,NA,NA,NA,NA,NA,NA,NA,NA,NA,NA
X8,X,Mislabelling: 25% of 'randomised' RCTs are actually unrandomised,kappa_1,bespoke,10,20,0,-0.15,0.03,-0.04,0.02,0.45,0.05,0.12,0.5,0,100,100,NA,NA,0,0,FALSE,0.05,0.02,FALSE,0,0,0,20,0,0.25,NA,NA,NA,meta_did,TRUE,FALSE,FALSE,FALSE,TRUE,pooled,by_randomisation,zero,1,FALSE,2,differenced,NA,NA,TRUE,summary,kappa_1,simulate_imbalance_grid,NA,NA,NA,NA,NA,NA,NA,NA,NA,NA,NA,NA,NA,NA,NA,NA,NA,NA,NA,NA,NA,NA,NA,NA,NA,NA,NA,NA,NA,NA,NA,NA
X8,X,Mislabelling: 25% of 'randomised' RCTs are actually unrandomised,kappa_2,bespoke,10,20,0,-0.15,0.03,-0.04,0.02,0.45,0.05,0.12,0.5,0,100,100,NA,NA,0,0,FALSE,0.05,0.02,FALSE,0,0,0,20,0,0.25,NA,NA,NA,meta_did,TRUE,FALSE,FALSE,FALSE,TRUE,pooled,by_randomisation,zero,2,FALSE,2,differenced,NA,NA,TRUE,summary,kappa_2,simulate_imbalance_grid,NA,NA,NA,NA,NA,NA,NA,NA,NA,NA,NA,NA,NA,NA,NA,NA,NA,NA,NA,NA,NA,NA,NA,NA,NA,NA,NA,NA,NA,NA,NA,NA
X8,X,Mislabelling: 25% of 'randomised' RCTs are actually unrandomised,kappa_unanchored,bespoke,10,20,0,-0.15,0.03,-0.04,0.02,0.45,0.05,0.12,0.5,0,100,100,NA,NA,0,0,FALSE,0.05,0.02,FALSE,0,0,0,20,0,0.25,NA,NA,NA,meta_did,TRUE,FALSE,FALSE,FALSE,TRUE,pooled,by_randomisation,zero,estimate,TRUE,2,differenced,NA,NA,TRUE,summary,kappa_unanchored,simulate_imbalance_grid,NA,NA,NA,NA,NA,NA,NA,NA,NA,NA,NA,NA,NA,NA,NA,NA,NA,NA,NA,NA,NA,NA,NA,NA,NA,NA,NA,NA,NA,NA,NA,NA
X9,X,Mislabelling: 50% of 'randomised' RCTs are actually unrandomised,kappa_0.5,bespoke,10,20,0,-0.15,0.03,-0.04,0.02,0.45,0.05,0.12,0.5,0,100,100,NA,NA,0,0,FALSE,0.05,0.02,FALSE,0,0,0,20,0,0.5,NA,NA,NA,meta_did,TRUE,FALSE,FALSE,FALSE,TRUE,pooled,by_randomisation,zero,0.5,FALSE,2,differenced,NA,NA,TRUE,summary,kappa_0.5,simulate_imbalance_grid,NA,NA,NA,NA,NA,NA,NA,NA,NA,NA,NA,NA,NA,NA,NA,NA,NA,NA,NA,NA,NA,NA,NA,NA,NA,NA,NA,NA,NA,NA,NA,NA
X9,X,Mislabelling: 50% of 'randomised' RCTs are actually unrandomised,kappa_1,bespoke,10,20,0,-0.15,0.03,-0.04,0.02,0.45,0.05,0.12,0.5,0,100,100,NA,NA,0,0,FALSE,0.05,0.02,FALSE,0,0,0,20,0,0.5,NA,NA,NA,meta_did,TRUE,FALSE,FALSE,FALSE,TRUE,pooled,by_randomisation,zero,1,FALSE,2,differenced,NA,NA,TRUE,summary,kappa_1,simulate_imbalance_grid,NA,NA,NA,NA,NA,NA,NA,NA,NA,NA,NA,NA,NA,NA,NA,NA,NA,NA,NA,NA,NA,NA,NA,NA,NA,NA,NA,NA,NA,NA,NA,NA
X9,X,Mislabelling: 50% of 'randomised' RCTs are actually unrandomised,kappa_2,bespoke,10,20,0,-0.15,0.03,-0.04,0.02,0.45,0.05,0.12,0.5,0,100,100,NA,NA,0,0,FALSE,0.05,0.02,FALSE,0,0,0,20,0,0.5,NA,NA,NA,meta_did,TRUE,FALSE,FALSE,FALSE,TRUE,pooled,by_randomisation,zero,2,FALSE,2,differenced,NA,NA,TRUE,summary,kappa_2,simulate_imbalance_grid,NA,NA,NA,NA,NA,NA,NA,NA,NA,NA,NA,NA,NA,NA,NA,NA,NA,NA,NA,NA,NA,NA,NA,NA,NA,NA,NA,NA,NA,NA,NA,NA
X9,X,Mislabelling: 50% of 'randomised' RCTs are actually unrandomised,kappa_unanchored,bespoke,10,20,0,-0.15,0.03,-0.04,0.02,0.45,0.05,0.12,0.5,0,100,100,NA,NA,0,0,FALSE,0.05,0.02,FALSE,0,0,0,20,0,0.5,NA,NA,NA,meta_did,TRUE,FALSE,FALSE,FALSE,TRUE,pooled,by_randomisation,zero,estimate,TRUE,2,differenced,NA,NA,TRUE,summary,kappa_unanchored,simulate_imbalance_grid,NA,NA,NA,NA,NA,NA,NA,NA,NA,NA,NA,NA,NA,NA,NA,NA,NA,NA,NA,NA,NA,NA,NA,NA,NA,NA,NA,NA,NA,NA,NA,NA
X10,X,"Hard-zero trap: randomised DiD, kappa_true = 0 (randomisation held)",kappa_0,bespoke,20,0,0,-0.15,0.03,-0.04,0.02,0.45,0.05,0.12,0.5,0,100,100,NA,NA,0,0,FALSE,0,0,FALSE,0,0,20,0,0,0,NA,NA,NA,meta_did,TRUE,FALSE,FALSE,FALSE,TRUE,pooled,by_randomisation,zero,0,FALSE,2,differenced,NA,NA,TRUE,summary,kappa_0,simulate_imbalance_grid,NA,NA,NA,NA,NA,NA,NA,NA,NA,NA,NA,NA,NA,NA,NA,NA,NA,NA,NA,NA,NA,NA,NA,NA,NA,NA,NA,NA,NA,NA,NA,NA
X10,X,"Hard-zero trap: randomised DiD, kappa_true = 0 (randomisation held)",kappa_0.5,bespoke,20,0,0,-0.15,0.03,-0.04,0.02,0.45,0.05,0.12,0.5,0,100,100,NA,NA,0,0,FALSE,0,0,FALSE,0,0,20,0,0,0,NA,NA,NA,meta_did,TRUE,FALSE,FALSE,FALSE,TRUE,pooled,by_randomisation,zero,0.5,FALSE,2,differenced,NA,NA,TRUE,summary,kappa_0.5,simulate_imbalance_grid,NA,NA,NA,NA,NA,NA,NA,NA,NA,NA,NA,NA,NA,NA,NA,NA,NA,NA,NA,NA,NA,NA,NA,NA,NA,NA,NA,NA,NA,NA,NA,NA
X10,X,"Hard-zero trap: randomised DiD, kappa_true = 0 (randomisation held)",kappa_1,bespoke,20,0,0,-0.15,0.03,-0.04,0.02,0.45,0.05,0.12,0.5,0,100,100,NA,NA,0,0,FALSE,0,0,FALSE,0,0,20,0,0,0,NA,NA,NA,meta_did,TRUE,FALSE,FALSE,FALSE,TRUE,pooled,by_randomisation,zero,1,FALSE,2,differenced,NA,NA,TRUE,summary,kappa_1,simulate_imbalance_grid,NA,NA,NA,NA,NA,NA,NA,NA,NA,NA,NA,NA,NA,NA,NA,NA,NA,NA,NA,NA,NA,NA,NA,NA,NA,NA,NA,NA,NA,NA,NA,NA
X10,X,"Hard-zero trap: randomised DiD, kappa_true = 0 (randomisation held)",kappa_2,bespoke,20,0,0,-0.15,0.03,-0.04,0.02,0.45,0.05,0.12,0.5,0,100,100,NA,NA,0,0,FALSE,0,0,FALSE,0,0,20,0,0,0,NA,NA,NA,meta_did,TRUE,FALSE,FALSE,FALSE,TRUE,pooled,by_randomisation,zero,2,FALSE,2,differenced,NA,NA,TRUE,summary,kappa_2,simulate_imbalance_grid,NA,NA,NA,NA,NA,NA,NA,NA,NA,NA,NA,NA,NA,NA,NA,NA,NA,NA,NA,NA,NA,NA,NA,NA,NA,NA,NA,NA,NA,NA,NA,NA
X10,X,"Hard-zero trap: randomised DiD, kappa_true = 0 (randomisation held)",free_gamma,bespoke,20,0,0,-0.15,0.03,-0.04,0.02,0.45,0.05,0.12,0.5,0,100,100,NA,NA,0,0,FALSE,0,0,FALSE,0,0,20,0,0,0,NA,NA,NA,meta_did,TRUE,FALSE,FALSE,FALSE,TRUE,pooled,estimated,zero,0.5,FALSE,2,differenced,NA,NA,TRUE,summary,free_gamma,simulate_imbalance_grid,NA,NA,NA,NA,NA,NA,NA,NA,NA,NA,NA,NA,NA,NA,NA,NA,NA,NA,NA,NA,NA,NA,NA,NA,NA,NA,NA,NA,NA,NA,NA,NA
X11,X,"Hard-zero trap: randomised DiD, kappa_true = 1",kappa_0,bespoke,20,0,0,-0.15,0.03,-0.04,0.02,0.45,0.05,0.12,0.5,0,100,100,NA,NA,0,0,FALSE,0,0,FALSE,0,0,20,0,1,0,NA,NA,NA,meta_did,TRUE,FALSE,FALSE,FALSE,TRUE,pooled,by_randomisation,zero,0,FALSE,2,differenced,NA,NA,TRUE,summary,kappa_0,simulate_imbalance_grid,NA,NA,NA,NA,NA,NA,NA,NA,NA,NA,NA,NA,NA,NA,NA,NA,NA,NA,NA,NA,NA,NA,NA,NA,NA,NA,NA,NA,NA,NA,NA,NA
X11,X,"Hard-zero trap: randomised DiD, kappa_true = 1",kappa_0.5,bespoke,20,0,0,-0.15,0.03,-0.04,0.02,0.45,0.05,0.12,0.5,0,100,100,NA,NA,0,0,FALSE,0,0,FALSE,0,0,20,0,1,0,NA,NA,NA,meta_did,TRUE,FALSE,FALSE,FALSE,TRUE,pooled,by_randomisation,zero,0.5,FALSE,2,differenced,NA,NA,TRUE,summary,kappa_0.5,simulate_imbalance_grid,NA,NA,NA,NA,NA,NA,NA,NA,NA,NA,NA,NA,NA,NA,NA,NA,NA,NA,NA,NA,NA,NA,NA,NA,NA,NA,NA,NA,NA,NA,NA,NA
X11,X,"Hard-zero trap: randomised DiD, kappa_true = 1",kappa_1,bespoke,20,0,0,-0.15,0.03,-0.04,0.02,0.45,0.05,0.12,0.5,0,100,100,NA,NA,0,0,FALSE,0,0,FALSE,0,0,20,0,1,0,NA,NA,NA,meta_did,TRUE,FALSE,FALSE,FALSE,TRUE,pooled,by_randomisation,zero,1,FALSE,2,differenced,NA,NA,TRUE,summary,kappa_1,simulate_imbalance_grid,NA,NA,NA,NA,NA,NA,NA,NA,NA,NA,NA,NA,NA,NA,NA,NA,NA,NA,NA,NA,NA,NA,NA,NA,NA,NA,NA,NA,NA,NA,NA,NA
X11,X,"Hard-zero trap: randomised DiD, kappa_true = 1",kappa_2,bespoke,20,0,0,-0.15,0.03,-0.04,0.02,0.45,0.05,0.12,0.5,0,100,100,NA,NA,0,0,FALSE,0,0,FALSE,0,0,20,0,1,0,NA,NA,NA,meta_did,TRUE,FALSE,FALSE,FALSE,TRUE,pooled,by_randomisation,zero,2,FALSE,2,differenced,NA,NA,TRUE,summary,kappa_2,simulate_imbalance_grid,NA,NA,NA,NA,NA,NA,NA,NA,NA,NA,NA,NA,NA,NA,NA,NA,NA,NA,NA,NA,NA,NA,NA,NA,NA,NA,NA,NA,NA,NA,NA,NA
X11,X,"Hard-zero trap: randomised DiD, kappa_true = 1",free_gamma,bespoke,20,0,0,-0.15,0.03,-0.04,0.02,0.45,0.05,0.12,0.5,0,100,100,NA,NA,0,0,FALSE,0,0,FALSE,0,0,20,0,1,0,NA,NA,NA,meta_did,TRUE,FALSE,FALSE,FALSE,TRUE,pooled,estimated,zero,0.5,FALSE,2,differenced,NA,NA,TRUE,summary,free_gamma,simulate_imbalance_grid,NA,NA,NA,NA,NA,NA,NA,NA,NA,NA,NA,NA,NA,NA,NA,NA,NA,NA,NA,NA,NA,NA,NA,NA,NA,NA,NA,NA,NA,NA,NA,NA
X12,X,"Hard-zero trap: randomised DiD, kappa_true = 2",kappa_0,bespoke,20,0,0,-0.15,0.03,-0.04,0.02,0.45,0.05,0.12,0.5,0,100,100,NA,NA,0,0,FALSE,0,0,FALSE,0,0,20,0,2,0,NA,NA,NA,meta_did,TRUE,FALSE,FALSE,FALSE,TRUE,pooled,by_randomisation,zero,0,FALSE,2,differenced,NA,NA,TRUE,summary,kappa_0,simulate_imbalance_grid,NA,NA,NA,NA,NA,NA,NA,NA,NA,NA,NA,NA,NA,NA,NA,NA,NA,NA,NA,NA,NA,NA,NA,NA,NA,NA,NA,NA,NA,NA,NA,NA
X12,X,"Hard-zero trap: randomised DiD, kappa_true = 2",kappa_0.5,bespoke,20,0,0,-0.15,0.03,-0.04,0.02,0.45,0.05,0.12,0.5,0,100,100,NA,NA,0,0,FALSE,0,0,FALSE,0,0,20,0,2,0,NA,NA,NA,meta_did,TRUE,FALSE,FALSE,FALSE,TRUE,pooled,by_randomisation,zero,0.5,FALSE,2,differenced,NA,NA,TRUE,summary,kappa_0.5,simulate_imbalance_grid,NA,NA,NA,NA,NA,NA,NA,NA,NA,NA,NA,NA,NA,NA,NA,NA,NA,NA,NA,NA,NA,NA,NA,NA,NA,NA,NA,NA,NA,NA,NA,NA
X12,X,"Hard-zero trap: randomised DiD, kappa_true = 2",kappa_1,bespoke,20,0,0,-0.15,0.03,-0.04,0.02,0.45,0.05,0.12,0.5,0,100,100,NA,NA,0,0,FALSE,0,0,FALSE,0,0,20,0,2,0,NA,NA,NA,meta_did,TRUE,FALSE,FALSE,FALSE,TRUE,pooled,by_randomisation,zero,1,FALSE,2,differenced,NA,NA,TRUE,summary,kappa_1,simulate_imbalance_grid,NA,NA,NA,NA,NA,NA,NA,NA,NA,NA,NA,NA,NA,NA,NA,NA,NA,NA,NA,NA,NA,NA,NA,NA,NA,NA,NA,NA,NA,NA,NA,NA
X12,X,"Hard-zero trap: randomised DiD, kappa_true = 2",kappa_2,bespoke,20,0,0,-0.15,0.03,-0.04,0.02,0.45,0.05,0.12,0.5,0,100,100,NA,NA,0,0,FALSE,0,0,FALSE,0,0,20,0,2,0,NA,NA,NA,meta_did,TRUE,FALSE,FALSE,FALSE,TRUE,pooled,by_randomisation,zero,2,FALSE,2,differenced,NA,NA,TRUE,summary,kappa_2,simulate_imbalance_grid,NA,NA,NA,NA,NA,NA,NA,NA,NA,NA,NA,NA,NA,NA,NA,NA,NA,NA,NA,NA,NA,NA,NA,NA,NA,NA,NA,NA,NA,NA,NA,NA
X12,X,"Hard-zero trap: randomised DiD, kappa_true = 2",free_gamma,bespoke,20,0,0,-0.15,0.03,-0.04,0.02,0.45,0.05,0.12,0.5,0,100,100,NA,NA,0,0,FALSE,0,0,FALSE,0,0,20,0,2,0,NA,NA,NA,meta_did,TRUE,FALSE,FALSE,FALSE,TRUE,pooled,estimated,zero,0.5,FALSE,2,differenced,NA,NA,TRUE,summary,free_gamma,simulate_imbalance_grid,NA,NA,NA,NA,NA,NA,NA,NA,NA,NA,NA,NA,NA,NA,NA,NA,NA,NA,NA,NA,NA,NA,NA,NA,NA,NA,NA,NA,NA,NA,NA,NA
X13,X,kappa: 0 randomised DiD (no anchor) -- fixed-kappa sensitivity band,kappa_0,bespoke,10,20,0,-0.15,0.03,-0.04,0.02,0.45,0.05,0.12,0.5,0,100,100,NA,NA,0,0,FALSE,0,0,FALSE,0,0,0,20,1,0,NA,NA,NA,meta_did,TRUE,FALSE,FALSE,FALSE,TRUE,pooled,by_randomisation,zero,0,FALSE,2,differenced,NA,NA,TRUE,summary,kappa_0,simulate_imbalance_grid,NA,NA,NA,NA,NA,NA,NA,NA,NA,NA,NA,NA,NA,NA,NA,NA,NA,NA,NA,NA,NA,NA,NA,NA,NA,NA,NA,NA,NA,NA,NA,NA
X13,X,kappa: 0 randomised DiD (no anchor) -- fixed-kappa sensitivity band,kappa_0.5,bespoke,10,20,0,-0.15,0.03,-0.04,0.02,0.45,0.05,0.12,0.5,0,100,100,NA,NA,0,0,FALSE,0,0,FALSE,0,0,0,20,1,0,NA,NA,NA,meta_did,TRUE,FALSE,FALSE,FALSE,TRUE,pooled,by_randomisation,zero,0.5,FALSE,2,differenced,NA,NA,TRUE,summary,kappa_0.5,simulate_imbalance_grid,NA,NA,NA,NA,NA,NA,NA,NA,NA,NA,NA,NA,NA,NA,NA,NA,NA,NA,NA,NA,NA,NA,NA,NA,NA,NA,NA,NA,NA,NA,NA,NA
X13,X,kappa: 0 randomised DiD (no anchor) -- fixed-kappa sensitivity band,kappa_1,bespoke,10,20,0,-0.15,0.03,-0.04,0.02,0.45,0.05,0.12,0.5,0,100,100,NA,NA,0,0,FALSE,0,0,FALSE,0,0,0,20,1,0,NA,NA,NA,meta_did,TRUE,FALSE,FALSE,FALSE,TRUE,pooled,by_randomisation,zero,1,FALSE,2,differenced,NA,NA,TRUE,summary,kappa_1,simulate_imbalance_grid,NA,NA,NA,NA,NA,NA,NA,NA,NA,NA,NA,NA,NA,NA,NA,NA,NA,NA,NA,NA,NA,NA,NA,NA,NA,NA,NA,NA,NA,NA,NA,NA
X13,X,kappa: 0 randomised DiD (no anchor) -- fixed-kappa sensitivity band,kappa_2,bespoke,10,20,0,-0.15,0.03,-0.04,0.02,0.45,0.05,0.12,0.5,0,100,100,NA,NA,0,0,FALSE,0,0,FALSE,0,0,0,20,1,0,NA,NA,NA,meta_did,TRUE,FALSE,FALSE,FALSE,TRUE,pooled,by_randomisation,zero,2,FALSE,2,differenced,NA,NA,TRUE,summary,kappa_2,simulate_imbalance_grid,NA,NA,NA,NA,NA,NA,NA,NA,NA,NA,NA,NA,NA,NA,NA,NA,NA,NA,NA,NA,NA,NA,NA,NA,NA,NA,NA,NA,NA,NA,NA,NA
X14,X,kappa: 3 randomised DiD anchors -- estimate vs fixed,kappa_0.5,bespoke,10,20,0,-0.15,0.03,-0.04,0.02,0.45,0.05,0.12,0.5,0,100,100,NA,NA,0,0,FALSE,0,0,FALSE,0,0,3,20,1,0,NA,NA,NA,meta_did,TRUE,FALSE,FALSE,FALSE,TRUE,pooled,by_randomisation,zero,0.5,FALSE,2,differenced,NA,NA,TRUE,summary,kappa_0.5,simulate_imbalance_grid,NA,NA,NA,NA,NA,NA,NA,NA,NA,NA,NA,NA,NA,NA,NA,NA,NA,NA,NA,NA,NA,NA,NA,NA,NA,NA,NA,NA,NA,NA,NA,NA
X14,X,kappa: 3 randomised DiD anchors -- estimate vs fixed,kappa_1,bespoke,10,20,0,-0.15,0.03,-0.04,0.02,0.45,0.05,0.12,0.5,0,100,100,NA,NA,0,0,FALSE,0,0,FALSE,0,0,3,20,1,0,NA,NA,NA,meta_did,TRUE,FALSE,FALSE,FALSE,TRUE,pooled,by_randomisation,zero,1,FALSE,2,differenced,NA,NA,TRUE,summary,kappa_1,simulate_imbalance_grid,NA,NA,NA,NA,NA,NA,NA,NA,NA,NA,NA,NA,NA,NA,NA,NA,NA,NA,NA,NA,NA,NA,NA,NA,NA,NA,NA,NA,NA,NA,NA,NA
X14,X,kappa: 3 randomised DiD anchors -- estimate vs fixed,kappa_est,bespoke,10,20,0,-0.15,0.03,-0.04,0.02,0.45,0.05,0.12,0.5,0,100,100,NA,NA,0,0,FALSE,0,0,FALSE,0,0,3,20,1,0,NA,NA,NA,meta_did,TRUE,FALSE,FALSE,FALSE,TRUE,pooled,by_randomisation,zero,estimate,FALSE,2,differenced,NA,NA,TRUE,summary,kappa_est,simulate_imbalance_grid,NA,NA,NA,NA,NA,NA,NA,NA,NA,NA,NA,NA,NA,NA,NA,NA,NA,NA,NA,NA,NA,NA,NA,NA,NA,NA,NA,NA,NA,NA,NA,NA
X15,X,kappa: 10 randomised DiD anchors -- estimate vs fixed,kappa_0.5,bespoke,10,20,0,-0.15,0.03,-0.04,0.02,0.45,0.05,0.12,0.5,0,100,100,NA,NA,0,0,FALSE,0,0,FALSE,0,0,10,20,1,0,NA,NA,NA,meta_did,TRUE,FALSE,FALSE,FALSE,TRUE,pooled,by_randomisation,zero,0.5,FALSE,2,differenced,NA,NA,TRUE,summary,kappa_0.5,simulate_imbalance_grid,NA,NA,NA,NA,NA,NA,NA,NA,NA,NA,NA,NA,NA,NA,NA,NA,NA,NA,NA,NA,NA,NA,NA,NA,NA,NA,NA,NA,NA,NA,NA,NA
X15,X,kappa: 10 randomised DiD anchors -- estimate vs fixed,kappa_1,bespoke,10,20,0,-0.15,0.03,-0.04,0.02,0.45,0.05,0.12,0.5,0,100,100,NA,NA,0,0,FALSE,0,0,FALSE,0,0,10,20,1,0,NA,NA,NA,meta_did,TRUE,FALSE,FALSE,FALSE,TRUE,pooled,by_randomisation,zero,1,FALSE,2,differenced,NA,NA,TRUE,summary,kappa_1,simulate_imbalance_grid,NA,NA,NA,NA,NA,NA,NA,NA,NA,NA,NA,NA,NA,NA,NA,NA,NA,NA,NA,NA,NA,NA,NA,NA,NA,NA,NA,NA,NA,NA,NA,NA
X15,X,kappa: 10 randomised DiD anchors -- estimate vs fixed,kappa_est,bespoke,10,20,0,-0.15,0.03,-0.04,0.02,0.45,0.05,0.12,0.5,0,100,100,NA,NA,0,0,FALSE,0,0,FALSE,0,0,10,20,1,0,NA,NA,NA,meta_did,TRUE,FALSE,FALSE,FALSE,TRUE,pooled,by_randomisation,zero,estimate,FALSE,2,differenced,NA,NA,TRUE,summary,kappa_est,simulate_imbalance_grid,NA,NA,NA,NA,NA,NA,NA,NA,NA,NA,NA,NA,NA,NA,NA,NA,NA,NA,NA,NA,NA,NA,NA,NA,NA,NA,NA,NA,NA,NA,NA,NA
X16,X,Cluster: DEFF = 2 from supplied cluster_size and icc,kappa_0,bespoke,10,20,0,-0.15,0.03,-0.04,0.02,0.45,0.05,0.12,0.5,0,100,100,NA,NA,0,0,FALSE,0,0,FALSE,0,0,10,20,0,0,51,0.02,NA,meta_did,TRUE,FALSE,FALSE,FALSE,TRUE,pooled,by_randomisation,zero,0,FALSE,2,differenced,NA,NA,TRUE,summary,kappa_0,simulate_imbalance_grid,NA,NA,NA,NA,NA,NA,NA,NA,NA,NA,NA,NA,NA,NA,NA,NA,NA,NA,NA,NA,NA,NA,NA,NA,NA,NA,NA,NA,NA,NA,NA,NA
X16,X,Cluster: DEFF = 2 from supplied cluster_size and icc,kappa_0.5,bespoke,10,20,0,-0.15,0.03,-0.04,0.02,0.45,0.05,0.12,0.5,0,100,100,NA,NA,0,0,FALSE,0,0,FALSE,0,0,10,20,0,0,51,0.02,NA,meta_did,TRUE,FALSE,FALSE,FALSE,TRUE,pooled,by_randomisation,zero,0.5,FALSE,2,differenced,NA,NA,TRUE,summary,kappa_0.5,simulate_imbalance_grid,NA,NA,NA,NA,NA,NA,NA,NA,NA,NA,NA,NA,NA,NA,NA,NA,NA,NA,NA,NA,NA,NA,NA,NA,NA,NA,NA,NA,NA,NA,NA,NA
X16,X,Cluster: DEFF = 2 from supplied cluster_size and icc,kappa_1,bespoke,10,20,0,-0.15,0.03,-0.04,0.02,0.45,0.05,0.12,0.5,0,100,100,NA,NA,0,0,FALSE,0,0,FALSE,0,0,10,20,0,0,51,0.02,NA,meta_did,TRUE,FALSE,FALSE,FALSE,TRUE,pooled,by_randomisation,zero,1,FALSE,2,differenced,NA,NA,TRUE,summary,kappa_1,simulate_imbalance_grid,NA,NA,NA,NA,NA,NA,NA,NA,NA,NA,NA,NA,NA,NA,NA,NA,NA,NA,NA,NA,NA,NA,NA,NA,NA,NA,NA,NA,NA,NA,NA,NA
X17,X,"Cluster: m/ICC withheld, DEFF falls back to cluster_deff_default",kappa_0,bespoke,10,20,0,-0.15,0.03,-0.04,0.02,0.45,0.05,0.12,0.5,0,100,100,NA,NA,0,0,FALSE,0,0,FALSE,0,0,10,20,0,0,51,0.02,NA,meta_did,TRUE,FALSE,FALSE,FALSE,TRUE,pooled,by_randomisation,zero,0,FALSE,2,differenced,NA,NA,TRUE,summary,kappa_0,simulate_imbalance_grid,NA,NA,NA,NA,NA,NA,NA,NA,NA,NA,NA,NA,NA,NA,NA,NA,NA,NA,NA,NA,NA,NA,NA,NA,NA,NA,NA,NA,NA,NA,NA,NA
X17,X,"Cluster: m/ICC withheld, DEFF falls back to cluster_deff_default",kappa_0.5,bespoke,10,20,0,-0.15,0.03,-0.04,0.02,0.45,0.05,0.12,0.5,0,100,100,NA,NA,0,0,FALSE,0,0,FALSE,0,0,10,20,0,0,51,0.02,NA,meta_did,TRUE,FALSE,FALSE,FALSE,TRUE,pooled,by_randomisation,zero,0.5,FALSE,2,differenced,NA,NA,TRUE,summary,kappa_0.5,simulate_imbalance_grid,NA,NA,NA,NA,NA,NA,NA,NA,NA,NA,NA,NA,NA,NA,NA,NA,NA,NA,NA,NA,NA,NA,NA,NA,NA,NA,NA,NA,NA,NA,NA,NA
X17,X,"Cluster: m/ICC withheld, DEFF falls back to cluster_deff_default",kappa_1,bespoke,10,20,0,-0.15,0.03,-0.04,0.02,0.45,0.05,0.12,0.5,0,100,100,NA,NA,0,0,FALSE,0,0,FALSE,0,0,10,20,0,0,51,0.02,NA,meta_did,TRUE,FALSE,FALSE,FALSE,TRUE,pooled,by_randomisation,zero,1,FALSE,2,differenced,NA,NA,TRUE,summary,kappa_1,simulate_imbalance_grid,NA,NA,NA,NA,NA,NA,NA,NA,NA,NA,NA,NA,NA,NA,NA,NA,NA,NA,NA,NA,NA,NA,NA,NA,NA,NA,NA,NA,NA,NA,NA,NA
X18,X,Cluster: allocation mislabelled as individual (DEFF ignored),kappa_0,bespoke,10,20,0,-0.15,0.03,-0.04,0.02,0.45,0.05,0.12,0.5,0,100,100,NA,NA,0,0,FALSE,0,0,FALSE,0,0,10,20,0,0,51,0.02,individual,meta_did,TRUE,FALSE,FALSE,FALSE,TRUE,pooled,by_randomisation,zero,0,FALSE,2,differenced,NA,NA,TRUE,summary,kappa_0,simulate_imbalance_grid,NA,NA,NA,NA,NA,NA,NA,NA,NA,NA,NA,NA,NA,NA,NA,NA,NA,NA,NA,NA,NA,NA,NA,NA,NA,NA,NA,NA,NA,NA,NA,NA
X18,X,Cluster: allocation mislabelled as individual (DEFF ignored),kappa_0.5,bespoke,10,20,0,-0.15,0.03,-0.04,0.02,0.45,0.05,0.12,0.5,0,100,100,NA,NA,0,0,FALSE,0,0,FALSE,0,0,10,20,0,0,51,0.02,individual,meta_did,TRUE,FALSE,FALSE,FALSE,TRUE,pooled,by_randomisation,zero,0.5,FALSE,2,differenced,NA,NA,TRUE,summary,kappa_0.5,simulate_imbalance_grid,NA,NA,NA,NA,NA,NA,NA,NA,NA,NA,NA,NA,NA,NA,NA,NA,NA,NA,NA,NA,NA,NA,NA,NA,NA,NA,NA,NA,NA,NA,NA,NA
X18,X,Cluster: allocation mislabelled as individual (DEFF ignored),kappa_1,bespoke,10,20,0,-0.15,0.03,-0.04,0.02,0.45,0.05,0.12,0.5,0,100,100,NA,NA,0,0,FALSE,0,0,FALSE,0,0,10,20,0,0,51,0.02,individual,meta_did,TRUE,FALSE,FALSE,FALSE,TRUE,pooled,by_randomisation,zero,1,FALSE,2,differenced,NA,NA,TRUE,summary,kappa_1,simulate_imbalance_grid,NA,NA,NA,NA,NA,NA,NA,NA,NA,NA,NA,NA,NA,NA,NA,NA,NA,NA,NA,NA,NA,NA,NA,NA,NA,NA,NA,NA,NA,NA,NA,NA
X19,X,Aliasing: design_effects with estimated vs pinned mu_gamma,mu_gamma_est,bespoke,10,20,0,-0.15,0.03,-0.04,0.02,0.45,0.05,0.12,0.5,0,100,100,NA,NA,0.05,0.02,FALSE,0,0,FALSE,0,0,0,0,0,0,NA,NA,NA,meta_did,TRUE,FALSE,TRUE,FALSE,TRUE,pooled,estimated,estimated,0.5,FALSE,2,differenced,NA,NA,TRUE,summary,mu_gamma_est,simulate_imbalance_grid,NA,NA,NA,NA,NA,NA,NA,NA,NA,NA,NA,NA,NA,NA,NA,NA,NA,NA,NA,NA,NA,NA,NA,NA,NA,NA,NA,NA,NA,NA,NA,NA
X19,X,Aliasing: design_effects with estimated vs pinned mu_gamma,mu_gamma_zero,bespoke,10,20,0,-0.15,0.03,-0.04,0.02,0.45,0.05,0.12,0.5,0,100,100,NA,NA,0.05,0.02,FALSE,0,0,FALSE,0,0,0,0,0,0,NA,NA,NA,meta_did,TRUE,FALSE,TRUE,FALSE,TRUE,pooled,estimated,zero,0.5,FALSE,2,differenced,NA,NA,TRUE,summary,mu_gamma_zero,simulate_imbalance_grid,NA,NA,NA,NA,NA,NA,NA,NA,NA,NA,NA,NA,NA,NA,NA,NA,NA,NA,NA,NA,NA,NA,NA,NA,NA,NA,NA,NA,NA,NA,NA,NA
X20,X,"Normalisation: gamma == 0, n = 30/arm, normalised vs raw",normalised,bespoke,20,0,0,-0.15,0.03,-0.04,0.02,0.45,0.05,0.12,0.5,0,30,30,NA,NA,0,0,FALSE,0,0,FALSE,0,0,0,0,0,0,NA,NA,NA,meta_did,TRUE,FALSE,FALSE,FALSE,TRUE,pooled,estimated,zero,0.5,FALSE,2,differenced,NA,NA,TRUE,summary,normalised,simulate_imbalance_grid,NA,NA,NA,NA,NA,NA,NA,NA,NA,NA,NA,NA,NA,NA,NA,NA,NA,NA,NA,NA,NA,NA,NA,NA,NA,NA,NA,NA,NA,NA,NA,NA
X20,X,"Normalisation: gamma == 0, n = 30/arm, normalised vs raw",raw,bespoke,20,0,0,-0.15,0.03,-0.04,0.02,0.45,0.05,0.12,0.5,0,30,30,NA,NA,0,0,FALSE,0,0,FALSE,0,0,0,0,0,0,NA,NA,NA,meta_did,FALSE,FALSE,FALSE,FALSE,TRUE,pooled,estimated,zero,0.5,FALSE,2,differenced,NA,NA,TRUE,summary,raw,simulate_imbalance_grid,NA,NA,NA,NA,NA,NA,NA,NA,NA,NA,NA,NA,NA,NA,NA,NA,NA,NA,NA,NA,NA,NA,NA,NA,NA,NA,NA,NA,NA,NA,NA,NA
X21,X,"Normalisation: gamma == 0, n = 100/arm, normalised vs raw",normalised,bespoke,20,0,0,-0.15,0.03,-0.04,0.02,0.45,0.05,0.12,0.5,0,100,100,NA,NA,0,0,FALSE,0,0,FALSE,0,0,0,0,0,0,NA,NA,NA,meta_did,TRUE,FALSE,FALSE,FALSE,TRUE,pooled,estimated,zero,0.5,FALSE,2,differenced,NA,NA,TRUE,summary,normalised,simulate_imbalance_grid,NA,NA,NA,NA,NA,NA,NA,NA,NA,NA,NA,NA,NA,NA,NA,NA,NA,NA,NA,NA,NA,NA,NA,NA,NA,NA,NA,NA,NA,NA,NA,NA
X21,X,"Normalisation: gamma == 0, n = 100/arm, normalised vs raw",raw,bespoke,20,0,0,-0.15,0.03,-0.04,0.02,0.45,0.05,0.12,0.5,0,100,100,NA,NA,0,0,FALSE,0,0,FALSE,0,0,0,0,0,0,NA,NA,NA,meta_did,FALSE,FALSE,FALSE,FALSE,TRUE,pooled,estimated,zero,0.5,FALSE,2,differenced,NA,NA,TRUE,summary,raw,simulate_imbalance_grid,NA,NA,NA,NA,NA,NA,NA,NA,NA,NA,NA,NA,NA,NA,NA,NA,NA,NA,NA,NA,NA,NA,NA,NA,NA,NA,NA,NA,NA,NA,NA,NA
X22,X,"Normalisation: gamma == 0, n = 400/arm, normalised vs raw",normalised,bespoke,20,0,0,-0.15,0.03,-0.04,0.02,0.45,0.05,0.12,0.5,0,400,400,NA,NA,0,0,FALSE,0,0,FALSE,0,0,0,0,0,0,NA,NA,NA,meta_did,TRUE,FALSE,FALSE,FALSE,TRUE,pooled,estimated,zero,0.5,FALSE,2,differenced,NA,NA,TRUE,summary,normalised,simulate_imbalance_grid,NA,NA,NA,NA,NA,NA,NA,NA,NA,NA,NA,NA,NA,NA,NA,NA,NA,NA,NA,NA,NA,NA,NA,NA,NA,NA,NA,NA,NA,NA,NA,NA
X22,X,"Normalisation: gamma == 0, n = 400/arm, normalised vs raw",raw,bespoke,20,0,0,-0.15,0.03,-0.04,0.02,0.45,0.05,0.12,0.5,0,400,400,NA,NA,0,0,FALSE,0,0,FALSE,0,0,0,0,0,0,NA,NA,NA,meta_did,FALSE,FALSE,FALSE,FALSE,TRUE,pooled,estimated,zero,0.5,FALSE,2,differenced,NA,NA,TRUE,summary,raw,simulate_imbalance_grid,NA,NA,NA,NA,NA,NA,NA,NA,NA,NA,NA,NA,NA,NA,NA,NA,NA,NA,NA,NA,NA,NA,NA,NA,NA,NA,NA,NA,NA,NA,NA,NA
X24,X,"PP scale: gamma = 0 (null -- no mismatch possible), 10 DiD + 10 PP",normalised,bespoke,10,0,10,-0.15,0.03,-0.04,0.02,0.45,0.05,0.12,0.5,0,100,100,NA,NA,0,0.02,FALSE,0,0,FALSE,0,0.02,0,0,0,0,NA,NA,NA,meta_did,TRUE,FALSE,FALSE,FALSE,TRUE,pooled,by_randomisation,zero,0.5,FALSE,2,differenced,NA,NA,TRUE,summary,normalised,simulate_imbalance_grid,NA,NA,NA,NA,NA,NA,NA,NA,NA,NA,NA,NA,NA,NA,NA,NA,NA,NA,NA,NA,NA,NA,NA,NA,NA,NA,NA,NA,NA,NA,NA,NA
X24,X,"PP scale: gamma = 0 (null -- no mismatch possible), 10 DiD + 10 PP",raw,bespoke,10,0,10,-0.15,0.03,-0.04,0.02,0.45,0.05,0.12,0.5,0,100,100,NA,NA,0,0.02,FALSE,0,0,FALSE,0,0.02,0,0,0,0,NA,NA,NA,meta_did,FALSE,FALSE,FALSE,FALSE,TRUE,pooled,by_randomisation,zero,0.5,FALSE,2,differenced,NA,NA,TRUE,summary,raw,simulate_imbalance_grid,NA,NA,NA,NA,NA,NA,NA,NA,NA,NA,NA,NA,NA,NA,NA,NA,NA,NA,NA,NA,NA,NA,NA,NA,NA,NA,NA,NA,NA,NA,NA,NA
X25,X,"PP scale: gamma = 0.04 (9% denominator gap), 10 DiD + 10 PP",normalised,bespoke,10,0,10,-0.15,0.03,-0.04,0.02,0.45,0.05,0.12,0.5,0,100,100,NA,NA,0.04,0.02,FALSE,0,0,FALSE,0.04,0.02,0,0,0,0,NA,NA,NA,meta_did,TRUE,FALSE,FALSE,FALSE,TRUE,pooled,by_randomisation,zero,0.5,FALSE,2,differenced,NA,NA,TRUE,summary,normalised,simulate_imbalance_grid,NA,NA,NA,NA,NA,NA,NA,NA,NA,NA,NA,NA,NA,NA,NA,NA,NA,NA,NA,NA,NA,NA,NA,NA,NA,NA,NA,NA,NA,NA,NA,NA
X25,X,"PP scale: gamma = 0.04 (9% denominator gap), 10 DiD + 10 PP",raw,bespoke,10,0,10,-0.15,0.03,-0.04,0.02,0.45,0.05,0.12,0.5,0,100,100,NA,NA,0.04,0.02,FALSE,0,0,FALSE,0.04,0.02,0,0,0,0,NA,NA,NA,meta_did,FALSE,FALSE,FALSE,FALSE,TRUE,pooled,by_randomisation,zero,0.5,FALSE,2,differenced,NA,NA,TRUE,summary,raw,simulate_imbalance_grid,NA,NA,NA,NA,NA,NA,NA,NA,NA,NA,NA,NA,NA,NA,NA,NA,NA,NA,NA,NA,NA,NA,NA,NA,NA,NA,NA,NA,NA,NA,NA,NA
X26,X,"PP scale: gamma = 0.08 (18% denominator gap), 10 DiD + 10 PP",normalised,bespoke,10,0,10,-0.15,0.03,-0.04,0.02,0.45,0.05,0.12,0.5,0,100,100,NA,NA,0.08,0.02,FALSE,0,0,FALSE,0.08,0.02,0,0,0,0,NA,NA,NA,meta_did,TRUE,FALSE,FALSE,FALSE,TRUE,pooled,by_randomisation,zero,0.5,FALSE,2,differenced,NA,NA,TRUE,summary,normalised,simulate_imbalance_grid,NA,NA,NA,NA,NA,NA,NA,NA,NA,NA,NA,NA,NA,NA,NA,NA,NA,NA,NA,NA,NA,NA,NA,NA,NA,NA,NA,NA,NA,NA,NA,NA
X26,X,"PP scale: gamma = 0.08 (18% denominator gap), 10 DiD + 10 PP",raw,bespoke,10,0,10,-0.15,0.03,-0.04,0.02,0.45,0.05,0.12,0.5,0,100,100,NA,NA,0.08,0.02,FALSE,0,0,FALSE,0.08,0.02,0,0,0,0,NA,NA,NA,meta_did,FALSE,FALSE,FALSE,FALSE,TRUE,pooled,by_randomisation,zero,0.5,FALSE,2,differenced,NA,NA,TRUE,summary,raw,simulate_imbalance_grid,NA,NA,NA,NA,NA,NA,NA,NA,NA,NA,NA,NA,NA,NA,NA,NA,NA,NA,NA,NA,NA,NA,NA,NA,NA,NA,NA,NA,NA,NA,NA,NA
X27,X,"PP scale: gamma = 0.12 (27% denominator gap), 10 DiD + 10 PP",normalised,bespoke,10,0,10,-0.15,0.03,-0.04,0.02,0.45,0.05,0.12,0.5,0,100,100,NA,NA,0.12,0.02,FALSE,0,0,FALSE,0.12,0.02,0,0,0,0,NA,NA,NA,meta_did,TRUE,FALSE,FALSE,FALSE,TRUE,pooled,by_randomisation,zero,0.5,FALSE,2,differenced,NA,NA,TRUE,summary,normalised,simulate_imbalance_grid,NA,NA,NA,NA,NA,NA,NA,NA,NA,NA,NA,NA,NA,NA,NA,NA,NA,NA,NA,NA,NA,NA,NA,NA,NA,NA,NA,NA,NA,NA,NA,NA
X27,X,"PP scale: gamma = 0.12 (27% denominator gap), 10 DiD + 10 PP",raw,bespoke,10,0,10,-0.15,0.03,-0.04,0.02,0.45,0.05,0.12,0.5,0,100,100,NA,NA,0.12,0.02,FALSE,0,0,FALSE,0.12,0.02,0,0,0,0,NA,NA,NA,meta_did,FALSE,FALSE,FALSE,FALSE,TRUE,pooled,by_randomisation,zero,0.5,FALSE,2,differenced,NA,NA,TRUE,summary,raw,simulate_imbalance_grid,NA,NA,NA,NA,NA,NA,NA,NA,NA,NA,NA,NA,NA,NA,NA,NA,NA,NA,NA,NA,NA,NA,NA,NA,NA,NA,NA,NA,NA,NA,NA,NA
X23,X,"Individual data: randomised DiD, kappa_true = 1 (parameter-valued s_i)",kappa_0,bespoke,10,0,0,-0.15,0.03,-0.04,0.02,0.45,0.05,0.12,0.5,0,60,60,NA,NA,0,0,FALSE,0,0,FALSE,0,0,10,0,1,0,NA,NA,NA,meta_did,TRUE,FALSE,FALSE,FALSE,TRUE,pooled,by_randomisation,zero,0,FALSE,2,differenced,NA,NA,TRUE,individual,kappa_0,simulate_imbalance_grid,NA,NA,NA,NA,NA,NA,NA,NA,NA,NA,NA,NA,NA,NA,NA,NA,NA,NA,NA,NA,NA,NA,NA,NA,NA,NA,NA,NA,NA,NA,NA,NA
X23,X,"Individual data: randomised DiD, kappa_true = 1 (parameter-valued s_i)",kappa_0.5,bespoke,10,0,0,-0.15,0.03,-0.04,0.02,0.45,0.05,0.12,0.5,0,60,60,NA,NA,0,0,FALSE,0,0,FALSE,0,0,10,0,1,0,NA,NA,NA,meta_did,TRUE,FALSE,FALSE,FALSE,TRUE,pooled,by_randomisation,zero,0.5,FALSE,2,differenced,NA,NA,TRUE,individual,kappa_0.5,simulate_imbalance_grid,NA,NA,NA,NA,NA,NA,NA,NA,NA,NA,NA,NA,NA,NA,NA,NA,NA,NA,NA,NA,NA,NA,NA,NA,NA,NA,NA,NA,NA,NA,NA,NA
X23,X,"Individual data: randomised DiD, kappa_true = 1 (parameter-valued s_i)",kappa_1,bespoke,10,0,0,-0.15,0.03,-0.04,0.02,0.45,0.05,0.12,0.5,0,60,60,NA,NA,0,0,FALSE,0,0,FALSE,0,0,10,0,1,0,NA,NA,NA,meta_did,TRUE,FALSE,FALSE,FALSE,TRUE,pooled,by_randomisation,zero,1,FALSE,2,differenced,NA,NA,TRUE,individual,kappa_1,simulate_imbalance_grid,NA,NA,NA,NA,NA,NA,NA,NA,NA,NA,NA,NA,NA,NA,NA,NA,NA,NA,NA,NA,NA,NA,NA,NA,NA,NA,NA,NA,NA,NA,NA,NA
Q1,Q,"Figure panels K/L: trend plane, DiD trend -0.12, PP trend -0.12",full,bespoke,10,0,10,-0.15,0.03,-0.04,0.02,0.45,0.05,0.12,0.5,0,100,100,NA,NA,0,0,FALSE,0,0,FALSE,0,0,0,0,0,0,NA,NA,NA,meta_did,TRUE,FALSE,FALSE,FALSE,TRUE,pooled,by_randomisation,zero,0.5,FALSE,2,differenced,NA,NA,TRUE,summary,full,simulate_divergent_trends,NA,NA,-0.12,-0.12,NA,NA,NA,NA,NA,NA,NA,NA,NA,NA,NA,NA,NA,NA,NA,NA,NA,NA,NA,NA,NA,NA,NA,NA,NA,NA,NA,NA
Q1,Q,"Figure panels K/L: trend plane, DiD trend -0.12, PP trend -0.12",naive,bespoke,10,0,10,-0.15,0.03,-0.04,0.02,0.45,0.05,0.12,0.5,0,100,100,NA,NA,0,0,FALSE,0,0,FALSE,0,0,0,0,0,0,NA,NA,NA,meta_did_general,TRUE,FALSE,FALSE,FALSE,TRUE,fixed_zero,fixed_zero,zero,0.5,FALSE,2,differenced,NA,NA,TRUE,summary,naive,simulate_divergent_trends,NA,NA,-0.12,-0.12,NA,NA,NA,NA,NA,NA,NA,NA,NA,NA,NA,NA,NA,NA,NA,NA,NA,NA,NA,NA,NA,NA,NA,NA,NA,NA,NA,NA
Q2,Q,"Figure panels K/L: trend plane, DiD trend -0.06, PP trend -0.12",full,bespoke,10,0,10,-0.15,0.03,-0.04,0.02,0.45,0.05,0.12,0.5,0,100,100,NA,NA,0,0,FALSE,0,0,FALSE,0,0,0,0,0,0,NA,NA,NA,meta_did,TRUE,FALSE,FALSE,FALSE,TRUE,pooled,by_randomisation,zero,0.5,FALSE,2,differenced,NA,NA,TRUE,summary,full,simulate_divergent_trends,NA,NA,-0.06,-0.12,NA,NA,NA,NA,NA,NA,NA,NA,NA,NA,NA,NA,NA,NA,NA,NA,NA,NA,NA,NA,NA,NA,NA,NA,NA,NA,NA,NA
Q2,Q,"Figure panels K/L: trend plane, DiD trend -0.06, PP trend -0.12",naive,bespoke,10,0,10,-0.15,0.03,-0.04,0.02,0.45,0.05,0.12,0.5,0,100,100,NA,NA,0,0,FALSE,0,0,FALSE,0,0,0,0,0,0,NA,NA,NA,meta_did_general,TRUE,FALSE,FALSE,FALSE,TRUE,fixed_zero,fixed_zero,zero,0.5,FALSE,2,differenced,NA,NA,TRUE,summary,naive,simulate_divergent_trends,NA,NA,-0.06,-0.12,NA,NA,NA,NA,NA,NA,NA,NA,NA,NA,NA,NA,NA,NA,NA,NA,NA,NA,NA,NA,NA,NA,NA,NA,NA,NA,NA,NA
Q3,Q,"Figure panels K/L: trend plane, DiD trend 0, PP trend -0.12",full,bespoke,10,0,10,-0.15,0.03,-0.04,0.02,0.45,0.05,0.12,0.5,0,100,100,NA,NA,0,0,FALSE,0,0,FALSE,0,0,0,0,0,0,NA,NA,NA,meta_did,TRUE,FALSE,FALSE,FALSE,TRUE,pooled,by_randomisation,zero,0.5,FALSE,2,differenced,NA,NA,TRUE,summary,full,simulate_divergent_trends,NA,NA,0,-0.12,NA,NA,NA,NA,NA,NA,NA,NA,NA,NA,NA,NA,NA,NA,NA,NA,NA,NA,NA,NA,NA,NA,NA,NA,NA,NA,NA,NA
Q3,Q,"Figure panels K/L: trend plane, DiD trend 0, PP trend -0.12",naive,bespoke,10,0,10,-0.15,0.03,-0.04,0.02,0.45,0.05,0.12,0.5,0,100,100,NA,NA,0,0,FALSE,0,0,FALSE,0,0,0,0,0,0,NA,NA,NA,meta_did_general,TRUE,FALSE,FALSE,FALSE,TRUE,fixed_zero,fixed_zero,zero,0.5,FALSE,2,differenced,NA,NA,TRUE,summary,naive,simulate_divergent_trends,NA,NA,0,-0.12,NA,NA,NA,NA,NA,NA,NA,NA,NA,NA,NA,NA,NA,NA,NA,NA,NA,NA,NA,NA,NA,NA,NA,NA,NA,NA,NA,NA
Q4,Q,"Figure panels K/L: trend plane, DiD trend 0.06, PP trend -0.12",full,bespoke,10,0,10,-0.15,0.03,-0.04,0.02,0.45,0.05,0.12,0.5,0,100,100,NA,NA,0,0,FALSE,0,0,FALSE,0,0,0,0,0,0,NA,NA,NA,meta_did,TRUE,FALSE,FALSE,FALSE,TRUE,pooled,by_randomisation,zero,0.5,FALSE,2,differenced,NA,NA,TRUE,summary,full,simulate_divergent_trends,NA,NA,0.06,-0.12,NA,NA,NA,NA,NA,NA,NA,NA,NA,NA,NA,NA,NA,NA,NA,NA,NA,NA,NA,NA,NA,NA,NA,NA,NA,NA,NA,NA
Q4,Q,"Figure panels K/L: trend plane, DiD trend 0.06, PP trend -0.12",naive,bespoke,10,0,10,-0.15,0.03,-0.04,0.02,0.45,0.05,0.12,0.5,0,100,100,NA,NA,0,0,FALSE,0,0,FALSE,0,0,0,0,0,0,NA,NA,NA,meta_did_general,TRUE,FALSE,FALSE,FALSE,TRUE,fixed_zero,fixed_zero,zero,0.5,FALSE,2,differenced,NA,NA,TRUE,summary,naive,simulate_divergent_trends,NA,NA,0.06,-0.12,NA,NA,NA,NA,NA,NA,NA,NA,NA,NA,NA,NA,NA,NA,NA,NA,NA,NA,NA,NA,NA,NA,NA,NA,NA,NA,NA,NA
Q5,Q,"Figure panels K/L: trend plane, DiD trend 0.12, PP trend -0.12",full,bespoke,10,0,10,-0.15,0.03,-0.04,0.02,0.45,0.05,0.12,0.5,0,100,100,NA,NA,0,0,FALSE,0,0,FALSE,0,0,0,0,0,0,NA,NA,NA,meta_did,TRUE,FALSE,FALSE,FALSE,TRUE,pooled,by_randomisation,zero,0.5,FALSE,2,differenced,NA,NA,TRUE,summary,full,simulate_divergent_trends,NA,NA,0.12,-0.12,NA,NA,NA,NA,NA,NA,NA,NA,NA,NA,NA,NA,NA,NA,NA,NA,NA,NA,NA,NA,NA,NA,NA,NA,NA,NA,NA,NA
Q5,Q,"Figure panels K/L: trend plane, DiD trend 0.12, PP trend -0.12",naive,bespoke,10,0,10,-0.15,0.03,-0.04,0.02,0.45,0.05,0.12,0.5,0,100,100,NA,NA,0,0,FALSE,0,0,FALSE,0,0,0,0,0,0,NA,NA,NA,meta_did_general,TRUE,FALSE,FALSE,FALSE,TRUE,fixed_zero,fixed_zero,zero,0.5,FALSE,2,differenced,NA,NA,TRUE,summary,naive,simulate_divergent_trends,NA,NA,0.12,-0.12,NA,NA,NA,NA,NA,NA,NA,NA,NA,NA,NA,NA,NA,NA,NA,NA,NA,NA,NA,NA,NA,NA,NA,NA,NA,NA,NA,NA
Q6,Q,"Figure panels K/L: trend plane, DiD trend -0.12, PP trend -0.06",full,bespoke,10,0,10,-0.15,0.03,-0.04,0.02,0.45,0.05,0.12,0.5,0,100,100,NA,NA,0,0,FALSE,0,0,FALSE,0,0,0,0,0,0,NA,NA,NA,meta_did,TRUE,FALSE,FALSE,FALSE,TRUE,pooled,by_randomisation,zero,0.5,FALSE,2,differenced,NA,NA,TRUE,summary,full,simulate_divergent_trends,NA,NA,-0.12,-0.06,NA,NA,NA,NA,NA,NA,NA,NA,NA,NA,NA,NA,NA,NA,NA,NA,NA,NA,NA,NA,NA,NA,NA,NA,NA,NA,NA,NA
Q6,Q,"Figure panels K/L: trend plane, DiD trend -0.12, PP trend -0.06",naive,bespoke,10,0,10,-0.15,0.03,-0.04,0.02,0.45,0.05,0.12,0.5,0,100,100,NA,NA,0,0,FALSE,0,0,FALSE,0,0,0,0,0,0,NA,NA,NA,meta_did_general,TRUE,FALSE,FALSE,FALSE,TRUE,fixed_zero,fixed_zero,zero,0.5,FALSE,2,differenced,NA,NA,TRUE,summary,naive,simulate_divergent_trends,NA,NA,-0.12,-0.06,NA,NA,NA,NA,NA,NA,NA,NA,NA,NA,NA,NA,NA,NA,NA,NA,NA,NA,NA,NA,NA,NA,NA,NA,NA,NA,NA,NA
Q7,Q,"Figure panels K/L: trend plane, DiD trend -0.06, PP trend -0.06",full,bespoke,10,0,10,-0.15,0.03,-0.04,0.02,0.45,0.05,0.12,0.5,0,100,100,NA,NA,0,0,FALSE,0,0,FALSE,0,0,0,0,0,0,NA,NA,NA,meta_did,TRUE,FALSE,FALSE,FALSE,TRUE,pooled,by_randomisation,zero,0.5,FALSE,2,differenced,NA,NA,TRUE,summary,full,simulate_divergent_trends,NA,NA,-0.06,-0.06,NA,NA,NA,NA,NA,NA,NA,NA,NA,NA,NA,NA,NA,NA,NA,NA,NA,NA,NA,NA,NA,NA,NA,NA,NA,NA,NA,NA
Q7,Q,"Figure panels K/L: trend plane, DiD trend -0.06, PP trend -0.06",naive,bespoke,10,0,10,-0.15,0.03,-0.04,0.02,0.45,0.05,0.12,0.5,0,100,100,NA,NA,0,0,FALSE,0,0,FALSE,0,0,0,0,0,0,NA,NA,NA,meta_did_general,TRUE,FALSE,FALSE,FALSE,TRUE,fixed_zero,fixed_zero,zero,0.5,FALSE,2,differenced,NA,NA,TRUE,summary,naive,simulate_divergent_trends,NA,NA,-0.06,-0.06,NA,NA,NA,NA,NA,NA,NA,NA,NA,NA,NA,NA,NA,NA,NA,NA,NA,NA,NA,NA,NA,NA,NA,NA,NA,NA,NA,NA
Q8,Q,"Figure panels K/L: trend plane, DiD trend 0, PP trend -0.06",full,bespoke,10,0,10,-0.15,0.03,-0.04,0.02,0.45,0.05,0.12,0.5,0,100,100,NA,NA,0,0,FALSE,0,0,FALSE,0,0,0,0,0,0,NA,NA,NA,meta_did,TRUE,FALSE,FALSE,FALSE,TRUE,pooled,by_randomisation,zero,0.5,FALSE,2,differenced,NA,NA,TRUE,summary,full,simulate_divergent_trends,NA,NA,0,-0.06,NA,NA,NA,NA,NA,NA,NA,NA,NA,NA,NA,NA,NA,NA,NA,NA,NA,NA,NA,NA,NA,NA,NA,NA,NA,NA,NA,NA
Q8,Q,"Figure panels K/L: trend plane, DiD trend 0, PP trend -0.06",naive,bespoke,10,0,10,-0.15,0.03,-0.04,0.02,0.45,0.05,0.12,0.5,0,100,100,NA,NA,0,0,FALSE,0,0,FALSE,0,0,0,0,0,0,NA,NA,NA,meta_did_general,TRUE,FALSE,FALSE,FALSE,TRUE,fixed_zero,fixed_zero,zero,0.5,FALSE,2,differenced,NA,NA,TRUE,summary,naive,simulate_divergent_trends,NA,NA,0,-0.06,NA,NA,NA,NA,NA,NA,NA,NA,NA,NA,NA,NA,NA,NA,NA,NA,NA,NA,NA,NA,NA,NA,NA,NA,NA,NA,NA,NA
Q9,Q,"Figure panels K/L: trend plane, DiD trend 0.06, PP trend -0.06",full,bespoke,10,0,10,-0.15,0.03,-0.04,0.02,0.45,0.05,0.12,0.5,0,100,100,NA,NA,0,0,FALSE,0,0,FALSE,0,0,0,0,0,0,NA,NA,NA,meta_did,TRUE,FALSE,FALSE,FALSE,TRUE,pooled,by_randomisation,zero,0.5,FALSE,2,differenced,NA,NA,TRUE,summary,full,simulate_divergent_trends,NA,NA,0.06,-0.06,NA,NA,NA,NA,NA,NA,NA,NA,NA,NA,NA,NA,NA,NA,NA,NA,NA,NA,NA,NA,NA,NA,NA,NA,NA,NA,NA,NA
Q9,Q,"Figure panels K/L: trend plane, DiD trend 0.06, PP trend -0.06",naive,bespoke,10,0,10,-0.15,0.03,-0.04,0.02,0.45,0.05,0.12,0.5,0,100,100,NA,NA,0,0,FALSE,0,0,FALSE,0,0,0,0,0,0,NA,NA,NA,meta_did_general,TRUE,FALSE,FALSE,FALSE,TRUE,fixed_zero,fixed_zero,zero,0.5,FALSE,2,differenced,NA,NA,TRUE,summary,naive,simulate_divergent_trends,NA,NA,0.06,-0.06,NA,NA,NA,NA,NA,NA,NA,NA,NA,NA,NA,NA,NA,NA,NA,NA,NA,NA,NA,NA,NA,NA,NA,NA,NA,NA,NA,NA
Q10,Q,"Figure panels K/L: trend plane, DiD trend 0.12, PP trend -0.06",full,bespoke,10,0,10,-0.15,0.03,-0.04,0.02,0.45,0.05,0.12,0.5,0,100,100,NA,NA,0,0,FALSE,0,0,FALSE,0,0,0,0,0,0,NA,NA,NA,meta_did,TRUE,FALSE,FALSE,FALSE,TRUE,pooled,by_randomisation,zero,0.5,FALSE,2,differenced,NA,NA,TRUE,summary,full,simulate_divergent_trends,NA,NA,0.12,-0.06,NA,NA,NA,NA,NA,NA,NA,NA,NA,NA,NA,NA,NA,NA,NA,NA,NA,NA,NA,NA,NA,NA,NA,NA,NA,NA,NA,NA
Q10,Q,"Figure panels K/L: trend plane, DiD trend 0.12, PP trend -0.06",naive,bespoke,10,0,10,-0.15,0.03,-0.04,0.02,0.45,0.05,0.12,0.5,0,100,100,NA,NA,0,0,FALSE,0,0,FALSE,0,0,0,0,0,0,NA,NA,NA,meta_did_general,TRUE,FALSE,FALSE,FALSE,TRUE,fixed_zero,fixed_zero,zero,0.5,FALSE,2,differenced,NA,NA,TRUE,summary,naive,simulate_divergent_trends,NA,NA,0.12,-0.06,NA,NA,NA,NA,NA,NA,NA,NA,NA,NA,NA,NA,NA,NA,NA,NA,NA,NA,NA,NA,NA,NA,NA,NA,NA,NA,NA,NA
Q11,Q,"Figure panels K/L: trend plane, DiD trend -0.12, PP trend 0",full,bespoke,10,0,10,-0.15,0.03,-0.04,0.02,0.45,0.05,0.12,0.5,0,100,100,NA,NA,0,0,FALSE,0,0,FALSE,0,0,0,0,0,0,NA,NA,NA,meta_did,TRUE,FALSE,FALSE,FALSE,TRUE,pooled,by_randomisation,zero,0.5,FALSE,2,differenced,NA,NA,TRUE,summary,full,simulate_divergent_trends,NA,NA,-0.12,0,NA,NA,NA,NA,NA,NA,NA,NA,NA,NA,NA,NA,NA,NA,NA,NA,NA,NA,NA,NA,NA,NA,NA,NA,NA,NA,NA,NA
Q11,Q,"Figure panels K/L: trend plane, DiD trend -0.12, PP trend 0",naive,bespoke,10,0,10,-0.15,0.03,-0.04,0.02,0.45,0.05,0.12,0.5,0,100,100,NA,NA,0,0,FALSE,0,0,FALSE,0,0,0,0,0,0,NA,NA,NA,meta_did_general,TRUE,FALSE,FALSE,FALSE,TRUE,fixed_zero,fixed_zero,zero,0.5,FALSE,2,differenced,NA,NA,TRUE,summary,naive,simulate_divergent_trends,NA,NA,-0.12,0,NA,NA,NA,NA,NA,NA,NA,NA,NA,NA,NA,NA,NA,NA,NA,NA,NA,NA,NA,NA,NA,NA,NA,NA,NA,NA,NA,NA
Q12,Q,"Figure panels K/L: trend plane, DiD trend -0.06, PP trend 0",full,bespoke,10,0,10,-0.15,0.03,-0.04,0.02,0.45,0.05,0.12,0.5,0,100,100,NA,NA,0,0,FALSE,0,0,FALSE,0,0,0,0,0,0,NA,NA,NA,meta_did,TRUE,FALSE,FALSE,FALSE,TRUE,pooled,by_randomisation,zero,0.5,FALSE,2,differenced,NA,NA,TRUE,summary,full,simulate_divergent_trends,NA,NA,-0.06,0,NA,NA,NA,NA,NA,NA,NA,NA,NA,NA,NA,NA,NA,NA,NA,NA,NA,NA,NA,NA,NA,NA,NA,NA,NA,NA,NA,NA
Q12,Q,"Figure panels K/L: trend plane, DiD trend -0.06, PP trend 0",naive,bespoke,10,0,10,-0.15,0.03,-0.04,0.02,0.45,0.05,0.12,0.5,0,100,100,NA,NA,0,0,FALSE,0,0,FALSE,0,0,0,0,0,0,NA,NA,NA,meta_did_general,TRUE,FALSE,FALSE,FALSE,TRUE,fixed_zero,fixed_zero,zero,0.5,FALSE,2,differenced,NA,NA,TRUE,summary,naive,simulate_divergent_trends,NA,NA,-0.06,0,NA,NA,NA,NA,NA,NA,NA,NA,NA,NA,NA,NA,NA,NA,NA,NA,NA,NA,NA,NA,NA,NA,NA,NA,NA,NA,NA,NA
Q13,Q,"Figure panels K/L: trend plane, DiD trend 0, PP trend 0",full,bespoke,10,0,10,-0.15,0.03,-0.04,0.02,0.45,0.05,0.12,0.5,0,100,100,NA,NA,0,0,FALSE,0,0,FALSE,0,0,0,0,0,0,NA,NA,NA,meta_did,TRUE,FALSE,FALSE,FALSE,TRUE,pooled,by_randomisation,zero,0.5,FALSE,2,differenced,NA,NA,TRUE,summary,full,simulate_divergent_trends,NA,NA,0,0,NA,NA,NA,NA,NA,NA,NA,NA,NA,NA,NA,NA,NA,NA,NA,NA,NA,NA,NA,NA,NA,NA,NA,NA,NA,NA,NA,NA
Q13,Q,"Figure panels K/L: trend plane, DiD trend 0, PP trend 0",naive,bespoke,10,0,10,-0.15,0.03,-0.04,0.02,0.45,0.05,0.12,0.5,0,100,100,NA,NA,0,0,FALSE,0,0,FALSE,0,0,0,0,0,0,NA,NA,NA,meta_did_general,TRUE,FALSE,FALSE,FALSE,TRUE,fixed_zero,fixed_zero,zero,0.5,FALSE,2,differenced,NA,NA,TRUE,summary,naive,simulate_divergent_trends,NA,NA,0,0,NA,NA,NA,NA,NA,NA,NA,NA,NA,NA,NA,NA,NA,NA,NA,NA,NA,NA,NA,NA,NA,NA,NA,NA,NA,NA,NA,NA
Q14,Q,"Figure panels K/L: trend plane, DiD trend 0.06, PP trend 0",full,bespoke,10,0,10,-0.15,0.03,-0.04,0.02,0.45,0.05,0.12,0.5,0,100,100,NA,NA,0,0,FALSE,0,0,FALSE,0,0,0,0,0,0,NA,NA,NA,meta_did,TRUE,FALSE,FALSE,FALSE,TRUE,pooled,by_randomisation,zero,0.5,FALSE,2,differenced,NA,NA,TRUE,summary,full,simulate_divergent_trends,NA,NA,0.06,0,NA,NA,NA,NA,NA,NA,NA,NA,NA,NA,NA,NA,NA,NA,NA,NA,NA,NA,NA,NA,NA,NA,NA,NA,NA,NA,NA,NA
Q14,Q,"Figure panels K/L: trend plane, DiD trend 0.06, PP trend 0",naive,bespoke,10,0,10,-0.15,0.03,-0.04,0.02,0.45,0.05,0.12,0.5,0,100,100,NA,NA,0,0,FALSE,0,0,FALSE,0,0,0,0,0,0,NA,NA,NA,meta_did_general,TRUE,FALSE,FALSE,FALSE,TRUE,fixed_zero,fixed_zero,zero,0.5,FALSE,2,differenced,NA,NA,TRUE,summary,naive,simulate_divergent_trends,NA,NA,0.06,0,NA,NA,NA,NA,NA,NA,NA,NA,NA,NA,NA,NA,NA,NA,NA,NA,NA,NA,NA,NA,NA,NA,NA,NA,NA,NA,NA,NA
Q15,Q,"Figure panels K/L: trend plane, DiD trend 0.12, PP trend 0",full,bespoke,10,0,10,-0.15,0.03,-0.04,0.02,0.45,0.05,0.12,0.5,0,100,100,NA,NA,0,0,FALSE,0,0,FALSE,0,0,0,0,0,0,NA,NA,NA,meta_did,TRUE,FALSE,FALSE,FALSE,TRUE,pooled,by_randomisation,zero,0.5,FALSE,2,differenced,NA,NA,TRUE,summary,full,simulate_divergent_trends,NA,NA,0.12,0,NA,NA,NA,NA,NA,NA,NA,NA,NA,NA,NA,NA,NA,NA,NA,NA,NA,NA,NA,NA,NA,NA,NA,NA,NA,NA,NA,NA
Q15,Q,"Figure panels K/L: trend plane, DiD trend 0.12, PP trend 0",naive,bespoke,10,0,10,-0.15,0.03,-0.04,0.02,0.45,0.05,0.12,0.5,0,100,100,NA,NA,0,0,FALSE,0,0,FALSE,0,0,0,0,0,0,NA,NA,NA,meta_did_general,TRUE,FALSE,FALSE,FALSE,TRUE,fixed_zero,fixed_zero,zero,0.5,FALSE,2,differenced,NA,NA,TRUE,summary,naive,simulate_divergent_trends,NA,NA,0.12,0,NA,NA,NA,NA,NA,NA,NA,NA,NA,NA,NA,NA,NA,NA,NA,NA,NA,NA,NA,NA,NA,NA,NA,NA,NA,NA,NA,NA
Q16,Q,"Figure panels K/L: trend plane, DiD trend -0.12, PP trend 0.06",full,bespoke,10,0,10,-0.15,0.03,-0.04,0.02,0.45,0.05,0.12,0.5,0,100,100,NA,NA,0,0,FALSE,0,0,FALSE,0,0,0,0,0,0,NA,NA,NA,meta_did,TRUE,FALSE,FALSE,FALSE,TRUE,pooled,by_randomisation,zero,0.5,FALSE,2,differenced,NA,NA,TRUE,summary,full,simulate_divergent_trends,NA,NA,-0.12,0.06,NA,NA,NA,NA,NA,NA,NA,NA,NA,NA,NA,NA,NA,NA,NA,NA,NA,NA,NA,NA,NA,NA,NA,NA,NA,NA,NA,NA
Q16,Q,"Figure panels K/L: trend plane, DiD trend -0.12, PP trend 0.06",naive,bespoke,10,0,10,-0.15,0.03,-0.04,0.02,0.45,0.05,0.12,0.5,0,100,100,NA,NA,0,0,FALSE,0,0,FALSE,0,0,0,0,0,0,NA,NA,NA,meta_did_general,TRUE,FALSE,FALSE,FALSE,TRUE,fixed_zero,fixed_zero,zero,0.5,FALSE,2,differenced,NA,NA,TRUE,summary,naive,simulate_divergent_trends,NA,NA,-0.12,0.06,NA,NA,NA,NA,NA,NA,NA,NA,NA,NA,NA,NA,NA,NA,NA,NA,NA,NA,NA,NA,NA,NA,NA,NA,NA,NA,NA,NA
Q17,Q,"Figure panels K/L: trend plane, DiD trend -0.06, PP trend 0.06",full,bespoke,10,0,10,-0.15,0.03,-0.04,0.02,0.45,0.05,0.12,0.5,0,100,100,NA,NA,0,0,FALSE,0,0,FALSE,0,0,0,0,0,0,NA,NA,NA,meta_did,TRUE,FALSE,FALSE,FALSE,TRUE,pooled,by_randomisation,zero,0.5,FALSE,2,differenced,NA,NA,TRUE,summary,full,simulate_divergent_trends,NA,NA,-0.06,0.06,NA,NA,NA,NA,NA,NA,NA,NA,NA,NA,NA,NA,NA,NA,NA,NA,NA,NA,NA,NA,NA,NA,NA,NA,NA,NA,NA,NA
Q17,Q,"Figure panels K/L: trend plane, DiD trend -0.06, PP trend 0.06",naive,bespoke,10,0,10,-0.15,0.03,-0.04,0.02,0.45,0.05,0.12,0.5,0,100,100,NA,NA,0,0,FALSE,0,0,FALSE,0,0,0,0,0,0,NA,NA,NA,meta_did_general,TRUE,FALSE,FALSE,FALSE,TRUE,fixed_zero,fixed_zero,zero,0.5,FALSE,2,differenced,NA,NA,TRUE,summary,naive,simulate_divergent_trends,NA,NA,-0.06,0.06,NA,NA,NA,NA,NA,NA,NA,NA,NA,NA,NA,NA,NA,NA,NA,NA,NA,NA,NA,NA,NA,NA,NA,NA,NA,NA,NA,NA
Q18,Q,"Figure panels K/L: trend plane, DiD trend 0, PP trend 0.06",full,bespoke,10,0,10,-0.15,0.03,-0.04,0.02,0.45,0.05,0.12,0.5,0,100,100,NA,NA,0,0,FALSE,0,0,FALSE,0,0,0,0,0,0,NA,NA,NA,meta_did,TRUE,FALSE,FALSE,FALSE,TRUE,pooled,by_randomisation,zero,0.5,FALSE,2,differenced,NA,NA,TRUE,summary,full,simulate_divergent_trends,NA,NA,0,0.06,NA,NA,NA,NA,NA,NA,NA,NA,NA,NA,NA,NA,NA,NA,NA,NA,NA,NA,NA,NA,NA,NA,NA,NA,NA,NA,NA,NA
Q18,Q,"Figure panels K/L: trend plane, DiD trend 0, PP trend 0.06",naive,bespoke,10,0,10,-0.15,0.03,-0.04,0.02,0.45,0.05,0.12,0.5,0,100,100,NA,NA,0,0,FALSE,0,0,FALSE,0,0,0,0,0,0,NA,NA,NA,meta_did_general,TRUE,FALSE,FALSE,FALSE,TRUE,fixed_zero,fixed_zero,zero,0.5,FALSE,2,differenced,NA,NA,TRUE,summary,naive,simulate_divergent_trends,NA,NA,0,0.06,NA,NA,NA,NA,NA,NA,NA,NA,NA,NA,NA,NA,NA,NA,NA,NA,NA,NA,NA,NA,NA,NA,NA,NA,NA,NA,NA,NA
Q19,Q,"Figure panels K/L: trend plane, DiD trend 0.06, PP trend 0.06",full,bespoke,10,0,10,-0.15,0.03,-0.04,0.02,0.45,0.05,0.12,0.5,0,100,100,NA,NA,0,0,FALSE,0,0,FALSE,0,0,0,0,0,0,NA,NA,NA,meta_did,TRUE,FALSE,FALSE,FALSE,TRUE,pooled,by_randomisation,zero,0.5,FALSE,2,differenced,NA,NA,TRUE,summary,full,simulate_divergent_trends,NA,NA,0.06,0.06,NA,NA,NA,NA,NA,NA,NA,NA,NA,NA,NA,NA,NA,NA,NA,NA,NA,NA,NA,NA,NA,NA,NA,NA,NA,NA,NA,NA
Q19,Q,"Figure panels K/L: trend plane, DiD trend 0.06, PP trend 0.06",naive,bespoke,10,0,10,-0.15,0.03,-0.04,0.02,0.45,0.05,0.12,0.5,0,100,100,NA,NA,0,0,FALSE,0,0,FALSE,0,0,0,0,0,0,NA,NA,NA,meta_did_general,TRUE,FALSE,FALSE,FALSE,TRUE,fixed_zero,fixed_zero,zero,0.5,FALSE,2,differenced,NA,NA,TRUE,summary,naive,simulate_divergent_trends,NA,NA,0.06,0.06,NA,NA,NA,NA,NA,NA,NA,NA,NA,NA,NA,NA,NA,NA,NA,NA,NA,NA,NA,NA,NA,NA,NA,NA,NA,NA,NA,NA
Q20,Q,"Figure panels K/L: trend plane, DiD trend 0.12, PP trend 0.06",full,bespoke,10,0,10,-0.15,0.03,-0.04,0.02,0.45,0.05,0.12,0.5,0,100,100,NA,NA,0,0,FALSE,0,0,FALSE,0,0,0,0,0,0,NA,NA,NA,meta_did,TRUE,FALSE,FALSE,FALSE,TRUE,pooled,by_randomisation,zero,0.5,FALSE,2,differenced,NA,NA,TRUE,summary,full,simulate_divergent_trends,NA,NA,0.12,0.06,NA,NA,NA,NA,NA,NA,NA,NA,NA,NA,NA,NA,NA,NA,NA,NA,NA,NA,NA,NA,NA,NA,NA,NA,NA,NA,NA,NA
Q20,Q,"Figure panels K/L: trend plane, DiD trend 0.12, PP trend 0.06",naive,bespoke,10,0,10,-0.15,0.03,-0.04,0.02,0.45,0.05,0.12,0.5,0,100,100,NA,NA,0,0,FALSE,0,0,FALSE,0,0,0,0,0,0,NA,NA,NA,meta_did_general,TRUE,FALSE,FALSE,FALSE,TRUE,fixed_zero,fixed_zero,zero,0.5,FALSE,2,differenced,NA,NA,TRUE,summary,naive,simulate_divergent_trends,NA,NA,0.12,0.06,NA,NA,NA,NA,NA,NA,NA,NA,NA,NA,NA,NA,NA,NA,NA,NA,NA,NA,NA,NA,NA,NA,NA,NA,NA,NA,NA,NA
Q21,Q,"Figure panels K/L: trend plane, DiD trend -0.12, PP trend 0.12",full,bespoke,10,0,10,-0.15,0.03,-0.04,0.02,0.45,0.05,0.12,0.5,0,100,100,NA,NA,0,0,FALSE,0,0,FALSE,0,0,0,0,0,0,NA,NA,NA,meta_did,TRUE,FALSE,FALSE,FALSE,TRUE,pooled,by_randomisation,zero,0.5,FALSE,2,differenced,NA,NA,TRUE,summary,full,simulate_divergent_trends,NA,NA,-0.12,0.12,NA,NA,NA,NA,NA,NA,NA,NA,NA,NA,NA,NA,NA,NA,NA,NA,NA,NA,NA,NA,NA,NA,NA,NA,NA,NA,NA,NA
Q21,Q,"Figure panels K/L: trend plane, DiD trend -0.12, PP trend 0.12",naive,bespoke,10,0,10,-0.15,0.03,-0.04,0.02,0.45,0.05,0.12,0.5,0,100,100,NA,NA,0,0,FALSE,0,0,FALSE,0,0,0,0,0,0,NA,NA,NA,meta_did_general,TRUE,FALSE,FALSE,FALSE,TRUE,fixed_zero,fixed_zero,zero,0.5,FALSE,2,differenced,NA,NA,TRUE,summary,naive,simulate_divergent_trends,NA,NA,-0.12,0.12,NA,NA,NA,NA,NA,NA,NA,NA,NA,NA,NA,NA,NA,NA,NA,NA,NA,NA,NA,NA,NA,NA,NA,NA,NA,NA,NA,NA
Q22,Q,"Figure panels K/L: trend plane, DiD trend -0.06, PP trend 0.12",full,bespoke,10,0,10,-0.15,0.03,-0.04,0.02,0.45,0.05,0.12,0.5,0,100,100,NA,NA,0,0,FALSE,0,0,FALSE,0,0,0,0,0,0,NA,NA,NA,meta_did,TRUE,FALSE,FALSE,FALSE,TRUE,pooled,by_randomisation,zero,0.5,FALSE,2,differenced,NA,NA,TRUE,summary,full,simulate_divergent_trends,NA,NA,-0.06,0.12,NA,NA,NA,NA,NA,NA,NA,NA,NA,NA,NA,NA,NA,NA,NA,NA,NA,NA,NA,NA,NA,NA,NA,NA,NA,NA,NA,NA
Q22,Q,"Figure panels K/L: trend plane, DiD trend -0.06, PP trend 0.12",naive,bespoke,10,0,10,-0.15,0.03,-0.04,0.02,0.45,0.05,0.12,0.5,0,100,100,NA,NA,0,0,FALSE,0,0,FALSE,0,0,0,0,0,0,NA,NA,NA,meta_did_general,TRUE,FALSE,FALSE,FALSE,TRUE,fixed_zero,fixed_zero,zero,0.5,FALSE,2,differenced,NA,NA,TRUE,summary,naive,simulate_divergent_trends,NA,NA,-0.06,0.12,NA,NA,NA,NA,NA,NA,NA,NA,NA,NA,NA,NA,NA,NA,NA,NA,NA,NA,NA,NA,NA,NA,NA,NA,NA,NA,NA,NA
Q23,Q,"Figure panels K/L: trend plane, DiD trend 0, PP trend 0.12",full,bespoke,10,0,10,-0.15,0.03,-0.04,0.02,0.45,0.05,0.12,0.5,0,100,100,NA,NA,0,0,FALSE,0,0,FALSE,0,0,0,0,0,0,NA,NA,NA,meta_did,TRUE,FALSE,FALSE,FALSE,TRUE,pooled,by_randomisation,zero,0.5,FALSE,2,differenced,NA,NA,TRUE,summary,full,simulate_divergent_trends,NA,NA,0,0.12,NA,NA,NA,NA,NA,NA,NA,NA,NA,NA,NA,NA,NA,NA,NA,NA,NA,NA,NA,NA,NA,NA,NA,NA,NA,NA,NA,NA
Q23,Q,"Figure panels K/L: trend plane, DiD trend 0, PP trend 0.12",naive,bespoke,10,0,10,-0.15,0.03,-0.04,0.02,0.45,0.05,0.12,0.5,0,100,100,NA,NA,0,0,FALSE,0,0,FALSE,0,0,0,0,0,0,NA,NA,NA,meta_did_general,TRUE,FALSE,FALSE,FALSE,TRUE,fixed_zero,fixed_zero,zero,0.5,FALSE,2,differenced,NA,NA,TRUE,summary,naive,simulate_divergent_trends,NA,NA,0,0.12,NA,NA,NA,NA,NA,NA,NA,NA,NA,NA,NA,NA,NA,NA,NA,NA,NA,NA,NA,NA,NA,NA,NA,NA,NA,NA,NA,NA
Q24,Q,"Figure panels K/L: trend plane, DiD trend 0.06, PP trend 0.12",full,bespoke,10,0,10,-0.15,0.03,-0.04,0.02,0.45,0.05,0.12,0.5,0,100,100,NA,NA,0,0,FALSE,0,0,FALSE,0,0,0,0,0,0,NA,NA,NA,meta_did,TRUE,FALSE,FALSE,FALSE,TRUE,pooled,by_randomisation,zero,0.5,FALSE,2,differenced,NA,NA,TRUE,summary,full,simulate_divergent_trends,NA,NA,0.06,0.12,NA,NA,NA,NA,NA,NA,NA,NA,NA,NA,NA,NA,NA,NA,NA,NA,NA,NA,NA,NA,NA,NA,NA,NA,NA,NA,NA,NA
Q24,Q,"Figure panels K/L: trend plane, DiD trend 0.06, PP trend 0.12",naive,bespoke,10,0,10,-0.15,0.03,-0.04,0.02,0.45,0.05,0.12,0.5,0,100,100,NA,NA,0,0,FALSE,0,0,FALSE,0,0,0,0,0,0,NA,NA,NA,meta_did_general,TRUE,FALSE,FALSE,FALSE,TRUE,fixed_zero,fixed_zero,zero,0.5,FALSE,2,differenced,NA,NA,TRUE,summary,naive,simulate_divergent_trends,NA,NA,0.06,0.12,NA,NA,NA,NA,NA,NA,NA,NA,NA,NA,NA,NA,NA,NA,NA,NA,NA,NA,NA,NA,NA,NA,NA,NA,NA,NA,NA,NA
Q25,Q,"Figure panels K/L: trend plane, DiD trend 0.12, PP trend 0.12",full,bespoke,10,0,10,-0.15,0.03,-0.04,0.02,0.45,0.05,0.12,0.5,0,100,100,NA,NA,0,0,FALSE,0,0,FALSE,0,0,0,0,0,0,NA,NA,NA,meta_did,TRUE,FALSE,FALSE,FALSE,TRUE,pooled,by_randomisation,zero,0.5,FALSE,2,differenced,NA,NA,TRUE,summary,full,simulate_divergent_trends,NA,NA,0.12,0.12,NA,NA,NA,NA,NA,NA,NA,NA,NA,NA,NA,NA,NA,NA,NA,NA,NA,NA,NA,NA,NA,NA,NA,NA,NA,NA,NA,NA
Q25,Q,"Figure panels K/L: trend plane, DiD trend 0.12, PP trend 0.12",naive,bespoke,10,0,10,-0.15,0.03,-0.04,0.02,0.45,0.05,0.12,0.5,0,100,100,NA,NA,0,0,FALSE,0,0,FALSE,0,0,0,0,0,0,NA,NA,NA,meta_did_general,TRUE,FALSE,FALSE,FALSE,TRUE,fixed_zero,fixed_zero,zero,0.5,FALSE,2,differenced,NA,NA,TRUE,summary,naive,simulate_divergent_trends,NA,NA,0.12,0.12,NA,NA,NA,NA,NA,NA,NA,NA,NA,NA,NA,NA,NA,NA,NA,NA,NA,NA,NA,NA,NA,NA,NA,NA,NA,NA,NA,NA
R1,R,"Figure panel J: pure null (no trend), 2 DiD + 5 PP",full,metadid,2,0,5,-0.15,0.03,0,0,0.45,0.05,0.12,0.5,0,100,100,NA,NA,0,0,FALSE,0,0,FALSE,0,0,0,0,0,0,NA,NA,NA,meta_did,TRUE,FALSE,FALSE,FALSE,TRUE,pooled,by_randomisation,zero,0.5,FALSE,2,differenced,NA,NA,TRUE,summary,full,NA,NA,NA,NA,NA,NA,NA,NA,NA,NA,NA,NA,NA,NA,NA,NA,NA,NA,NA,NA,NA,NA,NA,NA,NA,NA,NA,NA,NA,NA,NA,NA,NA
R1,R,"Figure panel J: pure null (no trend), 2 DiD + 5 PP",naive,metadid,2,0,5,-0.15,0.03,0,0,0.45,0.05,0.12,0.5,0,100,100,NA,NA,0,0,FALSE,0,0,FALSE,0,0,0,0,0,0,NA,NA,NA,meta_did_general,TRUE,FALSE,FALSE,FALSE,TRUE,fixed_zero,fixed_zero,zero,0.5,FALSE,2,differenced,NA,NA,TRUE,summary,naive,NA,NA,NA,NA,NA,NA,NA,NA,NA,NA,NA,NA,NA,NA,NA,NA,NA,NA,NA,NA,NA,NA,NA,NA,NA,NA,NA,NA,NA,NA,NA,NA,NA
R2,R,"Figure panel J: pure null (no trend), 5 DiD + 5 PP",full,metadid,5,0,5,-0.15,0.03,0,0,0.45,0.05,0.12,0.5,0,100,100,NA,NA,0,0,FALSE,0,0,FALSE,0,0,0,0,0,0,NA,NA,NA,meta_did,TRUE,FALSE,FALSE,FALSE,TRUE,pooled,by_randomisation,zero,0.5,FALSE,2,differenced,NA,NA,TRUE,summary,full,NA,NA,NA,NA,NA,NA,NA,NA,NA,NA,NA,NA,NA,NA,NA,NA,NA,NA,NA,NA,NA,NA,NA,NA,NA,NA,NA,NA,NA,NA,NA,NA,NA
R2,R,"Figure panel J: pure null (no trend), 5 DiD + 5 PP",naive,metadid,5,0,5,-0.15,0.03,0,0,0.45,0.05,0.12,0.5,0,100,100,NA,NA,0,0,FALSE,0,0,FALSE,0,0,0,0,0,0,NA,NA,NA,meta_did_general,TRUE,FALSE,FALSE,FALSE,TRUE,fixed_zero,fixed_zero,zero,0.5,FALSE,2,differenced,NA,NA,TRUE,summary,naive,NA,NA,NA,NA,NA,NA,NA,NA,NA,NA,NA,NA,NA,NA,NA,NA,NA,NA,NA,NA,NA,NA,NA,NA,NA,NA,NA,NA,NA,NA,NA,NA,NA
R3,R,"Figure panel J: pure null (no trend), 10 DiD + 5 PP",full,metadid,10,0,5,-0.15,0.03,0,0,0.45,0.05,0.12,0.5,0,100,100,NA,NA,0,0,FALSE,0,0,FALSE,0,0,0,0,0,0,NA,NA,NA,meta_did,TRUE,FALSE,FALSE,FALSE,TRUE,pooled,by_randomisation,zero,0.5,FALSE,2,differenced,NA,NA,TRUE,summary,full,NA,NA,NA,NA,NA,NA,NA,NA,NA,NA,NA,NA,NA,NA,NA,NA,NA,NA,NA,NA,NA,NA,NA,NA,NA,NA,NA,NA,NA,NA,NA,NA,NA
R3,R,"Figure panel J: pure null (no trend), 10 DiD + 5 PP",naive,metadid,10,0,5,-0.15,0.03,0,0,0.45,0.05,0.12,0.5,0,100,100,NA,NA,0,0,FALSE,0,0,FALSE,0,0,0,0,0,0,NA,NA,NA,meta_did_general,TRUE,FALSE,FALSE,FALSE,TRUE,fixed_zero,fixed_zero,zero,0.5,FALSE,2,differenced,NA,NA,TRUE,summary,naive,NA,NA,NA,NA,NA,NA,NA,NA,NA,NA,NA,NA,NA,NA,NA,NA,NA,NA,NA,NA,NA,NA,NA,NA,NA,NA,NA,NA,NA,NA,NA,NA,NA
R4,R,"Figure panel J: pure null (no trend), 15 DiD + 5 PP",full,metadid,15,0,5,-0.15,0.03,0,0,0.45,0.05,0.12,0.5,0,100,100,NA,NA,0,0,FALSE,0,0,FALSE,0,0,0,0,0,0,NA,NA,NA,meta_did,TRUE,FALSE,FALSE,FALSE,TRUE,pooled,by_randomisation,zero,0.5,FALSE,2,differenced,NA,NA,TRUE,summary,full,NA,NA,NA,NA,NA,NA,NA,NA,NA,NA,NA,NA,NA,NA,NA,NA,NA,NA,NA,NA,NA,NA,NA,NA,NA,NA,NA,NA,NA,NA,NA,NA,NA
R4,R,"Figure panel J: pure null (no trend), 15 DiD + 5 PP",naive,metadid,15,0,5,-0.15,0.03,0,0,0.45,0.05,0.12,0.5,0,100,100,NA,NA,0,0,FALSE,0,0,FALSE,0,0,0,0,0,0,NA,NA,NA,meta_did_general,TRUE,FALSE,FALSE,FALSE,TRUE,fixed_zero,fixed_zero,zero,0.5,FALSE,2,differenced,NA,NA,TRUE,summary,naive,NA,NA,NA,NA,NA,NA,NA,NA,NA,NA,NA,NA,NA,NA,NA,NA,NA,NA,NA,NA,NA,NA,NA,NA,NA,NA,NA,NA,NA,NA,NA,NA,NA
R5,R,"Figure panel J: pure null (no trend), 20 DiD + 5 PP",full,metadid,20,0,5,-0.15,0.03,0,0,0.45,0.05,0.12,0.5,0,100,100,NA,NA,0,0,FALSE,0,0,FALSE,0,0,0,0,0,0,NA,NA,NA,meta_did,TRUE,FALSE,FALSE,FALSE,TRUE,pooled,by_randomisation,zero,0.5,FALSE,2,differenced,NA,NA,TRUE,summary,full,NA,NA,NA,NA,NA,NA,NA,NA,NA,NA,NA,NA,NA,NA,NA,NA,NA,NA,NA,NA,NA,NA,NA,NA,NA,NA,NA,NA,NA,NA,NA,NA,NA
R5,R,"Figure panel J: pure null (no trend), 20 DiD + 5 PP",naive,metadid,20,0,5,-0.15,0.03,0,0,0.45,0.05,0.12,0.5,0,100,100,NA,NA,0,0,FALSE,0,0,FALSE,0,0,0,0,0,0,NA,NA,NA,meta_did_general,TRUE,FALSE,FALSE,FALSE,TRUE,fixed_zero,fixed_zero,zero,0.5,FALSE,2,differenced,NA,NA,TRUE,summary,naive,NA,NA,NA,NA,NA,NA,NA,NA,NA,NA,NA,NA,NA,NA,NA,NA,NA,NA,NA,NA,NA,NA,NA,NA,NA,NA,NA,NA,NA,NA,NA,NA,NA
R6,R,"Figure panel J: pure null (no trend), 30 DiD + 5 PP",full,metadid,30,0,5,-0.15,0.03,0,0,0.45,0.05,0.12,0.5,0,100,100,NA,NA,0,0,FALSE,0,0,FALSE,0,0,0,0,0,0,NA,NA,NA,meta_did,TRUE,FALSE,FALSE,FALSE,TRUE,pooled,by_randomisation,zero,0.5,FALSE,2,differenced,NA,NA,TRUE,summary,full,NA,NA,NA,NA,NA,NA,NA,NA,NA,NA,NA,NA,NA,NA,NA,NA,NA,NA,NA,NA,NA,NA,NA,NA,NA,NA,NA,NA,NA,NA,NA,NA,NA
R6,R,"Figure panel J: pure null (no trend), 30 DiD + 5 PP",naive,metadid,30,0,5,-0.15,0.03,0,0,0.45,0.05,0.12,0.5,0,100,100,NA,NA,0,0,FALSE,0,0,FALSE,0,0,0,0,0,0,NA,NA,NA,meta_did_general,TRUE,FALSE,FALSE,FALSE,TRUE,fixed_zero,fixed_zero,zero,0.5,FALSE,2,differenced,NA,NA,TRUE,summary,naive,NA,NA,NA,NA,NA,NA,NA,NA,NA,NA,NA,NA,NA,NA,NA,NA,NA,NA,NA,NA,NA,NA,NA,NA,NA,NA,NA,NA,NA,NA,NA,NA,NA
R7,R,"Figure panel J: pure null (no trend), 2 DiD + 20 PP",full,metadid,2,0,20,-0.15,0.03,0,0,0.45,0.05,0.12,0.5,0,100,100,NA,NA,0,0,FALSE,0,0,FALSE,0,0,0,0,0,0,NA,NA,NA,meta_did,TRUE,FALSE,FALSE,FALSE,TRUE,pooled,by_randomisation,zero,0.5,FALSE,2,differenced,NA,NA,TRUE,summary,full,NA,NA,NA,NA,NA,NA,NA,NA,NA,NA,NA,NA,NA,NA,NA,NA,NA,NA,NA,NA,NA,NA,NA,NA,NA,NA,NA,NA,NA,NA,NA,NA,NA
R7,R,"Figure panel J: pure null (no trend), 2 DiD + 20 PP",naive,metadid,2,0,20,-0.15,0.03,0,0,0.45,0.05,0.12,0.5,0,100,100,NA,NA,0,0,FALSE,0,0,FALSE,0,0,0,0,0,0,NA,NA,NA,meta_did_general,TRUE,FALSE,FALSE,FALSE,TRUE,fixed_zero,fixed_zero,zero,0.5,FALSE,2,differenced,NA,NA,TRUE,summary,naive,NA,NA,NA,NA,NA,NA,NA,NA,NA,NA,NA,NA,NA,NA,NA,NA,NA,NA,NA,NA,NA,NA,NA,NA,NA,NA,NA,NA,NA,NA,NA,NA,NA
R8,R,"Figure panel J: pure null (no trend), 5 DiD + 20 PP",full,metadid,5,0,20,-0.15,0.03,0,0,0.45,0.05,0.12,0.5,0,100,100,NA,NA,0,0,FALSE,0,0,FALSE,0,0,0,0,0,0,NA,NA,NA,meta_did,TRUE,FALSE,FALSE,FALSE,TRUE,pooled,by_randomisation,zero,0.5,FALSE,2,differenced,NA,NA,TRUE,summary,full,NA,NA,NA,NA,NA,NA,NA,NA,NA,NA,NA,NA,NA,NA,NA,NA,NA,NA,NA,NA,NA,NA,NA,NA,NA,NA,NA,NA,NA,NA,NA,NA,NA
R8,R,"Figure panel J: pure null (no trend), 5 DiD + 20 PP",naive,metadid,5,0,20,-0.15,0.03,0,0,0.45,0.05,0.12,0.5,0,100,100,NA,NA,0,0,FALSE,0,0,FALSE,0,0,0,0,0,0,NA,NA,NA,meta_did_general,TRUE,FALSE,FALSE,FALSE,TRUE,fixed_zero,fixed_zero,zero,0.5,FALSE,2,differenced,NA,NA,TRUE,summary,naive,NA,NA,NA,NA,NA,NA,NA,NA,NA,NA,NA,NA,NA,NA,NA,NA,NA,NA,NA,NA,NA,NA,NA,NA,NA,NA,NA,NA,NA,NA,NA,NA,NA
R9,R,"Figure panel J: pure null (no trend), 10 DiD + 20 PP",full,metadid,10,0,20,-0.15,0.03,0,0,0.45,0.05,0.12,0.5,0,100,100,NA,NA,0,0,FALSE,0,0,FALSE,0,0,0,0,0,0,NA,NA,NA,meta_did,TRUE,FALSE,FALSE,FALSE,TRUE,pooled,by_randomisation,zero,0.5,FALSE,2,differenced,NA,NA,TRUE,summary,full,NA,NA,NA,NA,NA,NA,NA,NA,NA,NA,NA,NA,NA,NA,NA,NA,NA,NA,NA,NA,NA,NA,NA,NA,NA,NA,NA,NA,NA,NA,NA,NA,NA
R9,R,"Figure panel J: pure null (no trend), 10 DiD + 20 PP",naive,metadid,10,0,20,-0.15,0.03,0,0,0.45,0.05,0.12,0.5,0,100,100,NA,NA,0,0,FALSE,0,0,FALSE,0,0,0,0,0,0,NA,NA,NA,meta_did_general,TRUE,FALSE,FALSE,FALSE,TRUE,fixed_zero,fixed_zero,zero,0.5,FALSE,2,differenced,NA,NA,TRUE,summary,naive,NA,NA,NA,NA,NA,NA,NA,NA,NA,NA,NA,NA,NA,NA,NA,NA,NA,NA,NA,NA,NA,NA,NA,NA,NA,NA,NA,NA,NA,NA,NA,NA,NA
R10,R,"Figure panel J: pure null (no trend), 15 DiD + 20 PP",full,metadid,15,0,20,-0.15,0.03,0,0,0.45,0.05,0.12,0.5,0,100,100,NA,NA,0,0,FALSE,0,0,FALSE,0,0,0,0,0,0,NA,NA,NA,meta_did,TRUE,FALSE,FALSE,FALSE,TRUE,pooled,by_randomisation,zero,0.5,FALSE,2,differenced,NA,NA,TRUE,summary,full,NA,NA,NA,NA,NA,NA,NA,NA,NA,NA,NA,NA,NA,NA,NA,NA,NA,NA,NA,NA,NA,NA,NA,NA,NA,NA,NA,NA,NA,NA,NA,NA,NA
R10,R,"Figure panel J: pure null (no trend), 15 DiD + 20 PP",naive,metadid,15,0,20,-0.15,0.03,0,0,0.45,0.05,0.12,0.5,0,100,100,NA,NA,0,0,FALSE,0,0,FALSE,0,0,0,0,0,0,NA,NA,NA,meta_did_general,TRUE,FALSE,FALSE,FALSE,TRUE,fixed_zero,fixed_zero,zero,0.5,FALSE,2,differenced,NA,NA,TRUE,summary,naive,NA,NA,NA,NA,NA,NA,NA,NA,NA,NA,NA,NA,NA,NA,NA,NA,NA,NA,NA,NA,NA,NA,NA,NA,NA,NA,NA,NA,NA,NA,NA,NA,NA
R11,R,"Figure panel J: pure null (no trend), 20 DiD + 20 PP",full,metadid,20,0,20,-0.15,0.03,0,0,0.45,0.05,0.12,0.5,0,100,100,NA,NA,0,0,FALSE,0,0,FALSE,0,0,0,0,0,0,NA,NA,NA,meta_did,TRUE,FALSE,FALSE,FALSE,TRUE,pooled,by_randomisation,zero,0.5,FALSE,2,differenced,NA,NA,TRUE,summary,full,NA,NA,NA,NA,NA,NA,NA,NA,NA,NA,NA,NA,NA,NA,NA,NA,NA,NA,NA,NA,NA,NA,NA,NA,NA,NA,NA,NA,NA,NA,NA,NA,NA
R11,R,"Figure panel J: pure null (no trend), 20 DiD + 20 PP",naive,metadid,20,0,20,-0.15,0.03,0,0,0.45,0.05,0.12,0.5,0,100,100,NA,NA,0,0,FALSE,0,0,FALSE,0,0,0,0,0,0,NA,NA,NA,meta_did_general,TRUE,FALSE,FALSE,FALSE,TRUE,fixed_zero,fixed_zero,zero,0.5,FALSE,2,differenced,NA,NA,TRUE,summary,naive,NA,NA,NA,NA,NA,NA,NA,NA,NA,NA,NA,NA,NA,NA,NA,NA,NA,NA,NA,NA,NA,NA,NA,NA,NA,NA,NA,NA,NA,NA,NA,NA,NA
R12,R,"Figure panel J: pure null (no trend), 30 DiD + 20 PP",full,metadid,30,0,20,-0.15,0.03,0,0,0.45,0.05,0.12,0.5,0,100,100,NA,NA,0,0,FALSE,0,0,FALSE,0,0,0,0,0,0,NA,NA,NA,meta_did,TRUE,FALSE,FALSE,FALSE,TRUE,pooled,by_randomisation,zero,0.5,FALSE,2,differenced,NA,NA,TRUE,summary,full,NA,NA,NA,NA,NA,NA,NA,NA,NA,NA,NA,NA,NA,NA,NA,NA,NA,NA,NA,NA,NA,NA,NA,NA,NA,NA,NA,NA,NA,NA,NA,NA,NA
R12,R,"Figure panel J: pure null (no trend), 30 DiD + 20 PP",naive,metadid,30,0,20,-0.15,0.03,0,0,0.45,0.05,0.12,0.5,0,100,100,NA,NA,0,0,FALSE,0,0,FALSE,0,0,0,0,0,0,NA,NA,NA,meta_did_general,TRUE,FALSE,FALSE,FALSE,TRUE,fixed_zero,fixed_zero,zero,0.5,FALSE,2,differenced,NA,NA,TRUE,summary,naive,NA,NA,NA,NA,NA,NA,NA,NA,NA,NA,NA,NA,NA,NA,NA,NA,NA,NA,NA,NA,NA,NA,NA,NA,NA,NA,NA,NA,NA,NA,NA,NA,NA
R13,R,"Figure panel J: pure null (no trend), 2 DiD + 50 PP",full,metadid,2,0,50,-0.15,0.03,0,0,0.45,0.05,0.12,0.5,0,100,100,NA,NA,0,0,FALSE,0,0,FALSE,0,0,0,0,0,0,NA,NA,NA,meta_did,TRUE,FALSE,FALSE,FALSE,TRUE,pooled,by_randomisation,zero,0.5,FALSE,2,differenced,NA,NA,TRUE,summary,full,NA,NA,NA,NA,NA,NA,NA,NA,NA,NA,NA,NA,NA,NA,NA,NA,NA,NA,NA,NA,NA,NA,NA,NA,NA,NA,NA,NA,NA,NA,NA,NA,NA
R13,R,"Figure panel J: pure null (no trend), 2 DiD + 50 PP",naive,metadid,2,0,50,-0.15,0.03,0,0,0.45,0.05,0.12,0.5,0,100,100,NA,NA,0,0,FALSE,0,0,FALSE,0,0,0,0,0,0,NA,NA,NA,meta_did_general,TRUE,FALSE,FALSE,FALSE,TRUE,fixed_zero,fixed_zero,zero,0.5,FALSE,2,differenced,NA,NA,TRUE,summary,naive,NA,NA,NA,NA,NA,NA,NA,NA,NA,NA,NA,NA,NA,NA,NA,NA,NA,NA,NA,NA,NA,NA,NA,NA,NA,NA,NA,NA,NA,NA,NA,NA,NA
R14,R,"Figure panel J: pure null (no trend), 5 DiD + 50 PP",full,metadid,5,0,50,-0.15,0.03,0,0,0.45,0.05,0.12,0.5,0,100,100,NA,NA,0,0,FALSE,0,0,FALSE,0,0,0,0,0,0,NA,NA,NA,meta_did,TRUE,FALSE,FALSE,FALSE,TRUE,pooled,by_randomisation,zero,0.5,FALSE,2,differenced,NA,NA,TRUE,summary,full,NA,NA,NA,NA,NA,NA,NA,NA,NA,NA,NA,NA,NA,NA,NA,NA,NA,NA,NA,NA,NA,NA,NA,NA,NA,NA,NA,NA,NA,NA,NA,NA,NA
R14,R,"Figure panel J: pure null (no trend), 5 DiD + 50 PP",naive,metadid,5,0,50,-0.15,0.03,0,0,0.45,0.05,0.12,0.5,0,100,100,NA,NA,0,0,FALSE,0,0,FALSE,0,0,0,0,0,0,NA,NA,NA,meta_did_general,TRUE,FALSE,FALSE,FALSE,TRUE,fixed_zero,fixed_zero,zero,0.5,FALSE,2,differenced,NA,NA,TRUE,summary,naive,NA,NA,NA,NA,NA,NA,NA,NA,NA,NA,NA,NA,NA,NA,NA,NA,NA,NA,NA,NA,NA,NA,NA,NA,NA,NA,NA,NA,NA,NA,NA,NA,NA
R15,R,"Figure panel J: pure null (no trend), 10 DiD + 50 PP",full,metadid,10,0,50,-0.15,0.03,0,0,0.45,0.05,0.12,0.5,0,100,100,NA,NA,0,0,FALSE,0,0,FALSE,0,0,0,0,0,0,NA,NA,NA,meta_did,TRUE,FALSE,FALSE,FALSE,TRUE,pooled,by_randomisation,zero,0.5,FALSE,2,differenced,NA,NA,TRUE,summary,full,NA,NA,NA,NA,NA,NA,NA,NA,NA,NA,NA,NA,NA,NA,NA,NA,NA,NA,NA,NA,NA,NA,NA,NA,NA,NA,NA,NA,NA,NA,NA,NA,NA
R15,R,"Figure panel J: pure null (no trend), 10 DiD + 50 PP",naive,metadid,10,0,50,-0.15,0.03,0,0,0.45,0.05,0.12,0.5,0,100,100,NA,NA,0,0,FALSE,0,0,FALSE,0,0,0,0,0,0,NA,NA,NA,meta_did_general,TRUE,FALSE,FALSE,FALSE,TRUE,fixed_zero,fixed_zero,zero,0.5,FALSE,2,differenced,NA,NA,TRUE,summary,naive,NA,NA,NA,NA,NA,NA,NA,NA,NA,NA,NA,NA,NA,NA,NA,NA,NA,NA,NA,NA,NA,NA,NA,NA,NA,NA,NA,NA,NA,NA,NA,NA,NA
R16,R,"Figure panel J: pure null (no trend), 15 DiD + 50 PP",full,metadid,15,0,50,-0.15,0.03,0,0,0.45,0.05,0.12,0.5,0,100,100,NA,NA,0,0,FALSE,0,0,FALSE,0,0,0,0,0,0,NA,NA,NA,meta_did,TRUE,FALSE,FALSE,FALSE,TRUE,pooled,by_randomisation,zero,0.5,FALSE,2,differenced,NA,NA,TRUE,summary,full,NA,NA,NA,NA,NA,NA,NA,NA,NA,NA,NA,NA,NA,NA,NA,NA,NA,NA,NA,NA,NA,NA,NA,NA,NA,NA,NA,NA,NA,NA,NA,NA,NA
R16,R,"Figure panel J: pure null (no trend), 15 DiD + 50 PP",naive,metadid,15,0,50,-0.15,0.03,0,0,0.45,0.05,0.12,0.5,0,100,100,NA,NA,0,0,FALSE,0,0,FALSE,0,0,0,0,0,0,NA,NA,NA,meta_did_general,TRUE,FALSE,FALSE,FALSE,TRUE,fixed_zero,fixed_zero,zero,0.5,FALSE,2,differenced,NA,NA,TRUE,summary,naive,NA,NA,NA,NA,NA,NA,NA,NA,NA,NA,NA,NA,NA,NA,NA,NA,NA,NA,NA,NA,NA,NA,NA,NA,NA,NA,NA,NA,NA,NA,NA,NA,NA
R17,R,"Figure panel J: pure null (no trend), 20 DiD + 50 PP",full,metadid,20,0,50,-0.15,0.03,0,0,0.45,0.05,0.12,0.5,0,100,100,NA,NA,0,0,FALSE,0,0,FALSE,0,0,0,0,0,0,NA,NA,NA,meta_did,TRUE,FALSE,FALSE,FALSE,TRUE,pooled,by_randomisation,zero,0.5,FALSE,2,differenced,NA,NA,TRUE,summary,full,NA,NA,NA,NA,NA,NA,NA,NA,NA,NA,NA,NA,NA,NA,NA,NA,NA,NA,NA,NA,NA,NA,NA,NA,NA,NA,NA,NA,NA,NA,NA,NA,NA
R17,R,"Figure panel J: pure null (no trend), 20 DiD + 50 PP",naive,metadid,20,0,50,-0.15,0.03,0,0,0.45,0.05,0.12,0.5,0,100,100,NA,NA,0,0,FALSE,0,0,FALSE,0,0,0,0,0,0,NA,NA,NA,meta_did_general,TRUE,FALSE,FALSE,FALSE,TRUE,fixed_zero,fixed_zero,zero,0.5,FALSE,2,differenced,NA,NA,TRUE,summary,naive,NA,NA,NA,NA,NA,NA,NA,NA,NA,NA,NA,NA,NA,NA,NA,NA,NA,NA,NA,NA,NA,NA,NA,NA,NA,NA,NA,NA,NA,NA,NA,NA,NA
R18,R,"Figure panel J: pure null (no trend), 30 DiD + 50 PP",full,metadid,30,0,50,-0.15,0.03,0,0,0.45,0.05,0.12,0.5,0,100,100,NA,NA,0,0,FALSE,0,0,FALSE,0,0,0,0,0,0,NA,NA,NA,meta_did,TRUE,FALSE,FALSE,FALSE,TRUE,pooled,by_randomisation,zero,0.5,FALSE,2,differenced,NA,NA,TRUE,summary,full,NA,NA,NA,NA,NA,NA,NA,NA,NA,NA,NA,NA,NA,NA,NA,NA,NA,NA,NA,NA,NA,NA,NA,NA,NA,NA,NA,NA,NA,NA,NA,NA,NA
R18,R,"Figure panel J: pure null (no trend), 30 DiD + 50 PP",naive,metadid,30,0,50,-0.15,0.03,0,0,0.45,0.05,0.12,0.5,0,100,100,NA,NA,0,0,FALSE,0,0,FALSE,0,0,0,0,0,0,NA,NA,NA,meta_did_general,TRUE,FALSE,FALSE,FALSE,TRUE,fixed_zero,fixed_zero,zero,0.5,FALSE,2,differenced,NA,NA,TRUE,summary,naive,NA,NA,NA,NA,NA,NA,NA,NA,NA,NA,NA,NA,NA,NA,NA,NA,NA,NA,NA,NA,NA,NA,NA,NA,NA,NA,NA,NA,NA,NA,NA,NA,NA
W1,W,"SI heterogeneity check: PP trend 0.12, sigma_trend 0.01",full,bespoke,5,0,5,-0.15,0.03,-0.04,0.01,0.45,0.05,0.12,0.5,0,100,100,NA,NA,0,0,FALSE,0,0,FALSE,0,0,0,0,0,0,NA,NA,NA,meta_did,TRUE,FALSE,FALSE,FALSE,TRUE,pooled,by_randomisation,zero,0.5,FALSE,2,differenced,NA,NA,TRUE,summary,full,simulate_divergent_trends,NA,NA,0,0.12,NA,NA,NA,NA,NA,NA,NA,NA,NA,NA,NA,NA,NA,NA,NA,NA,NA,NA,NA,NA,NA,NA,NA,NA,NA,NA,NA,NA
W1,W,"SI heterogeneity check: PP trend 0.12, sigma_trend 0.01",naive,bespoke,5,0,5,-0.15,0.03,-0.04,0.01,0.45,0.05,0.12,0.5,0,100,100,NA,NA,0,0,FALSE,0,0,FALSE,0,0,0,0,0,0,NA,NA,NA,meta_did_general,TRUE,FALSE,FALSE,FALSE,TRUE,fixed_zero,fixed_zero,zero,0.5,FALSE,2,differenced,NA,NA,TRUE,summary,naive,simulate_divergent_trends,NA,NA,0,0.12,NA,NA,NA,NA,NA,NA,NA,NA,NA,NA,NA,NA,NA,NA,NA,NA,NA,NA,NA,NA,NA,NA,NA,NA,NA,NA,NA,NA
W2,W,"SI heterogeneity check: PP trend 0.12, sigma_trend 0.02",full,bespoke,5,0,5,-0.15,0.03,-0.04,0.02,0.45,0.05,0.12,0.5,0,100,100,NA,NA,0,0,FALSE,0,0,FALSE,0,0,0,0,0,0,NA,NA,NA,meta_did,TRUE,FALSE,FALSE,FALSE,TRUE,pooled,by_randomisation,zero,0.5,FALSE,2,differenced,NA,NA,TRUE,summary,full,simulate_divergent_trends,NA,NA,0,0.12,NA,NA,NA,NA,NA,NA,NA,NA,NA,NA,NA,NA,NA,NA,NA,NA,NA,NA,NA,NA,NA,NA,NA,NA,NA,NA,NA,NA
W2,W,"SI heterogeneity check: PP trend 0.12, sigma_trend 0.02",naive,bespoke,5,0,5,-0.15,0.03,-0.04,0.02,0.45,0.05,0.12,0.5,0,100,100,NA,NA,0,0,FALSE,0,0,FALSE,0,0,0,0,0,0,NA,NA,NA,meta_did_general,TRUE,FALSE,FALSE,FALSE,TRUE,fixed_zero,fixed_zero,zero,0.5,FALSE,2,differenced,NA,NA,TRUE,summary,naive,simulate_divergent_trends,NA,NA,0,0.12,NA,NA,NA,NA,NA,NA,NA,NA,NA,NA,NA,NA,NA,NA,NA,NA,NA,NA,NA,NA,NA,NA,NA,NA,NA,NA,NA,NA
W3,W,"SI heterogeneity check: PP trend 0.12, sigma_trend 0.04",full,bespoke,5,0,5,-0.15,0.03,-0.04,0.04,0.45,0.05,0.12,0.5,0,100,100,NA,NA,0,0,FALSE,0,0,FALSE,0,0,0,0,0,0,NA,NA,NA,meta_did,TRUE,FALSE,FALSE,FALSE,TRUE,pooled,by_randomisation,zero,0.5,FALSE,2,differenced,NA,NA,TRUE,summary,full,simulate_divergent_trends,NA,NA,0,0.12,NA,NA,NA,NA,NA,NA,NA,NA,NA,NA,NA,NA,NA,NA,NA,NA,NA,NA,NA,NA,NA,NA,NA,NA,NA,NA,NA,NA
W3,W,"SI heterogeneity check: PP trend 0.12, sigma_trend 0.04",naive,bespoke,5,0,5,-0.15,0.03,-0.04,0.04,0.45,0.05,0.12,0.5,0,100,100,NA,NA,0,0,FALSE,0,0,FALSE,0,0,0,0,0,0,NA,NA,NA,meta_did_general,TRUE,FALSE,FALSE,FALSE,TRUE,fixed_zero,fixed_zero,zero,0.5,FALSE,2,differenced,NA,NA,TRUE,summary,naive,simulate_divergent_trends,NA,NA,0,0.12,NA,NA,NA,NA,NA,NA,NA,NA,NA,NA,NA,NA,NA,NA,NA,NA,NA,NA,NA,NA,NA,NA,NA,NA,NA,NA,NA,NA
W4,W,"SI heterogeneity check: PP trend 0.12, sigma_trend 0.06",full,bespoke,5,0,5,-0.15,0.03,-0.04,0.06,0.45,0.05,0.12,0.5,0,100,100,NA,NA,0,0,FALSE,0,0,FALSE,0,0,0,0,0,0,NA,NA,NA,meta_did,TRUE,FALSE,FALSE,FALSE,TRUE,pooled,by_randomisation,zero,0.5,FALSE,2,differenced,NA,NA,TRUE,summary,full,simulate_divergent_trends,NA,NA,0,0.12,NA,NA,NA,NA,NA,NA,NA,NA,NA,NA,NA,NA,NA,NA,NA,NA,NA,NA,NA,NA,NA,NA,NA,NA,NA,NA,NA,NA
W4,W,"SI heterogeneity check: PP trend 0.12, sigma_trend 0.06",naive,bespoke,5,0,5,-0.15,0.03,-0.04,0.06,0.45,0.05,0.12,0.5,0,100,100,NA,NA,0,0,FALSE,0,0,FALSE,0,0,0,0,0,0,NA,NA,NA,meta_did_general,TRUE,FALSE,FALSE,FALSE,TRUE,fixed_zero,fixed_zero,zero,0.5,FALSE,2,differenced,NA,NA,TRUE,summary,naive,simulate_divergent_trends,NA,NA,0,0.12,NA,NA,NA,NA,NA,NA,NA,NA,NA,NA,NA,NA,NA,NA,NA,NA,NA,NA,NA,NA,NA,NA,NA,NA,NA,NA,NA,NA
W5,W,"SI heterogeneity check: PP trend 0.12, sigma_trend 0.09",full,bespoke,5,0,5,-0.15,0.03,-0.04,0.09,0.45,0.05,0.12,0.5,0,100,100,NA,NA,0,0,FALSE,0,0,FALSE,0,0,0,0,0,0,NA,NA,NA,meta_did,TRUE,FALSE,FALSE,FALSE,TRUE,pooled,by_randomisation,zero,0.5,FALSE,2,differenced,NA,NA,TRUE,summary,full,simulate_divergent_trends,NA,NA,0,0.12,NA,NA,NA,NA,NA,NA,NA,NA,NA,NA,NA,NA,NA,NA,NA,NA,NA,NA,NA,NA,NA,NA,NA,NA,NA,NA,NA,NA
W5,W,"SI heterogeneity check: PP trend 0.12, sigma_trend 0.09",naive,bespoke,5,0,5,-0.15,0.03,-0.04,0.09,0.45,0.05,0.12,0.5,0,100,100,NA,NA,0,0,FALSE,0,0,FALSE,0,0,0,0,0,0,NA,NA,NA,meta_did_general,TRUE,FALSE,FALSE,FALSE,TRUE,fixed_zero,fixed_zero,zero,0.5,FALSE,2,differenced,NA,NA,TRUE,summary,naive,simulate_divergent_trends,NA,NA,0,0.12,NA,NA,NA,NA,NA,NA,NA,NA,NA,NA,NA,NA,NA,NA,NA,NA,NA,NA,NA,NA,NA,NA,NA,NA,NA,NA,NA,NA
U05_020_core,U,"Figure panel E: anchor 5 DiD, rho = 0.2, core",default,metadid,5,0,0,-0.15,0.03,-0.04,0.02,0.45,0.05,0.12,0.2,0,100,100,NA,NA,0,0,FALSE,0,0,FALSE,0,0,0,0,0,0,NA,NA,NA,meta_did,TRUE,FALSE,FALSE,FALSE,TRUE,pooled,by_randomisation,zero,0.5,FALSE,2,differenced,NA,NA,TRUE,summary,NA,NA,NA,NA,NA,NA,NA,NA,NA,NA,NA,NA,NA,NA,NA,NA,NA,NA,NA,NA,NA,NA,NA,NA,NA,NA,NA,NA,NA,NA,NA,NA,NA,NA
U05_020_did,U,"Figure panel E: anchor 5 DiD, rho = 0.2, did",default,metadid,25,0,0,-0.15,0.03,-0.04,0.02,0.45,0.05,0.12,0.2,0,100,100,NA,NA,0,0,FALSE,0,0,FALSE,0,0,0,0,0,0,NA,NA,NA,meta_did,TRUE,FALSE,FALSE,FALSE,TRUE,pooled,by_randomisation,zero,0.5,FALSE,2,differenced,NA,NA,TRUE,summary,NA,NA,NA,NA,NA,NA,NA,NA,NA,NA,NA,NA,NA,NA,NA,NA,NA,NA,NA,NA,NA,NA,NA,NA,NA,NA,NA,NA,NA,NA,NA,NA,NA,NA
U05_020_rct,U,"Figure panel E: anchor 5 DiD, rho = 0.2, rct",default,metadid,5,20,0,-0.15,0.03,-0.04,0.02,0.45,0.05,0.12,0.2,0,100,100,NA,NA,0,0,FALSE,0,0,FALSE,0,0,0,0,0,0,NA,NA,NA,meta_did,TRUE,FALSE,FALSE,FALSE,TRUE,pooled,by_randomisation,zero,0.5,FALSE,2,differenced,NA,NA,TRUE,summary,NA,NA,NA,NA,NA,NA,NA,NA,NA,NA,NA,NA,NA,NA,NA,NA,NA,NA,NA,NA,NA,NA,NA,NA,NA,NA,NA,NA,NA,NA,NA,NA,NA,NA
U05_020_pp,U,"Figure panel E: anchor 5 DiD, rho = 0.2, pp",default,metadid,5,0,20,-0.15,0.03,-0.04,0.02,0.45,0.05,0.12,0.2,0,100,100,NA,NA,0,0,FALSE,0,0,FALSE,0,0,0,0,0,0,NA,NA,NA,meta_did,TRUE,FALSE,FALSE,FALSE,TRUE,pooled,by_randomisation,zero,0.5,FALSE,2,differenced,NA,NA,TRUE,summary,NA,NA,NA,NA,NA,NA,NA,NA,NA,NA,NA,NA,NA,NA,NA,NA,NA,NA,NA,NA,NA,NA,NA,NA,NA,NA,NA,NA,NA,NA,NA,NA,NA,NA
U05_050_core,U,"Figure panel E: anchor 5 DiD, rho = 0.5, core",default,metadid,5,0,0,-0.15,0.03,-0.04,0.02,0.45,0.05,0.12,0.5,0,100,100,NA,NA,0,0,FALSE,0,0,FALSE,0,0,0,0,0,0,NA,NA,NA,meta_did,TRUE,FALSE,FALSE,FALSE,TRUE,pooled,by_randomisation,zero,0.5,FALSE,2,differenced,NA,NA,TRUE,summary,NA,NA,NA,NA,NA,NA,NA,NA,NA,NA,NA,NA,NA,NA,NA,NA,NA,NA,NA,NA,NA,NA,NA,NA,NA,NA,NA,NA,NA,NA,NA,NA,NA,NA
U05_050_did,U,"Figure panel E: anchor 5 DiD, rho = 0.5, did",default,metadid,25,0,0,-0.15,0.03,-0.04,0.02,0.45,0.05,0.12,0.5,0,100,100,NA,NA,0,0,FALSE,0,0,FALSE,0,0,0,0,0,0,NA,NA,NA,meta_did,TRUE,FALSE,FALSE,FALSE,TRUE,pooled,by_randomisation,zero,0.5,FALSE,2,differenced,NA,NA,TRUE,summary,NA,NA,NA,NA,NA,NA,NA,NA,NA,NA,NA,NA,NA,NA,NA,NA,NA,NA,NA,NA,NA,NA,NA,NA,NA,NA,NA,NA,NA,NA,NA,NA,NA,NA
U05_050_rct,U,"Figure panel E: anchor 5 DiD, rho = 0.5, rct",default,metadid,5,20,0,-0.15,0.03,-0.04,0.02,0.45,0.05,0.12,0.5,0,100,100,NA,NA,0,0,FALSE,0,0,FALSE,0,0,0,0,0,0,NA,NA,NA,meta_did,TRUE,FALSE,FALSE,FALSE,TRUE,pooled,by_randomisation,zero,0.5,FALSE,2,differenced,NA,NA,TRUE,summary,NA,NA,NA,NA,NA,NA,NA,NA,NA,NA,NA,NA,NA,NA,NA,NA,NA,NA,NA,NA,NA,NA,NA,NA,NA,NA,NA,NA,NA,NA,NA,NA,NA,NA
U05_050_pp,U,"Figure panel E: anchor 5 DiD, rho = 0.5, pp",default,metadid,5,0,20,-0.15,0.03,-0.04,0.02,0.45,0.05,0.12,0.5,0,100,100,NA,NA,0,0,FALSE,0,0,FALSE,0,0,0,0,0,0,NA,NA,NA,meta_did,TRUE,FALSE,FALSE,FALSE,TRUE,pooled,by_randomisation,zero,0.5,FALSE,2,differenced,NA,NA,TRUE,summary,NA,NA,NA,NA,NA,NA,NA,NA,NA,NA,NA,NA,NA,NA,NA,NA,NA,NA,NA,NA,NA,NA,NA,NA,NA,NA,NA,NA,NA,NA,NA,NA,NA,NA
U05_080_core,U,"Figure panel E: anchor 5 DiD, rho = 0.8, core",default,metadid,5,0,0,-0.15,0.03,-0.04,0.02,0.45,0.05,0.12,0.8,0,100,100,NA,NA,0,0,FALSE,0,0,FALSE,0,0,0,0,0,0,NA,NA,NA,meta_did,TRUE,FALSE,FALSE,FALSE,TRUE,pooled,by_randomisation,zero,0.5,FALSE,2,differenced,NA,NA,TRUE,summary,NA,NA,NA,NA,NA,NA,NA,NA,NA,NA,NA,NA,NA,NA,NA,NA,NA,NA,NA,NA,NA,NA,NA,NA,NA,NA,NA,NA,NA,NA,NA,NA,NA,NA
U05_080_did,U,"Figure panel E: anchor 5 DiD, rho = 0.8, did",default,metadid,25,0,0,-0.15,0.03,-0.04,0.02,0.45,0.05,0.12,0.8,0,100,100,NA,NA,0,0,FALSE,0,0,FALSE,0,0,0,0,0,0,NA,NA,NA,meta_did,TRUE,FALSE,FALSE,FALSE,TRUE,pooled,by_randomisation,zero,0.5,FALSE,2,differenced,NA,NA,TRUE,summary,NA,NA,NA,NA,NA,NA,NA,NA,NA,NA,NA,NA,NA,NA,NA,NA,NA,NA,NA,NA,NA,NA,NA,NA,NA,NA,NA,NA,NA,NA,NA,NA,NA,NA
U05_080_rct,U,"Figure panel E: anchor 5 DiD, rho = 0.8, rct",default,metadid,5,20,0,-0.15,0.03,-0.04,0.02,0.45,0.05,0.12,0.8,0,100,100,NA,NA,0,0,FALSE,0,0,FALSE,0,0,0,0,0,0,NA,NA,NA,meta_did,TRUE,FALSE,FALSE,FALSE,TRUE,pooled,by_randomisation,zero,0.5,FALSE,2,differenced,NA,NA,TRUE,summary,NA,NA,NA,NA,NA,NA,NA,NA,NA,NA,NA,NA,NA,NA,NA,NA,NA,NA,NA,NA,NA,NA,NA,NA,NA,NA,NA,NA,NA,NA,NA,NA,NA,NA
U05_080_pp,U,"Figure panel E: anchor 5 DiD, rho = 0.8, pp",default,metadid,5,0,20,-0.15,0.03,-0.04,0.02,0.45,0.05,0.12,0.8,0,100,100,NA,NA,0,0,FALSE,0,0,FALSE,0,0,0,0,0,0,NA,NA,NA,meta_did,TRUE,FALSE,FALSE,FALSE,TRUE,pooled,by_randomisation,zero,0.5,FALSE,2,differenced,NA,NA,TRUE,summary,NA,NA,NA,NA,NA,NA,NA,NA,NA,NA,NA,NA,NA,NA,NA,NA,NA,NA,NA,NA,NA,NA,NA,NA,NA,NA,NA,NA,NA,NA,NA,NA,NA,NA
U20_020_core,U,"Figure panel E: anchor 20 DiD, rho = 0.2, core",default,metadid,20,0,0,-0.15,0.03,-0.04,0.02,0.45,0.05,0.12,0.2,0,100,100,NA,NA,0,0,FALSE,0,0,FALSE,0,0,0,0,0,0,NA,NA,NA,meta_did,TRUE,FALSE,FALSE,FALSE,TRUE,pooled,by_randomisation,zero,0.5,FALSE,2,differenced,NA,NA,TRUE,summary,NA,NA,NA,NA,NA,NA,NA,NA,NA,NA,NA,NA,NA,NA,NA,NA,NA,NA,NA,NA,NA,NA,NA,NA,NA,NA,NA,NA,NA,NA,NA,NA,NA,NA
U20_020_did,U,"Figure panel E: anchor 20 DiD, rho = 0.2, did",default,metadid,40,0,0,-0.15,0.03,-0.04,0.02,0.45,0.05,0.12,0.2,0,100,100,NA,NA,0,0,FALSE,0,0,FALSE,0,0,0,0,0,0,NA,NA,NA,meta_did,TRUE,FALSE,FALSE,FALSE,TRUE,pooled,by_randomisation,zero,0.5,FALSE,2,differenced,NA,NA,TRUE,summary,NA,NA,NA,NA,NA,NA,NA,NA,NA,NA,NA,NA,NA,NA,NA,NA,NA,NA,NA,NA,NA,NA,NA,NA,NA,NA,NA,NA,NA,NA,NA,NA,NA,NA
U20_020_rct,U,"Figure panel E: anchor 20 DiD, rho = 0.2, rct",default,metadid,20,20,0,-0.15,0.03,-0.04,0.02,0.45,0.05,0.12,0.2,0,100,100,NA,NA,0,0,FALSE,0,0,FALSE,0,0,0,0,0,0,NA,NA,NA,meta_did,TRUE,FALSE,FALSE,FALSE,TRUE,pooled,by_randomisation,zero,0.5,FALSE,2,differenced,NA,NA,TRUE,summary,NA,NA,NA,NA,NA,NA,NA,NA,NA,NA,NA,NA,NA,NA,NA,NA,NA,NA,NA,NA,NA,NA,NA,NA,NA,NA,NA,NA,NA,NA,NA,NA,NA,NA
U20_020_pp,U,"Figure panel E: anchor 20 DiD, rho = 0.2, pp",default,metadid,20,0,20,-0.15,0.03,-0.04,0.02,0.45,0.05,0.12,0.2,0,100,100,NA,NA,0,0,FALSE,0,0,FALSE,0,0,0,0,0,0,NA,NA,NA,meta_did,TRUE,FALSE,FALSE,FALSE,TRUE,pooled,by_randomisation,zero,0.5,FALSE,2,differenced,NA,NA,TRUE,summary,NA,NA,NA,NA,NA,NA,NA,NA,NA,NA,NA,NA,NA,NA,NA,NA,NA,NA,NA,NA,NA,NA,NA,NA,NA,NA,NA,NA,NA,NA,NA,NA,NA,NA
U20_050_core,U,"Figure panel E: anchor 20 DiD, rho = 0.5, core",default,metadid,20,0,0,-0.15,0.03,-0.04,0.02,0.45,0.05,0.12,0.5,0,100,100,NA,NA,0,0,FALSE,0,0,FALSE,0,0,0,0,0,0,NA,NA,NA,meta_did,TRUE,FALSE,FALSE,FALSE,TRUE,pooled,by_randomisation,zero,0.5,FALSE,2,differenced,NA,NA,TRUE,summary,NA,NA,NA,NA,NA,NA,NA,NA,NA,NA,NA,NA,NA,NA,NA,NA,NA,NA,NA,NA,NA,NA,NA,NA,NA,NA,NA,NA,NA,NA,NA,NA,NA,NA
U20_050_did,U,"Figure panel E: anchor 20 DiD, rho = 0.5, did",default,metadid,40,0,0,-0.15,0.03,-0.04,0.02,0.45,0.05,0.12,0.5,0,100,100,NA,NA,0,0,FALSE,0,0,FALSE,0,0,0,0,0,0,NA,NA,NA,meta_did,TRUE,FALSE,FALSE,FALSE,TRUE,pooled,by_randomisation,zero,0.5,FALSE,2,differenced,NA,NA,TRUE,summary,NA,NA,NA,NA,NA,NA,NA,NA,NA,NA,NA,NA,NA,NA,NA,NA,NA,NA,NA,NA,NA,NA,NA,NA,NA,NA,NA,NA,NA,NA,NA,NA,NA,NA
U20_050_rct,U,"Figure panel E: anchor 20 DiD, rho = 0.5, rct",default,metadid,20,20,0,-0.15,0.03,-0.04,0.02,0.45,0.05,0.12,0.5,0,100,100,NA,NA,0,0,FALSE,0,0,FALSE,0,0,0,0,0,0,NA,NA,NA,meta_did,TRUE,FALSE,FALSE,FALSE,TRUE,pooled,by_randomisation,zero,0.5,FALSE,2,differenced,NA,NA,TRUE,summary,NA,NA,NA,NA,NA,NA,NA,NA,NA,NA,NA,NA,NA,NA,NA,NA,NA,NA,NA,NA,NA,NA,NA,NA,NA,NA,NA,NA,NA,NA,NA,NA,NA,NA
U20_050_pp,U,"Figure panel E: anchor 20 DiD, rho = 0.5, pp",default,metadid,20,0,20,-0.15,0.03,-0.04,0.02,0.45,0.05,0.12,0.5,0,100,100,NA,NA,0,0,FALSE,0,0,FALSE,0,0,0,0,0,0,NA,NA,NA,meta_did,TRUE,FALSE,FALSE,FALSE,TRUE,pooled,by_randomisation,zero,0.5,FALSE,2,differenced,NA,NA,TRUE,summary,NA,NA,NA,NA,NA,NA,NA,NA,NA,NA,NA,NA,NA,NA,NA,NA,NA,NA,NA,NA,NA,NA,NA,NA,NA,NA,NA,NA,NA,NA,NA,NA,NA,NA
U20_080_core,U,"Figure panel E: anchor 20 DiD, rho = 0.8, core",default,metadid,20,0,0,-0.15,0.03,-0.04,0.02,0.45,0.05,0.12,0.8,0,100,100,NA,NA,0,0,FALSE,0,0,FALSE,0,0,0,0,0,0,NA,NA,NA,meta_did,TRUE,FALSE,FALSE,FALSE,TRUE,pooled,by_randomisation,zero,0.5,FALSE,2,differenced,NA,NA,TRUE,summary,NA,NA,NA,NA,NA,NA,NA,NA,NA,NA,NA,NA,NA,NA,NA,NA,NA,NA,NA,NA,NA,NA,NA,NA,NA,NA,NA,NA,NA,NA,NA,NA,NA,NA
U20_080_did,U,"Figure panel E: anchor 20 DiD, rho = 0.8, did",default,metadid,40,0,0,-0.15,0.03,-0.04,0.02,0.45,0.05,0.12,0.8,0,100,100,NA,NA,0,0,FALSE,0,0,FALSE,0,0,0,0,0,0,NA,NA,NA,meta_did,TRUE,FALSE,FALSE,FALSE,TRUE,pooled,by_randomisation,zero,0.5,FALSE,2,differenced,NA,NA,TRUE,summary,NA,NA,NA,NA,NA,NA,NA,NA,NA,NA,NA,NA,NA,NA,NA,NA,NA,NA,NA,NA,NA,NA,NA,NA,NA,NA,NA,NA,NA,NA,NA,NA,NA,NA
U20_080_rct,U,"Figure panel E: anchor 20 DiD, rho = 0.8, rct",default,metadid,20,20,0,-0.15,0.03,-0.04,0.02,0.45,0.05,0.12,0.8,0,100,100,NA,NA,0,0,FALSE,0,0,FALSE,0,0,0,0,0,0,NA,NA,NA,meta_did,TRUE,FALSE,FALSE,FALSE,TRUE,pooled,by_randomisation,zero,0.5,FALSE,2,differenced,NA,NA,TRUE,summary,NA,NA,NA,NA,NA,NA,NA,NA,NA,NA,NA,NA,NA,NA,NA,NA,NA,NA,NA,NA,NA,NA,NA,NA,NA,NA,NA,NA,NA,NA,NA,NA,NA,NA
U20_080_pp,U,"Figure panel E: anchor 20 DiD, rho = 0.8, pp",default,metadid,20,0,20,-0.15,0.03,-0.04,0.02,0.45,0.05,0.12,0.8,0,100,100,NA,NA,0,0,FALSE,0,0,FALSE,0,0,0,0,0,0,NA,NA,NA,meta_did,TRUE,FALSE,FALSE,FALSE,TRUE,pooled,by_randomisation,zero,0.5,FALSE,2,differenced,NA,NA,TRUE,summary,NA,NA,NA,NA,NA,NA,NA,NA,NA,NA,NA,NA,NA,NA,NA,NA,NA,NA,NA,NA,NA,NA,NA,NA,NA,NA,NA,NA,NA,NA,NA,NA,NA,NA
T1,T,"Figure panel F: zero-mean trends, sigma_trend = 0, 5 DiD + 25 PP",full,metadid,5,0,25,-0.15,0.03,0,0,0.45,0.05,0.12,0.5,0,100,100,NA,NA,0,0,FALSE,0,0,FALSE,0,0,0,0,0,0,NA,NA,NA,meta_did,TRUE,FALSE,FALSE,FALSE,TRUE,pooled,by_randomisation,zero,0.5,FALSE,2,differenced,NA,NA,TRUE,summary,full,NA,NA,NA,NA,NA,NA,NA,NA,NA,NA,NA,NA,NA,NA,NA,NA,NA,NA,NA,NA,NA,NA,NA,NA,NA,NA,NA,NA,NA,NA,NA,NA,NA
T1,T,"Figure panel F: zero-mean trends, sigma_trend = 0, 5 DiD + 25 PP",naive,metadid,5,0,25,-0.15,0.03,0,0,0.45,0.05,0.12,0.5,0,100,100,NA,NA,0,0,FALSE,0,0,FALSE,0,0,0,0,0,0,NA,NA,NA,meta_did_general,TRUE,FALSE,FALSE,FALSE,TRUE,fixed_zero,fixed_zero,zero,0.5,FALSE,2,differenced,NA,NA,TRUE,summary,naive,NA,NA,NA,NA,NA,NA,NA,NA,NA,NA,NA,NA,NA,NA,NA,NA,NA,NA,NA,NA,NA,NA,NA,NA,NA,NA,NA,NA,NA,NA,NA,NA,NA
T2,T,"Figure panel F: zero-mean trends, sigma_trend = 0.02, 5 DiD + 25 PP",full,metadid,5,0,25,-0.15,0.03,0,0.02,0.45,0.05,0.12,0.5,0,100,100,NA,NA,0,0,FALSE,0,0,FALSE,0,0,0,0,0,0,NA,NA,NA,meta_did,TRUE,FALSE,FALSE,FALSE,TRUE,pooled,by_randomisation,zero,0.5,FALSE,2,differenced,NA,NA,TRUE,summary,full,NA,NA,NA,NA,NA,NA,NA,NA,NA,NA,NA,NA,NA,NA,NA,NA,NA,NA,NA,NA,NA,NA,NA,NA,NA,NA,NA,NA,NA,NA,NA,NA,NA
T2,T,"Figure panel F: zero-mean trends, sigma_trend = 0.02, 5 DiD + 25 PP",naive,metadid,5,0,25,-0.15,0.03,0,0.02,0.45,0.05,0.12,0.5,0,100,100,NA,NA,0,0,FALSE,0,0,FALSE,0,0,0,0,0,0,NA,NA,NA,meta_did_general,TRUE,FALSE,FALSE,FALSE,TRUE,fixed_zero,fixed_zero,zero,0.5,FALSE,2,differenced,NA,NA,TRUE,summary,naive,NA,NA,NA,NA,NA,NA,NA,NA,NA,NA,NA,NA,NA,NA,NA,NA,NA,NA,NA,NA,NA,NA,NA,NA,NA,NA,NA,NA,NA,NA,NA,NA,NA
T3,T,"Figure panel F: zero-mean trends, sigma_trend = 0.04, 5 DiD + 25 PP",full,metadid,5,0,25,-0.15,0.03,0,0.04,0.45,0.05,0.12,0.5,0,100,100,NA,NA,0,0,FALSE,0,0,FALSE,0,0,0,0,0,0,NA,NA,NA,meta_did,TRUE,FALSE,FALSE,FALSE,TRUE,pooled,by_randomisation,zero,0.5,FALSE,2,differenced,NA,NA,TRUE,summary,full,NA,NA,NA,NA,NA,NA,NA,NA,NA,NA,NA,NA,NA,NA,NA,NA,NA,NA,NA,NA,NA,NA,NA,NA,NA,NA,NA,NA,NA,NA,NA,NA,NA
T3,T,"Figure panel F: zero-mean trends, sigma_trend = 0.04, 5 DiD + 25 PP",naive,metadid,5,0,25,-0.15,0.03,0,0.04,0.45,0.05,0.12,0.5,0,100,100,NA,NA,0,0,FALSE,0,0,FALSE,0,0,0,0,0,0,NA,NA,NA,meta_did_general,TRUE,FALSE,FALSE,FALSE,TRUE,fixed_zero,fixed_zero,zero,0.5,FALSE,2,differenced,NA,NA,TRUE,summary,naive,NA,NA,NA,NA,NA,NA,NA,NA,NA,NA,NA,NA,NA,NA,NA,NA,NA,NA,NA,NA,NA,NA,NA,NA,NA,NA,NA,NA,NA,NA,NA,NA,NA
T4,T,"Figure panel F: zero-mean trends, sigma_trend = 0.06, 5 DiD + 25 PP",full,metadid,5,0,25,-0.15,0.03,0,0.06,0.45,0.05,0.12,0.5,0,100,100,NA,NA,0,0,FALSE,0,0,FALSE,0,0,0,0,0,0,NA,NA,NA,meta_did,TRUE,FALSE,FALSE,FALSE,TRUE,pooled,by_randomisation,zero,0.5,FALSE,2,differenced,NA,NA,TRUE,summary,full,NA,NA,NA,NA,NA,NA,NA,NA,NA,NA,NA,NA,NA,NA,NA,NA,NA,NA,NA,NA,NA,NA,NA,NA,NA,NA,NA,NA,NA,NA,NA,NA,NA
T4,T,"Figure panel F: zero-mean trends, sigma_trend = 0.06, 5 DiD + 25 PP",naive,metadid,5,0,25,-0.15,0.03,0,0.06,0.45,0.05,0.12,0.5,0,100,100,NA,NA,0,0,FALSE,0,0,FALSE,0,0,0,0,0,0,NA,NA,NA,meta_did_general,TRUE,FALSE,FALSE,FALSE,TRUE,fixed_zero,fixed_zero,zero,0.5,FALSE,2,differenced,NA,NA,TRUE,summary,naive,NA,NA,NA,NA,NA,NA,NA,NA,NA,NA,NA,NA,NA,NA,NA,NA,NA,NA,NA,NA,NA,NA,NA,NA,NA,NA,NA,NA,NA,NA,NA,NA,NA
T5,T,"Figure panel F: zero-mean trends, sigma_trend = 0.1, 5 DiD + 25 PP",full,metadid,5,0,25,-0.15,0.03,0,0.1,0.45,0.05,0.12,0.5,0,100,100,NA,NA,0,0,FALSE,0,0,FALSE,0,0,0,0,0,0,NA,NA,NA,meta_did,TRUE,FALSE,FALSE,FALSE,TRUE,pooled,by_randomisation,zero,0.5,FALSE,2,differenced,NA,NA,TRUE,summary,full,NA,NA,NA,NA,NA,NA,NA,NA,NA,NA,NA,NA,NA,NA,NA,NA,NA,NA,NA,NA,NA,NA,NA,NA,NA,NA,NA,NA,NA,NA,NA,NA,NA
T5,T,"Figure panel F: zero-mean trends, sigma_trend = 0.1, 5 DiD + 25 PP",naive,metadid,5,0,25,-0.15,0.03,0,0.1,0.45,0.05,0.12,0.5,0,100,100,NA,NA,0,0,FALSE,0,0,FALSE,0,0,0,0,0,0,NA,NA,NA,meta_did_general,TRUE,FALSE,FALSE,FALSE,TRUE,fixed_zero,fixed_zero,zero,0.5,FALSE,2,differenced,NA,NA,TRUE,summary,naive,NA,NA,NA,NA,NA,NA,NA,NA,NA,NA,NA,NA,NA,NA,NA,NA,NA,NA,NA,NA,NA,NA,NA,NA,NA,NA,NA,NA,NA,NA,NA,NA,NA
T6,T,"Figure panel F: zero-mean trends, sigma_trend = 0.14, 5 DiD + 25 PP",full,metadid,5,0,25,-0.15,0.03,0,0.14,0.45,0.05,0.12,0.5,0,100,100,NA,NA,0,0,FALSE,0,0,FALSE,0,0,0,0,0,0,NA,NA,NA,meta_did,TRUE,FALSE,FALSE,FALSE,TRUE,pooled,by_randomisation,zero,0.5,FALSE,2,differenced,NA,NA,TRUE,summary,full,NA,NA,NA,NA,NA,NA,NA,NA,NA,NA,NA,NA,NA,NA,NA,NA,NA,NA,NA,NA,NA,NA,NA,NA,NA,NA,NA,NA,NA,NA,NA,NA,NA
T6,T,"Figure panel F: zero-mean trends, sigma_trend = 0.14, 5 DiD + 25 PP",naive,metadid,5,0,25,-0.15,0.03,0,0.14,0.45,0.05,0.12,0.5,0,100,100,NA,NA,0,0,FALSE,0,0,FALSE,0,0,0,0,0,0,NA,NA,NA,meta_did_general,TRUE,FALSE,FALSE,FALSE,TRUE,fixed_zero,fixed_zero,zero,0.5,FALSE,2,differenced,NA,NA,TRUE,summary,naive,NA,NA,NA,NA,NA,NA,NA,NA,NA,NA,NA,NA,NA,NA,NA,NA,NA,NA,NA,NA,NA,NA,NA,NA,NA,NA,NA,NA,NA,NA,NA,NA,NA
S1,S,"Figure panel (high heterogeneity): 15 DiD + 0 RCT + 0 PP, sigma_effect = 0.10",default,metadid,15,0,0,-0.15,0.1,-0.04,0.02,0.45,0.05,0.12,0.5,0,100,100,NA,NA,0,0,FALSE,0,0,FALSE,0,0,0,0,0,0,NA,NA,NA,meta_did,TRUE,FALSE,FALSE,FALSE,TRUE,pooled,by_randomisation,zero,0.5,FALSE,2,differenced,NA,NA,TRUE,summary,NA,NA,NA,NA,NA,NA,NA,NA,NA,NA,NA,NA,NA,NA,NA,NA,NA,NA,NA,NA,NA,NA,NA,NA,NA,NA,NA,NA,NA,NA,NA,NA,NA,NA
S2,S,"Figure panel (high heterogeneity): 15 DiD + 5 RCT + 5 PP, sigma_effect = 0.10",default,metadid,15,5,5,-0.15,0.1,-0.04,0.02,0.45,0.05,0.12,0.5,0,100,100,NA,NA,0,0,FALSE,0,0,FALSE,0,0,0,0,0,0,NA,NA,NA,meta_did,TRUE,FALSE,FALSE,FALSE,TRUE,pooled,by_randomisation,zero,0.5,FALSE,2,differenced,NA,NA,TRUE,summary,NA,NA,NA,NA,NA,NA,NA,NA,NA,NA,NA,NA,NA,NA,NA,NA,NA,NA,NA,NA,NA,NA,NA,NA,NA,NA,NA,NA,NA,NA,NA,NA,NA,NA
S3,S,"Figure panel (high heterogeneity): 15 DiD + 10 RCT + 10 PP, sigma_effect = 0.10",default,metadid,15,10,10,-0.15,0.1,-0.04,0.02,0.45,0.05,0.12,0.5,0,100,100,NA,NA,0,0,FALSE,0,0,FALSE,0,0,0,0,0,0,NA,NA,NA,meta_did,TRUE,FALSE,FALSE,FALSE,TRUE,pooled,by_randomisation,zero,0.5,FALSE,2,differenced,NA,NA,TRUE,summary,NA,NA,NA,NA,NA,NA,NA,NA,NA,NA,NA,NA,NA,NA,NA,NA,NA,NA,NA,NA,NA,NA,NA,NA,NA,NA,NA,NA,NA,NA,NA,NA,NA,NA
S4,S,"Figure panel (high heterogeneity): 15 DiD + 20 RCT + 20 PP, sigma_effect = 0.10",default,metadid,15,20,20,-0.15,0.1,-0.04,0.02,0.45,0.05,0.12,0.5,0,100,100,NA,NA,0,0,FALSE,0,0,FALSE,0,0,0,0,0,0,NA,NA,NA,meta_did,TRUE,FALSE,FALSE,FALSE,TRUE,pooled,by_randomisation,zero,0.5,FALSE,2,differenced,NA,NA,TRUE,summary,NA,NA,NA,NA,NA,NA,NA,NA,NA,NA,NA,NA,NA,NA,NA,NA,NA,NA,NA,NA,NA,NA,NA,NA,NA,NA,NA,NA,NA,NA,NA,NA,NA,NA
S5,S,"Figure panel (high heterogeneity): 15 DiD + 40 RCT + 40 PP, sigma_effect = 0.10",default,metadid,15,40,40,-0.15,0.1,-0.04,0.02,0.45,0.05,0.12,0.5,0,100,100,NA,NA,0,0,FALSE,0,0,FALSE,0,0,0,0,0,0,NA,NA,NA,meta_did,TRUE,FALSE,FALSE,FALSE,TRUE,pooled,by_randomisation,zero,0.5,FALSE,2,differenced,NA,NA,TRUE,summary,NA,NA,NA,NA,NA,NA,NA,NA,NA,NA,NA,NA,NA,NA,NA,NA,NA,NA,NA,NA,NA,NA,NA,NA,NA,NA,NA,NA,NA,NA,NA,NA,NA,NA
S6,S,"Figure panel (high heterogeneity) reference: 25 DiD, sigma_effect = 0.10",default,metadid,25,0,0,-0.15,0.1,-0.04,0.02,0.45,0.05,0.12,0.5,0,100,100,NA,NA,0,0,FALSE,0,0,FALSE,0,0,0,0,0,0,NA,NA,NA,meta_did,TRUE,FALSE,FALSE,FALSE,TRUE,pooled,by_randomisation,zero,0.5,FALSE,2,differenced,NA,NA,TRUE,summary,NA,NA,NA,NA,NA,NA,NA,NA,NA,NA,NA,NA,NA,NA,NA,NA,NA,NA,NA,NA,NA,NA,NA,NA,NA,NA,NA,NA,NA,NA,NA,NA,NA,NA
S7,S,"Figure panel (high heterogeneity) reference: 35 DiD, sigma_effect = 0.10",default,metadid,35,0,0,-0.15,0.1,-0.04,0.02,0.45,0.05,0.12,0.5,0,100,100,NA,NA,0,0,FALSE,0,0,FALSE,0,0,0,0,0,0,NA,NA,NA,meta_did,TRUE,FALSE,FALSE,FALSE,TRUE,pooled,by_randomisation,zero,0.5,FALSE,2,differenced,NA,NA,TRUE,summary,NA,NA,NA,NA,NA,NA,NA,NA,NA,NA,NA,NA,NA,NA,NA,NA,NA,NA,NA,NA,NA,NA,NA,NA,NA,NA,NA,NA,NA,NA,NA,NA,NA,NA
S8,S,"Figure panel (high heterogeneity) reference: 55 DiD, sigma_effect = 0.10",default,metadid,55,0,0,-0.15,0.1,-0.04,0.02,0.45,0.05,0.12,0.5,0,100,100,NA,NA,0,0,FALSE,0,0,FALSE,0,0,0,0,0,0,NA,NA,NA,meta_did,TRUE,FALSE,FALSE,FALSE,TRUE,pooled,by_randomisation,zero,0.5,FALSE,2,differenced,NA,NA,TRUE,summary,NA,NA,NA,NA,NA,NA,NA,NA,NA,NA,NA,NA,NA,NA,NA,NA,NA,NA,NA,NA,NA,NA,NA,NA,NA,NA,NA,NA,NA,NA,NA,NA,NA,NA
S9,S,"Figure panel (high heterogeneity) reference: 95 DiD, sigma_effect = 0.10",default,metadid,95,0,0,-0.15,0.1,-0.04,0.02,0.45,0.05,0.12,0.5,0,100,100,NA,NA,0,0,FALSE,0,0,FALSE,0,0,0,0,0,0,NA,NA,NA,meta_did,TRUE,FALSE,FALSE,FALSE,TRUE,pooled,by_randomisation,zero,0.5,FALSE,2,differenced,NA,NA,TRUE,summary,NA,NA,NA,NA,NA,NA,NA,NA,NA,NA,NA,NA,NA,NA,NA,NA,NA,NA,NA,NA,NA,NA,NA,NA,NA,NA,NA,NA,NA,NA,NA,NA,NA,NA
V1,V,"Figure panel B: 15 DiD + 0 RCT + 0 PP, default sigma_effect",default,metadid,15,0,0,-0.15,0.03,-0.04,0.02,0.45,0.05,0.12,0.5,0,100,100,NA,NA,0,0,FALSE,0,0,FALSE,0,0,0,0,0,0,NA,NA,NA,meta_did,TRUE,FALSE,FALSE,FALSE,TRUE,pooled,by_randomisation,zero,0.5,FALSE,2,differenced,NA,NA,TRUE,summary,NA,NA,NA,NA,NA,NA,NA,NA,NA,NA,NA,NA,NA,NA,NA,NA,NA,NA,NA,NA,NA,NA,NA,NA,NA,NA,NA,NA,NA,NA,NA,NA,NA,NA
V2,V,"Figure panel B: 15 DiD + 5 RCT + 5 PP, default sigma_effect",default,metadid,15,5,5,-0.15,0.03,-0.04,0.02,0.45,0.05,0.12,0.5,0,100,100,NA,NA,0,0,FALSE,0,0,FALSE,0,0,0,0,0,0,NA,NA,NA,meta_did,TRUE,FALSE,FALSE,FALSE,TRUE,pooled,by_randomisation,zero,0.5,FALSE,2,differenced,NA,NA,TRUE,summary,NA,NA,NA,NA,NA,NA,NA,NA,NA,NA,NA,NA,NA,NA,NA,NA,NA,NA,NA,NA,NA,NA,NA,NA,NA,NA,NA,NA,NA,NA,NA,NA,NA,NA
V3,V,"Figure panel B: 15 DiD + 10 RCT + 10 PP, default sigma_effect",default,metadid,15,10,10,-0.15,0.03,-0.04,0.02,0.45,0.05,0.12,0.5,0,100,100,NA,NA,0,0,FALSE,0,0,FALSE,0,0,0,0,0,0,NA,NA,NA,meta_did,TRUE,FALSE,FALSE,FALSE,TRUE,pooled,by_randomisation,zero,0.5,FALSE,2,differenced,NA,NA,TRUE,summary,NA,NA,NA,NA,NA,NA,NA,NA,NA,NA,NA,NA,NA,NA,NA,NA,NA,NA,NA,NA,NA,NA,NA,NA,NA,NA,NA,NA,NA,NA,NA,NA,NA,NA
V4,V,"Figure panel B: 15 DiD + 20 RCT + 20 PP, default sigma_effect",default,metadid,15,20,20,-0.15,0.03,-0.04,0.02,0.45,0.05,0.12,0.5,0,100,100,NA,NA,0,0,FALSE,0,0,FALSE,0,0,0,0,0,0,NA,NA,NA,meta_did,TRUE,FALSE,FALSE,FALSE,TRUE,pooled,by_randomisation,zero,0.5,FALSE,2,differenced,NA,NA,TRUE,summary,NA,NA,NA,NA,NA,NA,NA,NA,NA,NA,NA,NA,NA,NA,NA,NA,NA,NA,NA,NA,NA,NA,NA,NA,NA,NA,NA,NA,NA,NA,NA,NA,NA,NA
V5,V,"Figure panel B: 15 DiD + 40 RCT + 40 PP, default sigma_effect",default,metadid,15,40,40,-0.15,0.03,-0.04,0.02,0.45,0.05,0.12,0.5,0,100,100,NA,NA,0,0,FALSE,0,0,FALSE,0,0,0,0,0,0,NA,NA,NA,meta_did,TRUE,FALSE,FALSE,FALSE,TRUE,pooled,by_randomisation,zero,0.5,FALSE,2,differenced,NA,NA,TRUE,summary,NA,NA,NA,NA,NA,NA,NA,NA,NA,NA,NA,NA,NA,NA,NA,NA,NA,NA,NA,NA,NA,NA,NA,NA,NA,NA,NA,NA,NA,NA,NA,NA,NA,NA
V6,V,"Figure panel B reference: 25 DiD, default sigma_effect",default,metadid,25,0,0,-0.15,0.03,-0.04,0.02,0.45,0.05,0.12,0.5,0,100,100,NA,NA,0,0,FALSE,0,0,FALSE,0,0,0,0,0,0,NA,NA,NA,meta_did,TRUE,FALSE,FALSE,FALSE,TRUE,pooled,by_randomisation,zero,0.5,FALSE,2,differenced,NA,NA,TRUE,summary,NA,NA,NA,NA,NA,NA,NA,NA,NA,NA,NA,NA,NA,NA,NA,NA,NA,NA,NA,NA,NA,NA,NA,NA,NA,NA,NA,NA,NA,NA,NA,NA,NA,NA
V7,V,"Figure panel B reference: 35 DiD, default sigma_effect",default,metadid,35,0,0,-0.15,0.03,-0.04,0.02,0.45,0.05,0.12,0.5,0,100,100,NA,NA,0,0,FALSE,0,0,FALSE,0,0,0,0,0,0,NA,NA,NA,meta_did,TRUE,FALSE,FALSE,FALSE,TRUE,pooled,by_randomisation,zero,0.5,FALSE,2,differenced,NA,NA,TRUE,summary,NA,NA,NA,NA,NA,NA,NA,NA,NA,NA,NA,NA,NA,NA,NA,NA,NA,NA,NA,NA,NA,NA,NA,NA,NA,NA,NA,NA,NA,NA,NA,NA,NA,NA
V8,V,"Figure panel B reference: 55 DiD, default sigma_effect",default,metadid,55,0,0,-0.15,0.03,-0.04,0.02,0.45,0.05,0.12,0.5,0,100,100,NA,NA,0,0,FALSE,0,0,FALSE,0,0,0,0,0,0,NA,NA,NA,meta_did,TRUE,FALSE,FALSE,FALSE,TRUE,pooled,by_randomisation,zero,0.5,FALSE,2,differenced,NA,NA,TRUE,summary,NA,NA,NA,NA,NA,NA,NA,NA,NA,NA,NA,NA,NA,NA,NA,NA,NA,NA,NA,NA,NA,NA,NA,NA,NA,NA,NA,NA,NA,NA,NA,NA,NA,NA
V9,V,"Figure panel B reference: 95 DiD, default sigma_effect",default,metadid,95,0,0,-0.15,0.03,-0.04,0.02,0.45,0.05,0.12,0.5,0,100,100,NA,NA,0,0,FALSE,0,0,FALSE,0,0,0,0,0,0,NA,NA,NA,meta_did,TRUE,FALSE,FALSE,FALSE,TRUE,pooled,by_randomisation,zero,0.5,FALSE,2,differenced,NA,NA,TRUE,summary,NA,NA,NA,NA,NA,NA,NA,NA,NA,NA,NA,NA,NA,NA,NA,NA,NA,NA,NA,NA,NA,NA,NA,NA,NA,NA,NA,NA,NA,NA,NA,NA,NA,NA
