scenario_id,model_label,parameter,true_value,n_reps,empirical_coverage,mean_bias,median_bias,rmse,mean_ci_width,mean_posterior_sd,se_bias,se_ci_width,se_posterior_sd,max_rhat_worst,min_ess_worst,pct_rhat_bad,mean_n_divergent,max_n_divergent,pct_reps_with_divergence,pct_reps_many_divergence,mean_n_max_treedepth,min_ebfmi_worst
A1,default,baseline_difference_sd,0,25,0,0.023831076563709412,0.024804299556358,0.025295011271515434,0.029242929168859996,0.009028378557712187,0.001731056818833427,5.861062358115215e-4,1.5818338719661236e-4,1.0100163841502847,443.76153383193787,0,0,0,0,0,0,0.5623362399068009
A1,default,time_trend_mean,-0.08998628257887518,25,0.96,-0.0017887199926048152,-0.0035185608356248094,0.010266327115975603,0.04198010874199999,0.012867557854489125,0.0020635522895429597,0.001284906404345945,3.8407574452411434e-4,1.0100163841502847,443.76153383193787,0,0,0,0,0,0,0.5623362399068009
A1,default,time_trend_sd,0.045528614603915496,25,0.84,0.005844387563324504,0.005366020402084504,0.010486549339416812,0.035319119914,0.010996274224980786,0.001777297234774395,8.663639734450758e-4,2.857553916963488e-4,1.0100163841502847,443.76153383193787,0,0,0,0,0,0,0.5623362399068009
A1,default,treatment_effect_mean,-0.3374485596707819,25,0.96,-0.003407208413418088,-0.0015372111292180635,0.017591166590045743,0.06760235986,0.02066486782856543,0.0035227834214478907,0.0017766830651957679,5.525940541158409e-4,1.0100163841502847,443.76153383193787,0,0,0,0,0,0,0.5623362399068009
A1,default,treatment_effect_sd,0.07626392697027408,25,0.92,0.008375953990965922,0.006920156221725926,0.015281885078921665,0.055543016551999995,0.017211696819927156,0.0026091138845927386,0.0012470369165270279,3.93175025817077e-4,1.0100163841502847,443.76153383193787,0,0,0,0,0,0,0.5623362399068009
A10,default,baseline_control_mean,0.45,25,0.96,0.0010441199871999963,3.960731850000121e-4,0.009645480012788603,0.040893837119999984,0.012522503749277413,0.0019573057388647995,0.001083908881735781,3.184952693401511e-4,1.0137445849557327,170.08645175960672,0,0,0,0,0,0,0.6701566286956134
A10,default,baseline_difference_sd,0,25,0,0.022412557931840132,0.02094765351373,0.023540748793608055,0.0455015697238,0.014285290994497471,0.0014697519733454594,0.0018021132554303092,5.233463767116762e-4,1.0137445849557327,170.08645175960672,0,0,0,0,0,0,0.6701566286956134
A10,default,time_trend_mean,-0.04,25,0.92,-5.547245405503994e-4,3.985083559999991e-4,0.007149203464011942,0.021717364519999997,0.0066227120419745196,0.0014549254112317853,7.997181463522404e-4,2.4452552272719003e-4,1.0137445849557327,170.08645175960672,0,0,0,0,0,0,0.6701566286956134
A10,default,time_trend_sd,0.02,25,0.84,5.060137011483077e-4,3.1390551450600004e-4,0.006867892760531671,0.02033230027794,0.006269190142830098,0.001398092466905258,5.279989316642259e-4,1.5863195637379985e-4,1.0137445849557327,170.08645175960672,0,0,0,0,0,0,0.6701566286956134
A10,default,treatment_effect_mean,-0.15,25,0.88,-3.2791442380000535e-4,-3.2502627500000103e-4,0.006365207289866898,0.022995202779999998,0.00701912548040083,0.0012975672104242907,6.763582017289044e-4,2.0517481024330905e-4,1.0137445849557327,170.08645175960672,0,0,0,0,0,0,0.6701566286956134
A10,default,treatment_effect_sd,0.03,25,0.88,-8.488014847619388e-4,0.001185590326950002,0.006959349059859425,0.0202859109826,0.0062155451655896065,0.0014099656523067058,4.98853219561399e-4,1.5030469284714023e-4,1.0137445849557327,170.08645175960672,0,0,0,0,0,0,0.6701566286956134
A11,default,baseline_difference_sd,0,15,0,0.02392651466139893,0.0244573610592,0.025218421368698986,0.03018503810933333,0.00924229402174004,0.0021295652220098766,9.359038641139777e-4,2.3795636055103905e-4,1.0070697343974522,346.64415571873457,0,0,0,0,0,0,0.7155436097737641
A11,default,time_trend_mean,-0.08998628257887518,15,0.8666666666666667,0.0011502566654085194,0.0011212025938751868,0.009834230240346598,0.038021207636666665,0.011653498443961645,0.002610268103687966,0.0016018968146019141,5.019829212697043e-4,1.0070697343974522,346.64415571873457,0,0,0,0,0,0,0.7155436097737641
A11,default,time_trend_sd,0.045528614603915496,15,0.9333333333333333,-3.3927281221216347e-4,-0.0015704120194154972,0.009276376716699638,0.03270921017333333,0.010180114708250336,0.0024775572495766987,0.0010409546038976935,3.215400965303187e-4,1.0070697343974522,346.64415571873457,0,0,0,0,0,0,0.7155436097737641
A11,default,treatment_effect_mean,-0.3374485596707819,15,0.8,0.007224295096115241,0.006348804810781927,0.016642820824013985,0.06336108533333332,0.01940471650630489,0.004007074505925015,0.003625717231568137,0.0010980602340087831,1.0070697343974522,346.64415571873457,0,0,0,0,0,0,0.7155436097737641
A11,default,treatment_effect_sd,0.07626392697027408,15,0.7333333333333333,0.0019432467976925858,0.004096316928725918,0.02135489752821124,0.053012012649999996,0.016493466963686813,0.005683657275304218,0.0029064709147665567,8.952359254671845e-4,1.0070697343974522,346.64415571873457,0,0,0,0,0,0,0.7155436097737641
A12,individual,baseline_difference_sd,0,15,0,0.026130521121066043,0.0240377041533675,0.027880802049908053,0.030506831385699998,0.009306692202360656,0.002598557139310727,7.166045492624208e-4,1.9886673255216453e-4,1.0093348306187169,572.6145290546087,0,0,0,0,0,0,0.5913615651952547
A12,individual,time_trend_mean,-0.08998628257887518,15,0.8,0.0011236534355085176,-0.0011257200606248213,0.011687568292331927,0.036271757136666666,0.011146572811524338,0.0031091645127727125,0.0015673832160063793,4.8082706249010204e-4,1.0093348306187169,572.6145290546087,0,0,0,0,0,0,0.5913615651952547
A12,individual,time_trend_sd,0.045528614603915496,15,1,-0.002582135249092163,-0.005657607720915496,0.009173351541155794,0.032054877509999996,0.00993345866362729,0.002352551138855451,9.89300166946333e-4,3.1299677651463667e-4,1.0093348306187169,572.6145290546087,0,0,0,0,0,0,0.5913615651952547
A12,individual,treatment_effect_mean,-0.3374485596707819,15,0.8,0.0026527636844485745,0.004600052210781913,0.025049767690049657,0.06265762116666665,0.019177431663952662,0.0066571857318664445,0.002627467825287823,7.423408609589728e-4,1.0093348306187169,572.6145290546087,0,0,0,0,0,0,0.5913615651952547
A12,individual,treatment_effect_sd,0.07626392697027408,15,0.9333333333333333,4.893256112592087e-5,5.0340905322592e-4,0.01399357729162722,0.05194991075666666,0.016175391522406803,0.003739917980586574,0.0016141060629667088,5.223958979300972e-4,1.0093348306187169,572.6145290546087,0,0,0,0,0,0,0.5913615651952547
A12,summary,baseline_difference_sd,0,15,0,0.02589686891630774,0.024560067074515,0.02763700935408976,0.030518527411633332,0.009335157138435841,0.0025795412987807786,7.028697857374802e-4,1.990431598418589e-4,1.0071988620112715,460.8267747757175,0,0,0,0,0,0,0.5966910956003911
A12,summary,time_trend_mean,-0.08998628257887518,15,0.8666666666666667,0.0011436132045085192,-9.6098249912481e-4,0.011658997762686071,0.036649223396666666,0.011198910786085424,0.00310097194059255,0.0016458733700720131,5.040014037450802e-4,1.0071988620112715,460.8267747757175,0,0,0,0,0,0,0.5966910956003911
A12,summary,time_trend_sd,0.045528614603915496,15,1,-0.0026532095690821626,-0.004927924127415495,0.009200560626215775,0.03132816873333333,0.009668189098201994,0.0023544910705652787,0.0010696203949807927,3.334588717316222e-4,1.0071988620112715,460.8267747757175,0,0,0,0,0,0,0.5966910956003911
A12,summary,treatment_effect_mean,-0.3374485596707819,15,0.8,0.0028252374394485765,0.0026716494907819133,0.025038506002933968,0.06240700373333333,0.019101964957818556,0.006649085953667929,0.002666094829728541,8.331358392503415e-4,1.0071988620112715,460.8267747757175,0,0,0,0,0,0,0.5966910956003911
A12,summary,treatment_effect_sd,0.07626392697027408,15,0.9333333333333333,-2.000688123740796e-4,-1.3949757727407808e-4,0.013705079024332148,0.051834621426666665,0.016124918932997112,0.0036624461335239577,0.001637112252348343,5.269532610863107e-4,1.0071988620112715,460.8267747757175,0,0,0,0,0,0,0.5966910956003911
A13,hierarchical_rho,baseline_difference_sd,0,25,0,0.024871983308660903,0.02676166558702,0.026005387475372416,0.0299893136414,0.009175416353896522,0.0015500621498017162,3.76235176843052e-4,1.1282026590380384e-4,1.015881261397147,364.08079864680104,0,0,0,0,0,0,0.5854668154463809
A13,hierarchical_rho,time_trend_mean,-0.08998628257887518,25,0.8,-0.006173620108244816,-0.004158178786624819,0.013637265534990797,0.038980160348,0.011945421845189905,0.0024821145725547125,0.0012528093443756672,3.769633250576503e-4,1.015881261397147,364.08079864680104,0,0,0,0,0,0,0.5854668154463809
A13,hierarchical_rho,time_trend_sd,0.045528614603915496,25,0.88,9.814154749763035e-4,5.903782015845016e-4,0.009498700002692609,0.033869502297999995,0.010527849962153064,0.001928537068680878,8.330103681764877e-4,2.571326522329615e-4,1.015881261397147,364.08079864680104,0,0,0,0,0,0,0.5854668154463809
A13,hierarchical_rho,treatment_effect_mean,-0.3374485596707819,25,0.8,0.010222030572181908,0.010359444185781885,0.019152903781264885,0.07060271652,0.02166381154750864,0.003306205114602498,0.0028043260373256376,8.62581354855301e-4,1.015881261397147,364.08079864680104,0,0,0,0,0,0,0.5854668154463809
A13,hierarchical_rho,treatment_effect_sd,0.07626392697027408,25,0.76,0.01312355986980592,0.013751238372225916,0.023794392559415973,0.058170291988,0.018146139057905356,0.004051467293952535,0.0019610154325335923,6.120559993167427e-4,1.015881261397147,364.08079864680104,0,0,0,0,0,0,0.5854668154463809
A13,known_rho,baseline_difference_sd,0,25,0,0.024743213613550096,0.02671124774435,0.025887124102839346,0.029931949231799995,0.009191987577715407,0.0015534447526657637,4.6180153350379655e-4,1.2345769639844924e-4,1.007858642941962,291.53454907817394,0,0,0,0,0,0,0.5392107277348732
A13,known_rho,time_trend_mean,-0.08998628257887518,25,0.8,-0.006064895095464816,-0.002579419901624816,0.013679727958497196,0.039107467356,0.011931387248198982,0.0025029316519125516,0.0012673987383761476,3.8550085042413903e-4,1.007858642941962,291.53454907817394,0,0,0,0,0,0,0.5392107277348732
A13,known_rho,time_trend_sd,0.045528614603915496,25,0.88,0.0011549893701605037,7.777543655845057e-4,0.009530010201765844,0.033674960066,0.010494508289320711,0.001930965798943814,7.268854648625015e-4,2.380529486725982e-4,1.007858642941962,291.53454907817394,0,0,0,0,0,0,0.5392107277348732
A13,known_rho,treatment_effect_mean,-0.3374485596707819,25,0.84,0.010966223455981914,0.01099734912578193,0.019264225567383914,0.07165053614000001,0.02192027245628183,0.0032329832058572475,0.00295907639932859,8.842764037785821e-4,1.007858642941962,291.53454907817394,0,0,0,0,0,0,0.5392107277348732
A13,known_rho,treatment_effect_sd,0.07626392697027408,25,0.76,0.013091013290805921,0.013699300944225917,0.023850406192345793,0.058756551175999996,0.018227472908451104,0.004069537476584559,0.001977009792813736,6.149306034745077e-4,1.007858642941962,291.53454907817394,0,0,0,0,0,0,0.5392107277348732
A14,default,baseline_difference_sd,0,25,0,0.026655039966744162,0.02655351734182,0.028133630535120323,0.0308503527912,0.009449784031696275,0.0018372308358179286,4.8332532242417633e-4,1.420375456483985e-4,1.0098156268351324,398.8213360278476,0,0,0,0,0,0,0.5891272137231023
A14,default,time_trend_mean,-0.08998628257887518,25,0.92,-9.311809671968163e-4,0.002878619653875189,0.011111128873161737,0.041428834712,0.012707306091622845,0.002260070858424012,0.0016935142293956873,5.191980490809442e-4,1.0098156268351324,398.8213360278476,0,0,0,0,0,0,0.5891272137231023
A14,default,time_trend_sd,0.045528614603915496,25,0.8,0.004867559917714505,0.005363990016584504,0.013517171747188906,0.03557132274199999,0.011014954799617997,0.0025740758251786627,0.0011666761951135186,3.6081906953408125e-4,1.0098156268351324,398.8213360278476,0,0,0,0,0,0,0.5891272137231023
A14,default,treatment_effect_mean,0.3374485596707819,25,0.92,-0.003655551448781904,-0.008513445925781904,0.020806772794988236,0.06347617570000001,0.019488122461290166,0.004181102016552031,0.002437002120860145,7.521892760657419e-4,1.0098156268351324,398.8213360278476,0,0,0,0,0,0,0.5891272137231023
A14,default,treatment_effect_sd,0.07626392697027408,25,0.88,0.0013463678300859204,-0.004810250974774083,0.016760449766649598,0.05303159619199999,0.01645099293661315,0.003410156216158423,0.0015802602937762596,4.941675219389093e-4,1.0098156268351324,398.8213360278476,0,0,0,0,0,0,0.5891272137231023
A15,default,baseline_difference_sd,0,25,0,0.022960203362390384,0.023269101552659,0.024487548435170595,0.029312652221099997,0.009016786536318915,0.001737683922190003,8.395078149881014e-4,2.4797222496072697e-4,1.0068218556353143,392.82446157145154,0,0,0,0,0,0,0.5900963383329885
A15,default,time_trend_mean,-0.08998628257887518,25,0.84,-0.0019804899881448166,-0.0012752228241248165,0.01160619678647031,0.040593337163999994,0.012467571972122496,0.002334358077833639,0.0016527316924268274,5.156117755436161e-4,1.0068218556353143,392.82446157145154,0,0,0,0,0,0,0.5900963383329885
A15,default,time_trend_sd,0.045528614603915496,25,0.84,0.004244873411024504,0.004229642382084502,0.012873742849858993,0.034355385589999995,0.010701452527801181,0.0024808794197544873,0.0010817614189923747,3.3814988448811506e-4,1.0068218556353143,392.82446157145154,0,0,0,0,0,0,0.5900963383329885
A15,default,treatment_effect_mean,0,25,0.84,0.0017963512902008471,-6.2784204492305e-4,0.018782849464985228,0.05716574368103999,0.01759451469118283,0.0038164586337035545,0.002025436135018233,6.250918961824924e-4,1.0068218556353143,392.82446157145154,0,0,0,0,0,0,0.5900963383329885
A15,default,treatment_effect_sd,0.06666666666666667,25,0.92,0.002384370520253734,0.0039520264663333304,0.014739097709148654,0.049011545934,0.015187326571031522,0.002968976945725413,0.0011104752764262433,3.4769109369458927e-4,1.0068218556353143,392.82446157145154,0,0,0,0,0,0,0.5900963383329885
A16,default,baseline_difference_sd,0,25,0,0.024217831676079764,0.024308964466764,0.02569537579479319,0.030027575750879998,0.009229813230372816,0.0017529613770311593,6.682448233356153e-4,1.7831458662637294e-4,1.0074792606061016,434.53636464033025,0,0,0,0,0,0,0.5733631078857253
A16,default,time_trend_mean,0.08998628257887518,25,0.96,-0.0052752781479731845,-0.006348690058375184,0.009774097154944296,0.038599575466,0.011900306061779893,0.0016795884373833816,0.0011947635176887783,3.709959218457633e-4,1.0074792606061016,434.53636464033025,0,0,0,0,0,0,0.5733631078857253
A16,default,time_trend_sd,0.045528614603915496,25,0.88,9.52312633248504e-4,0.004569708750084507,0.009663415969890458,0.033658855855999995,0.010526822065893072,0.0019629347592283984,8.235255656034761e-4,2.7269804320327384e-4,1.0074792606061016,434.53636464033025,0,0,0,0,0,0,0.5733631078857253
A16,default,treatment_effect_mean,-0.3374485596707819,25,1,0.009472655844781908,0.01006843937078189,0.01683940618471113,0.06686178672,0.02051517164997012,0.002841906577604832,0.0019155521125218435,5.921746374733714e-4,1.0074792606061016,434.53636464033025,0,0,0,0,0,0,0.5733631078857253
A16,default,treatment_effect_sd,0.07626392697027408,25,1,0.00653001274454592,0.007526811636725916,0.015225997674143373,0.055341697397999996,0.017296519853354907,0.0028076527765576657,0.001358850031576691,4.41635145108248e-4,1.0074792606061016,434.53636464033025,0,0,0,0,0,0,0.5733631078857253
A17,default,baseline_difference_sd,0,25,0,0.031461944259517476,0.0319999137946405,0.033072754198630906,0.045327263843139995,0.014095054061328936,0.0020811969081724092,0.0012562405132308017,3.8332567409632504e-4,1.0159222272641864,139.80813728406835,0,0.8,20,0.04,0.04,0,0.6125698141072596
A17,default,time_trend_mean,0.08998628257887518,25,0.92,-0.0030534654363129844,-0.002511977058875181,0.014250860535419265,0.0521942701,0.01602288638349672,0.0028413859208522127,0.0017484298564278435,5.29767196784175e-4,1.0159222272641864,139.80813728406835,0,0.8,20,0.04,0.04,0,0.6125698141072596
A17,default,time_trend_sd,0.045528614603915496,25,0.96,0.003762544998638465,0.002333585932084506,0.012746358309744637,0.046253504273,0.01428334662553173,0.002485901121773357,0.001986520120565207,6.005675565291721e-4,1.0159222272641864,139.80813728406835,0,0.8,20,0.04,0.04,0,0.6125698141072596
A17,default,treatment_effect_mean,-0.3374485596707819,25,0.92,0.008685000885981906,0.01077780349078189,0.017263692479940727,0.06286009002,0.019240232609103004,0.0030455284000512916,0.0017223163090028261,5.386311681077271e-4,1.0159222272641864,139.80813728406835,0,0.8,20,0.04,0.04,0,0.6125698141072596
A17,default,treatment_effect_sd,0.07626392697027408,25,0.8,-0.0052469694550830795,-0.004965732372774076,0.015888030759960432,0.051648770432,0.015841156314266393,0.0030611737466130677,0.0017352087956569943,5.29967665818428e-4,1.0159222272641864,139.80813728406835,0,0.8,20,0.04,0.04,0,0.6125698141072596
A18,default,baseline_difference_sd,0,25,0,0.0262366676810712,0.026059530650425,0.027665865526088188,0.0308383365018,0.009473102415694728,0.0017916168710207562,4.3165590439946865e-4,1.221588032745597e-4,1.0169237296132043,332.5433634959962,0,0,0,0,0,0,0.5622039480841949
A18,default,time_trend_mean,0.08998628257887518,25,0.96,0.0014613929741048137,0.0025847363871248086,0.011700434426336394,0.04245989549999999,0.012934844796986176,0.002369638653362531,0.0014422556186588953,4.3782025241382065e-4,1.0169237296132043,332.5433634959962,0,0,0,0,0,0,0.5622039480841949
A18,default,time_trend_sd,0.045528614603915496,25,0.92,0.0062931822787845055,0.005193823541084504,0.011818297682662859,0.035487798407999996,0.011081913049130138,0.0020419355291204605,9.305872662675602e-4,2.9737512409052757e-4,1.0169237296132043,332.5433634959962,0,0,0,0,0,0,0.5622039480841949
A18,default,treatment_effect_mean,0.3374485596707819,25,0.88,-0.004448263727581911,-0.004120514635781891,0.021252268873006658,0.06810233458,0.02086453629668412,0.004242011521969102,0.0024732011873412787,7.601084037747749e-4,1.0169237296132043,332.5433634959962,0,0,0,0,0,0,0.5622039480841949
A18,default,treatment_effect_sd,0.07626392697027408,25,0.88,0.00864000014854792,0.010203834424725916,0.02061074329310636,0.05681001331999999,0.01761103394376981,0.003819648416016304,0.0018914961570590059,5.835206425297932e-4,1.0169237296132043,332.5433634959962,0,0,0,0,0,0,0.5622039480841949
A2,default,baseline_difference_sd,0,25,0,0.025276883759143286,0.02669234871105,0.026225090600407838,0.0173516112288,0.005277972327596483,0.0014264542933786002,3.0539666947909547e-4,7.680081611498655e-5,1.0114643159861603,474.81989988994115,0,0,0,0,0,0,0.5686743141949574
A2,default,time_trend_mean,-0.08998628257887518,25,0.88,-0.001360256143704816,-0.0013246648906248132,0.007069576723574989,0.022590319692,0.006904052908936572,0.0014161070209384274,4.8082940560136933e-4,1.503397365794207e-4,1.0114643159861603,474.81989988994115,0,0,0,0,0,0,0.5686743141949574
A2,default,time_trend_sd,0.045528614603915496,25,0.88,0.002379410065564504,0.0011682834535845024,0.006503661044557249,0.018263553778,0.005584043701914586,0.0012355163347493934,3.177256103466855e-4,9.146712328227206e-5,1.0114643159861603,474.81989988994115,0,0,0,0,0,0,0.5686743141949574
A2,default,treatment_effect_mean,-0.3374485596707819,25,0.84,0.00246908717518191,5.92244670781894e-4,0.012487669152309769,0.03854420399999999,0.011765625898653922,0.002498712079743126,7.633148252484351e-4,2.3503736761253395e-4,1.0114643159861603,474.81989988994115,0,0,0,0,0,0,0.5686743141949574
A2,default,treatment_effect_sd,0.07626392697027408,25,0.72,0.007852594957245922,0.008161304508725917,0.012303112757362383,0.030228801622,0.00928897389553156,0.0019332974417409338,5.564489194433849e-4,1.6643009373999576e-4,1.0114643159861603,474.81989988994115,0,0,0,0,0,0,0.5686743141949574
A3,default,baseline_difference_sd,0,25,0,0.028969745708848575,0.0251955512557705,0.03227790801691536,0.060035134740799995,0.01990731531749466,0.0029055778220024395,0.0029667234368858557,8.901148628770549e-4,1.0828942865739764,18.96100690399239,0.04,7.52,69,1,0.12,0,0.5351004645507307
A3,default,time_trend_mean,-0.08998628257887518,25,0.96,1.0966924908880432e-4,7.440718370668731e-5,0.01961877117180896,0.11109560996439999,0.034934301353431015,0.0040046023260098635,0.008888283692059958,0.002564257269565265,1.0828942865739764,18.96100690399239,0.04,7.52,69,1,0.12,0,0.5351004645507307
A3,default,time_trend_sd,0.045528614603915496,25,0.96,0.017997765651250185,0.017906772966639506,0.031770970128507506,0.13394916422559996,0.04535627251458456,0.005344292026971375,0.01335704529714582,0.0038025837964044797,1.0828942865739764,18.96100690399239,0.04,7.52,69,1,0.12,0,0.5351004645507307
A3,default,treatment_effect_mean,-0.3374485596707819,25,0.92,4.021996631419111e-4,0.0042886295412818964,0.041327748862368514,0.17374327214,0.05520199380897338,0.008435591911315338,0.011975527702701171,0.003737844393780957,1.0828942865739764,18.96100690399239,0.04,7.52,69,1,0.12,0,0.5351004645507307
A3,default,treatment_effect_sd,0.07626392697027408,25,0.92,0.027615983940128864,0.033268860566225925,0.0469367306753539,0.19524697702719995,0.06732409171515806,0.007747080411110942,0.011795619221047398,0.003750129646361505,1.0828942865739764,18.96100690399239,0.04,7.52,69,1,0.12,0,0.5351004645507307
A4,default,baseline_difference_sd,0,25,0,0.02503299334127,0.024532345571,0.025359552044299908,0.012822359109999999,0.003932890081856425,8.280530443830166e-4,8.546289687831333e-5,2.745867428006288e-5,1.0116616561997396,440.79884655240795,0,0,0,0,0,0,0.5998224960126973
A4,default,time_trend_mean,-0.08998628257887518,25,0.96,-5.417932731248153e-4,-0.0023449353711248178,0.004785408458418311,0.017847795692000002,0.005435292557370341,9.70536667757806e-4,3.1496202899821855e-4,9.393185884245154e-5,1.0116616561997396,440.79884655240795,0,0,0,0,0,0,0.5998224960126973
A4,default,time_trend_sd,0.045528614603915496,25,0.72,0.0037253436162445032,0.0035694656545845055,0.006228870099758821,0.014195458844,0.004334154148010013,0.0010189994614934745,2.1100780183744104e-4,6.177449061320028e-5,1.0116616561997396,440.79884655240795,0,0,0,0,0,0,0.5998224960126973
A4,default,treatment_effect_mean,-0.3374485596707819,25,0.92,-0.0013145798646180906,1.1315144078188899e-4,0.009310509871597934,0.02864494933999999,0.008746100418812849,0.0018814608004671003,4.917864337214429e-4,1.4436573764692784e-4,1.0116616561997396,440.79884655240795,0,0,0,0,0,0,0.5998224960126973
A4,default,treatment_effect_sd,0.07626392697027408,25,0.8,0.00375779662232592,0.004110735230225926,0.008631060175136793,0.02238011597,0.00684513750584497,0.001586061215349577,3.228889149695218e-4,9.645717861241636e-5,1.0116616561997396,440.79884655240795,0,0,0,0,0,0,0.5998224960126973
A5,default,baseline_difference_sd,0,25,0,0.029643733348207225,0.02926512080455,0.03142286802631285,0.0423481734988,0.013088844857626718,0.00212765234647899,0.0014484952335292647,4.1490792526645065e-4,1.0125370991387688,155.7261871431627,0,0.44,10,0.08,0,0,0.6966029358010787
A5,default,time_trend_mean,-0.08998628257887518,25,0.96,0.0038548326289273853,0.0029180629363751848,0.016469599800950623,0.058955905072,0.018015586268851524,0.003268460283568992,0.0025106802658214837,7.683899707429713e-4,1.0125370991387688,155.7261871431627,0,0.44,10,0.08,0,0,0.6966029358010787
A5,default,time_trend_sd,0.045528614603915496,25,0.88,0.01048353183868389,0.008176430608884504,0.020356509137493352,0.054036293720399996,0.0168319978871332,0.0035618524233194046,0.0029742941232386777,9.374779378161623e-4,1.0125370991387688,155.7261871431627,0,0.44,10,0.08,0,0,0.6966029358010787
A5,default,treatment_effect_mean,-0.3374485596707819,25,0.84,-4.3933279881809063e-4,-0.001418111734218075,0.019740867966791722,0.06071262797999999,0.018467770255165217,0.004028589780008767,0.0016522735846080396,4.90783353648182e-4,1.0125370991387688,155.7261871431627,0,0.44,10,0.08,0,0,0.6966029358010787
A5,default,treatment_effect_sd,0.07626392697027408,25,0.88,-0.0011649020384800778,0.0022081353197259262,0.014962106489412182,0.051855000305999994,0.01587697393495613,0.003044856549995795,0.0018027494911785804,5.315727558236953e-4,1.0125370991387688,155.7261871431627,0,0.44,10,0.08,0,0,0.6966029358010787
A6,default,baseline_difference_sd,0,25,0,0.029962368917449547,0.0269877041861215,0.031865810687958705,0.062445507650339994,0.02070428721892225,0.002214406802203437,0.002514795583662378,7.47029356613929e-4,1.0519658346196965,28.941100075026046,0.04,13.6,115,0.44,0.28,0,0.6290626858989896
A6,default,time_trend_mean,-0.22496570644718797,25,1,0.0015332927704279698,0.0038179398821879817,0.015482183533986383,0.07271305052,0.022150455846879163,0.0031447510517540202,0.0035707296822644467,9.745581175379143e-4,1.0519658346196965,28.941100075026046,0.04,13.6,115,0.44,0.28,0,0.6290626858989896
A6,default,time_trend_sd,0.033218824807589406,25,0.8,0.014148893303420017,0.015366768486810595,0.024420383300723218,0.0652216673828,0.020200432091513534,0.0040628599268386755,0.003095216777315813,9.476476250508588e-4,1.0519658346196965,28.941100075026046,0.04,13.6,115,0.44,0.28,0,0.6290626858989896
A6,default,treatment_effect_mean,-0.3374485596707819,25,0.96,-6.472147228180947e-4,0.00513161099578191,0.019804355796243713,0.08392726274,0.025545789233009458,0.004040387881579665,0.002301732858907858,7.090303992279874e-4,1.0519658346196965,28.941100075026046,0.04,13.6,115,0.44,0.28,0,0.6290626858989896
A6,default,treatment_effect_sd,0.07626392697027408,25,0.84,0.003394271991471341,2.409577637759175e-4,0.019391186686160605,0.0645745174526,0.019777461580449046,0.003897098486617135,0.0027563790874116116,8.25085713826271e-4,1.0519658346196965,28.941100075026046,0.04,13.6,115,0.44,0.28,0,0.6290626858989896
A7,default,baseline_difference_sd,0,25,0,0.024838215485438055,0.02555669347415,0.025817722023993805,0.024602079998459998,0.00752002693432132,0.0014378488273453273,4.484766753409416e-4,1.2519883720966556e-4,1.0152234715832849,238.34969888172037,0,0,0,0,0,0,0.5765162465192736
A7,default,beta_cov[dose],-0.08998628257887518,25,0.92,-0.004039768865616454,-2.489741303248194e-4,0.020058729111459613,0.074167202852,0.022713381471397568,0.004010573946245689,0.0025422957626340535,7.663519944191801e-4,1.0152234715832849,238.34969888172037,0,0,0,0,0,0,0.5765162465192736
A7,default,time_trend_mean,-0.08998628257887518,25,0.84,-0.0011926794112248173,-5.385096791248184e-4,0.010825640607549484,0.03224981397,0.009837731634234488,0.0021963227827616096,0.0010473092170599847,3.1151991253722006e-4,1.0152234715832849,238.34969888172037,0,0,0,0,0,0,0.5765162465192736
A7,default,time_trend_sd,0.045528614603915496,25,0.84,0.0018351200752759042,0.0038317097705845016,0.009771320073143009,0.027196315819599998,0.008371177436158762,0.001959071105153397,6.655181097106774e-4,2.0450729994248178e-4,1.0152234715832849,238.34969888172037,0,0,0,0,0,0,0.5765162465192736
A7,default,treatment_effect_mean,-0.5624142661179699,25,1,0.0016419652209698477,-1.7161407203014623e-4,0.018490005274618807,0.06750084702,0.020579784273865948,0.0037593452736068103,0.00243443930606854,7.29063568726583e-4,1.0152234715832849,238.34969888172037,0,0,0,0,0,0,0.5765162465192736
A7,default,treatment_effect_sd,0.07626392697027408,25,0.52,0.02898733316330592,0.021088189251225922,0.035017109437430444,0.053472250423999994,0.016521111470414133,0.004010052313834183,0.0017504359697276851,5.358983535456374e-4,1.0152234715832849,238.34969888172037,0,0,0,0,0,0,0.5765162465192736
A8,default,baseline_difference_sd,0,25,0,0.02489300849644995,0.02494123903595,0.026074202367000778,0.025129938142579997,0.00763040778155766,0.0015838002434937371,3.6781354801265905e-4,9.201312850714616e-5,1.010334305401897,647.6176212549107,0,1.92,20,0.44,0.04,0,0.5269944141286982
A8,default,time_trend_mean,-0.08888888888888889,25,1,0.0013023928386088908,3.1440607988889036e-4,0.007672902718915018,0.033069496024,0.01012752587016187,0.0015434972333939379,7.652312187796098e-4,2.3546238972571533e-4,1.010334305401897,647.6176212549107,0,1.92,20,0.44,0.04,0,0.5269944141286982
A8,default,time_trend_sd,0.044444444444444446,25,0.8,0.005936735203695554,0.006439658445055556,0.008853581750957289,0.026733050237999996,0.008258863372634831,0.001340725626636652,4.964450997130205e-4,1.478184877195945e-4,1.010334305401897,647.6176212549107,0,1.92,20,0.44,0.04,0,0.5269944141286982
A8,default,treatment_effect_mean,-0.3333333333333333,25,1,0.0013116566113333184,0.001778888758333319,0.00841317385707186,0.04813337348000001,0.014626259715272767,0.0016963324566455986,0.0013940405246249342,4.2213525437998064e-4,1.010334305401897,647.6176212549107,0,1.92,20,0.44,0.04,0,0.5269944141286982
A8,default,treatment_effect_sd,0.06666666666666667,25,0.84,0.005409792418833334,0.005032440628333329,0.013133501603927258,0.038948344566,0.012029604591897699,0.0024428723732310602,8.65552434663232e-4,2.7686036262526714e-4,1.010334305401897,647.6176212549107,0,1.92,20,0.44,0.04,0,0.5269944141286982
A9,default,baseline_control_mean,0.45,25,0.96,0.0018144551853999879,0.0026558466500000155,0.0096757409996977,0.03947956003999999,0.012152019977256635,0.0019400141351869724,0.001340194831223415,4.2384029141347607e-4,1.0292410459830008,136.7024644335642,0,0,0,0,0,0,0.6174120189154433
A9,default,baseline_difference_sd,0,25,0,0.013895290963933046,0.01266613223304955,0.014477341424409535,0.029748311764419996,0.009409256821028259,8.295155148881815e-4,0.0011249297691271918,3.2359013049076496e-4,1.0292410459830008,136.7024644335642,0,0,0,0,0,0,0.6174120189154433
A9,default,time_trend_mean,-0.04,25,0.92,5.260065825600013e-4,6.259014185000036e-4,0.003741944487691071,0.018006528121999998,0.005510721213625161,7.562370005512255e-4,5.872329208279271e-4,1.7599995173007483e-4,1.0292410459830008,136.7024644335642,0,0,0,0,0,0,0.6174120189154433
A9,default,time_trend_sd,0.02,25,0.92,0.0013597957090321997,0.0027858645899999993,0.004667223958646812,0.015590389645399999,0.004837442382315223,9.113619640832531e-4,3.3493392529310623e-4,1.0793296068170343e-4,1.0292410459830008,136.7024644335642,0,0,0,0,0,0,0.6174120189154433
A9,default,treatment_effect_mean,-0.15,25,0.96,0.0018894021231799952,0.002288163874999999,0.0066265969000058,0.025791076360000005,0.007870005760637806,0.0012965008370624854,7.881750977618028e-4,2.4343050097196342e-4,1.0292410459830008,136.7024644335642,0,0,0,0,0,0,0.6174120189154433
A9,default,treatment_effect_sd,0.03,25,0.96,7.962373284320012e-4,8.119930355000027e-4,0.005541612546503846,0.021644912976,0.0067396581872230235,0.0011194395125162025,0.00050616795756355565,1.7047818097497275e-4,1.0292410459830008,136.7024644335642,0,0,0,0,0,0,0.6174120189154433
F1,default,baseline_difference_sd,0,25,0,0.02676103311453334,0.02749739070185,0.027716129986254927,0.022177050760599996,0.0067483626457752535,0.001472398384408773,3.033756998143667e-4,8.078782828696473e-5,1.0100713292595784,476.6600623133116,0,0,0,0,0,0,0.734888134542484
F1,default,time_trend_mean,-0.08998628257887518,25,1,0.0023212864431151853,0.0024628397118751783,0.006116493921882749,0.028047950841999996,0.008541706599990397,0.001155117727503678,5.357205844469073e-4,1.6035418900156654e-4,1.0100713292595784,476.6600623133116,0,0,0,0,0,0,0.734888134542484
F1,default,time_trend_sd,0.045528614603915496,25,0.96,0.0019622362565845045,0.003377688005584502,0.006098427493329327,0.023351813407999997,0.0071559446532120175,0.0011786370441591325,4.2554157924528074e-4,1.295834315001348e-4,1.0100713292595784,476.6600623133116,0,0,0,0,0,0,0.734888134542484
F1,default,treatment_effect_mean,-0.3374485596707819,25,0.96,5.256113833819143e-4,-6.81263114218067e-4,0.0074747849996556325,0.03203876066,0.009809687308973948,0.0015220072199885722,3.846099013815939e-4,1.2005581354856143e-4,1.0100713292595784,476.6600623133116,0,0,0,0,0,0,0.734888134542484
F1,default,treatment_effect_sd,0.07626392697027408,25,0.92,0.00232700990640592,0.0014608058397259233,0.007010017127680113,0.024876399331999997,0.007600235166698796,0.0013497741327387776,3.058324221125888e-4,8.818644260495524e-5,1.0100713292595784,476.6600623133116,0,0,0,0,0,0,0.734888134542484
F2,default,baseline_difference_sd,0,25,0,0.02510407657151198,0.0252715972754,0.025568601689989187,0.0156404621638,0.004753449441581271,9.903436245604622e-4,3.292703643084971e-4,9.105507547382134e-5,1.0176630841605936,101.25564616301114,0,0.2,3,0.12,0,0,0.6187311927170113
F2,default,time_trend_mean,0,25,0.72,-9.51935177156638e-5,-1.3621839620850004e-5,0.004736711731787284,0.01001207125966,0.0030601248007381446,9.666819587347098e-4,1.6357474862601883e-4,4.888445999412114e-5,1.0176630841605936,101.25564616301114,0,0.2,3,0.12,0,0,0.6187311927170113
F2,default,time_trend_sd,0,25,0,0.011285355810056241,0.011562540586928,0.012032030082037634,0.01427353867274,0.004365448536560534,8.517259960292492e-4,3.1283093370972705e-4,8.213093839216478e-5,1.0176630841605936,101.25564616301114,0,0.2,3,0.12,0,0,0.6187311927170113
F2,default,treatment_effect_mean,-0.3333333333333333,25,0.88,-8.542365044666833e-4,-1.895037816667111e-4,0.005200048943775675,0.01701631754,0.0051697138667848004,0.001047035279016007,2.1623278945986208e-4,6.180465805075334e-5,1.0176630841605936,101.25564616301114,0,0.2,3,0.12,0,0,0.6187311927170113
F2,default,treatment_effect_sd,0.06666666666666667,25,0.92,1.873859768333347e-4,0.0010840305558333374,0.0042135065724582255,0.012869741585999999,0.003932951303386112,8.592274662896044e-4,1.3762008083648936e-4,4.158068215307624e-5,1.0176630841605936,101.25564616301114,0,0.2,3,0.12,0,0,0.6187311927170113
F3,default,baseline_control_mean,0.45,25,0.88,1.9430409899998447e-4,1.7118270499999477e-4,0.005655594361526629,0.015479482480000011,0.004703333715170508,0.0011537618453570985,2.458641141453742e-4,7.070903151268698e-5,1.0159177629182234,183.43123917904026,0,0,0,0,0,0,0.678346519004411
F3,default,baseline_difference_sd,0,25,0,0.010179503494338413,0.0092272170400582,0.01075453275128984,0.019718899042239998,0.006132780378643659,7.082161660149468e-4,7.590624370799304e-4,2.1463577464291253e-4,1.0159177629182234,183.43123917904026,0,0,0,0,0,0,0.678346519004411
F3,default,time_trend_mean,-0.04,25,0.84,3.3337222674000076e-4,9.759485850000041e-4,0.0028007381326764394,0.008218147446000001,0.0025066274456040046,5.676338699030359e-4,9.958891319335636e-5,2.9291726515667062e-5,1.0159177629182234,183.43123917904026,0,0,0,0,0,0,0.678346519004411
F3,default,time_trend_sd,0.02,25,1,8.739312148599997e-4,0.0012085983570000007,0.0019574108051290235,0.007089937274,0.0021649159644725256,3.5752047095989115e-4,8.456528903964476e-5,2.6175680063432542e-5,1.0159177629182234,183.43123917904026,0,0,0,0,0,0,0.678346519004411
F3,default,treatment_effect_mean,-0.15,25,0.88,3.421843097999955e-4,5.085505399999857e-4,0.0029023198290173604,0.008755367199999997,0.002660980269503614,5.88301591024042e-4,7.841930704175096e-5,2.6057505942269543e-5,1.0159177629182234,183.43123917904026,0,0,0,0,0,0,0.678346519004411
F3,default,treatment_effect_sd,0.03,25,0.84,2.0560656576000118e-4,5.246201674999999e-4,0.0019922156217975374,0.006954919187999999,0.0021195952971781937,4.0448779461656437e-4,6.861799953219094e-5,2.1303474179692337e-5,1.0159177629182234,183.43123917904026,0,0,0,0,0,0,0.678346519004411
F4,default,baseline_difference_sd,0,25,0,0.023000648813641156,0.02468143566064,0.02370983661140469,0.0185265654987,0.005647151821841423,0.0011748493926714944,3.162601587266671e-4,9.063334326936044e-5,1.0056906490879678,532.1748701259366,0,0,0,0,0,0,0.7151641613338355
F4,default,time_trend_mean,-0.08998628257887518,25,0.92,-8.415093989648153e-4,-8.364949131248189e-4,0.007529873469207685,0.024650798281999998,0.00751467221136252,0.0015274005204067528,5.601619652804806e-4,1.6881862421342904e-4,1.0056906490879678,532.1748701259366,0,0,0,0,0,0,0.7151641613338355
F4,default,time_trend_sd,0.045528614603915496,25,0.72,0.002256535375084504,7.357745205845007e-4,0.007503517651336333,0.020261293942,0.00621074798916311,0.0014607478855724924,3.898282780510728e-4,1.2187949787784715e-4,1.0056906490879678,532.1748701259366,0,0,0,0,0,0,0.7151641613338355
F4,default,treatment_effect_mean,-0.3374485596707819,25,0.88,0.0022113496263819112,0.0018897649257819116,0.010600267285235223,0.030537605359999997,0.009330498835617736,0.002116163975888218,4.7433730047521054e-4,1.4489124270460646e-4,1.0056906490879678,532.1748701259366,0,0,0,0,0,0,0.7151641613338355
F4,default,treatment_effect_sd,0.07626392697027408,25,0.72,0.00621100745078592,0.0028874191302259156,0.0096523280224818,0.023892572249999997,0.0073234567360705195,0.0015081835473491113,3.2980337468344046e-4,1.0116522366476039e-4,1.0056906490879678,532.1748701259366,0,0,0,0,0,0,0.7151641613338355
F5,default,baseline_difference_sd,0,25,0,0.024623507015134348,0.0236683241603,0.025046580607394595,0.012986335672199999,0.003973951576994554,9.357283793553691e-4,1.951235986244631e-4,6.547136226920205e-5,1.0112985541961859,332.2677828639745,0,0,0,0,0,0,0.63022444180639825
F5,default,time_trend_mean,-0.22496570644718797,25,0.84,-3.9165046121203087e-4,-2.0714275781202884e-4,0.004503532500298595,0.014163391919999997,0.004318209501598596,9.157968956387591e-4,2.0300448973580116e-4,6.254514302720718e-5,1.0112985541961859,332.2677828639745,0,0,0,0,0,0,0.63022444180639825
F5,default,time_trend_sd,0.033218824807589406,25,0.52,0.0045813416962505946,0.005193105359910591,0.0059698223241386765,0.012561537983999999,0.0038410287336770148,7.812939812681542e-4,1.6214114917214513e-4,4.4090360307442735e-5,1.0112985541961859,332.2677828639745,0,0,0,0,0,0,0.63022444180639825
F5,default,treatment_effect_mean,-0.3374485596707819,25,0.92,-9.620278502180901e-4,-7.6057297421811e-4,0.006445534156935454,0.024022572279999987,0.007293505497073434,0.0013009517827284886,2.9186415100543724e-4,8.549892736878373e-5,1.0112985541961859,332.2677828639745,0,0,0,0,0,0,0.63022444180639825
F5,default,treatment_effect_sd,0.07626392697027408,25,0.4,0.01072475005710592,0.010852424526725926,0.01201962895324548,0.017995649016,0.005484078638090658,0.0011077608117711977,1.771724261998094e-4,5.5041615719415046e-5,1.0112985541961859,332.2677828639745,0,0,0,0,0,0,0.63022444180639825
F6,default,baseline_difference_sd,0,25,0,0.025132666506714,0.025682517458,0.025276835017834613,0.008797441424,0.002680089760048785,5.502826084963976e-4,5.602576529449404e-5,1.6675178105134562e-5,1.0142146305286632,221.240684598455,0,0,0,0,0,0,0.5558075628679583
F6,default,beta_cov[dose],-0.08998628257887518,25,0.88,2.2797468825518362e-4,6.97262079375191e-4,0.009279362779931707,0.027083846266,0.008263097707271684,0.0018935702735738036,3.8815956570640745e-4,1.1217467268312662e-4,1.0142146305286632,221.240684598455,0,0,0,0,0,0,0.5558075628679583
F6,default,time_trend_mean,-0.08998628257887518,25,1,1.9600214451518438e-4,-2.4211972012481986e-4,0.003230488475044075,0.012402660559999999,0.0037741540238592666,6.582058615008568e-4,1.547332807995023e-4,4.698358320776125e-5,1.0142146305286632,221.240684598455,0,0,0,0,0,0,0.5558075628679583
F6,default,time_trend_sd,0.045528614603915496,25,0.72,0.0025483855241245044,0.002860878805584506,0.004257267892448651,0.009749511357999998,0.002962660496613343,6.961220297867696e-4,8.424254027244032e-5,2.514759737780402e-5,1.0142146305286632,221.240684598455,0,0,0,0,0,0,0.5558075628679583
F6,default,treatment_effect_mean,-0.5624142661179699,25,0.96,9.593839431698559e-4,9.542057529698944e-4,0.006898460518841773,0.023786743499999985,0.007244290753366499,0.0013944583772264197,3.7005522300624443e-4,1.0818246626164347e-4,1.0142146305286632,221.240684598455,0,0,0,0,0,0,0.5558075628679583
F6,default,treatment_effect_sd,0.07626392697027408,25,0.04,0.01984851258434592,0.018409483085725917,0.021211691433245382,0.017965901346,0.005503369355117194,0.0015271487818845763,2.4399771965653372e-4,7.486789014041183e-5,1.0142146305286632,221.240684598455,0,0,0,0,0,0,0.5558075628679583
F7,default,baseline_difference_sd,0,25,0,0.02520251936972853,0.02453539603174,0.025895196848191387,0.0222332797748,0.006744997140798571,0.0012143969220879338,3.7251465601072144e-4,9.371427715932116e-5,1.0188696767383574,208.96252277159408,0,0,0,0,0,0,0.7398509486515538
F7,default,time_trend_mean,-0.08998628257887518,25,0.96,9.642417282751847e-4,-9.71420390124822e-4,0.007325123539993055,0.030732356577999997,0.009382139210305038,0.001482223453205989,7.354595134360976e-4,2.2334223174570148e-4,1.0188696767383574,208.96252277159408,0,0,0,0,0,0,0.7398509486515538
F7,default,time_trend_sd,0.045528614603915496,25,0.88,0.0041306913423245035,0.006559054332584503,0.007774471729062879,0.024495700019999997,0.007532722590832788,0.0013444298621293489,4.777004632184184e-4,1.4262843795115917e-4,1.0188696767383574,208.96252277159408,0,0,0,0,0,0,0.7398509486515538
F7,default,treatment_effect_mean,-0.3374485596707819,25,0.8,0.0034665912973819136,0.005548681745781936,0.01633285965989131,0.047544689859999996,0.014513025896638236,0.003257971310536032,7.020995134244572e-4,2.1393319241170468e-4,1.0188696767383574,208.96252277159408,0,0,0,0,0,0,0.7398509486515538
F7,default,treatment_effect_mean_pp,-0.5174211248285322,25,0.84,0.00878641839573221,0.007550314268532143,0.02271900822773791,0.06623637132000001,0.02020813229709681,0.004276642893999732,7.38444532284755e-4,2.2116826803169452e-4,1.0188696767383574,208.96252277159408,0,0,0,0,0,0,0.7398509486515538
F7,default,treatment_effect_mean_rct,-0.11248285322359394,25,1,0.001066161887713944,-0.001943619981906064,0.012750286807362341,0.048729171432,0.014924903963188265,0.002593526496387885,6.238779673991911e-4,1.9125331175391718e-4,1.0188696767383574,208.96252277159408,0,0,0,0,0,0,0.7398509486515538
F7,default,treatment_effect_sd,0.07626392697027408,25,0.96,0.0021597616929859213,0.0036975262922259167,0.0066804044137575526,0.024717610348,0.007593396913703054,0.0012904009803297253,2.4016739105337851e-4,7.59698239605109e-5,1.0188696767383574,208.96252277159408,0,0,0,0,0,0,0.7398509486515538
F8,default,baseline_difference_sd,0,25,0,0.024042587586178,0.024260738434,0.024183191365373377,0.00876527081,0.0026571247191113936,5.31535777066047e-4,5.6225983842467894e-5,1.685044704723376e-5,1.0069969590444603,573.2875532693231,0,0,0,0,0,0,0.21370732992456762
F8,default,time_trend_mean,-0.08888888888888889,25,0.96,-4.3280991051110774e-4,-8.594044076111057e-4,0.0030377556375670747,0.011875455792000004,0.0036245828254189492,6.137533059969993e-4,1.2932444219698497e-4,3.964072093764159e-5,1.0069969590444603,573.2875532693231,0,0,0,0,0,0,0.21370732992456762
F8,default,time_trend_sd,0.044444444444444446,25,0.84,0.0014678142972555542,0.0015361691815555523,0.003232638601651301,0.009438396777999998,0.0028721496279829214,5.879155805916592e-4,8.933504413114501e-5,2.438732518617961e-5,1.0069969590444603,573.2875532693231,0,0,0,0,0,0,0.21370732992456762
F8,default,treatment_effect_mean,-0.3333333333333333,25,0.96,-5.488410700666813e-4,-5.151120166667078e-4,0.004013729614525525,0.0178363005,0.005414215011745644,8.116033231184861e-4,1.6191352585328214e-4,5.145968487614535e-5,1.0069969590444603,573.2875532693231,0,0,0,0,0,0,0.21370732992456762
F8,default,treatment_effect_sd,0.06666666666666667,25,0.92,0.0018977448228333343,0.0016981622568333354,0.004120187918934362,0.013935982434,0.004252440108650233,7.465061139161873e-4,1.1059033324077521e-4,3.455743576396535e-5,1.0069969590444603,573.2875532693231,0,0,0,0,0,0,0.21370732992456762
B1,full,baseline_difference_sd,0,25,0,0.03390488425541922,0.03002204060755,0.03660819646801277,0.06463255068039998,0.02170159859755137,0.0028182357976463527,0.002775891772310123,9.328327615427965e-4,1.0683134911454502,46.56922194893217,0.08,18.28,73,0.64,0.52,0,0.6787303610331112
B1,full,time_trend_mean,-0.22496570644718797,25,0.88,0.002239464457507968,0.002794588627187955,0.020176143052811492,0.07474160692,0.022927401576533734,0.0040929896745893046,0.004070831147499777,0.0012332494600570281,1.0683134911454502,46.56922194893217,0.08,18.28,73,0.64,0.52,0,0.6787303610331112
B1,full,time_trend_sd,0.033218824807589406,25,0.8,0.018706413060008857,0.019455044968530594,0.0305505543615558,0.07207708603839999,0.022355788617809017,0.0049303755867188,0.004297714041081216,0.0013914428372164508,1.0683134911454502,46.56922194893217,0.08,18.28,73,0.64,0.52,0,0.6787303610331112
B1,full,treatment_effect_mean,-0.3374485596707819,25,0.92,-0.0015972072198180887,-0.0032539628542180843,0.025119096872992616,0.08586726441999999,0.02619844066205965,0.005117038355711519,0.0024332928823055763,7.537193414497736e-4,1.0683134911454502,46.56922194893217,0.08,18.28,73,0.64,0.52,0,0.6787303610331112
B1,full,treatment_effect_sd,0.07626392697027408,25,0.84,0.0029880863444579618,0.005739075321675918,0.022256836271002535,0.073634831448,0.02255076977035254,0.004502027787528443,0.0044350207871457666,0.0013592118350178749,1.0683134911454502,46.56922194893217,0.08,18.28,73,0.64,0.52,0,0.6787303610331112
B1,naive,baseline_difference_sd,0,25,0,0.034431778617622054,0.035383339575165,0.03706157394488161,0.0654427317222,0.021714115442137586,0.002798905176574942,0.00296845360255995,9.762674695442976e-4,1.0207939537638007,142.81501051577538,0,2.56,14,0.68,0.04,0,0.5256056394411476
B1,naive,time_trend_mean,-0.22496570644718797,25,0.88,0.00860156073301997,0.012947235492187958,0.022308777382644283,0.09168901195999998,0.02873417907261602,0.004201659896519817,0.007762624256259118,0.0023831840269824744,1.0207939537638007,142.81501051577538,0,2.56,14,0.68,0.04,0,0.5256056394411476
B1,naive,time_trend_sd,0.033218824807589406,25,0.84,0.020670670393906607,0.01935010334852559,0.03552192689023874,0.10687155518359998,0.03617983479979462,0.005896788234079699,0.00839023086631053,0.0028172071231455766,1.0207939537638007,142.81501051577538,0,2.56,14,0.68,0.04,0,0.5256056394411476
B1,naive,treatment_effect_mean,-0.3374485596707819,25,0,-0.1885951685442181,-0.18733714925921807,0.18945618610768353,0.08129392115999999,0.024768735401230566,0.0036827800654260835,0.00223279058037371,6.707873981811282e-4,1.0207939537638007,142.81501051577538,0,2.56,14,0.68,0.04,0,0.5256056394411476
B1,naive,treatment_effect_sd,0.07626392697027408,25,0,0.05571850362610592,0.05601404426622593,0.05836051859608101,0.063016579152,0.01957697542003745,0.0035437649733436687,0.001417753104401447,4.473361972146886e-4,1.0207939537638007,142.81501051577538,0,2.56,14,0.68,0.04,0,0.5256056394411476
B2,full,baseline_difference_sd,0,25,0,0.02907088720158914,0.028664727686215,0.0305525849766326,0.04116872330483999,0.012698423572018952,0.001918592866169942,0.0010704003465868781,3.0255096327150494e-4,1.0252370608201353,198.28269664824705,0,0.64,7,0.24,0,0,0.7719273313738683
B2,full,time_trend_mean,0,25,0.96,-0.003339905934645259,-0.005002260995673865,0.00891540612065541,0.031529935979579995,0.009718128650336362,0.0016873239987716907,7.863840671220561e-4,2.4135519140212002e-4,1.0252370608201353,198.28269664824705,0,0.64,7,0.24,0,0,0.7719273313738683
B2,full,time_trend_sd,0,25,0,0.017943718102884535,0.0167070460887125,0.018818415535152375,0.03458473631245999,0.010801396284856423,0.001157507089572927,0.0011764188326074162,3.324704475916682e-4,1.0252370608201353,198.28269664824705,0,0.64,7,0.24,0,0,0.7719273313738683
B2,full,treatment_effect_mean,-0.3333333333333333,25,0.88,0.0036237990345333194,0.0032905453133333373,0.016699148159559096,0.05007528520000001,0.015264211882719878,0.0033274716991798076,0.0012848288077640282,3.8037519694238055e-4,1.0252370608201353,198.28269664824705,0,0.64,7,0.24,0,0,0.7719273313738683
B2,full,treatment_effect_sd,0.06666666666666667,25,0.84,-6.113374950186659e-4,-0.0016578349196666592,0.013071901250087042,0.039243194518,0.012025416436274163,0.002665371055775752,9.711714259113132e-4,2.9627038822487993e-4,1.0252370608201353,198.28269664824705,0,0.64,7,0.24,0,0,0.7719273313738683
B2,naive,baseline_difference_sd,0,25,0,0.029944283550183613,0.0301758627159825,0.031718737835036155,0.0439049831722,0.013733990644569037,0.0021352030788853666,0.0012495070635372817,3.6983635183711935e-4,1.0124490834966027,295.8035603894439,0,0.12,1,0.12,0,0,0.6402823942053447
B2,naive,time_trend_mean,0,25,1,-0.004226521312611254,-0.0052829671655933,0.008163914571875886,0.03133667660154,0.009721695171001082,0.0014257456927711295,8.225766823545489e-4,2.585991555202181e-4,1.0124490834966027,295.8035603894439,0,0.12,1,0.12,0,0,0.6402823942053447
B2,naive,time_trend_sd,0,25,0,0.018193400876043625,0.016811450034776,0.0190631320245083,0.035650699811099994,0.011293006328075384,0.0011619517909428824,0.0012767102160677968,3.551723414199568e-4,1.0124490834966027,295.8035603894439,0,0.12,1,0.12,0,0,0.6402823942053447
B2,naive,treatment_effect_mean,-0.3333333333333333,25,0.84,0.0028512764203333174,0.0033865692883333076,0.015491025028929042,0.045860453700000005,0.014005086411856925,0.0031080679906076514,0.0014440316446409954,4.4567694711335405e-4,1.0124490834966027,295.8035603894439,0,0.12,1,0.12,0,0,0.6402823942053447
B2,naive,treatment_effect_sd,0.06666666666666667,25,0.84,0.0034270624171733343,0.0028611832918333385,0.013226102293008817,0.036920305189999995,0.011414664704818117,0.0026075613212183137,0.001027574121998081,3.1127954522335537e-4,1.0124490834966027,295.8035603894439,0,0.12,1,0.12,0,0,0.6402823942053447
B3,full,baseline_difference_sd,0,25,0,0.027417920160998116,0.0247169918621575,0.02962595189012369,0.042796070714279995,0.01335018612552092,0.0022908757372187075,0.0014711916321114243,4.300542625995927e-4,1.0158494352960976,45.985540168088036,0,0.08,1,0.08,0,0,0.663222227027084
B3,full,time_trend_mean,-0.08998628257887518,25,0.4,0.06427866246123766,0.06637090244820568,0.0691020716364892,0.0850495500776,0.026668119722980818,0.005177474676619062,0.007158476272491174,0.0023205383741822893,1.0158494352960976,45.985540168088036,0,0.08,1,0.08,0,0,0.663222227027084
B3,full,time_trend_sd,0.045528614603915496,25,0.92,0.014236392758214504,0.013247460077084501,0.02679945626406447,0.077907427142,0.024650287361261545,0.004634723909807367,0.005985781247151663,0.0020047154138534756,1.0158494352960976,45.985540168088036,0,0.08,1,0.08,0,0,0.663222227027084
B3,full,treatment_effect_mean,-0.3374485596707819,25,0.24,-0.08430889241261809,-0.07658238324421807,0.08952220045343391,0.12948025386,0.03977204660511824,0.006144899762480503,0.004059840917968351,0.0013762868809201604,1.0158494352960976,45.985540168088036,0,0.08,1,0.08,0,0,0.663222227027084
B3,full,treatment_effect_sd,0.07626392697027408,25,0.24,0.05923780297049532,0.05688114681822591,0.06359992291004335,0.105329345498,0.032706242945475306,0.004725078894368819,0.0044842501448836055,0.001501555600088168,1.0158494352960976,45.985540168088036,0,0.08,1,0.08,0,0,0.663222227027084
B3,naive,baseline_difference_sd,0,25,0,0.02720547747441005,0.0242406273891335,0.029415481044300005,0.042575393322759995,0.01331136376937659,0.002283386743203869,0.0014645137125179094,4.294487298568225e-4,1.0417309146053446,204.09339102742626,0,0,0,0,0,0,0.5903752194700227
B3,naive,time_trend_mean,-0.08998628257887518,25,0,0.0895335514066827,0.08804976744711468,0.0904716232095502,0.058281813289559996,0.018200501398966427,0.0026524970835495034,0.0024066400060412424,7.42408768824274e-4,1.0417309146053446,204.09339102742626,0,0,0,0,0,0,0.5903752194700227
B3,naive,time_trend_sd,0.045528614603915496,25,1,0.0034649986612798043,0.0063900361235845055,0.012570390787576399,0.05517518248779999,0.017941070121257976,0.002466513301789549,0.0016813373237404867,5.569663591444861e-4,1.0417309146053446,204.09339102742626,0,0,0,0,0,0,0.5903752194700227
B3,naive,treatment_effect_mean,-0.3374485596707819,25,0.04,-0.10986814454881809,-0.1096512096792181,0.11126125610211623,0.11739947827999998,0.035759169182714545,0.0035827010458865096,0.0029866115561423506,9.060038447997083e-4,1.0417309146053446,204.09339102742626,0,0,0,0,0,0,0.5903752194700227
B3,naive,treatment_effect_sd,0.07626392697027408,25,0,0.07877330596760593,0.08021653308422592,0.08122872409409868,0.09218306290799999,0.02889756541577766,0.004045943878797769,0.0023403809318567007,7.176051187644864e-4,1.0417309146053446,204.09339102742626,0,0,0,0,0,0,0.5903752194700227
B4,correlated,baseline_difference_sd,0,25,0,0.02294125269746904,0.023084417854,0.024038865584883717,0.02440926057804,0.007450271195052711,0.0014658044332802427,4.881411859615041e-4,1.2874327071664532e-4,1.0056072327697152,424.47237136220383,0,3.44,31,0.64,0.08,0,0.3619192993530571
B4,correlated,time_trend_mean,-0.08888888888888889,25,0.88,-3.3821744717110747e-4,0.0014253308478888865,0.00967809035183291,0.031243796631999998,0.009542011585213526,0.00197432522034608,8.422332846600315e-4,2.536776569422937e-4,1.0056072327697152,424.47237136220383,0,3.44,31,0.64,0.08,0,0.3619192993530571
B4,correlated,time_trend_sd,0.044444444444444446,25,0.92,0.0016360862800655538,0.0022288529115555566,0.007537926015895821,0.025278309755999998,0.007812277155495373,0.0015019924309798787,5.174770954828246e-4,1.6154049574062523e-4,1.0056072327697152,424.47237136220383,0,3.44,31,0.64,0.08,0,0.3619192993530571
B4,correlated,treatment_effect_mean,-0.3333333333333333,25,0.88,0.002891064522533313,0.001348600683333312,0.01578087213255428,0.04741676491999999,0.01449279815717025,0.0031667390640227047,0.0012803762245328328,3.909814132529903e-4,1.0056072327697152,424.47237136220383,0,3.44,31,0.64,0.08,0,0.3619192993530571
B4,correlated,treatment_effect_sd,0.06666666666666667,25,0.96,0.0036592988389133343,0.004042540779833334,0.011653426633030622,0.038317057919999994,0.01183684396432833,0.002258427589966773,7.744252445100983e-4,2.4183850785946623e-4,1.0056072327697152,424.47237136220383,0,3.44,31,0.64,0.08,0,0.3619192993530571
B4,independent,baseline_difference_sd,0,25,0,0.024317388258080223,0.02423296351867,0.025317159589051178,0.024264324373019997,0.007404762802179175,0.0014379267187410848,3.885808403784036e-4,1.0144720113769009e-4,1.007687572027965,320.30021191941586,0,0,0,0,0,0,0.5833714981424206
B4,independent,time_trend_mean,-0.08888888888888889,25,0.92,-2.0213714179110665e-4,0.0023704453468888914,0.009734036328751937,0.033551817963999996,0.010235477489126609,0.0019865233850600546,8.873273869485392e-4,2.665505122984018e-4,1.007687572027965,320.30021191941586,0,0,0,0,0,0,0.5833714981424206
B4,independent,time_trend_sd,0.044444444444444446,25,0.8,0.0056200156568075536,0.005758126789555555,0.009594100932937126,0.027343757298,0.008453577995196158,0.0015872171234667166,5.805596956797508e-4,1.7369334818067385e-4,1.007687572027965,320.30021191941586,0,0,0,0,0,0,0.5833714981424206
B4,independent,treatment_effect_mean,-0.3333333333333333,25,0.88,0.0026556886105333155,0.001779888803333296,0.015699130577848552,0.05000883598,0.015331997068881746,0.0031583884267680925,0.001305040204177745,3.9792580571994154e-4,1.007687572027965,320.30021191941586,0,0,0,0,0,0,0.5833714981424206
B4,independent,treatment_effect_sd,0.06666666666666667,25,0.84,0.009824802621133335,0.009571112248333333,0.015130501036546935,0.04153345576,0.012777662512125677,0.002348805681198421,9.605325338773454e-4,2.944391542541326e-4,1.007687572027965,320.30021191941586,0,0,0,0,0,0,0.5833714981424206
B5,full,time_trend_mean,-0.08998628257887518,25,0.84,0.0037232755619772445,0.007189580350110178,0.018716473124845485,0.05951532034839999,0.018610268569936396,0.003744126429726557,0.004004779389652696,0.0012771125024544383,1.0302323391737507,118.98028140554096,0,5,118,0.2,0.04,0,0.6135030374785316
B5,full,time_trend_sd,0.045528614603915496,25,0.8,0.0035669974874967428,2.3309413108450056e-4,0.019876763509349468,0.056464615787999994,0.018233569220704193,0.003991460971722418,0.00276804067845199,9.466784118115688e-4,1.0302323391737507,118.98028140554096,0,5,118,0.2,0.04,0,0.6135030374785316
B5,full,treatment_effect_mean,-0.3374485596707819,25,0.12,0.06336226016418192,0.06517386887578192,0.06645543938482724,0.08854365972000001,0.02709931238455621,0.0040903820660838745,0.0025888627397308126,7.66317275457826e-4,1.0302323391737507,118.98028140554096,0,5,118,0.2,0.04,0,0.6135030374785316
B5,full,treatment_effect_sd,0.07626392697027408,25,0.6,0.025145038361875923,0.026355091462725924,0.0340601061916584,0.07206689686199999,0.02239095714589373,0.00468960676908183,0.0021925080890063246,6.339754863154818e-4,1.0302323391737507,118.98028140554096,0,5,118,0.2,0.04,0,0.6135030374785316
B5,naive,time_trend_mean,-0.08998628257887518,25,0.84,0.004402267999369684,0.008955637575875183,0.019004281908655433,0.06066990185579999,0.019081578432144156,0.003773718145086785,0.004260868831027646,0.001356632402928644,1.0156358151742713,238.02999738886925,0,0.16,3,0.08,0,0,0.7186800902780673
B5,naive,time_trend_sd,0.045528614603915496,25,0.84,0.0038164847745239343,-0.0010651680051304985,0.02046475082522012,0.058223739112799995,0.018916800386002366,0.004104065414846676,0.0030414203738743104,0.0010621975983567118,1.0156358151742713,238.02999738886925,0,0.16,3,0.08,0,0,0.7186800902780673
B5,naive,treatment_effect_mean,-0.3374485596707819,25,0.04,0.0721287408093819,0.0750748304857819,0.07376868386450612,0.08437142265999999,0.025684823614816932,0.003157421603371247,0.0025279856930728603,7.657160897516244e-4,1.0156358151742713,238.02999738886925,0,0.16,3,0.08,0,0,0.7186800902780673
B5,naive,treatment_effect_sd,0.07626392697027408,25,0.44,0.03204949433004592,0.031232598159225924,0.036623805950713566,0.066830050778,0.02092075561084866,0.0036178554622863087,0.001859738669714471,5.792148681172639e-4,1.0156358151742713,238.02999738886925,0,0.16,3,0.08,0,0,0.7186800902780673
B5,zero_mean,time_trend_mean,-0.08998628257887518,25,0.84,0.004275141315071205,0.008068761941875183,0.019112594329123885,0.0608143319644,0.018840093715752314,0.0038024905693825072,0.004001435556440733,0.001246467665179798,1.0152088165366047,271.1084807804681,0,0.08,2,0.04,0,0,0.6701857082788374
B5,zero_mean,time_trend_sd,0.045528614603915496,25,0.84,0.004041821261249168,2.9375166048450224e-4,0.020237404098251026,0.057812496681799996,0.018721220993057175,0.0040477164628550215,0.00303056794900097,0.0010020324781799543,1.0152088165366047,271.1084807804681,0,0.08,2,0.04,0,0,0.6701857082788374
B5,zero_mean,treatment_effect_mean,-0.3374485596707819,25,0.08,0.0692843198387819,0.06945109228078189,0.07123279549053797,0.08580102396000001,0.026249320063691954,0.0033775865266129613,0.002720596592466705,8.263309941393784e-4,1.0152088165366047,271.1084807804681,0,0.08,2,0.04,0,0,0.6701857082788374
B5,zero_mean,treatment_effect_sd,0.07626392697027408,25,0.52,0.02964871770471592,0.02921541084372592,0.03542470951089345,0.07012945283399999,0.021721512246126937,0.003957395936709569,0.0017812186274620584,5.431412251879599e-4,1.0152088165366047,271.1084807804681,0,0.08,2,0.04,0,0,0.6701857082788374
B6,full,time_trend_mean,-0.08998628257887518,25,0.96,0.0018245050108351847,0.00339086129087518,0.009621167480687665,0.050005917556,0.015420240882482544,0.0019282769203453713,0.0016717787829012818,5.055724538132749e-4,1.0079394349815394,306.200276704102,0,0,0,0,0,0,0.7051116718142748
B6,full,time_trend_sd,0.045528614603915496,25,0.96,0.007192078935938304,0.007403916853084502,0.012168481165224551,0.042659620826,0.013477767793855674,0.0020036002433916427,0.0010240067284988858,3.444411352193685e-4,1.0079394349815394,306.200276704102,0,0,0,0,0,0,0.7051116718142748
B6,full,treatment_effect_mean,-0.3374485596707819,25,0.6,-0.03129214180141809,-0.028664621994218098,0.03731992349847315,0.06987192736,0.021390806727040284,0.004151197374512519,0.001533616835399702,4.881262247279983e-4,1.0079394349815394,306.200276704102,0,0,0,0,0,0,0.7051116718142748
B6,full,treatment_effect_sd,0.07626392697027408,25,0.96,0.005738037833145922,0.004405078930225917,0.01212121925101996,0.053658183878,0.01647451159866781,0.0021794387461443196,0.0013380423134742201,4.0224925992744597e-4,1.0079394349815394,306.200276704102,0,0,0,0,0,0,0.7051116718142748
B6,naive,time_trend_mean,-0.08998628257887518,25,0.96,0.005106118782548585,0.006146089089375181,0.011107445070476282,0.050868865247999995,0.015631037046504103,0.0020135260011167016,0.0018153913220898606,5.388356814060677e-4,1.0092071602552102,320.54016793335626,0,0,0,0,0,0,0.7659114121466366
B6,naive,time_trend_sd,0.045528614603915496,25,0.96,0.007561950244839305,0.008368681008584504,0.012631777693506869,0.043704953212,0.013711094839068289,0.0020653764405949553,0.0011646869555015757,3.7786362228433293e-4,1.0092071602552102,320.54016793335626,0,0,0,0,0,0,0.7659114121466366
B6,naive,treatment_effect_mean,-0.3374485596707819,25,0.44,0.02857341644458191,0.029179271495781922,0.032698358233820266,0.05652561049999998,0.01723313251002071,0.0032451406227346135,0.0011260278214917391,3.356746228221185e-4,1.0092071602552102,320.54016793335626,0,0,0,0,0,0,0.7659114121466366
B6,naive,treatment_effect_sd,0.07626392697027408,25,0.88,0.00862633553210592,0.007432732937725922,0.013026104892868626,0.044222853964,0.013691147342150295,0.001992336818574515,8.730686312006526e-4,2.609840155696201e-4,1.0092071602552102,320.54016793335626,0,0,0,0,0,0,0.7659114121466366
B6,zero_mean,time_trend_mean,-0.08998628257887518,25,0.96,0.006066010882678586,0.006960881667875188,0.011269498957454086,0.050586558213999995,0.015526989695104243,0.001938697143307885,0.0017381066048472473,5.265302385357638e-4,1.0111639521863822,396.3590015925382,0,0,0,0,0,0,0.6879698494317797
B6,zero_mean,time_trend_sd,0.045528614603915496,25,0.92,0.007478605694262504,0.008725258935084503,0.012537273004949777,0.043416475983999996,0.013641126708332871,0.0020539968280402607,0.0012179819390900745,4.123061771822609e-4,1.0111639521863822,396.3590015925382,0,0,0,0,0,0,0.6879698494317797
B6,zero_mean,treatment_effect_mean,-0.3374485596707819,25,0.88,0.011294770804381913,0.013397437445781923,0.02256876573784441,0.06695453632000001,0.02044528683079894,0.003988406842578155,0.001832489387314351,5.456877271664267e-4,1.0111639521863822,396.3590015925382,0,0,0,0,0,0,0.6879698494317797
B6,zero_mean,treatment_effect_sd,0.07626392697027408,25,1,0.002040441646225921,8.124880297259163e-4,0.013125625199076786,0.053070954782,0.016528905567678904,0.0026466853070947253,0.0011969511229661194,3.6328769269024035e-4,1.0111639521863822,396.3590015925382,0,0,0,0,0,0,0.6879698494317797
C1,normal,baseline_difference_sd,0,25,0,0.02734883056852818,0.0280918519583,0.02924571248802042,0.030437937807979997,0.009392445045092287,0.0021149582882598024,6.340142806082267e-4,1.7569758311059773e-4,1.023797956083967,202.7874790696151,0,0,0,0,0,0,0.5937855916799708
C1,normal,time_trend_mean,-0.08998628257887518,25,0.96,0.0017590528324951849,0.0012697578118751884,0.009467885723660207,0.042655577826,0.013060574058772015,0.0018989755265315582,0.0014126273746153397,4.204099383119785e-4,1.023797956083967,202.7874790696151,0,0,0,0,0,0,0.5937855916799708
C1,normal,time_trend_sd,0.045528614603915496,25,0.88,0.007610122216618503,0.012030014556084503,0.013257138431969769,0.036693867538,0.011390022781384323,0.002215830913116448,9.981641992736722e-4,3.0495949327438894e-4,1.023797956083967,202.7874790696151,0,0,0,0,0,0,0.5937855916799708
C1,normal,treatment_effect_mean,-0.3374485596707819,25,0.84,-0.004300158827618086,-0.0018445191742180733,0.027205232120403912,0.08759961556,0.026833874810397274,0.00548343448025625,0.0032278509044565765,9.780438147732012e-4,1.023797956083967,202.7874790696151,0,0,0,0,0,0,0.5937855916799708
C1,normal,treatment_effect_sd,0.07626392697027408,25,0.32,0.037389464586245924,0.037778408909225916,0.043953646578451896,0.06998246678,0.02188446032681062,0.004716774080773312,0.0023921099006055666,7.688267343924591e-4,1.023797956083967,202.7874790696151,0,0,0,0,0,0,0.5937855916799708
C1,robust,baseline_difference_sd,0,25,0,0.027126059141520924,0.028505958639365,0.029033781713616143,0.030398514550499998,0.009354730502205703,0.002112831788980336,6.243218841767647e-4,1.8014811089322633e-4,1.007213645687754,560.0859681859586,0,0,0,0,0,0,0.6428946990984643
C1,robust,time_trend_mean,-0.08998628257887518,25,0.96,0.001997706182435185,0.0017716649748751867,0.009548862660565304,0.043647523486,0.013311855916030936,0.001906020594054081,0.0015169826748905077,4.6278351559328555e-4,1.007213645687754,560.0859681859586,0,0,0,0,0,0,0.6428946990984643
C1,robust,time_trend_sd,0.045528614603915496,25,0.84,0.007781252108618504,0.012218179630084501,0.013429847261021095,0.03653170139,0.011413272754952736,0.002234324218084705,0.0010234249273100569,3.2107081368444595e-4,1.007213645687754,560.0859681859586,0,0,0,0,0,0,0.6428946990984643
C1,robust,treatment_effect_mean,-0.3374485596707819,25,0.92,-0.004663281377218087,-0.0020755462892180776,0.022663158154526148,0.08191437688,0.025035790988941722,0.0045271060675941945,0.0030667463675221216,9.472325436942871e-4,1.007213645687754,560.0859681859586,0,0,0,0,0,0,0.6428946990984643
C1,robust,treatment_effect_sd,0.07626392697027408,25,0.64,0.021210620559945922,0.021947393850225927,0.02981613435432762,0.075518967004,0.02346031834940512,0.004277418630130576,0.0027658553989014763,8.330340909321339e-4,1.007213645687754,560.0859681859586,0,0,0,0,0,0,0.6428946990984643
C2,normal,baseline_difference_sd,0,25,0,0.028235300723352227,0.027933055815015,0.02990988222149506,0.03117203790212,0.009587289608359011,0.0020142083594385522,6.444141326048608e-4,1.8426149636865735e-4,1.0273568572564895,177.98404853066822,0,0,0,0,0,0,0.608663956096463
C2,normal,time_trend_mean,-0.08998628257887518,25,0.84,0.0030856714584951857,0.00292592373637518,0.01205818839750168,0.04049429069799999,0.012397590018865281,0.002379412909731029,0.0013591662706672384,4.239263962471175e-4,1.0273568572564895,177.98404853066822,0,0,0,0,0,0,0.608663956096463
C2,normal,time_trend_sd,0.045528614603915496,25,0.96,0.0036597264810277036,0.0026461716355845044,0.010939163610655257,0.035074312015999996,0.010882821761845353,0.0021042784054629902,8.904593478693004e-4,2.8705470369137743e-4,1.0273568572564895,177.98404853066822,0,0,0,0,0,0,0.608663956096463
C2,normal,treatment_effect_mean,-0.3374485596707819,25,0.8,0.00245897613396191,0.0031832539157818918,0.04210214073188853,0.12414191547999999,0.038251886081492624,0.008579393166624007,0.002715638796914703,8.357921417996182e-4,1.0273568572564895,177.98404853066822,0,0,0,0,0,0,0.608663956096463
C2,normal,treatment_effect_sd,0.07626392697027408,25,0,0.08893417724178591,0.09202457121972592,0.0905026410780265,0.09806852007399999,0.03047130574471155,0.0034244230683472764,0.0020698574857232394,6.67634354444532e-4,1.0273568572564895,177.98404853066822,0,0,0,0,0,0,0.608663956096463
C2,robust,baseline_difference_sd,0,25,0,0.028232647579569812,0.0277523657410495,0.029932699636101193,0.031118341471599996,0.009578072438198915,0.0020298205806678184,6.056359673875782e-4,0.00017862993931199675,1.0074776347476984,695.0166951892045,0,0,0,0,0,0,0.6162344330275314
C2,robust,time_trend_mean,-0.08998628257887518,25,0.84,0.0029705716695591845,0.003030096360375184,0.012194155415555113,0.04019145158399999,0.012360653915898181,0.0024141348541344685,0.0013807544440240652,4.1198492077307796e-4,1.0074776347476984,695.0166951892045,0,0,0,0,0,0,0.6162344330275314
C2,robust,time_trend_sd,0.045528614603915496,25,0.92,0.0036456033115705045,0.0024628664875845016,0.010899103432401896,0.034936467017999996,0.010925002199874821,0.002096624590113644,8.101715736289795e-4,2.5687043764662475e-4,1.0074776347476984,695.0166951892045,0,0,0,0,0,0,0.6162344330275314
C2,robust,treatment_effect_mean,-0.3374485596707819,25,0.88,0.0026164217801819102,-0.0026142987842180943,0.034960801537399576,0.11317669828,0.03460850340141457,0.0071163309284748635,0.0020759081688354586,6.535936234782873e-4,1.0074776347476984,695.0166951892045,0,0,0,0,0,0,0.6162344330275314
C2,robust,treatment_effect_sd,0.07626392697027408,25,0.28,0.06007964539978592,0.05927453381272592,0.06137231379632038,0.113284228216,0.03492035781943794,0.0025576446631454973,0.0032207968196370576,0.0010218281809854007,1.0074776347476984,695.0166951892045,0,0,0,0,0,0,0.6162344330275314
C3,normal,baseline_difference_sd,0,25,0,0.024118717109950144,0.02361622502618,0.025088275183115863,0.030818951644259997,0.00943427732532641,0.0014099207518206093,4.811086423759447e-4,1.2841999758637994e-4,1.0233049562274468,256.0781805497749,0,0,0,0,0,0,0.5654678633242892
C3,normal,time_trend_mean,-0.08998628257887518,25,0.92,1.125741958191856e-4,0.001372896561375181,0.010675599252093368,0.041562686402,0.012680060267325937,0.002179026411436731,0.0016032931649891263,4.95796870000665e-4,1.0233049562274468,256.0781805497749,0,0,0,0,0,0,0.5654678633242892
C3,normal,time_trend_sd,0.045528614603915496,25,0.84,0.005051576499744504,0.0030297666590845054,0.01231449397015367,0.035273696224,0.01102389730983025,0.002292454439825179,0.0010390683878382153,3.333353409815984e-4,1.0233049562274468,256.0781805497749,0,0,0,0,0,0,0.5654678633242892
C3,normal,treatment_effect_mean,-0.3374485596707819,25,0.84,0.0063128285367819136,0.005607952120781912,0.026011848591307202,0.08780556,0.02678302519330629,0.005150907941819102,0.004762797906557157,0.0014550465010953668,1.0233049562274468,256.0781805497749,0,0,0,0,0,0,0.5654678633242892
C3,normal,treatment_effect_sd,0.07626392697027408,25,0.52,0.03687831745124592,0.02697726354722592,0.049177346719782015,0.069936450676,0.02195121198167024,0.006640786638778777,0.0034785345213112634,0.0011237764895158018,1.0233049562274468,256.0781805497749,0,0,0,0,0,0,0.5654678633242892
C3,robust,baseline_difference_sd,0,25,0,0.024100227439810724,0.02393858073954,0.025061008727211218,0.031056556166099997,0.009395869626016368,0.001402871991290711,5.109549406866192e-4,1.330446378655105e-4,1.0081171498462151,548.1312437312075,0,0,0,0,0,0,0.5923404131698302
C3,robust,time_trend_mean,-0.08998628257887518,25,0.92,-1.334999289434158e-4,8.216664298751897e-4,0.01068685809355841,0.041275788422,0.012618306644334665,0.0021812755603165907,0.0014837619416543314,4.5594851742524964e-4,1.0081171498462151,548.1312437312075,0,0,0,0,0,0,0.5923404131698302
C3,robust,time_trend_sd,0.045528614603915496,25,0.84,0.0049873398297325035,0.0028794807150845023,0.012142950919630486,0.03510159437199999,0.010964587097651683,0.002259956659423275,9.89813516308165e-4,3.2333489964491476e-4,1.0081171498462151,548.1312437312075,0,0,0,0,0,0,0.5923404131698302
C3,robust,treatment_effect_mean,-0.3374485596707819,25,0.84,0.0074121672983819085,0.0049989591207819095,0.025356519815268864,0.08538549013999999,0.026038161384411233,0.0049498016504154006,0.004162212483501659,0.0012352920547793029,1.0081171498462151,548.1312437312075,0,0,0,0,0,0,0.5923404131698302
C3,robust,treatment_effect_sd,0.07626392697027408,25,0.76,0.026295403312745918,0.019260645895725917,0.036679649810425596,0.075131827708,0.023323670579015396,0.005219947616417738,0.00438873630187398,0.001343172320182778,1.0081171498462151,548.1312437312075,0,0,0,0,0,0,0.5923404131698302
C4,normal,baseline_difference_sd,0,25,0,0.02274593513993184,0.0213754851675,0.023743307906567184,0.0300828406965,0.00914913972560689,0.001389950612972598,4.7445875236559775e-4,1.2775874000037478e-4,1.0139980052164248,222.10029383981438,0,0,0,0,0,0,0.5851765202463458
C4,normal,time_trend_mean,-0.08998628257887518,25,0.96,-6.357860204328164e-4,6.453135033751833e-4,0.011901134969383673,0.043593558909999996,0.013336737881741917,0.00242583997218583,0.0015998537169479008,4.7992067270178056e-4,1.0139980052164248,222.10029383981438,0,0,0,0,0,0,0.5851765202463458
C4,normal,time_trend_sd,0.045528614603915496,25,0.8,0.007831432784366503,0.005489431814084504,0.013392693170143388,0.035985732272,0.011228803838656558,0.0022176647899456734,0.0010365737584484488,3.290017238099133e-4,1.0139980052164248,222.10029383981438,0,0,0,0,0,0,0.5851765202463458
C4,normal,treatment_effect_mean,-0.3374485596707819,25,0.92,0.006452577283181906,0.009575855625781893,0.016868039036425593,0.0632578994,0.01930194458396605,0.0031812928932206065,0.0031240746350934736,9.34383036796445e-4,1.0139980052164248,222.10029383981438,0,0,0,0,0,0,0.5851765202463458
C4,normal,treatment_effect_sd,0.07626392697027408,25,0.76,0.0016985159348585207,0.0011370980037259254,0.022755462451024965,0.05389125024,0.0165916570940896,0.004631981734721466,0.002142420167387313,6.648935873364959e-4,1.0139980052164248,222.10029383981438,0,0,0,0,0,0,0.5851765202463458
C4,robust,baseline_difference_sd,0,25,0,0.022855548116847913,0.021552110672789,0.023861702349493186,0.03011209470226,0.009175423433845222,0.001399475486480836,5.212620911735947e-4,1.4614412846030114e-4,1.0085688784678366,304.32100539455934,0,0,0,0,0,0,0.5888900349193511
C4,robust,time_trend_mean,-0.08998628257887518,25,0.96,-8.340602963008164e-4,4.936141808751793e-4,0.011879322391489505,0.043494329404,0.013322689113304967,0.0024188723604112736,0.0015703391374832863,4.824946056264775e-4,1.0085688784678366,304.32100539455934,0,0,0,0,0,0,0.5888900349193511
C4,robust,time_trend_sd,0.045528614603915496,25,0.68,0.0078029784642725045,0.0048923546315845015,0.013321173984534536,0.035900835251999996,0.011217697482172502,0.002203852719409232,0.0010898857950013834,3.528781594894329e-4,1.0085688784678366,304.32100539455934,0,0,0,0,0,0,0.5888900349193511
C4,robust,treatment_effect_mean,-0.3374485596707819,25,0.92,0.006924012520981911,0.0095793001557819,0.016701661527571958,0.06223986602,0.019072343007925548,0.0031024422395298985,0.0029632388651595785,9.074848859308924e-4,1.0085688784678366,304.32100539455934,0,0,0,0,0,0,0.5888900349193511
C4,robust,treatment_effect_sd,0.07626392697027408,25,0.88,-0.0038591123867060795,-0.0046379324592740745,0.02099762433669868,0.054280217982,0.01688793192372411,0.004213111871348246,0.0023087866762184937,7.115715723716644e-4,1.0085688784678366,304.32100539455934,0,0,0,0,0,0,0.5888900349193511
C5,normal,baseline_difference_sd,0,25,0,0.03770412952703931,0.03402428354479,0.04032063810241228,0.07000714799399999,0.022966341289332566,0.0029165652858138304,0.002725301247795058,8.76554820617041e-4,1.040474840361687,37.671255848999074,0,12.96,135,1,0.16,0,0.6014272848094687
C5,normal,time_trend_mean,-0.08998628257887518,25,0.96,0.011370429484710547,0.012199414694760186,0.02198808958842526,0.11986272038859999,0.039452512077121915,0.003841600236673516,0.012033503743124455,0.0038465320456986416,1.040474840361687,37.671255848999074,0,12.96,135,1,0.16,0,0.6014272848094687
C5,normal,time_trend_sd,0.045528614603915496,25,0.84,0.02612562031446376,0.01888031162758451,0.048225808987377446,0.14181192504679999,0.05198365711315788,0.00827440988749725,0.013780475302605219,0.004830224448785928,1.040474840361687,37.671255848999074,0,12.96,135,1,0.16,0,0.6014272848094687
C5,normal,treatment_effect_mean,-0.3374485596707819,25,1,-0.020062733356311094,-0.04133363204661811,0.06424366535891086,0.390791092002,0.12101725627869818,0.012457820952152383,0.020943367588505887,0.00565897485979825,1.040474840361687,37.671255848999074,0,12.96,135,1,0.16,0,0.6014272848094687
C5,normal,treatment_effect_sd,0.07626392697027408,25,0.08,0.16488772191582593,0.17098275140622593,0.1719422870839219,0.4012872846219999,0.13277243564034846,0.009950270618302875,0.018733023221039844,0.005662817709179924,1.040474840361687,37.671255848999074,0,12.96,135,1,0.16,0,0.6014272848094687
C5,robust,baseline_difference_sd,0,25,0,0.0376816085154408,0.034395926527213,0.04022942506680406,0.0697404173868,0.02306923862156262,0.0028759275380204345,0.0025877099739587553,8.092403707877909e-4,1.0307143639227865,50.959375954185035,0,8.4,75,0.92,0.2,0,0.6464024791156935
C5,robust,time_trend_mean,-0.08998628257887518,25,0.96,0.011158040506001426,0.00887885399779019,0.02227366901884459,0.11976075362159999,0.03700172822827606,0.003934963276128236,0.011596280627549253,0.003422058043726061,1.0307143639227865,50.959375954185035,0,8.4,75,0.92,0.2,0,0.6464024791156935
C5,robust,time_trend_sd,0.045528614603915496,25,0.84,0.024263032139665887,0.02770464984703451,0.04527104365746312,0.136739560962,0.04415156047689688,0.007801636220545534,0.011882189214854143,0.0036484991683158525,1.0307143639227865,50.959375954185035,0,8.4,75,0.92,0.2,0,0.6464024791156935
C5,robust,treatment_effect_mean,-0.3374485596707819,25,1,-0.01892298475141309,-0.030950130410918097,0.06132458745090547,0.37638487491,0.13543888693763095,0.01190697567626071,0.015284031077594315,0.008081113034118691,1.0307143639227865,50.959375954185035,0,8.4,75,0.92,0.2,0,0.6464024791156935
C5,robust,treatment_effect_sd,0.07626392697027408,25,0.2,0.16206877230810593,0.1576615858142259,0.1692406798435078,0.4148469515939999,0.17121899704508958,0.00995012721115502,0.017428472210266974,0.009373560973283311,1.0307143639227865,50.959375954185035,0,8.4,75,0.92,0.2,0,0.6464024791156935
C6,normal,baseline_difference_sd,0,25,0,0.027418953865893273,0.027107103676645,0.02886166564635838,0.030503318411659996,0.009365408577793981,0.0018393467225960962,5.544021633586038e-4,1.5610717410960542e-4,1.0282301720183462,149.5013413995727,0,0,0,0,0,0,0.5814017867233696
C6,normal,time_trend_mean,-0.08998628257887518,25,0.84,-0.0033849545911848154,-0.004477452637624821,0.012660836067233242,0.039236956893999995,0.01200486691304849,0.0024903049707563508,0.0012439167869970598,3.7980152844433634e-4,1.0282301720183462,149.5013413995727,0,0,0,0,0,0,0.5814017867233696
C6,normal,time_trend_sd,0.045528614603915496,25,0.92,0.001859127324890904,0.002071091435584503,0.009909860101345001,0.0339930349196,0.010537631924680125,0.001986925732738829,8.18251942896174e-4,2.5109763180386393e-4,1.0282301720183462,149.5013413995727,0,0,0,0,0,0,0.5814017867233696
C6,normal,treatment_effect_mean,-0.3374485596707819,25,0.64,0.05472827975680191,0.054156858250781925,0.05873970110800682,0.11707684932,0.03606154627844334,0.00435492001992767,0.0024695410963439263,8.056317424319115e-4,1.0282301720183462,149.5013413995727,0,0,0,0,0,0,0.5814017867233696
C6,normal,treatment_effect_sd,0.07626392697027408,25,0,0.07830118144300592,0.08053842220422593,0.07985995996461571,0.09179688762799999,0.02869023744572427,0.0032050623380539857,0.0019119082669722305,5.944071450092569e-4,1.0282301720183462,149.5013413995727,0,0,0,0,0,0,0.5814017867233696
C6,robust,baseline_difference_sd,0,25,0,0.027375045199236864,0.026898220898685,0.02884390067674048,0.030495791685599998,0.00935316789897951,0.001854920332851349,5.451320881604665e-4,1.4865416150022624e-4,1.0086407430984254,658.6140933191266,0,0,0,0,0,0,0.5936850884953112
C6,robust,time_trend_mean,-0.08998628257887518,25,0.84,-0.0031322486955648156,-0.003541324314624811,0.012425260437887631,0.039052621166,0.012015690042520285,0.002454384809703408,0.0012799058724069431,3.969019086505535e-4,1.0086407430984254,658.6140933191266,0,0,0,0,0,0,0.5936850884953112
C6,robust,time_trend_sd,0.045528614603915496,25,0.92,0.0018380810795923044,0.002838633243084504,0.009813657177526539,0.0333510996832,0.010387814238591933,0.001967753850024427,7.765929037698838e-4,2.4190291138872418e-4,1.0086407430984254,658.6140933191266,0,0,0,0,0,0,0.5936850884953112
C6,robust,treatment_effect_mean,-0.3374485596707819,25,0.72,0.04466590619776191,0.042313400043281935,0.04946344886540169,0.11345524936,0.034727218861090765,0.004337768229904933,0.001976398686616189,6.010963182899266e-4,1.0086407430984254,658.6140933191266,0,0,0,0,0,0,0.5936850884953112
C6,robust,treatment_effect_sd,0.07626392697027408,25,0.2,0.06091440657958592,0.05981580266122592,0.06245268742035122,0.10288646021199999,0.03177999795043562,0.002811977633571812,0.002359132896410674,6.973841678713365e-4,1.0086407430984254,658.6140933191266,0,0,0,0,0,0,0.5936850884953112
C7,normal,baseline_difference_sd,0,25,0,0.03146451282316056,0.0346358071440485,0.03287371441407335,0.04491565685732,0.014039057698554855,0.00194363847139005,0.0013917577136997933,4.15789667819246e-4,1.0187479113909355,138.7769417078793,0,0.24,3,0.12,0,0,0.6020434633821753
C7,normal,time_trend_mean,-0.08998628257887518,25,0.84,-0.001318258788379615,0.0012821720850251794,0.019614393481667512,0.069747867324,0.021628725477810244,0.0039947185206456294,0.0037733005567088347,0.0011236106095312386,1.0187479113909355,138.7769417078793,0,0.24,3,0.12,0,0,0.6020434633821753
C7,normal,time_trend_sd,0.045528614603915496,25,0.84,0.018724493894350446,0.021249269795584502,0.028455133668359556,0.07652417385199999,0.02436143736483195,0.004373632931579128,0.003885448354612589,0.0011995988193296313,1.0187479113909355,138.7769417078793,0,0.24,3,0.12,0,0,0.6020434633821753
C7,normal,treatment_effect_mean,-0.3374485596707819,25,0.96,-0.006500177355418088,-0.011334601354218099,0.031264481736453534,0.1142062462,0.035134760859818724,0.006242380397322891,0.0034542554220329197,0.0010496426133427919,1.0187479113909355,138.7769417078793,0,0.24,3,0.12,0,0,0.6020434633821753
C7,normal,treatment_effect_sd,0.07626392697027408,25,0.28,0.05774992986774192,0.06536483358472593,0.06439193547539133,0.10469035081599999,0.03252777205974357,0.005814016664270101,0.002660094279428023,8.319245185804848e-4,1.0187479113909355,138.7769417078793,0,0.24,3,0.12,0,0,0.6020434633821753
C7,robust,baseline_difference_sd,0,25,0,0.031240034443973882,0.033508264197745,0.03265630084052933,0.044526586797519994,0.014015204615747942,0.0019418014888079444,0.0013823400196142318,4.1050818416904803e-4,1.0340141096250244,105.89819796808814,0,0.6,12,0.16,0.04,0,0.3021690217089474
C7,robust,time_trend_mean,-0.08998628257887518,25,0.8,-0.001306199672424094,0.0010815399088751898,0.0195246456891031,0.06778312290199999,0.020840734255674287,0.003976522935203419,0.0035832587336016913,0.001067509107181312,1.0340141096250244,105.89819796808814,0,0.6,12,0.16,0.04,0,0.3021690217089474
C7,robust,time_trend_sd,0.045528614603915496,25,0.88,0.015516133681214303,0.02154960278958451,0.024955645804354665,0.07302382692599999,0.02315615759808698,0.003989746509800109,0.003961872601640495,0.0012057219726696953,1.0340141096250244,105.89819796808814,0,0.6,12,0.16,0.04,0,0.3021690217089474
C7,robust,treatment_effect_mean,-0.3374485596707819,25,0.96,-0.0061772076788180865,-0.009130540089218098,0.027117486011321065,0.10928055752,0.033486093118094515,0.005389805782164699,0.0027644938832896413,8.41836932930352e-4,1.0340141096250244,105.89819796808814,0,0.6,12,0.16,0.04,0,0.3021690217089474
C7,robust,treatment_effect_sd,0.07626392697027408,25,0.48,0.04355847052367792,0.05000137767622591,0.048483996012494625,0.10378158768399999,0.03201696077531666,0.004346250850721211,0.0027969578596788,8.300792103759977e-4,1.0340141096250244,105.89819796808814,0,0.6,12,0.16,0.04,0,0.3021690217089474
C8,normal,baseline_difference_sd,0,25,0,0.024066282958068022,0.020976308351966,0.025644837377609864,0.030455687583619998,0.009274857316536133,0.0018082186066478594,6.354966462008879e-4,1.7847483744063385e-4,1.0144018781797353,213.58782746765445,0,0,0,0,0,0,0.5826302385298279
C8,normal,time_trend_mean,-0.08998628257887518,25,0.92,0.0030279807649354236,0.0012883698123751786,0.017403010002706644,0.06002866428399999,0.018426258619371305,0.0034981905420367484,0.0035884109857330696,0.0011076940256313794,1.0144018781797353,213.58782746765445,0,0,0,0,0,0,0.5826302385298279
C8,normal,time_trend_sd,0.045528614603915496,25,0.28,0.0319589226470445,0.030075072761584498,0.041306731078457115,0.04879042210199999,0.015167458571166855,0.005341946023486358,0.0029096336061140574,9.019759387729011e-4,1.0144018781797353,213.58782746765445,0,0,0,0,0,0,0.5826302385298279
C8,normal,treatment_effect_mean,-0.3374485596707819,25,0.88,-0.0029041931160180834,-0.003558690514218088,0.022303135600539637,0.06992925055999999,0.0214252531598257,0.004513846844068315,0.002152901338972381,6.60622928209169e-4,1.0144018781797353,213.58782746765445,0,0,0,0,0,0,0.5826302385298279
C8,normal,treatment_effect_sd,0.07626392697027408,25,0.8,0.011308971197105921,0.008662899960225914,0.019613937926341488,0.05770165302,0.018036992930365023,0.003271172900259462,0.0016543357420711348,5.17958219843913e-4,1.0144018781797353,213.58782746765445,0,0,0,0,0,0,0.5826302385298279
C8,robust,baseline_difference_sd,0,25,0,0.024212415699380496,0.021508562129099,0.025800382663395884,0.03028385979246,0.00928222783190169,0.0018190962909511305,6.548003524660328e-4,1.8684041563651646e-4,1.0147702721187704,251.4108164097582,0,0,0,0,0,0,0.648870212137021
C8,robust,time_trend_mean,-0.08998628257887518,25,0.92,0.003210080607441415,1.5117088237517895e-4,0.017892774094877977,0.0614229817726,0.018713090714370183,0.003593087966870471,0.003957399947774605,0.0011890743866382625,1.0147702721187704,251.4108164097582,0,0,0,0,0,0,0.648870212137021
C8,robust,time_trend_sd,0.045528614603915496,25,0.28,0.032055775762764506,0.0301661012335845,0.04124391834323473,0.04848693225999999,0.015142652256600253,0.005297357991453436,0.0026330903686405003,8.265886272855264e-4,1.0147702721187704,251.4108164097582,0,0,0,0,0,0,0.648870212137021
C8,robust,treatment_effect_mean,-0.3374485596707819,25,0.88,-0.0024878168546180945,-0.005838780619218109,0.022679748983762148,0.07003641268,0.02145684349916007,0.0046015476620387295,0.0023197123681468054,7.206866377707067e-4,1.0147702721187704,251.4108164097582,0,0,0,0,0,0,0.648870212137021
C8,robust,treatment_effect_sd,0.07626392697027408,25,0.92,0.006258938900325922,0.0045603698012259275,0.017078869136917647,0.059876875674,0.018579980758190184,0.0032436698277693195,0.001809510023650564,5.374229071468339e-4,1.0147702721187704,251.4108164097582,0,0,0,0,0,0,0.648870212137021
D1,default,baseline_difference_sd,0,25,0,0.03243765020293011,0.02738841753887,0.03542716357442692,0.0495583309994,0.015545854113363757,0.002907481500668792,0.0023547835791842913,7.261428691672516e-4,1.0148290604775114,156.1375559458956,0,0.04,1,0.04,0,0,0.7204345646323689
D1,default,time_trend_mean,-0.08998628257887518,25,0.84,-0.019184594432692617,-0.01543527697412482,0.029815457973214145,0.08874723721,0.027345191232645737,0.004658830641040725,0.006195371273745748,0.001901397406388964,1.0148290604775114,156.1375559458956,0,0.04,1,0.04,0,0,0.7204345646323689
D1,default,time_trend_sd,0.045528614603915496,25,0.8,0.024069504584675924,0.018270916629084505,0.03621047155254634,0.0903252062268,0.028958155142515034,0.005522141791257388,0.007187843700732524,0.002322028282914452,1.0148290604775114,156.1375559458956,0,0.04,1,0.04,0,0,0.7204345646323689
D1,default,treatment_effect_mean,-0.3374485596707819,25,0.88,0.033217141194101914,0.0335298714157819,0.04083901260800986,0.12616955252,0.038575339860871916,0.004849598272401392,0.002402551775271158,7.240827442106984e-4,1.0148290604775114,156.1375559458956,0,0.04,1,0.04,0,0,0.7204345646323689
D1,default,treatment_effect_sd,0.07626392697027408,25,0,0.10161799122002592,0.10668882546372592,0.10470250805016718,0.10374471008599999,0.031925489846774825,0.005149429792066202,0.002478357483903197,7.021400823876385e-4,1.0148290604775114,156.1375559458956,0,0.04,1,0.04,0,0,0.7204345646323689
D2,default,baseline_difference_sd,0,25,0,0.016595695818358704,0.013713514473835,0.01833534910729173,0.0253380661812,0.007861592111967334,0.0015912247273559307,9.725838468524946e-4,2.850658322475849e-4,1.0168662585608137,248.16215990839092,0,0,0,0,0,0,0.5414834325290058
D2,default,time_trend_mean,-0.08998628257887518,25,0.92,-0.0014587249673808156,-0.0029583578311248165,0.012161184348041866,0.04150754054,0.012783340439371722,0.0024644685550895004,0.00160667087336986,4.950531583784157e-4,1.0168662585608137,248.16215990839092,0,0,0,0,0,0,0.5414834325290058
D2,default,time_trend_sd,0.045528614603915496,25,0.88,0.004956989737458504,0.0019790545850845026,0.011702717308944727,0.035081250519999996,0.01088849783897924,0.002163926265262266,0.0011998585982393977,3.627356984670618e-4,1.0168662585608137,248.16215990839092,0,0,0,0,0,0,0.5414834325290058
D2,default,treatment_effect_mean,-0.3374485596707819,25,0.8,0.0018809406907819093,-0.003416304994218078,0.02087221697819757,0.06444630516000001,0.019763362324029726,0.004243188186683843,0.0027717390754652548,8.304779618809414e-4,1.0168662585608137,248.16215990839092,0,0,0,0,0,0,0.5414834325290058
D2,default,treatment_effect_sd,0.07626392697027408,25,0.76,0.003525497009945922,0.0036664129412259244,0.01871574089247707,0.05266735079399999,0.01647089166716642,0.003751942985458783,0.0019510450937729404,6.215739741364309e-4,1.0168662585608137,248.16215990839092,0,0,0,0,0,0,0.5414834325290058
D3,default,baseline_difference_sd,0,25,0,0.023960339018946314,0.02383118373154815,0.02662178114100508,0.028823006640799998,0.00893479503522543,0.0023683801181462664,7.219119006410377e-4,2.033314480209554e-4,1.0131007691007166,295.0184134963305,0,0,0,0,0,0,0.5754601538343049
D3,default,time_trend_mean,-0.08998628257887518,25,0.96,0.001058685606775186,0.002487343135875189,0.00926799702797356,0.040008090402,0.012232505341571625,0.0018794386761359291,0.0019404128465509742,0.00059720413750830655,1.0131007691007166,295.0184134963305,0,0,0,0,0,0,0.5754601538343049
D3,default,time_trend_sd,0.045528614603915496,25,0.68,0.0028380835342725038,0.0016049155405845061,0.014520104063436755,0.034203530233999996,0.010600906850598535,0.002906735739805649,0.001288567500383352,4.0049234093443993e-4,1.0131007691007166,295.0184134963305,0,0,0,0,0,0,0.5754601538343049
D3,default,treatment_effect_mean,-0.3374485596707819,25,0.92,-0.005226135387618085,-0.010221126934218061,0.01727757621018077,0.06647780685999999,0.020410125411358452,0.0033615605788636974,0.002206977019028048,6.860900731656534e-4,1.0131007691007166,295.0184134963305,0,0,0,0,0,0,0.5754601538343049
D3,default,treatment_effect_sd,0.07626392697027408,25,0.88,0.006792732201285921,0.0056061999137259205,0.016568786857699375,0.05539002404599999,0.017236591333909545,0.0030847979889119487,0.0015735507921128163,4.617775458883454e-4,1.0131007691007166,295.0184134963305,0,0,0,0,0,0,0.5754601538343049
D4,default,baseline_difference_sd,0,25,0,0.02568465223222805,0.02825748718355,0.027544680885550114,0.029264888890319998,0.0090301674799372,0.0020310925302684225,7.29098995029373e-4,2.0755742305659473e-4,1.0179597303158363,240.86487230344935,0,0,0,0,0,0,0.5881944878888582
D4,default,time_trend_mean,-0.08998628257887518,25,0.92,-0.0026014651202808147,8.239070043751795e-4,0.01221747546879892,0.044500437728,0.013631154923937166,0.0024366907721561784,0.001367187955507248,4.0534110489262007e-4,1.0179597303158363,240.86487230344935,0,0,0,0,0,0,0.5881944878888582
D4,default,time_trend_sd,0.045528614603915496,25,0.84,0.009293883588404503,0.007781567591084504,0.012733498909667523,0.03746960679,0.011628987306837571,0.0017767681607308982,8.877310264348657e-4,2.626196909228368e-4,1.0179597303158363,240.86487230344935,0,0,0,0,0,0,0.5881944878888582
D4,default,treatment_effect_mean,-0.3374485596707819,25,0,0.12919165287170192,0.12927779784678192,0.13070862639506123,0.11417923064,0.03499457163567617,0.004053094714543076,0.003059661065737045,9.124948979808758e-4,1.0179597303158363,240.86487230344935,0,0,0,0,0,0,0.5881944878888582
D4,default,treatment_effect_sd,0.07626392697027408,25,0,0.07417980218370591,0.07382281608322593,0.07690479494669321,0.09086965281199999,0.028378739998565335,0.004141781187782152,0.002207506361005052,7.07307208302108e-4,1.0179597303158363,240.86487230344935,0,0,0,0,0,0,0.5881944878888582
D5,default,time_trend_mean,-0.08998628257887518,25,0.88,0.0024346261704201633,7.248545685301783e-4,0.018597506069686826,0.07198906884954,0.022496903725867927,0.0037635301879925163,0.004914596227776808,0.0015410669213325298,1.0145830370801012,329.04887251053907,0,0.08,1,0.08,0,0,0.7553658690594818
D5,default,time_trend_sd,0.045528614603915496,25,0.68,0.015281638746206824,0.015036604792084504,0.027906809892440626,0.0663670214292,0.021264278798729556,0.0047664694988501545,0.003965604352728598,0.0012914420698772518,1.0145830370801012,329.04887251053907,0,0.08,1,0.08,0,0,0.7553658690594818
D5,default,treatment_effect_mean,-0.3374485596707819,25,0.04,0.07342647395652191,0.07406944201078192,0.07604208500722162,0.08709948562,0.026637518161629455,0.004036043930208394,0.0025806572347904385,7.867845457318511e-4,1.0145830370801012,329.04887251053907,0,0.08,1,0.08,0,0,0.7553658690594818
D5,default,treatment_effect_sd,0.07626392697027408,25,0.32,0.03503228618392592,0.03376274786372592,0.039259313472615145,0.069606849348,0.021682626572304284,0.0036172769400739254,0.00208223676604181,6.836820720634309e-4,1.0145830370801012,329.04887251053907,0,0.08,1,0.08,0,0,0.7553658690594818
E1,default,baseline_difference_sd,0,25,0,0.026835751986532767,0.028343215345155,0.027804588253433616,0.030967437032399996,0.009539205767719718,0.0014851703502219479,4.7046546220055955e-4,1.297707040732445e-4,1.0237807893364714,246.53452773713943,0,0,0,0,0,0,0.5535863586066286
E1,default,time_trend_mean,-0.08998628257887518,25,0.84,5.863873417931831e-4,-0.0017461461456248217,0.013693079787063956,0.041868534868,0.012789474262227396,0.0027925241265764995,0.0010461641848866093,3.1903697949509747e-4,1.0237807893364714,246.53452773713943,0,0,0,0,0,0,0.5535863586066286
E1,default,time_trend_sd,0.045528614603915496,25,0.92,0.0075771334390045035,0.008876184538084503,0.010530687588822658,0.03329485852,0.010375430433530043,0.0014927942191980022,8.812220558128891e-4,2.7045696978989024e-4,1.0237807893364714,246.53452773713943,0,0,0,0,0,0,0.5535863586066286
E1,default,treatment_effect_mean,-0.3374485596707819,25,1,-0.005557123249218088,-0.006727482324218104,0.01822418774192351,0.06825377263999999,0.020795358499405246,0.0035428296132580415,0.0026061454662293505,7.908767678769856e-4,1.0237807893364714,246.53452773713943,0,0,0,0,0,0,0.5535863586066286
E1,default,treatment_effect_sd,0.07626392697027408,25,0.76,0.010677539186725923,0.005425655338725924,0.020492596813740528,0.054739000616,0.017200987528963856,0.0035703447609349813,0.002000313842030929,6.343879604360935e-4,1.0237807893364714,246.53452773713943,0,0,0,0,0,0,0.5535863586066286
E2,default,baseline_difference_sd,0,25,0,0.021795035700390264,0.02176012395781,0.023091173616189994,0.027395763829919997,0.008384823068464943,0.0015569564031541186,5.504949964723697e-4,1.4640319139402883e-4,1.0087283691267632,392.434730816689,0,0,0,0,0,0,0.6398404208327747
E2,default,time_trend_mean,-0.08888888888888889,25,0.88,4.984555996888917e-4,0.0011804325793888931,0.005546669439787459,0.018239821558,0.005561664194247821,0.0011276281133684048,1.8891092633575323e-4,6.144438419800206e-5,1.0087283691267632,392.434730816689,0,0,0,0,0,0,0.6398404208327747
E2,default,time_trend_sd,0,25,0,0.008190552455523437,0.0073433533603251,0.008700018436200156,0.016438438518879998,0.00514229532201881,5.987894476755308e-4,6.774218878851366e-4,1.8799115528928353e-4,1.0087283691267632,392.434730816689,0,0,0,0,0,0,0.6398404208327747
E2,default,treatment_effect_mean,-0.3333333333333333,25,0.88,-7.331635108666834e-4,-3.2423191666669515e-4,0.007563146565713888,0.026201566560000007,0.007977582643921158,0.001536549940082264,2.216471830447968e-4,6.786341564044877e-5,1.0087283691267632,392.434730816689,0,0,0,0,0,0,0.6398404208327747
E2,default,treatment_effect_sd,0,25,0,0.009537580190620207,0.00854630544772715,0.010007242985491042,0.021078426091119998,0.006691583627202796,6.184482017567803e-4,8.455502421301278e-4,2.4891359553432554e-4,1.0087283691267632,392.434730816689,0,0,0,0,0,0,0.6398404208327747
E3,default,baseline_difference_sd,0,25,0,0.02765484719009922,0.027252666007725,0.029260796095078118,0.030979970606899998,0.0094705842012623,0.0019515337452245094,5.712756034159248e-4,1.63420205127338e-4,1.0232673977255275,104.04484663520377,0,0,0,0,0,1.76,0.5800943621999191
E3,default,time_trend_mean,-0.08998628257887518,25,0.84,-0.007125000811759933,-0.01053104370307481,0.05467105248759103,0.17399727350779998,0.05333039474983424,0.011064504702601455,0.006827114508482518,0.0021218065703304334,1.0232673977255275,104.04484663520377,0,0,0,0,0,1.76,0.5800943621999191
E3,default,time_trend_sd,0.22244159268257202,25,0.84,0.011040005750527982,-7.240422225720244e-4,0.04568600851766932,0.13469036521999997,0.042244030192181,0.009049239487623768,0.005134468668558896,0.0015990990226471247,1.0232673977255275,104.04484663520377,0,0,0,0,0,1.76,0.5800943621999191
E3,default,treatment_effect_mean,-0.3374485596707819,25,0.92,0.01241866945097366,-0.006636791590023061,0.13417414725210197,0.530580415258,0.16308823804810277,0.027270617918601366,0.01729848062009485,0.005066510722899103,1.0232673977255275,104.04484663520377,0,0,0,0,0,1.76,0.5800943621999191
E3,default,treatment_effect_sd,0.6676946806414795,25,0.92,0.04697191379852048,0.026147495098520435,0.11558205431285277,0.40047528192,0.1260964305922568,0.021556950342139856,0.011857796566507785,0.003675308344686765,1.0232673977255275,104.04484663520377,0,0,0,0,0,1.76,0.5800943621999191
E4,default,baseline_difference_sd,0,25,0,0.05053129733736,0.0508825684645,0.05200214729080105,0.031792425464,0.009897601110365048,0.002506751818069556,0.001199011951448259,3.6330995496327065e-4,1.0127948386956047,321.5830214018837,0,0,0,0,0,0,0.5932635023012599
E4,default,time_trend_mean,-0.08998628257887518,25,0.92,0.0018840460446215839,-0.0019286797741248085,0.0140306255853761,0.050896137286,0.015614918273049172,0.0028380511565946403,0.0016744442501502046,5.221017027748311e-4,1.0127948386956047,321.5830214018837,0,0,0,0,0,0,0.5932635023012599
E4,default,time_trend_sd,0.045528614603915496,25,0.8,0.006499149828203918,0.012905236502584502,0.017165828806779575,0.04880439296479999,0.015028738151811575,0.003243112767428723,7.862491560371374e-4,2.2684455050400262e-4,1.0127948386956047,321.5830214018837,0,0,0,0,0,0,0.5932635023012599
E4,default,treatment_effect_mean,-0.3374485596707819,25,0.88,-0.016513739038218084,-0.02218190162421807,0.024587011662367247,0.07728427385999999,0.023532915272222503,0.0037182969077646675,0.0026776766303956696,8.260691687220149e-4,1.0127948386956047,321.5830214018837,0,0,0,0,0,0,0.5932635023012599
E4,default,treatment_effect_sd,0.07626392697027408,25,0.68,0.01627341786564872,0.015014529086725917,0.026490932636617667,0.063547270952,0.01967147356901618,0.0042668557067226534,0.001741818361268671,5.493089420516824e-4,1.0127948386956047,321.5830214018837,0,0,0,0,0,0,0.5932635023012599
E5,default,baseline_difference_sd,0,25,0,0.07566331872582371,0.063561441680435,0.079741021475955,0.21375255870139995,0.10336116138882637,0.005138468908727952,0.00893852413466838,0.006695925567464794,1.7925006581953105,2.995068850855652,0.56,193.04,454,1,1,382.04,0.7435784624905778
E5,default,time_trend_mean,-0.08998628257887518,25,1,-0.1571408922030997,0.058307073091880185,0.5449963806594715,3.3561730414999995,1.0687685610990207,0.10652225802806374,0.47261925870336946,0.16014372538287086,1.7925006581953105,2.995068850855652,0.56,193.04,454,1,1,382.04,0.7435784624905778
E5,default,time_trend_sd,0.045528614603915496,25,0.72,1.1775926916005506,0.8975801797427545,1.4046575828427048,4.059426166169999,1.3929023652952217,0.15630344122444445,0.5776122814006852,0.19778318966827407,1.7925006581953105,2.995068850855652,0.56,193.04,454,1,1,382.04,0.7435784624905778
E5,default,treatment_effect_mean,-0.3374485596707819,25,1,0.09996717787041573,-0.07968852347796807,0.36625943714391757,2.5469384958815997,0.8496378455368362,0.07192372656896215,0.3274548064059669,0.11923496936735248,1.7925006581953105,2.995068850855652,0.56,193.04,454,1,1,382.04,0.7435784624905778
E5,default,treatment_effect_sd,0.07626392697027408,25,0.96,0.7740985940993379,0.6153379238977259,0.9092950661310524,2.9635783385099996,1.0546224585994126,0.09738002958848548,0.35360607671637656,0.1307393687039908,1.7925006581953105,2.995068850855652,0.56,193.04,454,1,1,382.04,0.7435784624905778
E6,default,baseline_difference_sd,0,25,0,0.02879703104528974,0.029978830290545,0.030263674407078885,0.0309518409522,0.009449078203434304,0.0018997915630657599,4.337448239459943e-4,1.2375036007664547e-4,1.0075587057252817,386.41296692486594,0,0,0,0,0,0,0.5923976788088807
E6,default,time_trend_mean,-0.08998628257887518,25,0.88,5.213619856751856e-4,-0.001798018320124814,0.010163339069068916,0.038685851656,0.011799442390749102,0.0020718514537400624,0.0017740682827857624,5.419677685942904e-4,1.0075587057252817,386.41296692486594,0,0,0,0,0,0,0.5923976788088807
E6,default,time_trend_sd,0.045528614603915496,25,0.8,7.404431410184025e-4,-2.3686000841549593e-4,0.013319803836998587,0.0338066782562,0.010513111415373337,0.002714689348487848,0.0011581403079194072,3.5303503803064626e-4,1.0075587057252817,386.41296692486594,0,0,0,0,0,0,0.5923976788088807
E6,default,treatment_effect_mean,-0.3374485596707819,25,0.84,-4.313480542180903e-4,-3.7078720921807085e-4,0.020666343617079776,0.06994135995999998,0.02147229948958079,0.004217580750834023,0.002278528639457739,6.946099413396728e-4,1.0075587057252817,386.41296692486594,0,0,0,0,0,0,0.5923976788088807
E6,default,treatment_effect_sd,0.07626392697027408,25,0.84,0.010561919557385922,0.009517168496725917,0.01863815242512956,0.057365749221999995,0.017882400666199064,0.003134662269724814,0.0015357469565677707,4.94544009445728e-4,1.0075587057252817,386.41296692486594,0,0,0,0,0,0,0.5923976788088807
G1,default,baseline_control_mean,0.45,50,0.82,0.002477615648999987,0.0031988952399999993,0.012151161852009899,0.04043944924000001,0.012391300723282334,0.0016994125938914774,0.0010716577259927548,3.265425042989893e-4,1.0223345481556232,170.77511210593454,0,0,0,0,0,0,0.6181858645038645
G1,default,baseline_difference_sd,0,50,0,0.01618485911085054,0.015528753135098924,0.017254309657742047,0.03222540202594,0.010072903081374662,8.542992990698289e-4,9.91985796955528e-4,2.8318494157687096e-4,1.0223345481556232,170.77511210593454,0,0,0,0,0,0,0.6181858645038645
G1,default,time_trend_mean,-0.04,50,0.94,8.562364039530012e-4,0.0014014815945000009,0.0045532221011497665,0.01787329951,0.005453836468691472,6.388556529969902e-4,3.8293073753664143e-4,1.1570568703043687e-4,1.0223345481556232,170.77511210593454,0,0,0,0,0,0,0.6181858645038645
G1,default,time_trend_sd,0.02,50,0.94,9.912186438779994e-4,9.453776259999991e-4,0.004132251716967596,0.015325549658699998,0.004762971316100317,5.730866987942611e-4,2.536256271702283e-4,7.656053686891292e-5,1.0223345481556232,170.77511210593454,0,0,0,0,0,0,0.6181858645038645
G1,default,treatment_effect_mean,-0.15,50,0.92,2.8145378510999354e-4,-3.6944319749999954e-4,0.006370186837261164,0.025458829590000003,0.007768931181325834,9.09138009644779e-4,6.759076652847317e-4,2.0518227743874436e-4,1.0223345481556232,170.77511210593454,0,0,0,0,0,0,0.6181858645038645
G1,default,treatment_effect_sd,0.03,50,0.86,1.0649353586681117e-4,0.0010416719885000016,0.007158901232461082,0.021361059444199998,0.006644250302705201,0.0010225870152381661,3.966089789194555e-4,1.29387022308539e-4,1.0223345481556232,170.77511210593454,0,0,0,0,0,0,0.6181858645038645
G2,default,baseline_control_mean,0.45,50,0.86,0.0022035502539999884,0.003125162507500001,0.013843756850356883,0.03951376318,0.012076268236013332,0.0019524655789377513,9.938737242649383e-4,2.994134722765415e-4,1.0237727302396231,178.74760873334688,0,0,0,0,0,0,0.6147289630662844
G2,default,baseline_difference_sd,0,50,0,0.016526173339470065,0.015035118526504625,0.017671439965075492,0.03263479553747,0.010196089878006154,8.940322004091866e-4,9.746835043198576e-4,2.7098878950571677e-4,1.0237727302396231,178.74760873334688,0,0,0,0,0,0,0.6147289630662844
G2,default,time_trend_mean,-0.04,50,1,-5.781213649169992e-4,-2.036353899999982e-4,0.004629654262174031,0.017329321617999997,0.005305283862829632,6.562023436487061e-4,3.775234610058543e-4,1.1505990073355112e-4,1.0237727302396231,178.74760873334688,0,0,0,0,0,0,0.6147289630662844
G2,default,time_trend_sd,0.02,50,0.9,2.6316663289631956e-4,1.1528214992499904e-4,0.004167915040690905,0.015111298095999998,0.004690492266457128,5.942283473298433e-4,2.420184476650572e-4,7.557508854346142e-5,1.0237727302396231,178.74760873334688,0,0,0,0,0,0,0.6147289630662844
G2,default,treatment_effect_mean,-0.15,50,0.94,-2.44105247900005e-4,-4.2819751749999246e-4,0.00601955264558668,0.02489776525,0.007637555259489533,8.592287320013682e-4,6.255129331486249e-4,1.8847046668065822e-4,1.0237727302396231,178.74760873334688,0,0,0,0,0,0,0.6147289630662844
G2,default,treatment_effect_sd,0.03,50,0.9,-2.780955895059989e-4,-6.536231014999984e-4,0.006555668905063549,0.0212751111808,0.006598036481942217,9.356811077641918e-4,4.2290323928686005e-4,1.3106075387662878e-4,1.0237727302396231,178.74760873334688,0,0,0,0,0,0,0.6147289630662844
G3,default,baseline_control_mean,0.45,50,0.82,4.6202689689998634e-4,4.765930500000293e-5,0.014953676574286832,0.03956313823,0.012103576847152435,0.0021352195998276327,9.598634864676907e-4,2.943903493781113e-4,1.023372894746774,161.5808883061391,0,0,0,0,0,0,0.6420327646281855
G3,default,baseline_difference_sd,0,50,0,0.015473495815434042,0.01424625538202725,0.0162363738039077,0.032166082545399995,0.0101187680586872,7.026300671219411e-4,8.450843956117916e-4,2.4075976474856325e-4,1.023372894746774,161.5808883061391,0,0,0,0,0,0,0.6420327646281855
G3,default,time_trend_mean,-0.04,50,0.88,-0.0018434136618209998,-0.0023205780579999974,0.005647537652684168,0.018346845554999998,0.005619979749345725,7.626017176703828e-4,4.370138860179371e-4,1.3308212562267722e-4,1.023372894746774,161.5808883061391,0,0,0,0,0,0,0.6420327646281855
G3,default,time_trend_sd,0.02,50,0.88,0.0018338693289697994,0.0015564903143999997,0.004846965091346034,0.0156466801733,0.00487457244672844,6.409494532744965e-4,2.612114593385082e-4,8.302343233148595e-5,1.023372894746774,161.5808883061391,0,0,0,0,0,0,0.6420327646281855
G3,default,treatment_effect_mean,-0.15,50,0.86,0.0010335842314699957,1.4601006249999327e-4,0.007017234698503708,0.026116694939999997,0.007975405219976391,9.91528262282482e-4,5.426545487326273e-4,1.6404105690366477e-4,1.023372894746774,161.5808883061391,0,0,0,0,0,0,0.6420327646281855
G3,default,treatment_effect_sd,0.03,50,0.94,0.001677027845734001,0.0015234694600000029,0.006093811296628114,0.022060703858999997,0.0068413821483768456,8.369296867004503e-4,3.992382810322208e-4,1.2482435288660475e-4,1.023372894746774,161.5808883061391,0,0,0,0,0,0,0.6420327646281855
G4,default,baseline_control_mean,0.45,50,0.82,2.453082536999873e-4,0.0010652227624999844,0.013511965313299963,0.03996372345999999,0.012218661692309144,0.0019299626225020156,0.0010073507787208347,3.0314836094674964e-4,1.020677982918724,173.78786910198045,0,0,0,0,0,0,0.5961973481094602
G4,default,baseline_difference_sd,0,50,0,0.015893074835308798,0.013820784264771499,0.016933233805478457,0.032090516656929996,0.010075497227492233,8.34762331937595e-4,9.440640072729924e-4,2.7155122448814013e-4,1.020677982918724,173.78786910198045,0,0,0,0,0,0,0.5961973481094602
G4,default,time_trend_mean,-0.04,50,0.9,-8.769749186309992e-4,-9.4890418775e-4,0.004869664427759563,0.017626609560999998,0.005390919574998769,6.842923744244783e-4,4.48864288771502e-4,1.373759965088375e-4,1.020677982918724,173.78786910198045,0,0,0,0,0,0,0.5961973481094602
G4,default,time_trend_sd,0.02,50,0.86,8.089081900636397e-4,9.17862669300001e-4,0.004966308800509413,0.0154642439285,0.004814567339113454,6.999984058591938e-4,2.769950438428267e-4,8.759878344314908e-5,1.020677982918724,173.78786910198045,0,0,0,0,0,0,0.5961973481094602
G4,default,treatment_effect_mean,-0.15,50,0.88,1.2992575893999492e-4,-3.575052250000127e-4,0.007678899679348896,0.026998250499999998,0.008249571889082478,0.001096828634157369,6.774262869968515e-4,2.0406879074060934e-4,1.020677982918724,173.78786910198045,0,0,0,0,0,0,0.5961973481094602
G4,default,treatment_effect_sd,0.03,50,0.88,0.002845531699073001,0.002315359453500001,0.007584854354300271,0.022706399291,0.007028577265876267,0.0010044082929208283,4.608704962970057e-4,1.4366464601910637e-4,1.020677982918724,173.78786910198045,0,0,0,0,0,0,0.5961973481094602
G5,default,baseline_control_mean,0.45,50,0.88,0.0028302185541999926,0.0028557054149999928,0.012887818625840333,0.04114250105,0.012622658367262705,0.0017961735511575546,9.536903446803794e-4,2.8892257833558764e-4,1.033740519513737,107.73858171302524,0,0,0,0,0,0,0.5957326706839476
G5,default,baseline_difference_sd,0,50,0,0.01497904530348412,0.01358438667158475,0.015857469802200302,0.031141706066449996,0.00976948951924444,7.435100197486442e-4,8.769471701191433e-4,2.45968689080225e-4,1.033740519513737,107.73858171302524,0,0,0,0,0,0,0.5957326706839476
G5,default,time_trend_mean,-0.04,50,0.9,3.595501091350009e-4,2.820010075000115e-5,0.005345401904403832,0.017587934955,0.0053791976157326815,7.618994153794941e-4,4.0438166897691514e-4,1.2441549230145907e-4,1.033740519513737,107.73858171302524,0,0,0,0,0,0,0.5957326706839476
G5,default,time_trend_sd,0.02,50,0.9,4.402057855613296e-4,8.340504061000002e-4,0.004555831949817454,0.015289391429399998,0.004737652227972138,6.477878151807501e-4,2.2694953500293003e-4,7.177072968398419e-5,1.033740519513737,107.73858171302524,0,0,0,0,0,0,0.5957326706839476
G5,default,treatment_effect_mean,-0.15,50,0.9,-0.0016770975769000074,-9.954547500000133e-4,0.007735633080495833,0.025414419030000003,0.007765906390240747,0.0010788066240594947,5.972923025546649e-4,1.8389284269640946e-4,1.033740519513737,107.73858171302524,0,0,0,0,0,0,0.5957326706839476
G5,default,treatment_effect_sd,0.03,50,0.88,4.4723811236900134e-4,-4.251819624999896e-5,0.0062447945329152784,0.021395956411,0.006655977595695961,8.89822693060346e-4,3.747240964966315e-4,1.173559753764388e-4,1.033740519513737,107.73858171302524,0,0,0,0,0,0,0.5957326706839476
G6,default,baseline_difference_sd,0,50,0,0.02655911359194,0.0264584881995,0.026640941591710914,0.008695553392999999,0.002645655206806076,2.98063618170937e-4,2.519298535804572e-5,6.854860777516567e-6,1.010385245207878,544.9480853536352,0,0,0,0,0,0,0.5521651542463408
G6,default,time_trend_mean,-0.08888888888888889,50,0.88,1.9760563718892733e-5,-6.583637471111042e-4,0.0038749548022782377,0.011999199689999998,0.00364927234133876,5.535577738375033e-4,9.957550501744523e-5,2.876470794159727e-5,1.010385245207878,544.9480853536352,0,0,0,0,0,0,0.5521651542463408
G6,default,time_trend_sd,0.044444444444444446,50,0.82,0.0015748395104855544,0.0018511464650555545,0.003392767625443536,0.009324116217999997,0.002849327910938704,4.293030107395339e-4,5.953633813267854e-5,1.6428388761390592e-5,1.010385245207878,544.9480853536352,0,0,0,0,0,0,0.5521651542463408
G6,default,treatment_effect_mean,-0.3333333333333333,50,0.88,-2.599648006666844e-4,-6.632717116666909e-4,0.005275238796740924,0.01769272685,0.005366999404742687,7.526899064058208e-4,1.4427399512218183e-4,4.343076639526743e-5,1.010385245207878,544.9480853536352,0,0,0,0,0,0,0.5521651542463408
G6,default,treatment_effect_sd,0.06666666666666667,50,0.84,0.0012294051050233338,7.249660670833324e-4,0.004652327128870657,0.013789573365,0.004189548054945668,6.409927058989693e-4,1.028854148390739e-4,2.8822075202016902e-5,1.010385245207878,544.9480853536352,0,0,0,0,0,0,0.5521651542463408
G7,default,baseline_difference_sd,0,50,0,0.025342831155141,0.02522210269825,0.02549014240948502,0.008667753129,0.0026390178000715012,3.909243127809954e-4,3.154956723684904e-5,8.41671640656349e-6,1.006902499061801,570.684319584119,0,0,0,0,0,0,0.5720315719143146
G7,default,time_trend_mean,-0.08893278463648834,50,0.9,-7.042752243616649e-4,2.601967123833787e-5,0.003551498724635933,0.011885154041999997,0.0036248844434126266,4.972811712239843e-4,7.478059717879438e-5,2.2346529604038263e-5,1.006902499061801,570.684319584119,0,0,0,0,0,0,0.5720315719143146
G7,default,time_trend_sd,0.0444883185365144,50,0.96,0.0014210054904755984,0.0014217065502355984,0.0026533190177800586,0.009322682659000001,0.0028487017414134414,3.201034656122457e-4,5.049513786204656e-5,1.3799968157864777e-5,1.006902499061801,570.684319584119,0,0,0,0,0,0,0.5720315719143146
G7,default,treatment_effect_mean,-0.3334979423868312,50,0.84,0.001243216796631229,0.00074756748183121835,0.006297820297114568,0.01763731173,0.005378601729941871,8.819846878596139e-4,1.4141909474775245e-4,4.066950197322608e-5,1.006902499061801,570.684319584119,0,0,0,0,0,0,0.5720315719143146
G7,default,treatment_effect_sd,0.06707692694916605,50,0.92,0.0011071370881239524,8.208829423339559e-4,0.004341834015030507,0.013762089338,0.004193772005404746,5.997579457696271e-4,8.651780082776415e-5,2.7652388518491968e-5,1.006902499061801,570.684319584119,0,0,0,0,0,0,0.5720315719143146
G8,default,baseline_difference_sd,0,50,0,0.0256860799533128,0.02589390557125,0.02597551003241151,0.013102416820299998,0.0039991090866596055,5.524050952921806e-4,8.828968601137062e-5,2.8165103603516756e-5,1.035089102789296,166.63845141490404,0,0,0,0,0,0,0.5543953911406836
G8,default,time_trend_mean,-0.09327846364883402,50,0.94,-4.466982306459805e-4,-6.290985961659792e-4,0.005619837259786532,0.020588808474,0.006266416659059691,8.002937154343581e-4,3.114477612939402e-4,9.54799144202398e-5,1.035089102789296,166.63845141490404,0,0,0,0,0,0,0.5543953911406836
G8,default,time_trend_sd,0.048636334823684464,50,0.5,0.008649540745565535,0.007482826930565536,0.010988673028842549,0.017055597769999997,0.005193351740286729,9.68234031264255e-4,2.9709781739909244e-4,9.045613997663608e-5,1.035089102789296,166.63845141490404,0,0,0,0,0,0,0.5543953911406836
G8,default,treatment_effect_mean,-0.34979423868312753,50,0.86,-0.004773473910772466,-0.0031320589943724664,0.014411383407576242,0.041530099300000005,0.012612000050882397,0.0019425520692379866,7.84764799695853e-4,2.3006205168080447e-4,1.035089102789296,166.63845141490404,0,0,0,0,0,0,0.5543953911406836
G8,default,treatment_effect_sd,0.09965647442276822,50,0.36,0.020802067599761782,0.01958890432198178,0.025900007740632332,0.032461019781,0.009941248023921444,0.0022042833281153452,6.196002642951634e-4,1.8706945353136125e-4,1.035089102789296,166.63845141490404,0,0,0,0,0,0,0.5543953911406836
G9,default,baseline_difference_sd,0,50,0,0.007460892727594843,0.00685373475336945,0.00791514162041166,0.013677912050859999,0.0042357437129944605,3.7754703933161424e-4,3.186929990509274e-4,9.035664050984502e-5,1.1497591797524571,10.299915930949041,0.5,0,0,0,0,0,0.5389912355242656
G9,default,time_trend_mean,-0.08998628257887518,50,0.9,-0.0010943640016648154,-8.472228853748168e-4,0.004409056917816789,0.014999918693999999,0.004566612600700092,6.101547200306482e-4,2.088100852604421e-4,6.293169807895895e-5,1.1497591797524571,10.299915930949041,0.5,0,0,0,0,0,0.5389912355242656
G9,default,time_trend_sd,0.045528614603915496,50,0.88,5.693564032145039e-4,5.063805130845027e-4,0.0033044278698921084,0.010920236932999998,0.0033292873343253823,4.650011374451382e-4,1.1187345886871457e-4,3.547051568300614e-5,1.1497591797524571,10.299915930949041,0.5,0,0,0,0,0,0.5389912355242656
G9,default,treatment_effect_mean,-0.3374485596707819,50,0.88,0.0016671621536819114,3.616069232819097e-4,0.008607034305811825,0.026966182659999994,0.008227365155755494,0.001206289722998282,3.342679021042197e-4,1.0130463407696336e-4,1.1497591797524571,10.299915930949041,0.5,0,0,0,0,0,0.5389912355242656
G9,default,treatment_effect_sd,0.07626392697027408,50,0.82,0.0034369077610759205,0.0030238003867259222,0.007857748361054155,0.020727304765,0.0063182681349342575,0.0010094641369690356,2.3646340998560386e-4,7.081259544290122e-5,1.1497591797524571,10.299915930949041,0.5,0,0,0,0,0,0.5389912355242656
H1,full_normal,baseline_difference_sd,0,25,0,0.02651962335366605,0.027067943641225,0.027849670980564643,0.0355358582368,0.010921796874030533,0.00173582054210435,7.538856295668222e-4,2.1475555316419868e-4,1.0143827421120486,188.26899645841,0,0,0,0,0,0,0.5856813734042479
H1,full_normal,time_trend_mean,-0.08998628257887518,25,0.72,0.001417923428564045,0.0062438661411501895,0.036536305478936514,0.09050526417162,0.027632922168656586,0.007452323774056696,0.011562686704475576,0.0035187257224501335,1.0143827421120486,188.26899645841,0,0,0,0,0,0,0.5856813734042479
H1,full_normal,time_trend_sd,0.11597686202656823,25,0.48,0.010016850798591766,-0.019420204005568237,0.0980529563087163,0.07560833323,0.023497450341412044,0.01991026215815789,0.008888479450727828,0.002784033115749254,1.0143827421120486,188.26899645841,0,0,0,0,0,0,0.5856813734042479
H1,full_normal,treatment_effect_mean,-0.3374485596707819,25,0.88,-0.009077611693018088,-0.010692836809218065,0.01843160289277494,0.07488049522000001,0.02289321053162638,0.003274401670202072,0.003735896032975761,0.0011227087517593566,1.0143827421120486,188.26899645841,0,0,0,0,0,0,0.5856813734042479
H1,full_normal,treatment_effect_sd,0.07626392697027408,25,0.84,0.014742825635777921,0.019499137100225925,0.029465759203209565,0.06562523395,0.02065458905412238,0.0052076868573235815,0.004062960990216323,0.0013683322548079845,1.0143827421120486,188.26899645841,0,0,0,0,0,0,0.5856813734042479
H1,full_robust,baseline_difference_sd,0,25,0,0.026586436171431083,0.027177386646765,0.027930219973239263,0.03561247156399999,0.010969988194812753,0.0017471238204540898,7.477318435395275e-4,2.0630610379179033e-4,1.020353223778931,147.15659213823116,0,0,0,0,0,0,0.44821893915319627
H1,full_robust,time_trend_mean,-0.08998628257887518,25,0.72,0.005916552599030266,0.014041261414410186,0.031944863459465234,0.07890311719266,0.024265824894215606,0.006407901069470101,0.007585284275843519,0.0022807613913758563,1.020353223778931,147.15659213823116,0,0,0,0,0,0,0.44821893915319627
H1,full_robust,time_trend_sd,0.11597686202656823,25,0.4,-0.010334050583568233,-0.02650459251656824,0.06018318316844816,0.06793795617599999,0.020923905156392208,0.01210238085189445,0.007192410220242751,0.002144004384262697,1.020353223778931,147.15659213823116,0,0,0,0,0,0,0.44821893915319627
H1,full_robust,treatment_effect_mean,-0.3374485596707819,25,0.92,-0.005468897479018087,-0.0038100692442180617,0.016922114958763893,0.07160202099999999,0.02179273934001126,0.003268850046535289,0.003009835109352362,9.040446922935269e-4,1.020353223778931,147.15659213823116,0,0,0,0,0,0,0.44821893915319627
H1,full_robust,treatment_effect_sd,0.07626392697027408,25,0.88,0.004161894136791921,0.0025314043482259213,0.019985425159758603,0.06492817557,0.019927408745460132,0.003990070258416767,0.003188498645695069,9.879203339117825e-4,1.020353223778931,147.15659213823116,0,0,0,0,0,0,0.44821893915319627
H1,naive,baseline_difference_sd,0,25,0,0.026722752487535265,0.0263864373228135,0.028107157269925916,0.035736474634799995,0.01098631311997812,0.0017784214593082857,7.663734055122142e-4,2.1709107573076228e-4,1.0425254883977018,95.67235393613909,0,0,0,0,0,0,0.5658288188783684
H1,naive,time_trend_mean,-0.08998628257887518,25,0.76,0.007175355852496689,0.013218257936690181,0.034129246853919375,0.10224488861179999,0.03145314311256693,0.00681089739316648,0.01475677967686168,0.00437375974083252,1.0425254883977018,95.67235393613909,0,0,0,0,0,0,0.5658288188783684
H1,naive,time_trend_sd,0.11597686202656823,25,0.52,2.3950645075176692e-4,-0.018342102356568232,0.08201075338645163,0.08373615025999998,0.026520121597237458,0.016740303546224196,0.011027247385219903,0.003516784983515402,1.0425254883977018,95.67235393613909,0,0,0,0,0,0,0.5658288188783684
H1,naive,treatment_effect_mean,-0.3374485596707819,25,0.24,-0.05657642833781809,-0.054379647584218094,0.06323501439273171,0.08940022904,0.027365438628153018,0.005765467608184965,0.010366642319943904,0.0031616906299327826,1.0425254883977018,95.67235393613909,0,0,0,0,0,0,0.5658288188783684
H1,naive,treatment_effect_sd,0.07626392697027408,25,0.24,0.06981496901880592,0.03292701351272592,0.10955067123035145,0.06905446955,0.0213378627132215,0.01723274459172097,0.007453558999161919,0.0022739947624410553,1.0425254883977018,95.67235393613909,0,0,0,0,0,0,0.5658288188783684
H2,full_normal,baseline_difference_sd,0,25,0,0.02420699162251741,0.0232957934455234,0.026074943903248014,0.03415181696678,0.010576700859620501,0.0019782595059051975,9.874481806361785e-4,2.7596558039955354e-4,1.0108352803763796,314.2496054661223,0,0,0,0,0,0,0.6669730801446144
H2,full_normal,time_trend_mean,-0.12373113854595337,25,1,0.0016441211454343702,0.002035574337453369,0.013806681020962927,0.083525615276,0.02548190291505863,0.002798223442902013,0.0016156626043741643,5.022166585732293e-4,1.0108352803763796,314.2496054661223,0,0,0,0,0,0,0.6669730801446144
H2,full_normal,time_trend_sd,0.103120346306067,25,1,0.010965978781632992,0.010863220804932988,0.015968095819301382,0.064114726098,0.01977785055755,0.002369312430635778,0.0015772917887464286,4.822539072496185e-4,1.0108352803763796,314.2496054661223,0,0,0,0,0,0,0.6669730801446144
H2,full_normal,treatment_effect_mean,-0.3374485596707819,25,0.88,0.006335653664581913,0.004326169335781893,0.018501193044388898,0.07000745576,0.02153582332031061,0.003548201637850116,0.0018825478440072517,5.922478214550201e-4,1.0108352803763796,314.2496054661223,0,0,0,0,0,0,0.6669730801446144
H2,full_normal,treatment_effect_sd,0.07626392697027408,25,0.92,0.0056981277948419205,0.006493456335225925,0.01613218158875175,0.059794074816,0.018452113730701335,0.0030807102971968374,0.001394742898198791,4.2293836017510733e-4,1.0108352803763796,314.2496054661223,0,0,0,0,0,0,0.6669730801446144
H2,full_robust,baseline_difference_sd,0,25,0,0.024141578781995555,0.02312491541449,0.025945960479266898,0.034326404751479994,0.010583069781349128,0.0019405437286190096,9.720122835804614e-4,2.648656080526153e-4,1.0221263700187924,267.8320915970008,0,0,0,0,0,0,0.5529190488064388
H2,full_robust,time_trend_mean,-0.12373113854595337,25,1,0.0013103372546593689,0.002157945175053369,0.014980358125429466,0.08310591209799999,0.025422055491715445,0.003046132423836634,0.0016887672056911864,4.942725590150603e-4,1.0221263700187924,267.8320915970008,0,0,0,0,0,0,0.5529190488064388
H2,full_robust,time_trend_sd,0.103120346306067,25,1,0.011126295744452992,0.010514474515432998,0.01591390244164183,0.06392440088,0.019766551655706163,0.002322515105163124,0.0014327742189546638,4.457302108610278e-4,1.0221263700187924,267.8320915970008,0,0,0,0,0,0,0.5529190488064388
H2,full_robust,treatment_effect_mean,-0.3374485596707819,25,0.84,0.008067786003181912,0.005593940005781894,0.0183092065365677,0.06936727061999999,0.021204021409683145,0.003354958227543946,0.0019920341014323926,6.09241194433529e-4,1.0221263700187924,267.8320915970008,0,0,0,0,0,0,0.5529190488064388
H2,full_robust,treatment_effect_sd,0.07626392697027408,25,0.96,-2.7244824970407757e-4,2.3249902472592676e-4,0.014526338832481575,0.060282914843999995,0.018677926735303402,0.0029646549253053564,0.0015972289669958875,4.936977559863758e-4,1.0221263700187924,267.8320915970008,0,0,0,0,0,0,0.5529190488064388
H2,naive,baseline_difference_sd,0,25,0,0.024635238536978757,0.023466901887499,0.026579061603633644,0.034260129309899995,0.010572795000180202,0.002036659212574082,0.0011227793299041313,3.1433992776505886e-4,1.0320274334177004,142.11331507242696,0,0,0,0,0,0,0.5995382850235443
H2,naive,time_trend_mean,-0.12373113854595337,25,0.88,0.01037034077180509,0.011090880862968375,0.024869318263640278,0.10405626779999999,0.032051855121100675,0.0046140140838124375,0.002529963430371534,7.805018439309711e-4,1.0320274334177004,142.11331507242696,0,0,0,0,0,0,0.5995382850235443
H2,naive,time_trend_sd,0.103120346306067,25,1,0.016415916270472994,0.014018945544932992,0.02175051401766932,0.084621783228,0.026887242557941143,0.0029126344964199337,0.0019736411627614622,6.478590109853112e-4,1.0320274334177004,142.11331507242696,0,0,0,0,0,0,0.5995382850235443
H2,naive,treatment_effect_mean,-0.3374485596707819,25,0.16,-0.05846291229641809,-0.06608831643921809,0.06298182252431857,0.0831943383,0.025402022099533936,0.00478190100930097,0.002306416436113523,6.64248276761143e-4,1.0320274334177004,142.11331507242696,0,0,0,0,0,0,0.5995382850235443
H2,naive,treatment_effect_sd,0.07626392697027408,25,0,0.057076612436425915,0.057339088233725924,0.05941317582888709,0.062410371376,0.019311519057959553,0.003367651103119969,0.001510130067956476,4.738125465943833e-4,1.0320274334177004,142.11331507242696,0,0,0,0,0,0,0.5995382850235443
H3,full_normal,baseline_difference_sd,0,25,0,0.027183145647221258,0.0250878664744455,0.029891321230324147,0.034652334174979996,0.010697982354820555,0.00253777853657143,0.0010717082087397562,3.0829862163408696e-4,1.023510367120712,142.15177548928432,0,0,0,0,0,0,0.6367786131849617
H3,full_normal,time_trend_mean,-0.08998628257887518,25,0.88,0.004506415179042292,0.01578871605255268,0.05011637577812747,0.154535188727504,0.046895426417395,0.010188521612106314,0.004087347442086906,0.0012017149385872585,1.023510367120712,142.15177548928432,0,0,0,0,0,0,0.6367786131849617
H3,full_normal,time_trend_sd,0.22244159268257202,25,0.92,0.012677929635767981,0.012477185887427966,0.034699861887253346,0.11474466632,0.03549858233437847,0.0065934011049715874,0.002773332831624626,8.640163800762845e-4,1.023510367120712,142.15177548928432,0,0,0,0,0,0,0.6367786131849617
H3,full_normal,treatment_effect_mean,-0.3374485596707819,25,0.88,-4.4541511661809306e-4,-0.0019797692442181103,0.02243707904123769,0.0753565526,0.023119071371336827,0.004579047031846236,0.0028828899114301735,9.043824004158384e-4,1.023510367120712,142.15177548928432,0,0,0,0,0,0,0.6367786131849617
H3,full_normal,treatment_effect_sd,0.07626392697027408,25,0.96,0.00606112506377612,0.004110041149725921,0.019973096122026874,0.06717100124799999,0.021043749696169116,0.003884731498985214,0.002509127133605564,7.809868261221687e-4,1.023510367120712,142.15177548928432,0,0,0,0,0,0,0.6367786131849617
H3,full_robust,baseline_difference_sd,0,25,0,0.02698846759272676,0.02481157576275635,0.02966579818857152,0.03458667132796,0.010783369176500945,0.0025139792425007443,0.001031842278418443,3.0440714272445435e-4,1.0284430625563603,93.6989922579998,0,0,0,0,0,0,0.5139612089719884
H3,full_robust,time_trend_mean,-0.08998628257887518,25,0.84,0.0037566034366128933,0.01437204546636818,0.04887112698678052,0.15258495176679998,0.04667804440559773,0.009946261826221563,0.0038615645688957,0.0012210949207663154,1.0284430625563603,93.6989922579998,0,0,0,0,0,0,0.5139612089719884
H3,full_robust,time_trend_sd,0.22244159268257202,25,0.92,0.012114620084827978,0.010033013227427973,0.03582221027500143,0.11462145287999999,0.035624908449836123,0.006881335653983113,0.0028197996062135078,9.58238354545562e-4,1.0284430625563603,93.6989922579998,0,0,0,0,0,0,0.5139612089719884
H3,full_robust,treatment_effect_mean,-0.3374485596707819,25,0.88,-2.794732346180884e-4,-0.002605597669218085,0.02240543494543397,0.07396209037999998,0.022689870907162568,0.004573134454822379,0.002770727658677526,8.4775464538368e-4,1.0284430625563603,93.6989922579998,0,0,0,0,0,0,0.5139612089719884
H3,full_robust,treatment_effect_sd,0.07626392697027408,25,0.96,0.0010660136462639208,-0.0026927491397740755,0.01792809250075912,0.06797848942,0.02126085090720238,0.003653081550906454,0.002468402101971077,7.547290591007577e-4,1.0284430625563603,93.6989922579998,0,0,0,0,0,0,0.5139612089719884
H3,naive,baseline_difference_sd,0,25,0,0.027832583649207893,0.0248022923036355,0.03065486662075933,0.034609142899659995,0.01072423943415316,0.0026225634322356393,0.0011793301921655176,3.4647358677638435e-4,1.023230764884496,157.96805322408008,0,0,0,0,0,0,0.6009845492085868
H3,naive,time_trend_mean,-0.08998628257887518,25,0.96,0.0013362952148478582,0.011553826425040187,0.0529898377139942,0.20982618126744,0.064793709910664965,0.010813065430406821,0.009319302888868331,0.002924960567353758,1.023230764884496,157.96805322408008,0,0,0,0,0,0,0.6009845492085868
H3,naive,time_trend_sd,0.22244159268257202,25,0.76,0.02364562628318798,0.027494040747427978,0.05999241442449108,0.16766342599999998,0.05317647570155292,0.011254580819522065,0.007707665577538542,0.0025202921458481503,1.023230764884496,157.96805322408008,0,0,0,0,0,0,0.6009845492085868
H3,naive,treatment_effect_mean,-0.3374485596707819,25,0.76,-0.041141690577018095,-0.0427272678642181,0.0508801954139419,0.11738728604000001,0.035941385044206284,0.0061106313838595215,0.0038029880460623217,0.0011236462367374797,1.023230764884496,157.96805322408008,0,0,0,0,0,0,0.6009845492085868
H3,naive,treatment_effect_sd,0.07626392697027408,25,0,0.11627589126388592,0.12185302208972591,0.12010272371682947,0.08901873285999999,0.027608434064883815,0.006139290658639,0.002666858348797184,8.350063868228017e-4,1.023230764884496,157.96805322408008,0,0,0,0,0,0,0.6009845492085868
H4,full_normal,baseline_difference_sd,0,25,0,0.033485048821526676,0.0326982105712835,0.0349915394958011,0.047890446590199996,0.014684150148402676,0.002073235612376046,9.765246791776704e-4,2.6721188427566306e-4,1.0204773218867043,189.41707707081338,0,0.76,13,0.16,0.04,0,0.621786469677713
H4,full_normal,time_trend_mean,-0.08998628257887518,25,0.32,-0.037624203109584815,-0.040474043916124816,0.041776106566549065,0.05534436303999999,0.016908007319042177,0.003706202122953113,0.0020671006220889204,6.242079638250728e-4,1.0204773218867043,189.41707707081338,0,0.76,13,0.16,0.04,0,0.621786469677713
H4,full_normal,time_trend_sd,0.045528614603915496,25,0.84,0.008759669200563367,0.011307480274084507,0.01685444376706652,0.05149112257415999,0.01591586707831593,0.00293924926776882,0.001855020025273686,5.609793107128141e-4,1.0204773218867043,189.41707707081338,0,0.76,13,0.16,0.04,0,0.621786469677713
H4,full_normal,treatment_effect_mean,-0.3374485596707819,25,0.44,0.042944435921381904,0.04609565657078191,0.047247877506716024,0.075050726,0.022832860136975434,0.0040214909770505,0.002007495605414339,6.192767988172573e-4,1.0204773218867043,189.41707707081338,0,0.76,13,0.16,0.04,0,0.621786469677713
H4,full_normal,treatment_effect_sd,0.07626392697027408,25,0.76,0.01544684890286684,0.017089969798225926,0.02682672632222602,0.0635126257116,0.01955266134971222,0.004477108926433515,0.0017907196006660812,5.387263146633618e-4,1.0204773218867043,189.41707707081338,0,0.76,13,0.16,0.04,0,0.621786469677713
H4,full_robust,baseline_difference_sd,0,25,0,0.03357043511373514,0.032789544918865,0.03502607489888658,0.04778164766279999,0.014613989717037802,0.002039728424497886,0.0010026067327023496,2.7021065757438335e-4,1.0221548460953227,57.07989089570377,0,1.68,25,0.2,0.04,0,0.1741246651864323
H4,full_robust,time_trend_mean,-0.08998628257887518,25,0.32,-0.03781809792330282,-0.041801290191624804,0.04190584330254916,0.05574573156399999,0.01693100465035372,0.003684942177075078,0.002133154374743462,6.19442181266165e-4,1.0221548460953227,57.07989089570377,0,1.68,25,0.2,0.04,0,0.1741246651864323
H4,full_robust,time_trend_sd,0.045528614603915496,25,0.84,0.008686298020490856,0.007469513350584503,0.01692859974224239,0.05135819275144,0.01588438118662411,0.0029659576582465024,0.001811836972748027,5.61350005851098e-4,1.0221548460953227,57.07989089570377,0,1.68,25,0.2,0.04,0,0.1741246651864323
H4,full_robust,treatment_effect_mean,-0.3374485596707819,25,0.36,0.04406215047538191,0.046405356385781915,0.048555899915010525,0.07403065124000001,0.02254162709166167,0.004164344246303577,0.0019131825964959933,5.982955269213164e-4,1.0221548460953227,57.07989089570377,0,1.68,25,0.2,0.04,0,0.1741246651864323
H4,full_robust,treatment_effect_sd,0.07626392697027408,25,0.92,0.009647751529361922,0.010749888883725925,0.023364273632261196,0.0642730860126,0.019712424272387282,0.00434362642649583,0.001617306527928145,4.795515540316316e-4,1.0221548460953227,57.07989089570377,0,1.68,25,0.2,0.04,0,0.1741246651864323
H4,naive,baseline_difference_sd,0,25,0,0.03239887868126596,0.03223761833167,0.03380775045228852,0.0476461025094,0.014620396717459693,0.001971427685300095,9.147405057206027e-4,2.6797318546792603e-4,1.0182376462246856,283.0735117248015,0,0,0,0,0,0,0.5440879667437879
H4,naive,time_trend_mean,-0.08998628257887518,25,0.12,-0.04783141604424482,-0.05024634801462481,0.051016500650022334,0.052058222839999994,0.01602685261950277,0.0036219181024245116,0.0018972696440900272,5.830481511930163e-4,1.0182376462246856,283.0735117248015,0,0,0,0,0,0,0.5440879667437879
H4,naive,time_trend_sd,0.045528614603915496,25,0.88,0.004638788423697606,0.006951015745084506,0.014341860572029212,0.049458322832459996,0.01547910811030322,0.0027701579875801245,0.001351821468371976,4.1861147731232236e-4,1.0182376462246856,283.0735117248015,0,0,0,0,0,0,0.5440879667437879
H4,naive,treatment_effect_mean,-0.3374485596707819,25,0.84,-0.018638216606818084,-0.014157277884218111,0.02529309500677602,0.0619510196,0.01895243064587692,0.0034902097402300944,0.001486696346281661,4.6000038256099364e-4,1.0182376462246856,283.0735117248015,0,0,0,0,0,0,0.5440879667437879
H4,naive,treatment_effect_sd,0.07626392697027408,25,0.56,0.01973276320578592,0.019678497189225916,0.024061724279610744,0.04838782092999999,0.014911590039452357,0.0028105799488450075,0.0011426702241658713,3.575469372103613e-4,1.0182376462246856,283.0735117248015,0,0,0,0,0,0,0.5440879667437879
I1,modelled,baseline_difference_sd,0,25,0,0.025938958968464435,0.02240267136849,0.027703400872415244,0.031374412353199994,0.009565730196463246,0.0019858754107661626,4.113253675502632e-4,1.160950112959249e-4,1.0148935227830673,358.53193306906803,0,0,0,0,0,0,0.5562195454087767
I1,modelled,effect_multiplier[b],0.6,25,0.88,0.031095081068000022,-1.225172350000081e-4,0.09566088005607032,0.32268683348,0.09958315125386424,0.018466298025588378,0.01490062855529114,0.004674851299337762,1.0148935227830673,358.53193306906803,0,0,0,0,0,0,0.5562195454087767
I1,modelled,time_trend_mean,-0.08998628257887518,25,0.88,1.136096680871848e-4,7.131927368751872e-4,0.013850364634934817,0.043822176606,0.01337096994872984,0.0028270987289974077,0.0012520355000725826,3.7375095504894217e-4,1.0148935227830673,358.53193306906803,0,0,0,0,0,0,0.5562195454087767
I1,modelled,time_trend_sd,0.045528614603915496,25,0.88,0.008041626569924503,0.006847088749084504,0.011848519353991392,0.036746259903999996,0.011394526646408287,0.0017762278967870938,9.93932962325638e-4,3.07968564752531e-4,1.0148935227830673,358.53193306906803,0,0,0,0,0,0,0.5562195454087767
I1,modelled,treatment_effect_mean,-0.3374485596707819,25,0.92,0.002598912075781914,0.0016596275207819144,0.026576852103324455,0.09197297086,0.028185803634946306,0.005398976460652583,0.003599458757734307,0.0010930433148021476,1.0148935227830673,358.53193306906803,0,0,0,0,0,0,0.5562195454087767
I1,modelled,treatment_effect_sd,0.07626392697027408,25,0.84,0.004838484620525923,0.0040607442562259205,0.0189487906732146,0.057105230195999994,0.017780339184618982,0.003739684336914005,0.0018014191814069564,5.800007644893872e-4,1.0148935227830673,358.53193306906803,0,0,0,0,0,0,0.5562195454087767
I1,raw,baseline_control_mean,0.45,25,0.92,-0.001747552673000008,-0.0025623925250000124,0.010981527849965485,0.03874036295999999,0.011896588059283182,0.0022130297254241192,0.0012716608939205931,3.9536831464732626e-4,1.0286799254449812,164.5570654228853,0,0,0,0,0,0,0.6202607661575822
I1,raw,baseline_difference_sd,0,25,0,0.016425297962342964,0.0145830105933028,0.018205460186051257,0.03196398409944,0.010012206356446684,0.0016027108212097701,0.001253836141557653,3.5745793533020396e-4,1.0286799254449812,164.5570654228853,0,0,0,0,0,0,0.6202607661575822
I1,raw,effect_multiplier[b],0.6,25,0.88,0.030414558652800013,0.015800501705000025,0.08669099630840858,0.28687329524,0.08899025547538424,0.016570912596700755,0.015199770882130596,0.004699328172820382,1.0286799254449812,164.5570654228853,0,0,0,0,0,0,0.6202607661575822
I1,raw,time_trend_mean,-0.04,25,0.84,5.584046797440054e-5,2.1329860799999822e-4,0.005846880754739855,0.018699041774,0.005740871833656784,0.001193435105104234,4.5813845052808833e-4,1.4093641946275848e-4,1.0286799254449812,164.5570654228853,0,0,0,0,0,0,0.6202607661575822
I1,raw,time_trend_sd,0.02,25,0.88,0.0023936305720639994,0.0013699716028500002,0.004098576192763044,0.01581615774,0.00493240488605091,6.791188989039578e-4,2.901430333845187e-4,9.559575376802781e-5,1.0286799254449812,164.5570654228853,0,0,0,0,0,0,0.6202607661575822
I1,raw,treatment_effect_mean,-0.15,25,0.96,0.0016527754604999951,0.0026493680049999857,0.01022725728769302,0.036657228199999996,0.01120919745907028,0.002060189361299092,0.0016043655286783823,4.891833890644658e-4,1.0286799254449812,164.5570654228853,0,0,0,0,0,0,0.6202607661575822
I1,raw,treatment_effect_sd,0.03,25,0.8,0.0015889384577629608,-2.2715391499998627e-5,0.008681109181509866,0.022773301418,0.007090348778537764,0.0017420884401432375,7.834202313060836e-4,2.4560024290760577e-4,1.0286799254449812,164.5570654228853,0,0,0,0,0,0,0.6202607661575822
I2,modelled,baseline_difference_sd,0,25,0,0.0255584836630873,0.024930492942265,0.026447445095002024,0.024848600966599996,0.007564414713917086,0.0013879130751006184,2.843117688065972e-4,8.152093832121607e-5,1.0149653220850214,365.4764507685188,0,0,0,0,0,0,0.5875948848388688
I2,modelled,effect_multiplier[b],0.7,25,0.84,0.004811118027000059,-0.003911478059999918,0.09559436434437564,0.3238825273,0.1001265986529002,0.01948838931874514,0.012152294711561179,0.003900613717207817,1.0149653220850214,365.4764507685188,0,0,0,0,0,0,0.5875948848388688
I2,modelled,effect_multiplier[c],0.4,25,0.88,0.028959313775599974,0.025045722064999998,0.07221877804127047,0.27330555866,0.08417602272323725,0.013504490067228004,0.008434635854743527,0.002630739932508433,1.0149653220850214,365.4764507685188,0,0,0,0,0,0,0.5875948848388688
I2,modelled,time_trend_mean,-0.08998628257887518,25,0.96,1.977279470151849e-4,9.064580803751915e-4,0.008094799436734312,0.031123860609999998,0.009490743071654964,0.0016518510019056815,9.727771795482537e-4,2.8662272629690716e-4,1.0149653220850214,365.4764507685188,0,0,0,0,0,0,0.5875948848388688
I2,modelled,time_trend_sd,0.045528614603915496,25,0.84,6.058769772585045e-4,0.0026925715375845025,0.008646074485529296,0.026206461995999998,0.00812827647684535,0.0017605339755519815,5.560686152943264e-4,1.7422299720281476e-4,1.0149653220850214,365.4764507685188,0,0,0,0,0,0,0.5875948848388688
I2,modelled,treatment_effect_mean,-0.3374485596707819,25,0.92,-0.0014075019000180866,-0.004729666559218082,0.023723110381495677,0.08977438952,0.027434230775492872,0.004833929149658663,0.0028896318886638237,8.818703690534196e-4,1.0149653220850214,365.4764507685188,0,0,0,0,0,0,0.5875948848388688
I2,modelled,treatment_effect_sd,0.07626392697027408,25,0.92,0.003601956949025922,9.408755402259272e-4,0.014714496776998773,0.043856517354,0.013600006981060847,0.0029122036439901714,0.0013268834486472685,4.141982566208941e-4,1.0149653220850214,365.4764507685188,0,0,0,0,0,0,0.5875948848388688
I2,raw,baseline_control_mean,0.45,25,0.92,2.218258559999864e-4,-2.4371739500000933e-4,0.009080829812491649,0.0319563676,0.009799416948267128,0.0018530634924929829,0.0010249997237720752,3.2386653917347097e-4,1.0233894515125457,170.9219847958053,0,0,0,0,0,0,0.6024949248314693
I2,raw,baseline_difference_sd,0,25,0,0.01283154584170852,0.01162224226208315,0.013372177832058388,0.026636557346179996,0.008328225796147334,7.682927850198822e-4,0.0010260916136205689,2.988062190013615e-4,1.0233894515125457,170.9219847958053,0,0,0,0,0,0,0.6024949248314693
I2,raw,effect_multiplier[b],0.7,25,0.88,0.008445140229600048,-0.005240158569999931,0.08274470231549581,0.30174410343999997,0.09278503433519458,0.016801990665521366,0.011337748542369266,0.003720838994529714,1.0233894515125457,170.9219847958053,0,0,0,0,0,0,0.6024949248314693
I2,raw,effect_multiplier[c],0.4,25,0.96,0.033396155352599974,0.020626013529999987,0.07153030994805189,0.25594636521999997,0.07880556740352125,0.012912013219171417,0.008500238074350026,0.002744479990429456,1.0233894515125457,170.9219847958053,0,0,0,0,0,0,0.6024949248314693
I2,raw,time_trend_mean,-0.04,25,0.96,-1.3231543699998988e-5,6.327902500000149e-5,0.0033758076830903774,0.013552565002,0.004132465237776613,6.890785646869103e-4,4.065255235234544e-4,1.2269804249782034e-4,1.0233894515125457,170.9219847958053,0,0,0,0,0,0,0.6024949248314693
I2,raw,time_trend_sd,0.02,25,0.84,-6.251768568060004e-4,-3.0317766700000207e-4,0.003872368349271114,0.011731862826999999,0.003607242437896749,7.800745298300793e-4,1.861884547540763e-4,6.057125203403442e-5,1.0233894515125457,170.9219847958053,0,0,0,0,0,0,0.6024949248314693
I2,raw,treatment_effect_mean,-0.15,25,1,2.451467745199942e-4,9.328351050000017e-4,0.007654611379454514,0.03672812655999999,0.011185852894363118,0.0015616895021820783,0.0011256651846937393,3.5292003758986227e-4,1.0233894515125457,170.9219847958053,0,0,0,0,0,0,0.6024949248314693
I2,raw,treatment_effect_sd,0.03,25,0.88,0.0019633953430200014,0.0010315573010000016,0.005847779065887666,0.018023026748,0.005552597340340378,0.0011243812878356959,4.2659675578548656e-4,1.3477438829022866e-4,1.0233894515125457,170.9219847958053,0,0,0,0,0,0,0.6024949248314693
I3,modelled,baseline_difference_sd,0,25,0,0.02712842596532238,0.02866152575335,0.028371641527235168,0.025421865005399998,0.007752761160455166,0.001695564650221739,2.67885449024923e-4,6.898198462298216e-5,1.0104678138146546,367.3556907590222,0,0,0,0,0,0,0.6032424064667539
I3,modelled,beta_cov[dose],-0.08998628257887518,25,0.8,0.0010816901057431106,0.002029949783720189,0.027164754629378937,0.08198626331108,0.02512747744227695,0.005540584508084796,0.001974267011829082,6.097795106800614e-4,1.0104678138146546,367.3556907590222,0,0,0,0,0,0,0.6032424064667539
I3,modelled,effect_multiplier[b],0.6,25,0.84,0.0035760784316000247,0.0033622953249999865,0.05268313757327159,0.17249358148,0.052852022795589974,0.010729097211973198,0.0038991572705898746,0.0011403384768341642,1.0104678138146546,367.3556907590222,0,0,0,0,0,0,0.6032424064667539
I3,modelled,time_trend_mean,-0.08998628257887518,25,0.84,-0.0015895462379648146,-0.0015602245926248093,0.012052601215859556,0.033761152394,0.010314890700035193,0.002438737197351592,7.296813765077109e-4,2.1998316683109398e-4,1.0104678138146546,367.3556907590222,0,0,0,0,0,0,0.6032424064667539
I3,modelled,time_trend_sd,0.045528614603915496,25,0.92,0.0049917818348245045,0.005414727840084503,0.007970461828116024,0.027738515817999996,0.008519908529632428,0.0012683712631259745,4.5749672025980704e-4,1.413111930615319e-4,1.0104678138146546,367.3556907590222,0,0,0,0,0,0,0.6032424064667539
I3,modelled,treatment_effect_mean,-0.5624142661179699,25,0.96,0.001572143305169842,0.003970989007969883,0.02504216043266482,0.08544355893999997,0.02614679052224091,0.005101626229952453,0.0018599642799604036,5.665353402087992e-4,1.0104678138146546,367.3556907590222,0,0,0,0,0,0,0.6032424064667539
I3,modelled,treatment_effect_sd,0.07626392697027408,25,0.72,0.01757187870812592,0.018485499686725915,0.02104906206501148,0.049990572546,0.015444593704428345,0.00236548173814215,0.0010788989541884383,3.2343740674025626e-4,1.0104678138146546,367.3556907590222,0,0,0,0,0,0,0.6032424064667539
I3,raw,baseline_control_mean,0.45,25,0.92,-5.306534006000119e-4,-0.001531134550000035,0.00883021055912296,0.032436267000000005,0.009931528968667535,0.0017992015067671715,6.848570644369674e-4,2.1741258017824987e-4,1.0191560218306035,142.4834249819913,0,0,0,0,0,0,0.6299686331990451
I3,raw,baseline_difference_sd,0,25,0,0.014457713032988448,0.013082076018596499,0.015563372615890499,0.027741704015439995,0.008611946734401497,0.0011760297090352757,0.0011889376063990628,3.226246906077871e-4,1.0191560218306035,142.4834249819913,0,0,0,0,0,0,0.6299686331990451
I3,raw,beta_cov[dose],-0.04,25,0.92,1.3781592631154153e-4,8.642242824499977e-4,0.00877524701986337,0.0280852142452,0.008579169896499053,0.0017910188793681544,6.76779071326163e-4,2.061122922025215e-4,1.0191560218306035,142.4834249819913,0,0,0,0,0,0,0.6299686331990451
I3,raw,effect_multiplier[b],0.6,25,0.76,9.505851698000334e-4,0.001249398475000052,0.05347009024683865,0.13340278577999998,0.040776131448014785,0.010912811543548303,0.0032366042570143574,0.0010295346627097707,1.0191560218306035,142.4834249819913,0,0,0,0,0,0,0.6299686331990451
I3,raw,time_trend_mean,-0.04,25,0.8,-2.910946882599992e-4,-9.228410925000013e-4,0.0046626222295160025,0.014474069744000001,0.0044126529419767375,9.49897142187063e-4,3.1255399965119605e-4,9.258987208604988e-5,1.0191560218306035,142.4834249819913,0,0,0,0,0,0,0.6299686331990451
I3,raw,time_trend_sd,0.02,25,0.96,9.184821042639995e-4,6.617941339999989e-4,0.003046752605605201,0.011990589614,0.003716573070360809,5.929829980667257e-4,2.0485621800164577e-4,6.468198411948583e-5,1.0191560218306035,142.4834249819913,0,0,0,0,0,0,0.6299686331990451
I3,raw,treatment_effect_mean,-0.25,25,0.92,1.597560479999982e-4,0.0029183291450000093,0.008819786691568753,0.029215699200000004,0.00893574450118802,0.0018000360562349473,7.606948103794289e-4,2.3941330425539454e-4,1.0191560218306035,142.4834249819913,0,0,0,0,0,0,0.6299686331990451
I3,raw,treatment_effect_sd,0.03,25,0.92,8.596869881220012e-4,0.0010969982169999996,0.004737755086455353,0.017755014312,0.00546338446618702,9.510358725640358e-4,3.5078653863534023e-4,1.1167730530622767e-4,1.0191560218306035,142.4834249819913,0,0,0,0,0,0,0.6299686331990451
I4,modelled,baseline_difference_sd,0,25,0,0.020607277715469142,0.0173413630297595,0.022963384295012827,0.037012316276739995,0.011588646689844674,0.0020681828118541113,0.001423336380995752,4.0182437773255114e-4,1.0132361964186123,181.93389641776707,0,0.6,11,0.16,0.04,0,0.7540217656208852
I4,modelled,effect_multiplier[b],0.6,25,0.96,-8.724364157999864e-4,0.002726194575000007,0.055458309852210785,0.26092518894,0.08008060981436688,0.011318979242781062,0.008629178885764206,0.002675619906909713,1.0132361964186123,181.93389641776707,0,0.6,11,0.16,0.04,0,0.7540217656208852
I4,modelled,time_trend_mean,-0.08998628257887518,25,0.88,-0.005193183591749815,-0.005391349855624811,0.016298508090808433,0.054664161042,0.016832107677893844,0.003153517944088584,0.0024727332981963096,7.470646119892135e-4,1.0132361964186123,181.93389641776707,0,0.6,11,0.16,0.04,0,0.7540217656208852
I4,modelled,time_trend_sd,0.045528614603915496,25,0.84,0.004997307440795464,0.004265589185584506,0.019148463969556922,0.05259268532479999,0.01635744122113858,0.0037732092371502864,0.0023393764018732827,7.084377746990712e-4,1.0132361964186123,181.93389641776707,0,0.6,11,0.16,0.04,0,0.7540217656208852
I4,modelled,treatment_effect_mean,-0.3374485596707819,25,0.92,0.0030482677699819093,0.0036157883057819085,0.01996369451264177,0.08022093341999999,0.0245468039411453,0.004027287973917087,0.0023767077011085714,7.030900539716572e-4,1.0132361964186123,181.93389641776707,0,0.6,11,0.16,0.04,0,0.7540217656208852
I4,modelled,treatment_effect_sd,0.07626392697027408,25,0.84,2.7108541423192216e-4,5.681044502259258e-4,0.01714240100856216,0.051351995358199995,0.015780112035706288,0.003498740398560981,0.0014371443126914578,4.3274400965141014e-4,1.0132361964186123,181.93389641776707,0,0.6,11,0.16,0.04,0,0.7540217656208852
I4,raw,baseline_control_mean,0.45,25,0.92,0.005651462945599986,0.0059608576999999885,0.013677201526517049,0.04374605244,0.013332712508878143,0.0025423644520690984,0.0010143920830266175,3.2303806103199087e-4,1.0120057415282835,242.05238467687752,0,0,0,0,0,0,0.6832944280819804
I4,raw,baseline_difference_sd,0,25,0,0.01854447873433401,0.0152008874422478,0.020344443821371103,0.039379811941899996,0.012509985189802127,0.0017078093042545098,0.0019240573925647705,5.565942780292618e-4,1.0120057415282835,242.05238467687752,0,0,0,0,0,0,0.6832944280819804
I4,raw,effect_multiplier[b],0.6,25,0.96,0.009359849858000022,0.011004348245000073,0.062033614782673954,0.23872787967999998,0.07324336318946506,0.012517591910389026,0.0078120247516864335,0.0023494223851672777,1.0120057415282835,242.05238467687752,0,0,0,0,0,0,0.6832944280819804
I4,raw,time_trend_mean,-0.04,25,0.96,-9.093469736625992e-4,-8.32875106999996e-4,0.0062274818666048365,0.02188560999,0.006669113507375501,0.0012575541486085655,8.345556190189303e-4,2.5180097499688026e-4,1.0120057415282835,242.05238467687752,0,0,0,0,0,0,0.6832944280819804
I4,raw,time_trend_sd,0.02,25,0.84,4.0074682410075736e-4,7.486661472499989e-4,0.007490321710126383,0.021025410532299997,0.006470172239187744,0.0015267656623311552,6.813965769353146e-4,2.0453685100070757e-4,1.0120057415282835,242.05238467687752,0,0,0,0,0,0,0.6832944280819804
I4,raw,treatment_effect_mean,-0.15,25,0.92,4.596488971199941e-4,0.0011000882299999903,0.007942016138825265,0.031343884339999996,0.009604778293842839,0.001618439876866213,8.632489295989931e-4,2.72532547552569e-4,1.0120057415282835,242.05238467687752,0,0,0,0,0,0,0.6832944280819804
I4,raw,treatment_effect_sd,0.03,25,0.84,-5.201527007360188e-4,-4.822033064999995e-4,0.00766053762015241,0.0211920490806,0.006530678336982283,0.0015600918482267768,4.8516934207381326e-4,1.3546460628093704e-4,1.0120057415282835,242.05238467687752,0,0,0,0,0,0,0.6832944280819804
I5,with_modelled,baseline_difference_sd,0,25,0,0.024620919594913554,0.0245608741876,0.02541395308106666,0.0249855888896,0.007574636075721552,0.0012858092378514542,3.6112639624315854e-4,9.379521455974423e-5,1.009061048348793,392.7212523202479,0,0,0,0,0,0,0.5759841672291144
I5,with_modelled,effect_multiplier[b],0.6,25,0.92,-0.003650254703999989,-0.005355391980000013,0.06029310716677776,0.24805190571999997,0.07597330759298482,0.012284703246348814,0.006884492830295195,0.0021432476898542527,1.009061048348793,392.7212523202479,0,0,0,0,0,0,0.5759841672291144
I5,with_modelled,time_trend_mean,-0.08998628257887518,25,0.92,0.002348457476655184,0.0021446218368751796,0.009173935551206786,0.033020158839999994,0.01005199335242958,0.0018102237543330354,8.846021429428924e-4,2.7887245246428614e-4,1.009061048348793,392.7212523202479,0,0,0,0,0,0,0.5759841672291144
I5,with_modelled,time_trend_sd,0.045528614603915496,25,0.84,0.003837785855164504,0.004538217749584503,0.008784410697953663,0.027440169462,0.008420741618314478,0.0016129330302307194,6.479011223793756e-4,1.992616114644798e-4,1.009061048348793,392.7212523202479,0,0,0,0,0,0,0.5759841672291144
I5,with_modelled,treatment_effect_mean,-0.3374485596707819,25,0.92,-0.0027098592566180833,-0.0026187910392180824,0.020836885428052492,0.07213346572,0.02212113451938131,0.004217189314535154,0.0022735288010696216,6.981894381578897e-4,1.009061048348793,392.7212523202479,0,0,0,0,0,0,0.5759841672291144
I5,with_modelled,treatment_effect_sd,0.07626392697027408,25,0.84,0.0022754836874659206,7.938610217259195e-4,0.015404690106346553,0.042742107403999995,0.013150284386224367,0.0031099748877646896,0.0013138271070910247,4.0238858028276167e-4,1.009061048348793,392.7212523202479,0,0,0,0,0,0,0.5759841672291144
I5,with_raw,baseline_control_mean,0.45,25,0.92,-0.00137940251460001,-0.004002568099999992,0.010159301707506688,0.03091514808,0.009432122381637478,0.0020545544923298202,8.615845632403586e-4,2.6749404265222676e-4,1.0238009638839414,119.86641050448713,0,0,0,0,0,0,0.6125078220396636
I5,with_raw,baseline_difference_sd,0,25,0,0.013983065111039396,0.012322245581149,0.014800850651666208,0.027370699934179996,0.008579699621525048,9.90350739918288e-4,9.163985512567281e-4,2.514809066903852e-4,1.0238009638839414,119.86641050448713,0,0,0,0,0,0,0.6125078220396636
I5,with_raw,effect_multiplier[b],0.6,25,0.92,-0.011718805982999968,0.00391855542499997,0.05452787596864521,0.22022176646,0.06714632177553792,0.010870370363179827,0.006175866148154102,0.0018996036594292817,1.0238009638839414,119.86641050448713,0,0,0,0,0,0,0.6125078220396636
I5,with_raw,time_trend_mean,-0.04,25,0.88,0.0011750033379000007,4.7777137050000057e-4,0.003851383221580007,0.014284719611999997,0.004366362710413212,7.486799459546518e-4,3.7271264834223215e-4,1.1103401562601897e-4,1.0238009638839414,119.86641050448713,0,0,0,0,0,0,0.6125078220396636
I5,with_raw,time_trend_sd,0.02,25,0.84,7.193101623299993e-4,2.1348115149999805e-4,0.0034187026549507183,0.011986620827399999,0.003695388514666514,6.822182181841295e-4,2.080606267680349e-4,6.700320245265915e-5,1.0238009638839414,119.86641050448713,0,0,0,0,0,0,0.6125078220396636
I5,with_raw,treatment_effect_mean,-0.15,25,0.92,-0.0020057548386400036,-8.988429500000061e-4,0.008197391868765813,0.029247067059999996,0.008883113572452481,0.0016224233543450275,8.125777179623194e-4,2.5032819153137737e-4,1.0238009638839414,119.86641050448713,0,0,0,0,0,0,0.6125078220396636
I5,with_raw,treatment_effect_sd,0.03,25,1,5.524619949020012e-4,4.000039670000004e-4,0.004692935975806313,0.017167492665999998,0.005289921418640735,9.512805802619885e-4,3.643032143014105e-4,1.1012948273893932e-4,1.0238009638839414,119.86641050448713,0,0,0,0,0,0,0.6125078220396636
I5,without_modelled,baseline_difference_sd,0,25,0,0.024900112810809453,0.0250076060467,0.025653285407475968,0.025309104315199997,0.007688280703196431,0.0012595540580959334,3.7851214273469034e-4,9.990880351719671e-5,1.016206014169755,254.69552134458834,0,0,0,0,0,0,0.5903347530781397
I5,without_modelled,time_trend_mean,-0.08998628257887518,25,0.92,0.0027917053321351824,0.0022513410183751803,0.009251217772620895,0.033272043916,0.010128403347313653,0.0018003635236504404,8.798904451175324e-4,2.7029946925923867e-4,1.016206014169755,254.69552134458834,0,0,0,0,0,0,0.5903347530781397
I5,without_modelled,time_trend_sd,0.045528614603915496,25,0.88,0.004003073602964503,0.005355615872584506,0.008818420553188313,0.027574201641999998,0.008524840487496453,0.001603900750022463,6.288762064997238e-4,1.9235260334244585e-4,1.016206014169755,254.69552134458834,0,0,0,0,0,0,0.5903347530781397
I5,without_modelled,treatment_effect_mean,-0.3374485596707819,25,0.04,0.06549507365538192,0.0670542618907819,0.06716499068820861,0.06822342848,0.02089419477212618,0.0030381690005608026,0.0021165639130775763,6.488389794540714e-4,1.016206014169755,254.69552134458834,0,0,0,0,0,0,0.5903347530781397
I5,without_modelled,treatment_effect_sd,0.07626392697027408,25,0.28,0.03182749102944592,0.03301017995772593,0.036335876273038824,0.053315659032,0.01647054371528282,0.0035783301465215876,0.0015800206608993328,4.969934983575922e-4,1.016206014169755,254.69552134458834,0,0,0,0,0,0,0.5903347530781397
I5,without_raw,baseline_control_mean,0.45,25,0.92,-0.0012279096460000095,-0.003313029625000019,0.010090200598247964,0.031179483859999982,0.009504023929265124,0.0020443457186239285,9.25493834604573e-4,2.809523383559426e-4,1.0239992265630011,158.0497514366703,0,0,0,0,0,0,0.6265244646326862
I5,without_raw,baseline_difference_sd,0,25,0,0.013721017887346136,0.012471717672359,0.014531635691900068,0.0274402125768,0.00856837378391686,9.768594238944036e-4,9.037915899091529e-4,2.4862075646592626e-4,1.0239992265630011,158.0497514366703,0,0,0,0,0,0,0.6265244646326862
I5,without_raw,time_trend_mean,-0.04,25,0.88,0.0011776431612600003,5.233388339999992e-4,0.0038128608023889556,0.014225755325999997,0.004343259164172808,7.402438810715162e-4,3.438909352712042e-4,1.0719895823591303e-4,1.0239992265630011,158.0497514366703,0,0,0,0,0,0,0.6265244646326862
I5,without_raw,time_trend_sd,0.02,25,0.92,7.963633155879994e-4,3.4257973349999943e-4,0.0033874242527002223,0.012095381944399998,0.0037344150796255865,6.720754092537826e-4,2.305802980698251e-4,7.008142088182685e-5,1.0239992265630011,158.0497514366703,0,0,0,0,0,0,0.6265244646326862
I5,without_raw,treatment_effect_mean,-0.15,25,0,0.029258788141739996,0.02941516645549999,0.029820012197185743,0.028708854408,0.00877691504124608,0.0011753801498005066,6.000121036133971e-4,1.831442853304923e-4,1.0239992265630011,158.0497514366703,0,0,0,0,0,0,0.6265244646326862
I5,without_raw,treatment_effect_sd,0.03,25,0.12,0.015282456306160002,0.0152518443695,0.016188265567166262,0.022360495634,0.0068892471432846205,0.0010898484474804134,4.2607012618220636e-4,1.2883991797936082e-4,1.0239992265630011,158.0497514366703,0,0,0,0,0,0,0.6265244646326862
I6,with_modelled,baseline_difference_sd,0,25,0,0.028525850580138304,0.0287326406305,0.029066414397737907,0.024615556159199997,0.007482321392474073,0.0011389376376812863,2.57096321212615e-4,6.783097424809995e-5,1.0114159991166705,326.66593178578194,0,0,0,0,0,0,0.6035537840583547
I6,with_modelled,effect_multiplier[b],1,25,0.8,0.002494850113200009,0.005880620419999927,0.1033521567143957,0.3288965908,0.10051521815379633,0.021090523168425742,0.010624368995976158,0.003232871806824901,1.0114159991166705,326.66593178578194,0,0,0,0,0,0,0.6035537840583547
I6,with_modelled,time_trend_mean,-0.08998628257887518,25,0.92,-1.7231713120481495e-4,2.3969718487518166e-4,0.008711925322963577,0.032386660432,0.009863772006494072,0.0017779664137152515,0.0010183749199917458,3.087944547291211e-4,1.0114159991166705,326.66593178578194,0,0,0,0,0,0,0.6035537840583547
I6,with_modelled,time_trend_sd,0.045528614603915496,25,0.84,0.0017003071797245042,0.0022182489765845068,0.009100009079198033,0.026407309218,0.00818793492752006,0.0018248187208604212,6.628344820453359e-4,2.171965032872328e-4,1.0114159991166705,326.66593178578194,0,0,0,0,0,0,0.6035537840583547
I6,with_modelled,treatment_effect_mean,-0.3374485596707819,25,0.8,0.003121622579781911,0.005985679490781937,0.023573184517977925,0.07787841338,0.023733216142055636,0.004769479796878752,0.002293014815432132,6.851657297538281e-4,1.0114159991166705,326.66593178578194,0,0,0,0,0,0,0.6035537840583547
I6,with_modelled,treatment_effect_sd,0.07626392697027408,25,0.88,0.007465237221625922,0.00769343224472592,0.014756194842312276,0.04429394453,0.01374397626610696,0.0025982006550137595,0.0011201557164880953,3.5900381225332053e-4,1.0114159991166705,326.66593178578194,0,0,0,0,0,0,0.6035537840583547
I6,with_raw,baseline_control_mean,0.45,25,0.92,0.0036036331905999887,0.004695231179999981,0.00867935405886718,0.030840666319999988,0.00946665469260093,0.0016117409674373383,7.544150193075415e-4,2.369444336169421e-4,1.026251499855773,124.54543171854473,0,0,0,0,0,0,0.6024174808263345
I6,with_raw,baseline_difference_sd,0,25,0,0.015653632174887015,0.0148438536576733,0.01639224346708546,0.029360473477219998,0.009098053032942902,9.930895733674607e-4,8.363880510464333e-4,2.286988394873003e-4,1.026251499855773,124.54543171854473,0,0,0,0,0,0,0.6024174808263345
I6,with_raw,effect_multiplier[b],1,25,0.92,0.008392009894400006,0.005628334909999921,0.08265378432747794,0.28332023077999996,0.08668372513773304,0.016784444973428934,0.006180699347724345,0.0018702841774204293,1.026251499855773,124.54543171854473,0,0,0,0,0,0,0.6024174808263345
I6,with_raw,time_trend_mean,-0.04,25,0.92,-6.016932919199988e-4,-3.1306556050000184e-4,0.0038734292363877833,0.014013431121999998,0.004275383455835646,7.810628237579581e-4,4.1264056816729e-4,1.2488068777557487e-4,1.026251499855773,124.54543171854473,0,0,0,0,0,0,0.6024174808263345
I6,with_raw,time_trend_sd,0.02,25,0.92,-5.158201502600053e-5,-2.167712300000027e-5,0.0037311196324526503,0.0118750316422,0.00364486295005097,7.615388206180369e-4,2.454107733790245e-4,7.600291348644929e-5,1.026251499855773,124.54543171854473,0,0,0,0,0,0,0.6024174808263345
I6,with_raw,treatment_effect_mean,-0.15,25,0.92,8.463631402799943e-4,5.077046649999972e-4,0.007298900867031263,0.02955131914,0.009010902218285504,0.00147983139948336,4.914953176601402e-4,1.5219972985698745e-4,1.026251499855773,124.54543171854473,0,0,0,0,0,0,0.6024174808263345
I6,with_raw,treatment_effect_sd,0.03,25,1,0.0015508205107800013,0.0019672468675000013,0.003714547538754249,0.017424976103999998,0.005390309507822529,6.889853397390889e-4,2.510866557581035e-4,7.472447297305212e-5,1.026251499855773,124.54543171854473,0,0,0,0,0,0,0.6024174808263345
I6,without_modelled,baseline_difference_sd,0,25,0,0.0285476922243869,0.02856290945115,0.029076668343751534,0.024691259411599997,0.007542282870194178,0.0011269780875236336,2.7134151210133256e-4,7.970240677722615e-5,1.0156623135763545,334.48409388672127,0,0,0,0,0,0,0.591572101580008
I6,without_modelled,time_trend_mean,-0.08998628257887518,25,0.92,-3.4268464500481486e-4,-4.985399806248098e-4,0.008705923349694685,0.032136820988,0.009773914804741768,0.0017757119300536553,0.001010466824318659,3.0782390443438365e-4,1.0156623135763545,334.48409388672127,0,0,0,0,0,0,0.591572101580008
I6,without_modelled,time_trend_sd,0.045528614603915496,25,0.84,0.0017273787745445037,0.002047234839584501,0.009057631592413254,0.026425554429999998,0.00812757346204386,0.0018149478026600811,5.965151752351628e-4,1.8326955625090933e-4,1.0156623135763545,334.48409388672127,0,0,0,0,0,0,0.591572101580008
I6,without_modelled,treatment_effect_mean,-0.3374485596707819,25,0.92,0.00401575729798191,0.007117109385781917,0.012851235919597068,0.05524266256,0.01688180209426241,0.0024918864840454955,0.0015107959305722886,4.5995369162157694e-4,1.0156623135763545,334.48409388672127,0,0,0,0,0,0,0.591572101580008
I6,without_modelled,treatment_effect_sd,0.07626392697027408,25,0.88,0.00801043515696592,0.00809397828872592,0.014946477785615081,0.044085212142,0.013617638512039416,0.00257576951925641,9.798090958072188e-4,2.942002955244415e-4,1.0156623135763545,334.48409388672127,0,0,0,0,0,0,0.591572101580008
I6,without_raw,baseline_control_mean,0.45,25,0.92,0.00346605405699999,0.00450178365499998,0.008583504879641494,0.03089054192,0.009459377429117384,0.0016029013446037892,7.953546207428587e-4,2.473859781699324e-4,1.0375054294657926,136.05904746631765,0,0,0,0,0,0,0.5722436905772332
I6,without_raw,baseline_difference_sd,0,25,0,0.015708440383159866,0.0150995448141185,0.016444147362302642,0.029377930095519998,0.009096519628240225,9.927840316050055e-4,8.619153675847186e-4,2.3626149946695687e-4,1.0375054294657926,136.05904746631765,0,0,0,0,0,0,0.5722436905772332
I6,without_raw,time_trend_mean,-0.04,25,0.92,-5.490574352999991e-4,-3.0125631399999936e-4,0.003933739116033491,0.013893175693999999,0.004245286707199169,7.951110867292311e-4,3.905050610180934e-4,1.2087249921544901e-4,1.0375054294657926,136.05904746631765,0,0,0,0,0,0,0.5722436905772332
I6,without_raw,time_trend_sd,0.02,25,0.96,-7.91428699000004e-5,-2.2451477900000544e-5,0.0037723839649085296,0.0117197121004,0.003609997491478407,7.698651717682722e-4,2.3169623173263914e-4,7.245617275028437e-5,1.0375054294657926,136.05904746631765,0,0,0,0,0,0,0.5722436905772332
I6,without_raw,treatment_effect_mean,-0.15,25,1,3.722212631999955e-4,0.001333916759999998,0.00462275579916125,0.0208866377,0.0064028923123691465,9.405521983986493e-4,3.5372780651053313e-4,1.1200312361671812e-4,1.0375054294657926,136.05904746631765,0,0,0,0,0,0,0.5722436905772332
I6,without_raw,treatment_effect_sd,0.03,25,0.96,0.0015045398956200012,0.0022252406575000022,0.003705588024725871,0.017211479446,0.005314284722022048,6.912471311417122e-4,2.8544911275319633e-4,8.62852761127268e-5,1.0375054294657926,136.05904746631765,0,0,0,0,0,0,0.5722436905772332
I7,modelled,baseline_difference_sd,0,15,0,0.024076808527855462,0.02653004020981875,0.025499828963179514,0.030947173617666662,0.00949597191493159,0.0022448125639921057,7.604414073743783e-4,2.3872083782159497e-4,1.008971835853481,401.21021001914966,0,0,0,0,0,0,0.7147283373823496
I7,modelled,effect_multiplier[b],0.6,15,0.9333333333333333,-0.04137287116866664,-0.050430320199999934,0.08570790763755795,0.30210492386666665,0.09238122324292665,0.020060855562991815,0.017130402330445795,0.005237195831836721,1.008971835853481,401.21021001914966,0,0,0,0,0,0,0.7147283373823496
I7,modelled,time_trend_mean,-0.08998628257887518,15,0.9333333333333333,4.0039056326852024e-4,-0.0011291704106248107,0.0083063350669258,0.04265452831,0.013121605622237317,0.0022173808494464612,0.001738419954468822,5.351396942098826e-4,1.008971835853481,401.21021001914966,0,0,0,0,0,0,0.7147283373823496
I7,modelled,time_trend_sd,0.045528614603915496,15,0.9333333333333333,0.006829228529204504,0.006925196779584503,0.012051172623763852,0.03620142865,0.011267601729781168,0.002653735901700719,0.0011994419469753999,3.6283408438920366e-4,1.008971835853481,401.21021001914966,0,0,0,0,0,0,0.7147283373823496
I7,modelled,treatment_effect_mean,-0.3374485596707819,15,0.7333333333333333,-0.010095260040884757,-0.004821760084218085,0.03271050779918175,0.09220037620000002,0.028303748021978437,0.00831548918407796,0.004207567266590664,0.0013103745539392113,1.008971835853481,401.21021001914966,0,0,0,0,0,0,0.7147283373823496
I7,modelled,treatment_effect_sd,0.07626392697027408,15,0.8666666666666667,0.0057487869366259214,0.0014062988657259218,0.01733290512546487,0.056805840293333326,0.01773369110701461,0.004370199806200803,0.0022759176925410633,7.398475754706156e-4,1.008971835853481,401.21021001914966,0,0,0,0,0,0,0.7147283373823496
I8,modelled,baseline_difference_sd,0,25,0,0.023315576470186866,0.02384709962447,0.024420353479096463,0.024751788644979997,0.007546515764135382,0.0014823623869082432,3.4213835154907e-4,9.411482998654476e-5,1.0185205300195819,478.8326129029766,0,0,0,0,0,0,0.5518039676446543
I8,modelled,effect_multiplier[level2:b],1.4,25,0.92,-0.005312164091199909,-0.030539007869999857,0.1317247306141409,0.467490768,0.14413154042214196,0.02686632462150662,0.018156011378087627,0.005655476083255837,1.0185205300195819,478.8326129029766,0,0,0,0,0,0,0.5518039676446543
I8,modelled,effect_multiplier[level:b],0.6,25,0.8,-0.011521788306999984,-0.016316169519999923,0.07706942716705356,0.21690258776,0.06637171780062937,0.015554936245002812,0.006270532575306516,0.0019405038473431532,1.0185205300195819,478.8326129029766,0,0,0,0,0,0,0.5518039676446543
I8,modelled,time_trend_mean,-0.08998628257887518,25,0.92,0.0020012367993351853,0.003498109102375191,0.010953064011626018,0.03319919760599999,0.010122677223488207,0.0021981494349012807,0.0010212096028375862,3.0531460840531717e-4,1.0185205300195819,478.8326129029766,0,0,0,0,0,0,0.5518039676446543
I8,modelled,time_trend_sd,0.045528614603915496,25,0.8,0.003840864132204504,0.003980293302584502,0.009989070353890697,0.027213696307999996,0.008432000138315361,0.0018822558413258074,7.204454305766088e-4,2.2893000987898692e-4,1.0185205300195819,478.8326129029766,0,0,0,0,0,0,0.5518039676446543
I8,modelled,treatment_effect_mean,-0.3374485596707819,25,0.92,-2.3297670461808418e-4,-0.006047368264218089,0.025843460539806136,0.09435150398,0.028844757329696234,0.005275059930653325,0.00279912620145315,8.369685830199368e-4,1.0185205300195819,478.8326129029766,0,0,0,0,0,0,0.5518039676446543
I8,modelled,treatment_effect_sd,0.07626392697027408,25,0.88,0.006155592662165922,0.005224625182225925,0.014484757270476448,0.045098249038,0.01387080218730203,0.002676416075044117,0.0012030216888500307,3.6780274082402525e-4,1.0185205300195819,478.8326129029766,0,0,0,0,0,0,0.5518039676446543
I8,raw,baseline_control_mean,0.45,25,0.88,0.0024898996013999917,0.0024294575100000104,0.010721380688156746,0.030318478419999996,0.009284654312917076,0.0021286576740139995,6.943915787177704e-4,2.0993144019519627e-4,1.018140942476056,148.92792923523703,0,0,0,0,0,0,0.6284477441964602
I8,raw,baseline_difference_sd,0,25,0,0.012554941679900442,0.0110024417261723,0.013484824229943614,0.02560309230302,0.008062790448039342,0.0010044468611872296,9.691259303880276e-4,2.812083433379714e-4,1.018140942476056,148.92792923523703,0,0,0,0,0,0,0.6284477441964602
I8,raw,effect_multiplier[level2:b],1.4,25,0.88,-0.011362789402999934,-0.012183680149999931,0.11229937214482218,0.4188027784,0.12822907962256486,0.022805368521015997,0.01580612431299374,0.0047812674712258835,1.018140942476056,148.92792923523703,0,0,0,0,0,0,0.6284477441964602
I8,raw,effect_multiplier[level:b],0.6,25,0.8,-0.01608166371839998,-0.014357953565000026,0.06378185758972124,0.19604019965999997,0.05994806886583874,0.012598785407139748,0.005850310442705989,0.0018497953983162014,1.018140942476056,148.92792923523703,0,0,0,0,0,0,0.6284477441964602
I8,raw,time_trend_mean,-0.04,25,0.92,5.148700543000004e-4,2.9141810149999753e-4,0.0042914580917162186,0.014684383914000001,0.004467534450404598,8.696628029525229e-4,4.453379268590502e-4,1.3296235222301142e-4,1.018140942476056,148.92792923523703,0,0,0,0,0,0,0.6284477441964602
I8,raw,time_trend_sd,0.02,25,0.84,0.0011763972973719997,4.184710310000013e-4,0.003961244887993164,0.012107807988799998,0.003725194188088633,7.721061687949135e-4,2.703780511437425e-4,8.313312264091249e-5,1.018140942476056,148.92792923523703,0,0,0,0,0,0,0.6284477441964602
I8,raw,treatment_effect_mean,-0.15,25,0.96,-0.0019131008250800063,-0.0025906179000000085,0.01013570593072708,0.03796475406000001,0.011615126666749038,0.0020317539625823123,9.573485837182953e-4,2.889779164495709e-4,1.018140942476056,148.92792923523703,0,0,0,0,0,0,0.6284477441964602
I8,raw,treatment_effect_sd,0.03,25,0.88,0.002685199940620001,0.0015361922915000034,0.005431357842948717,0.018173565157999998,0.005637323336585076,9.637026965705175e-4,3.737308310344619e-4,1.1562612648777432e-4,1.018140942476056,148.92792923523703,0,0,0,0,0,0,0.6284477441964602
I9,modelled,baseline_difference_sd,0,25,0,0.02630789588990456,0.0271078235505,0.027417583972059408,0.025048736830639996,0.007614671259989525,0.0015761044369857979,3.806385697638065e-4,9.844888546431982e-5,1.007396219205369,296.71164692259657,0,0,0,0,0,0,0.5925695151671421
I9,modelled,effect_multiplier[level2:b],0.7,25,0.8,0.02810578505060005,0.003577970769999994,0.1278118550165537,0.39555749362,0.12188740101307129,0.02545088008421157,0.015519844791227876,0.005011061393901836,1.007396219205369,296.71164692259657,0,0,0,0,0,0,0.5925695151671421
I9,modelled,effect_multiplier[level2:c],0.4,25,0.88,0.04248752740541997,0.022434763604999963,0.09289267311565844,0.32700503142,0.10074960478051195,0.016862011956794896,0.012108999609957781,0.003605992697678248,1.007396219205369,296.71164692259657,0,0,0,0,0,0,0.5925695151671421
I9,modelled,effect_multiplier[level:b],0.6,25,0.92,0.013370205002600022,0.019752785880000068,0.08358272281257968,0.32845100252,0.10110067403277877,0.016841552248027518,0.010753579809621173,0.0033598541205029212,1.007396219205369,296.71164692259657,0,0,0,0,0,0,0.5925695151671421
I9,modelled,time_trend_mean,-0.08998628257887518,25,0.84,-0.0042192710647688154,-0.006411249297124819,0.011979378076461291,0.03555991859799999,0.010814116388001583,0.0022885880907669363,8.592569131869541e-4,2.567451639056543e-4,1.007396219205369,296.71164692259657,0,0,0,0,0,0,0.5925695151671421
I9,modelled,time_trend_sd,0.045528614603915496,25,0.76,0.008160916081824504,0.007577980479584502,0.01085142087462373,0.028780436637999996,0.008859736035054817,0.0014599198565851397,5.543905353823278e-4,1.6618926140147443e-4,1.007396219205369,296.71164692259657,0,0,0,0,0,0,0.5925695151671421
I9,modelled,treatment_effect_mean,-0.3374485596707819,25,0.92,0.008176055832581906,0.0031480307357819037,0.03721777735248195,0.11650844044,0.03572981195159961,0.00741146370519296,0.003419855316233119,0.0010747568322098126,1.007396219205369,296.71164692259657,0,0,0,0,0,0,0.5925695151671421
I9,modelled,treatment_effect_sd,0.07626392697027408,25,0.88,-5.439707201140789e-4,-0.0012733437637740819,0.012470084052358419,0.043894171515999995,0.01353048309456572,0.002543022251578345,0.0011510992281118996,3.52780452594099e-4,1.007396219205369,296.71164692259657,0,0,0,0,0,0,0.5925695151671421
I9,raw,baseline_control_mean,0.45,25,0.92,-0.00567167941140001,-0.005038420074999994,0.009783041187166762,0.031915918360000003,0.009807097694197232,0.0016271133376333283,9.89890604890208e-4,3.006593912414418e-4,1.0133593524358688,153.88853802437222,0,0,0,0,0,0,0.6373605428713627
I9,raw,baseline_difference_sd,0,25,0,0.014258518938206127,0.0135176232644866,0.014811285924119053,0.0285084243286,0.00890902266930831,8.182508889603175e-4,0.0010092495955620546,2.8309367569203276e-4,1.0133593524358688,153.88853802437222,0,0,0,0,0,0,0.6373605428713627
I9,raw,effect_multiplier[level2:b],0.7,25,0.76,0.03570920452380004,0.026738716970000076,0.1321686736235911,0.36811230819999996,0.11309682998810217,0.025975478019099062,0.01737751108792326,0.005375191811172072,1.0133593524358688,153.88853802437222,0,0,0,0,0,0,0.6373605428713627
I9,raw,effect_multiplier[level2:c],0.4,25,0.92,0.03766823571343998,0.01806403058,0.08096369764043991,0.30440968137999996,0.09402940735893568,0.014629058345534554,0.012973153828159825,0.004059895201597737,1.0133593524358688,153.88853802437222,0,0,0,0,0,0,0.6373605428713627
I9,raw,effect_multiplier[level:b],0.6,25,0.92,0.011389541560200025,0.006278805575000046,0.073864246898546,0.30482623026,0.09321639979428756,0.014897154807962823,0.0109215925126476,0.003321612431720125,1.0133593524358688,153.88853802437222,0,0,0,0,0,0,0.6373605428713627
I9,raw,time_trend_mean,-0.04,25,0.88,-0.0013426524650399986,-0.0021713854939999985,0.0049164807446850246,0.015051098848,0.004619478115653603,9.654245022911905e-4,3.8953462536452023e-4,1.1879508128080876e-4,1.0133593524358688,153.88853802437222,0,0,0,0,0,0,0.6373605428713627
I9,raw,time_trend_sd,0.02,25,0.84,0.002369482823014,0.0018654196304999995,0.00406095686631729,0.012549194473999999,0.003839408623425814,6.732050771474701e-4,2.2114944506336845e-4,7.024400713750265e-5,1.0133593524358688,153.88853802437222,0,0,0,0,0,0,0.6373605428713627
I9,raw,treatment_effect_mean,-0.15,25,0.8,0.005931290634939993,0.0034336496524999816,0.016852627748071634,0.046478026139999996,0.014174632393347377,0.003219930469092378,0.001508510521414034,4.593281760136757e-4,1.0133593524358688,153.88853802437222,0,0,0,0,0,0,0.6373605428713627
I9,raw,treatment_effect_sd,0.03,25,0.88,-7.574218665998972e-6,1.8064623250000147e-4,0.005772983744691784,0.017741581502,0.005465314229134401,0.0011784043580849624,3.9995685332773424e-4,1.2304818748643675e-4,1.0133593524358688,153.88853802437222,0,0,0,0,0,0,0.6373605428713627
J1,full,baseline_difference_sd,0,5,0,0.025937186583741598,0.02613106823395,0.027071320181274346,0.0587006147382,0.02008623210556795,0.0038768133975356114,0.006260685601125458,0.002082840138899075,1.0268640261169288,160.65747219721533,0,6.8,34,0.2,0.2,0,0.7144952656926147
J1,full,time_trend_mean,0,5,1,0.0015989412022383899,0.0041242310403415,0.00898403627919455,0.06368123146,0.019453262332890096,0.004420302447165474,0.00464428246586767,0.0012498553811654302,1.0268640261169288,160.65747219721533,0,6.8,34,0.2,0.2,0,0.7144952656926147
J1,full,time_trend_sd,0.022222222222222223,5,1,0.014940156937745619,0.01360858196876778,0.015826279199483973,0.06038705269999999,0.01844321778689952,0.00261069071203152,0.003029055747881408,0.0010054400530538842,1.0268640261169288,160.65747219721533,0,6.8,34,0.2,0.2,0,0.7144952656926147
J1,full,treatment_effect_mean,-0.3374485596707819,5,1,0.004063254640781911,0.010400850055781896,0.02046606419379784,0.07788054550000001,0.023582129897161463,0.010029328807413015,0.003934985928818207,0.0011988362223501426,1.0268640261169288,160.65747219721533,0,6.8,34,0.2,0.2,0,0.7144952656926147
J1,full,treatment_effect_sd,0.07626392697027408,5,1,-9.574132241740779e-4,0.0024350723687259213,0.012547589469670025,0.05271027454,0.01608409586001697,0.00625550480412154,0.0033188805319038094,0.0010221351246938386,1.0268640261169288,160.65747219721533,0,6.8,34,0.2,0.2,0,0.7144952656926147
J1,naive,baseline_difference_sd,0,5,0,0.026588434053505212,0.0263692434460975,0.02789690628926368,0.059509393456,0.021002517694752223,0.004221745939015159,0.006393838590341011,0.0029594567654015226,1.0112158107383367,357.62681829479357,0,3.8,6,0.8,0,0,0.5969337315117813
J1,naive,time_trend_mean,0,5,1,-0.00350690905014922,0.00555381640350385,0.015613336299284974,0.08292291707999999,0.02541020858378613,0.00760719822451984,0.005649222131986566,0.0015048663667962161,1.0112158107383367,357.62681829479357,0,3.8,6,0.8,0,0,0.5969337315117813
J1,naive,time_trend_sd,0.022222222222222223,5,1,0.02431608773554208,0.02322441057658278,0.02549131294326121,0.09722399451299998,0.03277842513463851,0.003825405625835536,0.004250456341197865,0.001203826225387907,1.0112158107383367,357.62681829479357,0,3.8,6,0.8,0,0,0.5969337315117813
J1,naive,treatment_effect_mean,-0.3374485596707819,5,1,0.005476720691781911,0.012997269925781929,0.01636014033973668,0.05259659469999998,0.01614573818276092,0.007708108107702031,0.002970605676887823,8.9608821281749e-4,1.0112158107383367,357.62681829479357,0,3.8,6,0.8,0,0,0.5969337315117813
J1,naive,treatment_effect_sd,0.07626392697027408,5,0.8,0.007667376325125918,0.008247761575225915,0.013749106326018053,0.04060022409,0.012662926023206745,0.005706340005928674,0.0022150732594367613,6.996639700090599e-4,1.0112158107383367,357.62681829479357,0,3.8,6,0.8,0,0,0.5969337315117813
J2,full,baseline_difference_sd,0,5,0,0.02403249863612477,0.025304616269164,0.02521212190293261,0.0544107840848,0.018588873201721673,0.003810843087592149,0.006072447022104818,0.0018754047708737628,1.006993473845595,131.5632597528808,0,16,39,0.8,0.4,0,0.7162326740111156
J2,full,time_trend_mean,-0.05624142661179699,5,1,-0.006526615149432008,-0.005590529092763009,0.009951671365423513,0.050806350109999995,0.015821722769214223,0.003756296635537285,0.002832618277160412,8.03469307962435e-4,1.006993473845595,131.5632597528808,0,16,39,0.8,0.4,0,0.7162326740111156
J2,full,time_trend_sd,0.02306363171885112,5,1,0.0012289817407235503,0.00121548823489738,0.006772053117787344,0.053867998165099996,0.016863625785680708,0.00332980131956478,0.003779600567681886,0.0011944044128949333,1.006993473845595,131.5632597528808,0,16,39,0.8,0.4,0,0.7162326740111156
J2,full,treatment_effect_mean,-0.3374485596707819,5,1,0.007527240705781912,0.007708955875781909,0.01651807623941861,0.07382162769999999,0.02259724278006644,0.007351657806380569,0.004031092582980617,0.0011596792277261349,1.006993473845595,131.5632597528808,0,16,39,0.8,0.4,0,0.7162326740111156
J2,full,treatment_effect_sd,0.07626392697027408,5,1,0.01057517794932592,0.019808148936225928,0.018737659506304516,0.05128425272,0.01566478607002804,0.007734104588029159,0.0028613020048744806,7.347018405855175e-4,1.006993473845595,131.5632597528808,0,16,39,0.8,0.4,0,0.7162326740111156
J2,naive,baseline_difference_sd,0,5,0,0.02482187545989705,0.0245997235469065,0.026248648526128876,0.055699625554900004,0.018472460201081953,0.004268080602027337,0.0064128656100731745,0.0018675414372591782,1.0158127805341777,195.67763307827124,0,2,6,0.4,0,0,0.6266610889372393
J2,naive,time_trend_mean,-0.05624142661179699,5,1,-0.005934268130798009,-0.005310473366178008,0.009109613025947748,0.058869412319999995,0.018249624213069103,0.00345577455986035,0.007783709318654745,0.0025878068143401632,1.0158127805341777,195.67763307827124,0,2,6,0.4,0,0,0.6266610889372393
J2,naive,time_trend_sd,0.02306363171885112,5,1,0.005429358151009911,0.0020769601911738815,0.012095210580904413,0.07258681591899999,0.024907287307000637,0.0054040769115660334,0.011635803280863386,0.0036433135284576613,1.0158127805341777,195.67763307827124,0,2,6,0.4,0,0,0.6266610889372393
J2,naive,treatment_effect_mean,-0.3374485596707819,5,0.2,-0.045327422376218084,-0.057581860374218086,0.04885799456445511,0.059352090199999985,0.01796000416818724,0.009117680812413983,0.005634479164052665,0.0016537081185960196,1.0158127805341777,195.67763307827124,0,2,6,0.4,0,0,0.6266610889372393
J2,naive,treatment_effect_sd,0.07626392697027408,5,0.4,0.017833197477925923,0.028329091280725915,0.02391911834818257,0.04568492189000001,0.01408862139074287,0.007970277446043842,0.0034644692076437195,0.0010608988211366984,1.0158127805341777,195.67763307827124,0,2,6,0.4,0,0,0.6266610889372393
J3,full,baseline_difference_sd,0,5,0,0.03811501101730743,0.036181594553014,0.04165545462680641,0.07275727130799998,0.02379502827165421,0.008402720323152205,0.007657487545845142,0.002324318635661072,1.0232329445507253,87.17123814749986,0,14,32,0.8,0.6,0,0.697487881286204
J3,full,time_trend_mean,-0.11248285322359398,5,1,0.002561740012544586,0.010421866485593984,0.017367274833268227,0.05743000567999999,0.0175581599902689,0.008588651280067201,0.005134379326182455,0.0016088792723333212,1.0232329445507253,87.17123814749986,0,14,32,0.8,0.6,0,0.697487881286204
J3,full,time_trend_sd,0.02542130899009136,5,0.8,0.00651302312904391,0.0046569506370431404,0.015534244009697223,0.057111073580999976,0.017842589192479753,0.007051476204904778,0.006629431954869223,0.0019904224261128698,1.0232329445507253,87.17123814749986,0,14,32,0.8,0.6,0,0.697487881286204
J3,full,treatment_effect_mean,-0.3374485596707819,5,0.8,0.011801083762781916,0.008871004265781912,0.024985008018455053,0.07382682759999999,0.0225254566784331,0.01101118803429117,0.0013630403337531985,3.050802403682544e-4,1.0232329445507253,87.17123814749986,0,14,32,0.8,0.6,0,0.697487881286204
J3,full,treatment_effect_sd,0.07626392697027408,5,0.8,0.0026373979842259183,0.006913720532225914,0.019269630939084247,0.058525982500000004,0.017852762468263554,0.009544144911951435,0.00495034578795207,0.0014791521422843556,1.0232329445507253,87.17123814749986,0,14,32,0.8,0.6,0,0.697487881286204
J3,naive,baseline_difference_sd,0,5,0,0.0380365223700398,0.031420220433266,0.04192877096628575,0.07066822390099999,0.023645049314954994,0.00882106570569436,0.007581612719670592,0.0025620893849067944,1.0067092641059272,210.41677588607465,0,2,4,0.8,0,0,0.6332858734622283
J3,naive,time_trend_mean,-0.11248285322359398,5,1,0.004463394481214983,0.010669332738198978,0.011394588840813357,0.06406852072,0.02056933645631292,0.005242012126947245,0.013632828239327056,0.004395638144162548,1.0067092641059272,210.41677588607465,0,2,4,0.8,0,0,0.6332858734622283
J3,naive,time_trend_sd,0.02542130899009136,5,0.8,0.0077802559467718,0.0032868080989261403,0.021411837982929356,0.07306429013599999,0.02428405631217985,0.00997414687091004,0.013468716717571412,0.00422088520892488,1.0067092641059272,210.41677588607465,0,2,4,0.8,0,0,0.6332858734622283
J3,naive,treatment_effect_mean,-0.3374485596707819,5,0,-0.0803210099192181,-0.0802116661942181,0.08083506060250957,0.060905452900000004,0.018435574319450906,0.004550889697857522,0.0055934936053221645,0.001592193240676557,1.0067092641059272,210.41677588607465,0,2,4,0.8,0,0,0.6332858734622283
J3,naive,treatment_effect_sd,0.07626392697027408,5,0.6,0.02066687643582592,0.016981602899225914,0.02611844527354519,0.04835232217999999,0.01480434391403882,0.007985195706641737,0.0038666149912370247,0.0011695663436978965,1.0067092641059272,210.41677588607465,0,2,4,0.8,0,0,0.6332858734622283
J4,full,baseline_difference_sd,0,5,0,0.0262295815673627,0.0173753118276735,0.029472110913514416,0.05459118056019999,0.018223250427870114,0.0067196423360838635,0.007368458805268551,0.0022273737891462344,1.0521635921884949,39.14170475215333,0.2,15.4,74,0.6,0.2,0,0.7082864393524486
J4,full,time_trend_mean,-0.16872427983539096,5,0.8,-4.0951219009044415e-5,-0.013259580214609046,0.019672928885772396,0.07156799559999999,0.022119668642286604,0.009836443131822595,0.006742837725863574,0.0020944322935705084,1.0521635921884949,39.14170475215333,0.2,15.4,74,0.6,0.2,0,0.7082864393524486
J4,full,time_trend_sd,0.028926850651506127,5,0.8,0.018771979756558272,0.011807443644916874,0.023591548058567408,0.07327831197,0.023144290042864054,0.007144471915737755,0.011264846644605097,0.0038834058496270835,1.0521635921884949,39.14170475215333,0.2,15.4,74,0.6,0.2,0,0.7082864393524486
J4,full,treatment_effect_mean,-0.3374485596707819,5,1,0.001031127520781916,0.0013912536907819129,0.021728861854649378,0.08400572849999997,0.0258213135640591,0.010852191178908559,0.0030772895932884192,0.0010624297883428692,1.0521635921884949,39.14170475215333,0.2,15.4,74,0.6,0.2,0,0.7082864393524486
J4,full,treatment_effect_sd,0.07626392697027408,5,1,0.003079066279881923,0.0025159299282259268,0.011426278146986914,0.07354993979,0.0226022942598112,0.005501799322412732,0.012374280843908493,0.003856676676646163,1.0521635921884949,39.14170475215333,0.2,15.4,74,0.6,0.2,0,0.7082864393524486
J4,naive,baseline_difference_sd,0,5,0,0.02595862778051528,0.018053658041383,0.02885103502429577,0.0528868968072,0.018287180451126928,0.006295471899027937,0.006609468443114563,0.0020662046073141637,1.025105075698658,176.28336683857995,0,5.6,13,0.8,0.2,0,0.6202616594486297
J4,naive,time_trend_mean,-0.16872427983539096,5,1,0.010312215379770954,0.009316503543890964,0.022340840858562742,0.09349301311,0.02985265032940007,0.009909230346359424,0.019890488129398472,0.0059269731191180924,1.025105075698658,176.28336683857995,0,5.6,13,0.8,0.2,0,0.6202616594486297
J4,naive,time_trend_sd,0.028926850651506127,5,0.8,0.02285955834057567,0.011412221306247871,0.03429125686138411,0.1099558665,0.03588639909080318,0.012780169106933211,0.017262130926671664,0.0054246699708066955,1.025105075698658,176.28336683857995,0,5.6,13,0.8,0.2,0,0.6202616594486297
J4,naive,treatment_effect_mean,-0.3374485596707819,5,0,-0.1415711507272181,-0.1422076036792181,0.14193909742664326,0.07323736990000002,0.022538073465038687,0.005106776381961198,0.0038436406693255244,0.001085389472480708,1.025105075698658,176.28336683857995,0,5.6,13,0.8,0.2,0,0.6202616594486297
J4,naive,treatment_effect_sd,0.07626392697027408,5,0,0.041842066566225924,0.038934442070725925,0.04307216253947123,0.056163239440000005,0.01755271806676446,0.005110103993417039,0.0021254171156056146,6.429110411470473e-4,1.025105075698658,176.28336683857995,0,5.6,13,0.8,0.2,0,0.6202616594486297
J5,full,baseline_difference_sd,0,5,0,0.027123044586324002,0.0264246943206085,0.028256572944562432,0.05751168805699999,0.01916830196977335,0.003961513818594413,0.005378799014361954,0.001603401429580015,1.0581455554184962,77.09001393240834,0.2,17.2,59,0.6,0.4,0,0.7270567183545477
J5,full,time_trend_mean,-0.22496570644718797,5,1,-0.007754720924812025,-0.009689782127812019,0.013783168063442146,0.06103760709999999,0.018814049185172283,0.005697368367136139,0.006832580834217632,0.001993479489594467,1.0581455554184962,77.09001393240834,0.2,17.2,59,0.6,0.4,0,0.7270567183545477
J5,full,time_trend_sd,0.033218824807589406,5,1,0.0070529824325290934,0.015347418180981093,0.01958206439085641,0.07717508147299999,0.024893228783835188,0.009133902296035395,0.013899043974993435,0.005038603845373517,1.0581455554184962,77.09001393240834,0.2,17.2,59,0.6,0.4,0,0.7270567183545477
J5,full,treatment_effect_mean,-0.3374485596707819,5,1,0.008987416229781909,0.01006027979078189,0.019524474927074653,0.07520261960000003,0.0230114277953249,0.00866647954319716,0.0026203974709603835,6.032644876279583e-4,1.0581455554184962,77.09001393240834,0.2,17.2,59,0.6,0.4,0,0.7270567183545477
J5,full,treatment_effect_sd,0.07626392697027408,5,1,-5.230089599291776e-4,-0.0011086453606465735,0.011979585726637175,0.07792537223599999,0.024724141489466778,0.005984081713380986,0.014411261982309432,0.004874082584594781,1.0581455554184962,77.09001393240834,0.2,17.2,59,0.6,0.4,0,0.7270567183545477
J5,naive,baseline_difference_sd,0,5,0,0.0286336067004937,0.02682760360159,0.02952901755684529,0.060265678092,0.019977225500991815,0.0036083044908211325,0.004530793025403813,0.0012183244935916355,1.0113349182514686,136.05851857380966,0,0.8,2,0.6,0,0,0.6137910676768811
J5,naive,time_trend_mean,-0.22496570644718797,5,1,0.0018237107091879645,-0.0028142365578120443,0.008409025587455871,0.0589442866,0.018376091104657526,0.004104442428018716,0.0061705846918064244,0.0018507554453396587,1.0113349182514686,136.05851857380966,0,0.8,2,0.6,0,0,0.6137910676768811
J5,naive,time_trend_sd,0.033218824807589406,5,1,-0.0045819008607968555,-0.0037565810191476576,0.010265095107601072,0.071715661807,0.025066936645801056,0.004592884770760216,0.009497319428512944,0.003141088352153121,1.0113349182514686,136.05851857380966,0,0.8,2,0.6,0,0,0.6137910676768811
J5,naive,treatment_effect_mean,-0.3374485596707819,5,0,-0.1858715251592181,-0.18477940280921812,0.18632915826474375,0.08023896309999998,0.024750317916727743,0.00652555274735554,0.00290891625866861,9.203777824056772e-4,1.0113349182514686,136.05851857380966,0,0.8,2,0.6,0,0,0.6137910676768811
J5,naive,treatment_effect_sd,0.07626392697027408,5,0,0.05697084894732592,0.058115650599225924,0.05794859683722486,0.06307829129,0.01922779164567014,0.005300052962570291,0.0016263291447619883,4.65193758970888e-4,1.0113349182514686,136.05851857380966,0,0.8,2,0.6,0,0,0.6137910676768811
J6,full,baseline_difference_sd,0,5,0,0.027936322951112293,0.0258042725780135,0.028503382323026412,0.06194629687899999,0.021061082090631938,0.0028286332310751713,0.0027876437978032703,0.0011528382280382903,1.012455598233953,164.7942178655675,0,0,0,0,0,0,0.6966636056957491
J6,full,time_trend_mean,-0.2812071330589849,5,0.8,0.012583881794984925,0.0077210299839849394,0.017145096105272963,0.08026337330000001,0.024377138842965395,0.0058223757914809375,0.005521336219141037,0.0017842427278536648,1.012455598233953,164.7942178655675,0,0,0,0,0,0,0.6966636056957491
J6,full,time_trend_sd,0.03803190568086263,5,1,0.019136178591696473,0.02130641602563737,0.023684035548498426,0.072375992297,0.022448403485821042,0.006977467462647798,0.009388429687272973,0.0031192591867708784,1.012455598233953,164.7942178655675,0,0,0,0,0,0,0.6966636056957491
J6,full,treatment_effect_mean,-0.3374485596707819,5,1,-0.010034054005218085,-0.011706512384218104,0.018119343917676705,0.08922042249999998,0.02740118818825282,0.007543679212218244,0.00549486289672017,0.0016961484095357282,1.012455598233953,164.7942178655675,0,0,0,0,0,0,0.6966636056957491
J6,full,treatment_effect_sd,0.07626392697027408,5,1,0.0041598918613314105,-0.0014103348017740769,0.015625001076741682,0.07327496636200001,0.022728886280602958,0.007530537138050105,0.011793363523331624,0.004040635376578388,1.012455598233953,164.7942178655675,0,0,0,0,0,0,0.6966636056957491
J6,naive,baseline_difference_sd,0,5,0,0.0285380417471554,0.0253988931560855,0.028951710519483167,0.06369872004499999,0.021181425271717062,0.002438325000977506,0.002650924707798435,8.095771036984335e-4,1.0200682818692013,125.52014777970959,0,3.4,9,1,0,0,0.6539525455972336
J6,naive,time_trend_mean,-0.2812071330589849,5,1,0.022083691688084932,0.017691729140984935,0.023328623089237128,0.10672270019999999,0.03429508840964889,0.003759495200997605,0.009576749796533862,0.0029108766825524744,1.0200682818692013,125.52014777970959,0,3.4,9,1,0,0,0.6539525455972336
J6,naive,time_trend_sd,0.03803190568086263,5,1,0.02562480771811017,0.018978580788577372,0.02893605361935543,0.129067103843,0.04243713237816657,0.006720573421816287,0.00734100525587016,0.002465186267961551,1.0200682818692013,125.52014777970959,0,3.4,9,1,0,0,0.6539525455972336
J6,naive,treatment_effect_mean,-0.3374485596707819,5,0,-0.23634207637821808,-0.23282102831421814,0.23654525233012122,0.08818984290000001,0.026841286360783596,0.004901003294052293,0.006582354187634118,0.00207979207155445,1.0200682818692013,125.52014777970959,0,3.4,9,1,0,0,0.6539525455972336
J6,naive,treatment_effect_sd,0.07626392697027408,5,0,0.06682050838682592,0.06872718640872592,0.07042883724069864,0.06608099371,0.020371790812029066,0.011127002898388071,0.004419421049808204,0.001413500533460275,1.0200682818692013,125.52014777970959,0,3.4,9,1,0,0,0.6539525455972336
J7,full,baseline_difference_sd,0,5,0,0.0368260384727547,0.030656210857729,0.042958517833839055,0.067544012666,0.022360704089003137,0.011059804981140705,0.009305141419779141,0.002944281904424323,1.0357540512792276,69.55192963940209,0,21,105,0.2,0.2,0,0.7246399801621095
J7,full,time_trend_mean,-0.3374485596707819,5,1,0.002839923858781912,-0.0012778817792181152,0.013017985231744402,0.0867365883,0.02668321141898007,0.006352219532774285,0.011125436000143533,0.0034347227286575326,1.0357540512792276,69.55192963940209,0,21,105,0.2,0.2,0,0.7246399801621095
J7,full,time_trend_sd,0.04319223625811333,5,0.6,0.01974857254197867,0.03313370322138667,0.03113959467680137,0.070804863873,0.02187791136271589,0.012038150181710668,0.004870752749863093,0.0014449089175911345,1.0357540512792276,69.55192963940209,0,21,105,0.2,0.2,0,0.7246399801621095
J7,full,treatment_effect_mean,-0.3374485596707819,5,1,-0.008668925082218093,-0.011724387964218097,0.013349361940821706,0.0983173297,0.029875163462290095,0.005075805407665592,0.006195718347036322,0.0020698493666433198,1.0357540512792276,69.55192963940209,0,21,105,0.2,0.2,0,0.7246399801621095
J7,full,treatment_effect_sd,0.07626392697027408,5,1,0.013954116042525921,0.011134927120725918,0.015146063004128487,0.07297123016,0.02197410359199471,0.002944735556749977,0.005806921625852876,0.0017943034632297652,1.0357540512792276,69.55192963940209,0,21,105,0.2,0.2,0,0.7246399801621095
J7,naive,baseline_difference_sd,0,5,0,0.0393482001146019,0.02999769827397,0.04459933433416278,0.071398565832,0.02364939314278547,0.010497854194925669,0.009583646887842941,0.0032406964581643276,1.0450008836968419,77.20099958539961,0,11,37,0.8,0.4,0,0.6178558964806741
J7,naive,time_trend_mean,-0.3374485596707819,5,1,0.003078015265881906,3.6694887578192503e-4,0.00805282685549838,0.13934802939999996,0.04372101244230348,0.003720680125583018,0.02922434347360441,0.008832148750926926,1.0450008836968419,77.20099958539961,0,11,37,0.8,0.4,0,0.6178558964806741
J7,naive,time_trend_sd,0.04319223625811333,5,0.6,0.03975241173829427,0.045505696550386665,0.05459372600535539,0.15783203950899996,0.05889478103006869,0.01870976135695577,0.03246733796352845,0.013360633296806262,1.0450008836968419,77.20099958539961,0,11,37,0.8,0.4,0,0.6178558964806741
J7,naive,treatment_effect_mean,-0.3374485596707819,5,0,-0.2854899294042181,-0.2811232875192181,0.2857771264565578,0.10219294609999999,0.031197161938969816,0.006404416728750579,0.005622500421966538,0.001544018153311473,1.0450008836968419,77.20099958539961,0,11,37,0.8,0.4,0,0.6178558964806741
J7,naive,treatment_effect_sd,0.07626392697027408,5,0,0.09028626045142592,0.09363490539472592,0.09160335500315335,0.0766443849,0.02387883273864253,0.007738956995794447,0.0031430908082822856,0.0010195500642669335,1.0450008836968419,77.20099958539961,0,11,37,0.8,0.4,0,0.6178558964806741
J8,full,baseline_difference_sd,0,5,0,0.0457429362350937,0.0483164400076415,0.04679427853179591,0.07771130864199999,0.025377894453244607,0.004931741272194019,0.004630469874540756,0.0014227257693855662,1.0212935873156983,195.7256295033473,0,1,4,0.4,0,0,0.6738710634212819
J8,full,time_trend_mean,-0.39368998628257884,5,1,-0.0010853599744211628,-0.006152438062421162,0.01869089630087728,0.08190234629999998,0.024954279933933548,0.00932967842768539,0.0034071954741161617,0.0010191603142694044,1.0212935873156983,195.7256295033473,0,1,4,0.4,0,0,0.6738710634212819
J8,full,time_trend_sd,0.048589305318899816,5,1,0.012368148089533185,0.010280583828100182,0.01619598780588534,0.0717713733,0.02229857760085714,0.005228262948718321,0.004890967616281185,0.0014941524523414892,1.0212935873156983,195.7256295033473,0,1,4,0.4,0,0,0.6738710634212819
J8,full,treatment_effect_mean,-0.3374485596707819,5,1,0.0036730424827819187,-0.0016152964592180963,0.016090559887888194,0.09295528260000001,0.028176444004424078,0.007832861489031255,0.008023270918722012,0.0024423161255365195,1.0212935873156983,195.7256295033473,0,1,4,0.4,0,0,0.6738710634212819
J8,full,treatment_effect_sd,0.07626392697027408,5,0.8,0.010097269238212917,-0.005192812809424074,0.03355133088232379,0.07561977948,0.023352423274040687,0.015997944851653702,0.00599800220587713,0.0018126126765994031,1.0212935873156983,195.7256295033473,0,1,4,0.4,0,0,0.6738710634212819
J8,naive,baseline_difference_sd,0,5,0,0.0474747016989753,0.04814440832425,0.0489640608124622,0.07812579080299999,0.025768051873128462,0.005992327382574491,0.0046836194146578965,0.0016328142787276423,1.0284222232741356,168.4242579027217,0,1.6,3,0.8,0,0,0.6249814940923362
J8,naive,time_trend_mean,-0.39368998628257884,5,0.8,0.0033596563415788316,-0.00371394645742118,0.02526487474135616,0.1170442511,0.03735853003738609,0.012520249647699778,0.010461103969427753,0.0037612304018097547,1.0284222232741356,168.4242579027217,0,1.6,3,0.8,0,0,0.6249814940923362
J8,naive,time_trend_sd,0.048589305318899816,5,1,0.021865510611044785,0.024600624324480187,0.025758514501376378,0.1277345747,0.04285614544066997,0.006808092887070229,0.011585724214090407,0.0034344637105325807,1.0284222232741356,168.4242579027217,0,1.6,3,0.8,0,0,0.6249814940923362
J8,naive,treatment_effect_mean,-0.3374485596707819,5,0,-0.3262072842482181,-0.3254786426542181,0.3266352516400911,0.11404186079999998,0.034815615699341995,0.008357561208089753,0.004912257025483799,0.001329092955658125,1.0284222232741356,168.4242579027217,0,1.6,3,0.8,0,0,0.6249814940923362
J8,naive,treatment_effect_sd,0.07626392697027408,5,0,0.11295421130672591,0.11469937485972591,0.11416490813824165,0.0879291055,0.02714505569000873,0.008291145853991861,0.003634446049612625,0.0011504065901827567,1.0284222232741356,168.4242579027217,0,1.6,3,0.8,0,0,0.6249814940923362
J9,full,baseline_difference_sd,0,5,0,0.03006624578303691,0.016182736502102,0.03580508539654134,0.055775219247,0.01866481218017406,0.009721432568912275,0.009650631313303142,0.003051038638534012,1.0131703320434065,90.40895374057449,0,12.6,55,0.4,0.2,0,0.6426677902597813
J9,full,time_trend_mean,-0.44993141289437594,5,1,0.002472295432375948,-0.004628096130624038,0.0212808215580208,0.09190573739999999,0.02788100323688247,0.010568362236876818,0.004167802971023786,0.0012587837391500782,1.0131703320434065,90.40895374057449,0,12.6,55,0.4,0.2,0,0.6426677902597813
J9,full,time_trend_sd,0.05415237580113904,5,0.8,0.021849848021554957,0.01476303376131096,0.030274989821000433,0.07172823768,0.02237417633197298,0.010478062202724207,0.005792775995006018,0.0019284353382292639,1.0131703320434065,90.40895374057449,0,12.6,55,0.4,0.2,0,0.6426677902597813
J9,full,treatment_effect_mean,-0.3374485596707819,5,0.8,-0.0069431784182180985,3.2998517578192166e-4,0.02910704499892957,0.09258590419999999,0.028333832715035655,0.014133403182023264,0.003758700931691714,0.0010585952931333432,1.0131703320434065,90.40895374057449,0,12.6,55,0.4,0.2,0,0.6426677902597813
J9,full,treatment_effect_sd,0.07626392697027408,5,1,-0.0016723881939008796,-1.4588010487408265e-4,0.017528219033233875,0.07614271191399999,0.023504811958954718,0.008724127179923548,0.005760779748971675,0.0018409893503507947,1.0131703320434065,90.40895374057449,0,12.6,55,0.4,0.2,0,0.6426677902597813
J9,naive,baseline_difference_sd,0,5,0,0.030799944008166567,0.015895156721471886,0.036963342789230025,0.05744539722199999,0.018966764519300214,0.010218269903069786,0.011211071804068232,0.003530498046005852,1.0445187819987602,125.06771601609184,0,3.8,6,1,0,0,0.6320106981072253
J9,naive,time_trend_mean,-0.44993141289437594,5,1,0.008957591310275936,0.005841014704375924,0.010586609812184967,0.1589491303,0.05029337820990505,0.0028212526133581176,0.025860978144314418,0.007945217946165529,1.0445187819987602,125.06771601609184,0,3.8,6,1,0,0,0.6320106981072253
J9,naive,time_trend_sd,0.05415237580113904,5,0.8,0.04354919352632996,0.035244807467360965,0.056367583074896095,0.171561338686,0.05749989646148616,0.017893938672854933,0.023817769492647963,0.007877192955618515,1.0445187819987602,125.06771601609184,0,3.8,6,1,0,0,0.6320106981072253
J9,naive,treatment_effect_mean,-0.3374485596707819,5,0,-0.3828584608722181,-0.37591689950921814,0.3832015539322061,0.12673196639999998,0.03915084773750216,0.008106014350679874,0.002945856254471575,0.0010544317574050872,1.0445187819987602,125.06771601609184,0,3.8,6,1,0,0,0.6320106981072253
J9,naive,treatment_effect_sd,0.07626392697027408,5,0,0.13579723204972594,0.1388533994047259,0.1363067406006635,0.09934121259999999,0.0304807560925583,0.00588725956641663,0.0020849184073923875,4.525132314814051e-4,1.0445187819987602,125.06771601609184,0,3.8,6,1,0,0,0.6320106981072253
K1,default,baseline_difference_sd,0,5,0,0.024661977699650478,0.026381569845975,0.02551514596154337,0.0574273249605,0.019002750597072005,0.003271449578581538,0.0060969737869577215,0.0017156102834753534,1.0094735979213216,400.8268202207847,0,5.2,10,1,0,0,0.6807737532888807
K1,default,time_trend_mean,-0.08998628257887518,5,1,-0.010204610301366912,-0.013862543138624811,0.023707444393728124,0.12941809065499998,0.04123129807291366,0.010699402416478073,0.024192919501376087,0.007468196484205906,1.0094735979213216,400.8268202207847,0,5.2,10,1,0,0,0.6807737532888807
K1,default,time_trend_sd,0.045528614603915496,5,0.6,0.035370769367874505,0.0320028761422345,0.051383427988857706,0.14875199622499996,0.05197668490646675,0.018635754252315336,0.025572202761635333,0.00821512044784237,1.0094735979213216,400.8268202207847,0,5.2,10,1,0,0,0.6807737532888807
K1,default,treatment_effect_mean,-0.3374485596707819,5,1,0.015372271828811911,0.010228930338131936,0.04261013600886776,0.20251937699999997,0.06439068748004026,0.019870310449986214,0.009663624120186665,0.003482467281621352,1.0094735979213216,400.8268202207847,0,5.2,10,1,0,0,0.6807737532888807
K1,default,treatment_effect_sd,0.07626392697027408,5,1,0.04903273436836592,0.055602388284725926,0.051310372748217,0.22600161876999997,0.07904628190055792,0.007558857584354871,0.010261603389215978,0.004310879843574837,1.0094735979213216,400.8268202207847,0,5.2,10,1,0,0,0.6807737532888807
K10,default,baseline_difference_sd,0,5,0,0.03087362147678687,0.0224218899296225,0.03495085840421509,0.05680353109099999,0.017988984313134553,0.008191184287079267,0.008029939929712218,0.002162154631494123,1.5245679912692456,3.713319894276243,0.2,77,360,0.8,0.4,0,0.6752880490453256
K10,default,time_trend_mean,-0.08998628257887518,5,1,0.0022694197460235823,0.009925015862100178,0.021174323648860967,0.12327681092,0.03913133130743121,0.010526178271375027,0.020407646601001934,0.006690979140659067,1.5245679912692456,3.713319894276243,0.2,77,360,0.8,0.4,0,0.6752880490453256
K10,default,time_trend_sd,0.045528614603915496,5,0.8,0.0288350015177965,0.016356524629684503,0.04370882953672519,0.136991325107,0.043268962316555686,0.016424101702522224,0.016771686731103085,0.00527594855130782,1.5245679912692456,3.713319894276243,0.2,77,360,0.8,0.4,0,0.6752880490453256
K10,default,treatment_effect_mean,-0.3374485596707819,5,1,-0.007702906354218086,-0.010978822599218063,0.017377409579226396,0.08541320809999997,0.0262287973736772,0.007788446529673551,0.009462841524293815,0.0027942193960375384,1.5245679912692456,3.713319894276243,0.2,77,360,0.8,0.4,0,0.6752880490453256
K10,default,treatment_effect_sd,0.07626392697027408,5,0.8,-0.001809864832974077,-0.011534875857774074,0.025373436655719388,0.07812118986,0.02461343387598752,0.012654403156689847,0.007499193129169508,0.002457430060493919,1.5245679912692456,3.713319894276243,0.2,77,360,0.8,0.4,0,0.6752880490453256
K11,default,baseline_difference_sd,0,5,0,0.0262552354514783,0.022133678131033,0.027130109163676946,0.052488407184999995,0.016204452619307964,0.003417068722621224,0.0031910407403482983,9.384620252457327e-4,1.0316085876869634,47.35353582730243,0,17.2,76,0.8,0.2,0,0.6736879148931139
K11,default,time_trend_mean,-0.08998628257887518,5,1,-0.012626910606025648,-0.014418006666924818,0.024325676348122435,0.1432555994479,0.0418706501989829,0.01039590855025476,0.02367793069220308,0.004545408699676877,1.0316085876869634,47.35353582730243,0,17.2,76,0.8,0.2,0,0.6736879148931139
K11,default,time_trend_sd,0.045528614603915496,5,0.8,0.034690370396074505,0.023476165765234508,0.04139678128747533,0.13895644735999998,0.04220459391419966,0.011294597190097407,0.012353037099797634,0.002502666979392403,1.0316085876869634,47.35353582730243,0,17.2,76,0.8,0.2,0,0.6736879148931139
K11,default,treatment_effect_mean,-0.3374485596707819,5,1,0.005533573501781896,0.009327566000781884,0.018920156155686704,0.0771348231,0.022772496737119816,0.009046434010923124,0.0022690300133990887,6.807718200835084e-4,1.0316085876869634,47.35353582730243,0,17.2,76,0.8,0.2,0,0.6736879148931139
K11,default,treatment_effect_sd,0.07626392697027408,5,1,4.4397326272592046e-4,0.008134656457725917,0.014950347368298747,0.06213375876,0.019005950969549358,0.007471876842112391,0.004971072704226519,0.0015752128975137704,1.0316085876869634,47.35353582730243,0,17.2,76,0.8,0.2,0,0.6736879148931139
K12,default,baseline_difference_sd,0,5,0,0.028024000945538058,0.0206128436644828,0.02963922230588113,0.054380111589999995,0.01674508118159732,0.004825424072087434,0.004651812829268874,0.0012874835849460778,1.0240449421647861,100.8922319324703,0,10,17,1,0.6,0,0.48245868718442564
K12,default,time_trend_mean,-0.08998628257887518,5,0.8,0.015870327864082386,0.004173747961419186,0.030058098942681043,0.08581493060299998,0.027122283729620434,0.012763443946820675,0.011406421839063855,0.0036741456792888797,1.0240449421647861,100.8922319324703,0,10,17,1,0.6,0,0.48245868718442564
K12,default,time_trend_sd,0.045528614603915496,5,1,0.005866421775052706,-0.007841255453900499,0.021589937375504867,0.10481256099999998,0.03302328906070748,0.010388822014976113,0.014374059762911869,0.004538400771743846,1.0240449421647861,100.8922319324703,0,10,17,1,0.6,0,0.48245868718442564
K12,default,treatment_effect_mean,-0.3374485596707819,5,1,-0.006390474776218092,-0.006921877144218103,0.007605184790893289,0.05808580300000001,0.01765613504196317,0.0020615933060472275,0.003115178613970776,8.67185917134911e-4,1.0240449421647861,100.8922319324703,0,10,17,1,0.6,0,0.48245868718442564
K12,default,treatment_effect_sd,0.07626392697027408,5,0.8,0.003303882906025922,-0.0031113487397740752,0.0167478216364814,0.05156120766,0.015499428145168446,0.008209352704547784,0.005466677021133624,0.0015622736816107438,1.0240449421647861,100.8922319324703,0,10,17,1,0.6,0,0.48245868718442564
K13,default,baseline_difference_sd,0,5,0,0.040997985100473804,0.0395612329234,0.0459956655283714,0.049654313344,0.015195516785849817,0.010425527146134404,0.00492348772458553,0.0014150971103124399,1.3058800984133259,6.953851220638432,0.2,49.4,225,0.8,0.4,0,0.11255287138521779
K13,default,time_trend_mean,-0.08998628257887518,5,1,0.0034303445336056836,0.001338638986375179,0.034488790605390944,0.09895764287,0.030655492258821748,0.01715888555387022,0.022352389339525738,0.00666494011802595,1.3058800984133259,6.953851220638432,0.2,49.4,225,0.8,0.4,0,0.11255287138521779
K13,default,time_trend_sd,0.045528614603915496,5,0.8,0.019331683435348794,0.006980034054714507,0.044835413348824536,0.10593041768699998,0.03268322536636935,0.020226840495461806,0.018980425785656688,0.005660581845794291,1.3058800984133259,6.953851220638432,0.2,49.4,225,0.8,0.4,0,0.11255287138521779
K13,default,treatment_effect_mean,-0.3374485596707819,5,1,0.005365776918781917,0.009227539540781926,0.012625125307823701,0.04711178569999998,0.014267723391901169,0.005714066570668339,0.005370373036176307,0.001638745347702105,1.3058800984133259,6.953851220638432,0.2,49.4,225,0.8,0.4,0,0.11255287138521779
K13,default,treatment_effect_sd,0.07626392697027408,5,0.8,-0.01483134916349408,-0.008890543196274081,0.02004569346755356,0.046708932189999997,0.014464496467339607,0.006742790753568639,0.007632188371346218,0.0025415570584324545,1.3058800984133259,6.953851220638432,0.2,49.4,225,0.8,0.4,0,0.11255287138521779
K14,default,baseline_difference_sd,0,5,0,0.0304920363440969,0.0277239457148185,0.03190708410912647,0.061845996026999986,0.02117200829597531,0.004698343749055212,0.005114430312028245,0.0014460855173278834,1.0097212713558052,176.92946778899707,0,0,0,0,0,0,0.6930221845107235
K14,default,time_trend_mean,-0.08998628257887518,5,1,0.0012855363338025838,0.0025519053273751896,0.010996412518983789,0.08850190958,0.02719169798598336,0.005460505576916317,0.012549241205792759,0.003997115758402967,1.0097212713558052,176.92946778899707,0,0,0,0,0,0,0.6930221845107235
K14,default,time_trend_sd,0.045528614603915496,5,0.8,0.014703717583462403,0.0048881037771195054,0.02822402725511515,0.08321886634899998,0.02638893039762103,0.012045708818115078,0.010732032602203996,0.003459247858036694,1.0097212713558052,176.92946778899707,0,0,0,0,0,0,0.6930221845107235
K14,default,treatment_effect_mean,-0.3374485596707819,5,1,0.018484016436781915,0.019150496435781927,0.02351258688845748,0.10482810640000002,0.03210887960489994,0.00726606631114867,0.006239788887597254,0.0017762458403772874,1.0097212713558052,176.92946778899707,0,0,0,0,0,0,0.6930221845107235
K14,default,treatment_effect_sd,0.07626392697027408,5,1,0.005250359085529921,0.0069258654221759225,0.008104998856652727,0.09358784496999999,0.029232192986599886,0.0030872615672848085,0.009571123122864629,0.0028559522137746656,1.0097212713558052,176.92946778899707,0,0,0,0,0,0,0.6930221845107235
K15,default,baseline_difference_sd,0,5,0,0.03423479638092365,0.039449734978365,0.03562960687150522,0.06802754772799999,0.022227179115386297,0.004935777612866824,0.004939860575758503,0.0015265995235744505,1.0107204507974996,287.4385070858646,0,2,10,0.2,0,0,0.7097011473420909
K15,default,time_trend_mean,-0.08998628257887518,5,1,8.395265047058675e-5,-0.003651463838974814,0.015101873834739628,0.090617868772,0.027883271898179404,0.0075508202414186825,0.00660795517158099,0.0020540055655310103,1.0107204507974996,287.4385070858646,0,2,10,0.2,0,0,0.7097011473420909
K15,default,time_trend_sd,0.045528614603915496,5,1,0.022799208271114507,0.024280221709584507,0.02388675536653197,0.07152871589999998,0.022283812115922803,0.0035627652234917137,0.007311052067564873,0.0023429493762230375,1.0107204507974996,287.4385070858646,0,2,10,0.2,0,0,0.7097011473420909
K15,default,treatment_effect_mean,-0.3374485596707819,5,1,0.009969331606781918,0.01729973964578191,0.027472420475683417,0.09740389400000003,0.029713732023270965,0.012799866348001144,0.009733646350927626,0.003166642158892996,1.0107204507974996,287.4385070858646,0,2,10,0.2,0,0,0.7097011473420909
K15,default,treatment_effect_sd,0.07626392697027408,5,0.6,-5.733536210283371e-4,0.002084564838340422,0.030876388825548405,0.082169364953,0.025270662974474382,0.015435532486212647,0.00587479329436154,0.0018167396114330628,1.0107204507974996,287.4385070858646,0,2,10,0.2,0,0,0.7097011473420909
K16,default,baseline_difference_sd,0,5,0,0.026126310493804872,0.0250522456321435,0.02736611880807416,0.057319429584,0.0191511370611551,0.004071865622749966,0.004826137564258484,0.001556282609011004,1.020643588510503,113.11906308880816,0,7.6,38,0.2,0.2,0,0.7130258165930071
K16,default,time_trend_mean,-0.08998628257887518,5,1,-0.006390870414101815,-0.004046317030624816,0.02179093711708146,0.06686222049,0.020362974801500698,0.010416353918127452,0.005412978741313047,0.001651353523665212,1.020643588510503,113.11906308880816,0,7.6,38,0.2,0.2,0,0.7130258165930071
K16,default,time_trend_sd,0.045528614603915496,5,1,-6.056401269159961e-4,1.4268015788450328e-4,0.016989612893624058,0.06059905828199998,0.018911656618156823,0.008489407316059613,0.00866134528913714,0.002753973128606809,1.020643588510503,113.11906308880816,0,7.6,38,0.2,0.2,0,0.7130258165930071
K16,default,treatment_effect_mean,-0.3374485596707819,5,0.8,0.006666162790781915,0.017750836125781932,0.030276265588769048,0.07660374430000001,0.02333994195965975,0.014766639188119915,9.256423796378765e-4,3.1393814228049597e-4,1.020643588510503,113.11906308880816,0,7.6,38,0.2,0.2,0,0.7130258165930071
K16,default,treatment_effect_sd,0.07626392697027408,5,0.8,0.003776756209258822,0.005084430418275915,0.017214357675831425,0.05936376248000001,0.018146953681069958,0.008397473172438259,0.007924997861721328,0.002265123276380219,1.020643588510503,113.11906308880816,0,7.6,38,0.2,0.2,0,0.7130258165930071
K17,default,baseline_difference_sd,0,5,0,0.0303773514509925,0.0296956836715625,0.030779165644436262,0.06615197571199999,0.021733459583703325,0.002478586118663692,0.002572344593569409,0.001134367783407674,1.0229338410567321,54.292110731599344,0,18.6,81,0.6,0.2,0,0.6947561160592842
K17,default,time_trend_mean,-0.08998628257887518,5,0.8,-0.006583534059524818,-0.00841258295112482,0.020028878574411345,0.06721501264999999,0.020423294448308205,0.009457973570427103,0.00821100899281841,0.002465284572878133,1.0229338410567321,54.292110731599344,0,18.6,81,0.6,0.2,0,0.6947561160592842
K17,default,time_trend_sd,0.045528614603915496,5,0.8,-0.006848202450297295,0.0017235542173145019,0.015967363091221178,0.052187547951999994,0.016009079387918533,0.007212121866805816,0.005220668639214982,0.0016657194637323888,1.0229338410567321,54.292110731599344,0,18.6,81,0.6,0.2,0,0.6947561160592842
K17,default,treatment_effect_mean,-0.3374485596707819,5,0.8,0.006045631800781914,0.005068021785781918,0.023818232857212285,0.07289194849999998,0.022146334218538087,0.011519098842463342,0.006173529610852597,0.0019448683345103938,1.0229338410567321,54.292110731599344,0,18.6,81,0.6,0.2,0,0.6947561160592842
K17,default,treatment_effect_sd,0.07626392697027408,5,0.8,0.0016878320974299213,0.002370508640725924,0.01385198527825097,0.043229903279999995,0.013156781045250194,0.006874385771830216,0.0077063490623211295,0.0023526109780545035,1.0229338410567321,54.292110731599344,0,18.6,81,0.6,0.2,0,0.6947561160592842
K2,default,baseline_difference_sd,0,5,0,0.02185840087541188,0.02158728792520085,0.022477860486932785,0.050788880847099996,0.016584872758288505,0.002620330286424185,0.004062644414218538,0.001123176449088016,1.012633867952951,150.0337762146328,0,4.4,20,0.4,0.2,0,0.733001383028153
K2,default,time_trend_mean,-0.08998628257887518,5,1,-0.006464433148980117,-0.009208908635624818,0.019248018764697054,0.072787219904,0.022055524835561023,0.009065005935305516,0.010917883320340254,0.003367472753625289,1.012633867952951,150.0337762146328,0,4.4,20,0.4,0.2,0,0.733001383028153
K2,default,time_trend_sd,0.045528614603915496,5,1,-0.0019590423897019363,-0.014185022350969995,0.02256507741633321,0.07365056804699997,0.024354457695720977,0.01123993851985479,0.006478166307144994,0.0020993394356526667,1.012633867952951,150.0337762146328,0,4.4,20,0.4,0.2,0,0.733001383028153
K2,default,treatment_effect_mean,-0.3374485596707819,5,1,-0.0051018642542180696,-0.019947199424218076,0.026100026613256607,0.0974604593,0.030179422756028227,0.012798265217835532,0.006385285393014339,0.0019396623766372368,1.012633867952951,150.0337762146328,0,4.4,20,0.4,0.2,0,0.733001383028153
K2,default,treatment_effect_sd,0.07626392697027408,5,0.8,0.020485502134525924,0.017930702658725928,0.026331971563484557,0.07967694659999999,0.025188573031348038,0.008272196333448771,0.003948243378317618,0.0014338711403121978,1.012633867952951,150.0337762146328,0,4.4,20,0.4,0.2,0,0.733001383028153
K3,default,baseline_difference_sd,0,5,0,0.0299681151457784,0.0293145792509855,0.030652780859588603,0.05950106989599999,0.018473901419087838,0.0032212206162931757,0.004337737970477662,0.0011799205378179274,1.0105833580144314,240.36769119064573,0,5.6,25,0.4,0.2,0,0.7454230476864822
K3,default,time_trend_mean,-0.08998628257887518,5,0.8,-0.016624838841417914,-0.007220059882674809,0.03204788737147073,0.08751277522,0.02671114462125152,0.013699286646312606,0.005287616343629099,0.0017485984831743,1.0105833580144314,240.36769119064573,0,5.6,25,0.4,0.2,0,0.7454230476864822
K3,default,time_trend_sd,0.045528614603915496,5,1,0.0136449806090294,0.008910727286084504,0.01679697911204456,0.07126213614999999,0.022325818742507084,0.004897780402122806,0.0036630329113077646,0.0012119979914315504,1.0105833580144314,240.36769119064573,0,5.6,25,0.4,0.2,0,0.7454230476864822
K3,default,treatment_effect_mean,-0.3374485596707819,5,1,0.00332738442578191,0.0036804244207819248,0.01734239691664205,0.07560256899999998,0.023134200543541268,0.008510100523751462,0.005015055582814972,0.00153834974513378,1.0105833580144314,240.36769119064573,0,5.6,25,0.4,0.2,0,0.7454230476864822
K3,default,treatment_effect_sd,0.07626392697027408,5,1,-0.006784105870554081,-0.007512726216774082,0.019232575539044502,0.06004428957999999,0.018281830101601178,0.00899816466567164,6.255613053958926e-4,2.1379659102351166e-4,1.0105833580144314,240.36769119064573,0,5.6,25,0.4,0.2,0,0.7454230476864822
K4,default,baseline_difference_sd,0,5,0,0.0320127869814959,0.025407896392935,0.036493887172388904,0.05863027015499999,0.01864767584400968,0.008760497569037077,0.009403760371797009,0.0029344567040006956,1.0512614430025113,60.26908736109905,0.2,37.4,83,0.8,0.6,0,0.7541416157791436
K4,default,time_trend_mean,-0.08998628257887518,5,0.8,0.011575200895501184,0.01861307252800519,0.019166249396640304,0.060173334659999994,0.0182658150080018,0.007638059965773433,0.008377193504151366,0.002505679368955692,1.0512614430025113,60.26908736109905,0.2,37.4,83,0.8,0.6,0,0.7541416157791436
K4,default,time_trend_sd,0.045528614603915496,5,1,-0.007833394639996386,-0.018847702066823995,0.0199241756033506,0.060316710565999986,0.018598782028176525,0.009159840362790543,0.0049969104944252996,0.0016294136235221516,1.0512614430025113,60.26908736109905,0.2,37.4,83,0.8,0.6,0,0.7541416157791436
K4,default,treatment_effect_mean,-0.3374485596707819,5,0.8,0.007153639103781906,-0.001280862524218107,0.017919099041074017,0.060516797000000025,0.01849510535542563,0.008214614385603596,0.004721804391272581,0.0014995428342433976,1.0512614430025113,60.26908736109905,0.2,37.4,83,0.8,0.6,0,0.7541416157791436
K4,default,treatment_effect_sd,0.07626392697027408,5,1,0.0069240943287259245,0.011324823514225923,0.013386221868311152,0.04870095621,0.014760407753677346,0.0057281727809694516,0.004706842206760068,0.001455222077837143,1.0512614430025113,60.26908736109905,0.2,37.4,83,0.8,0.6,0,0.7541416157791436
K5,default,baseline_difference_sd,0,5,0,0.0335420088487666,0.029684437340828,0.03472114283797385,0.05229014838099999,0.015909248359476297,0.004485850041080439,0.003259632927424789,0.0010634728743488097,1.0277914132805608,87.39569984077585,0,0.4,2,0.2,0,0,0.4146971127975524
K5,default,time_trend_mean,-0.08998628257887518,5,1,-0.0035261399787248184,-0.0011461060726248168,0.01629856043062736,0.06705291605,0.020550627592074037,0.007956277536656989,0.0023627935286149463,8.4400643297854e-4,1.0277914132805608,87.39569984077585,0,0.4,2,0.2,0,0,0.4146971127975524
K5,default,time_trend_sd,0.045528614603915496,5,0.8,0.016038372807224505,0.017819756315084506,0.018270289790188562,0.06101465529999999,0.018812616058999837,0.004375331036445985,0.004874660932908136,0.001505408283055639,1.0277914132805608,87.39569984077585,0,0.4,2,0.2,0,0,0.4146971127975524
K5,default,treatment_effect_mean,-0.3374485596707819,5,0.8,-2.8905647421809675e-4,0.0070729482857819215,0.0167352897573298,0.052093028100000015,0.015861832476230187,0.008366396620058428,0.0018812490671174405,5.825637542427455e-4,1.0277914132805608,87.39569984077585,0,0.4,2,0.2,0,0,0.4146971127975524
K5,default,treatment_effect_sd,0.07626392697027408,5,1,-0.008368978636134079,-0.0060230199807740775,0.011099419101808904,0.04501881248,0.013893730449048652,0.0036454526805848046,0.0035455921103503783,0.0011005410558202876,1.0277914132805608,87.39569984077585,0,0.4,2,0.2,0,0,0.4146971127975524
K6,default,baseline_difference_sd,0,5,0,0.0218952937557221,0.0194272969620555,0.02402160022062659,0.031887746837899994,0.010032468706497745,0.0049404804551340005,0.0028703712254850152,8.667513438621758e-4,1.0062781936336338,615.3489244337102,0,0,0,0,0,0,0.6505428794055766
K6,default,time_trend_mean,-0.08998628257887518,5,1,-0.004171954873424815,-0.005808065803124818,0.010316592704855772,0.04684962822,0.014317183821295097,0.004717702766495318,0.0017987811265544817,5.853464801952549e-4,1.0062781936336338,615.3489244337102,0,0,0,0,0,0,0.6505428794055766
K6,default,time_trend_sd,0.045528614603915496,5,1,0.004382346807084503,0.0038026403730845038,0.006359135526771042,0.04188425431999999,0.01298131308745751,0.0023039987581527617,0.0013290250018732571,4.454848998159845e-4,1.0062781936336338,615.3489244337102,0,0,0,0,0,0,0.6505428794055766
K6,default,treatment_effect_mean,-0.3374485596707819,5,1,-0.005427548243218094,-0.006153305979218093,0.011687292396705504,0.0794253484,0.024512003256994,0.005175290417784069,0.0055573594181693,0.0016656520728159905,1.0062781936336338,615.3489244337102,0,0,0,0,0,0,0.6505428794055766
K6,default,treatment_effect_sd,0.07626392697027408,5,1,0.008810228531625918,0.005149828720225916,0.01617982312374701,0.06865469143999998,0.02144564137172418,0.006785398837508799,0.004313903491686018,0.001297661036720317,1.0062781936336338,615.3489244337102,0,0,0,0,0,0,0.6505428794055766
K7,default,baseline_difference_sd,0,5,0,0.018235542427782667,0.0157142629378325,0.020225940563443644,0.0244350779301,0.007582225007314768,0.004374747536729782,0.0018148391714545957,4.8732511992683516e-4,1.0042879822784665,522.2494760290765,0,0,0,0,0,0,0.616677724376856
K7,default,time_trend_mean,-0.08998628257887518,5,0.8,0.003940641883975185,0.004489544328875189,0.010064583589560222,0.033380760350000004,0.010258622167039235,0.004630528705599,0.0023241020805110433,7.293919355246575e-4,1.0042879822784665,522.2494760290765,0,0,0,0,0,0,0.616677724376856
K7,default,time_trend_sd,0.045528614603915496,5,1,-0.0010550213873154967,0.001729587586584501,0.007930349215477453,0.028270267350000003,0.008744463617318024,0.00392992902454137,0.0012280723261443435,3.690760002749273e-4,1.0042879822784665,522.2494760290765,0,0,0,0,0,0,0.616677724376856
K7,default,treatment_effect_mean,-0.3374485596707819,5,1,0.008824879102781912,0.00920951584078189,0.01242978256936754,0.05895320159999997,0.018120137605393126,0.004376671210607331,0.0027678028971303316,0.0010679143319952122,1.0042879822784665,522.2494760290765,0,0,0,0,0,0,0.616677724376856
K7,default,treatment_effect_sd,0.07626392697027408,5,1,0.006410722112425923,0.006067676944225928,0.011479100689362857,0.04869892813999999,0.015218231108248997,0.004761102672537742,0.002522304771456533,8.133386015595294e-4,1.0042879822784665,522.2494760290765,0,0,0,0,0,0,0.616677724376856
K8,default,baseline_difference_sd,0,5,0,0.0239122748359603,0.02324116354415,0.02586560410074495,0.020685500254,0.006281952575611498,0.004930329290878393,3.7806274402799733e-4,1.1298343608364799e-4,1.0041345895229083,447.50984665271926,0,0,0,0,0,0,0.5888841410563257
K8,default,time_trend_mean,-0.08998628257887518,5,0.6,-0.0039277778663248135,-0.006286820712624819,0.011280663750367242,0.02510730358,0.007692755744905725,0.0052873891402482,0.0014475360992709534,4.442608106344395e-4,1.0041345895229083,447.50984665271926,0,0,0,0,0,0,0.5888841410563257
K8,default,time_trend_sd,0.045528614603915496,5,1,-2.508298446154952e-4,0.0014693782875845052,0.006131141134043573,0.020824711509999996,0.006392968522586044,0.0030630040807437422,0.0010424928058674775,2.805625082755335e-4,1.0041345895229083,447.50984665271926,0,0,0,0,0,0,0.5888841410563257
K8,default,treatment_effect_mean,-0.3374485596707819,5,0.8,0.001849241667781909,0.0054848788357819145,0.01805261290297864,0.043959978,0.01350004532687924,0.008978824225350025,0.0025409975011446593,8.201576028817509e-4,1.0041345895229083,447.50984665271926,0,0,0,0,0,0,0.5888841410563257
K8,default,treatment_effect_sd,0.07626392697027408,5,1,0.006041823203825921,0.010604270149225922,0.011580097175843507,0.035135421109999995,0.010922522616796042,0.004939509666345675,0.001661218490627613,5.695127026957813e-4,1.0041345895229083,447.50984665271926,0,0,0,0,0,0,0.5888841410563257
K9,default,baseline_difference_sd,0,5,0,0.023599004790628,0.0233389297435,0.023982885312868685,0.013961587831999998,0.00425919467554281,0.002136923069633601,5.585492990309923e-4,1.5606668384330295e-4,1.0069653788552428,531.3556153182153,0,0,0,0,0,0,0.565348397742119
K9,default,time_trend_mean,-0.08998628257887518,5,1,-3.321950448248151e-4,8.756467037518423e-5,0.005348509663711626,0.01948177303999999,0.005947721001917679,0.0026690917029492675,8.135980415034052e-4,2.3528464435369377e-4,1.0069653788552428,531.3556153182153,0,0,0,0,0,0,0.565348397742119
K9,default,time_trend_sd,0.045528614603915496,5,0.6,0.005014019030784503,0.0044115450385845065,0.0059722104404329865,0.01589847879,0.004836820929933843,0.0016222600518834525,4.364629279826792e-4,1.3050096883245716e-4,1.0069653788552428,531.3556153182153,0,0,0,0,0,0,0.565348397742119
K9,default,treatment_effect_mean,-0.3374485596707819,5,1,0.0019897518197819044,0.0022366644307819095,0.00315995066172522,0.0306386611,0.009328339160691026,0.0012274135285440942,0.0012211676160659175,3.8136793872201366e-4,1.0069653788552428,531.3556153182153,0,0,0,0,0,0,0.565348397742119
K9,default,treatment_effect_sd,0.07626392697027408,5,0.8,0.002632102372125919,0.002003018441725915,0.008537812666261134,0.023911055320000003,0.007222583363252732,0.004060981477020615,0.001019381813853191,3.3623463255304e-4,1.0069653788552428,531.3556153182153,0,0,0,0,0,0,0.565348397742119
L1,normal,baseline_difference_sd,0,5,0,0.02711972467392714,0.0303658330899,0.029043142104867727,0.0296126223131,0.009096979373825741,0.00519674506142855,0.0027741160720330675,8.045271163196642e-4,1.0039017024385122,551.6641958711839,0,0,0,0,0,0,0.5828479464335802
L1,normal,time_trend_mean,-0.08998628257887518,5,1,1.992476770751872e-4,0.003265028832375186,0.010903777438756916,0.03970738207999999,0.012195731881654903,0.005450978416695586,0.0025981664563456365,7.848804646082451e-4,1.0039017024385122,551.6641958711839,0,0,0,0,0,0,0.5828479464335802
L1,normal,time_trend_sd,0.045528614603915496,5,1,0.002087594970784504,0.002413154030084505,0.0084189620579038435,0.033814525879999995,0.010491857536062717,0.004078016348985735,0.0016839076324803653,5.355577528138453e-4,1.0039017024385122,551.6641958711839,0,0,0,0,0,0,0.5828479464335802
L1,normal,treatment_effect_mean,-0.3374485596707819,5,0.8,-0.02037536255121809,-0.025417979639218102,0.026260204978190073,0.0723544004,0.021929327269240653,0.008283160121641047,0.004093491643104022,0.0011986840163347077,1.0039017024385122,551.6641958711839,0,0,0,0,0,0,0.5828479464335802
L1,normal,treatment_effect_sd,0.07626392697027408,5,1,0.01507781237602592,0.014656448034225916,0.018410237170398372,0.05944491682999999,0.01853695642680329,0.005281960020287861,0.0033339803157227403,9.576039887309615e-4,1.0039017024385122,551.6641958711839,0,0,0,0,0,0,0.5828479464335802
L1,robust,baseline_difference_sd,0,5,0,0.0272486514419177,0.0306927111768,0.029169380811501427,0.029707046405699995,0.009186037685821883,0.005204896048992336,0.002618318950790788,7.604524874815007e-4,1.0031538535442792,818.9400322294515,0,0,0,0,0,0,0.7104562145499889
L1,robust,time_trend_mean,-0.08998628257887518,5,1,2.632838549751798e-4,0.0037164652843751783,0.010500655239880238,0.03874039106,0.011960095931473824,0.005248677025654505,0.002351547448528058,7.516223483804058e-4,1.0031538535442792,818.9400322294515,0,0,0,0,0,0,0.7104562145499889
L1,robust,time_trend_sd,0.045528614603915496,5,1,0.0021982613269845045,0.002106603364084504,0.00855463454748391,0.034197961029999994,0.01066300434535503,0.004133685382902573,0.001407211423388786,4.658592957181924e-4,1.0031538535442792,818.9400322294515,0,0,0,0,0,0,0.7104562145499889
L1,robust,treatment_effect_mean,-0.3374485596707819,5,0.8,-0.02011742044621808,-0.02168993038421807,0.025873171822147552,0.0741655039,0.022378696735285496,0.0081349618119640945,0.004875765273004188,0.0014382677678060189,1.0031538535442792,818.9400322294515,0,0,0,0,0,0,0.7104562145499889
L1,robust,treatment_effect_sd,0.07626392697027408,5,1,0.00971643620812592,0.012620566738225925,0.01410505303112601,0.061214182299999996,0.019035932362378258,0.00511232306354696,0.003766175467680509,0.0012080581338978656,1.0031538535442792,818.9400322294515,0,0,0,0,0,0,0.7104562145499889
L2,normal,baseline_difference_sd,0,5,0,0.0236914794046931,0.02016387093092,0.024668630046379866,0.030365692907999994,0.009302456086128282,0.003437117687182028,5.711164322293753e-4,1.2015456372301226e-4,1.0088939674924988,317.1853369178913,0,0,0,0,0,0,0.6043888641737057
L2,normal,time_trend_mean,-0.08998628257887518,5,1,0.0015939239526751858,-3.188547011248183e-4,0.00392140400229397,0.0393570966,0.012000631382843888,0.0017914251158153026,0.0022754080979685656,7.266496790224638e-4,1.0088939674924988,317.1853369178913,0,0,0,0,0,0,0.6043888641737057
L2,normal,time_trend_sd,0.045528614603915496,5,1,0.0019530611903845045,8.556265685845041e-4,0.008505129603163913,0.033199461640000004,0.010424786838028444,0.004138924424087404,0.0017680225391618388,6.018166997625902e-4,1.0088939674924988,317.1853369178913,0,0,0,0,0,0,0.6043888641737057
L2,normal,treatment_effect_mean,-0.3374485596707819,5,1,-0.0012129890352180817,-0.0015928553042180993,0.013051184548158432,0.0832936083,0.025250414072027574,0.006497347068429739,0.007403787374221735,0.0021946522811668043,1.0088939674924988,317.1853369178913,0,0,0,0,0,0,0.6043888641737057
L2,normal,treatment_effect_sd,0.07626392697027408,5,0.6,0.02909410261332592,0.015064259802225921,0.034872980571247866,0.0646953595,0.020384990663635718,0.009613245641404013,0.0046841134934678536,0.0014833448387825045,1.0088939674924988,317.1853369178913,0,0,0,0,0,0,0.6043888641737057
L2,robust,baseline_difference_sd,0,5,0,0.0234923378573103,0.020651716420178,0.02451466977011356,0.030971068174999998,0.00939390334233015,0.00350282371579362,4.8227506933100627e-4,1.275002896079427e-4,1.0050939438815503,657.7446450248717,0,0,0,0,0,0,0.6704175884616917
L2,robust,time_trend_mean,-0.08998628257887518,5,1,0.0015642391185751864,-3.245097826248128e-4,0.004031346548123869,0.03971631622,0.011962798132366675,0.0018577480299403737,0.002633146595223596,7.671892318827876e-4,1.0050939438815503,657.7446450248717,0,0,0,0,0,0,0.6704175884616917
L2,robust,time_trend_sd,0.045528614603915496,5,1,0.001999128794684506,0.0010937915370845055,0.00820751204860182,0.033925704880000004,0.010474882027507097,0.003980161368908532,0.0020280073207770114,5.65330233992748e-4,1.0050939438815503,657.7446450248717,0,0,0,0,0,0,0.6704175884616917
L2,robust,treatment_effect_mean,-0.3374485596707819,5,1,0.003805171438781907,0.0036435984157819346,0.00790966978972635,0.07395323620000001,0.02256599349544029,0.0034671150292421835,0.005096403625007073,0.0015521195062554525,1.0050939438815503,657.7446450248717,0,0,0,0,0,0,0.6704175884616917
L2,robust,treatment_effect_sd,0.07626392697027408,5,1,0.008010353522025917,0.006088444214725916,0.015924246400869452,0.07280633677,0.0228346197057477,0.006881421726063784,0.004593999008660307,0.0015835395216619648,1.0050939438815503,657.7446450248717,0,0,0,0,0,0,0.6704175884616917
L3,normal,baseline_difference_sd,0,5,0,0.02337687069347444,0.023152434260905,0.02471468789987286,0.0298018398333,0.009112185069675975,0.004010539694626452,0.0022377846870787537,6.281604082234782e-4,1.017070130064991,242.33387780464452,0,0,0,0,0,0,0.6147087469192453
L3,normal,time_trend_mean,-0.08998628257887518,5,0.8,0.008249858531575182,0.009643989826875185,0.011299427334015974,0.04010873296,0.012284140084054221,0.0038605987970036296,0.0021603243453078174,6.624005256805545e-4,1.017070130064991,242.33387780464452,0,0,0,0,0,0,0.6147087469192453
L3,normal,time_trend_sd,0.045528614603915496,5,1,0.0024961631239845045,0.004423160007084502,0.006665991460610372,0.03413469639,0.010621270674342235,0.0030904939658325786,0.0015136940852894338,4.6695049357429384e-4,1.017070130064991,242.33387780464452,0,0,0,0,0,0,0.6147087469192453
L3,normal,treatment_effect_mean,-0.3374485596707819,5,0.8,0.009580783895781908,0.003836763750781902,0.034636933213912986,0.1123580326,0.0341919315212429,0.016642759104242563,0.010580053242746738,0.003133186085378366,1.017070130064991,242.33387780464452,0,0,0,0,0,0,0.6147087469192453
L3,normal,treatment_effect_sd,0.07626392697027408,5,0,0.07405127526172592,0.07866829960822593,0.07964424825610156,0.08785394805,0.027613457682941635,0.014659595086424065,0.007204446369372732,0.0023498936256036084,1.017070130064991,242.33387780464452,0,0,0,0,0,0,0.6147087469192453
L3,robust,baseline_difference_sd,0,5,0,0.023385666029914362,0.02252785282889,0.02470757397010795,0.029749227320099998,0.00913878019955537,0.003986691479963847,0.0021640268126448528,5.825766440891442e-4,1.0039694937698156,791.4009299079482,0,0,0,0,0,0,0.7108424478159514
L3,robust,time_trend_mean,-0.08998628257887518,5,0.8,0.008220373160875183,0.009756656757375179,0.011137863736284843,0.03963393377,0.012111209456268144,0.0037575748064413816,0.001847452149300764,5.601952157249267e-4,1.0039694937698156,791.4009299079482,0,0,0,0,0,0,0.7108424478159514
L3,robust,time_trend_sd,0.045528614603915496,5,1,0.002163228979074504,0.004511217088584506,0.006566195062484685,0.03480897278,0.010711194731899612,0.003099812816231431,0.0014060950689722932,4.3603105079972605e-4,1.0039694937698156,791.4009299079482,0,0,0,0,0,0,0.7108424478159514
L3,robust,treatment_effect_mean,-0.3374485596707819,5,0.8,0.011892558008781917,-5.21155679218066e-4,0.03357621817938557,0.10650462550000002,0.03254129939261845,0.015699757093960553,0.009565661455726914,0.0030061067042431834,1.0039694937698156,791.4009299079482,0,0,0,0,0,0,0.7108424478159514
L3,robust,treatment_effect_sd,0.07626392697027408,5,0.4,0.053219694449825924,0.06527304899372592,0.05927462211158586,0.10459426123,0.03188708510826221,0.013049376892580641,0.010146273448105538,0.003018985789733705,1.0039694937698156,791.4009299079482,0,0,0,0,0,0,0.7108424478159514
L4,normal,baseline_difference_sd,0,5,0,0.0274054545104372,0.02909778049645,0.028366590686153475,0.030473816845999993,0.009293614648457257,0.003660755735914599,5.16925663904269e-4,1.1177903365258028e-4,1.017793268866174,170.16003933735627,0,0,0,0,0,0,0.6112954257593969
L4,normal,time_trend_mean,-0.08998628257887518,5,0.8,-0.0037315218193248153,-1.661792741248086e-4,0.016066246893145043,0.042427034159999995,0.012974819928821603,0.007813450488474916,0.0044208370890328075,0.0013432068301510332,1.017793268866174,170.16003933735627,0,0,0,0,0,0,0.6112954257593969
L4,normal,time_trend_sd,0.045528614603915496,5,0.6,0.0066959823996845065,0.0070043421170845055,0.01427765918667229,0.03642834373,0.011112156770323687,0.006305064859973349,0.0030813943361355494,8.909230809551974e-4,1.017793268866174,170.16003933735627,0,0,0,0,0,0,0.6112954257593969
L4,normal,treatment_effect_mean,-0.3374485596707819,5,1,0.008034341228781905,0.008557162750781888,0.04223849168212979,0.14769403869999997,0.044653844464843856,0.020733665502033417,0.008542548474943753,0.0028079345237657016,1.017793268866174,170.16003933735627,0,0,0,0,0,0,0.6112954257593969
L4,normal,treatment_effect_sd,0.07626392697027408,5,0,0.12124093010782593,0.12503712307972592,0.12279533302401653,0.1164786157,0.03649816025916391,0.009738206701805962,0.006099715018978499,0.0019520382061923721,1.017793268866174,170.16003933735627,0,0,0,0,0,0,0.6112954257593969
L4,robust,baseline_difference_sd,0,5,0,0.02752177010564355,0.0287209849635485,0.028486722766203187,0.031071890371999998,0.009497297123745188,0.0036757837331181484,8.441522326151428e-4,2.048619009930733e-4,1.006806890238386,501.5964596647986,0,0,0,0,0,0,0.6478533558569293
L4,robust,time_trend_mean,-0.08998628257887518,5,0.8,-0.0036925012408248166,-1.2448902162481845e-4,0.016025476237631113,0.042481668970000004,0.01312036086020471,0.007797136064437163,0.004495423771740684,0.001399057969211371,1.006806890238386,501.5964596647986,0,0,0,0,0,0,0.6478533558569293
L4,robust,time_trend_sd,0.045528614603915496,5,0.6,0.007267894929784505,0.007852450402084502,0.014592961288878095,0.03692095843,0.011674959010032277,0.006327168056648789,0.002731006759349803,9.143778889996614e-4,1.006806890238386,501.5964596647986,0,0,0,0,0,0,0.6478533558569293
L4,robust,treatment_effect_mean,-0.3374485596707819,5,1,0.004968795949581916,0.008417066540781892,0.038270582947256694,0.1417226197,0.04310430377460985,0.0189733272380879,0.007530160575322784,0.00217833628098896,1.006806890238386,501.5964596647986,0,0,0,0,0,0,0.6478533558569293
L4,robust,treatment_effect_sd,0.07626392697027408,5,0,0.10118322079882591,0.09889163073472591,0.10285617288612517,0.12331327469999998,0.03811686597638456,0.009237804522132317,0.0066364799079006356,0.002294756853546867,1.006806890238386,501.5964596647986,0,0,0,0,0,0,0.6478533558569293
L5,normal,baseline_difference_sd,0,5,0,0.0234219142964956,0.023640286283025,0.024780400069595643,0.030085679511299996,0.009103793830062573,0.004046052344472041,0.002440334647509693,6.486402103128053e-4,1.049081191698342,102.46041590677929,0,0,0,0,0,0,0.6110690635501996
L5,normal,time_trend_mean,-0.08998628257887518,5,1,-0.004465348242624814,-0.008089240618624816,0.007455939640507061,0.03845906381999999,0.011667653296731244,0.002985452268709552,0.0033946461960036247,0.0010274189458897623,1.049081191698342,102.46041590677929,0,0,0,0,0,0,0.6110690635501996
L5,normal,time_trend_sd,0.045528614603915496,5,0.8,-7.018779288254957e-4,0.0020541008095845067,0.009876295514196125,0.03293726844,0.010396984883688471,0.0049256618960490505,0.0018464828271549608,5.722306203468052e-4,1.049081191698342,102.46041590677929,0,0,0,0,0,0,0.6110690635501996
L5,normal,treatment_effect_mean,-0.3374485596707819,5,0.8,0.004584522972281913,-3.236100242181017e-4,0.03840306866003698,0.1691369717,0.052254989318515827,0.019064219310164093,0.005054921992898482,0.0016378419786938732,1.049081191698342,102.46041590677929,0,0,0,0,0,0,0.6110690635501996
L5,normal,treatment_effect_sd,0.07626392697027408,5,0,0.14894719439572593,0.15219269085472592,0.1498819190356429,0.1312829017,0.04085431452446355,0.008356478556318618,0.006083734011320121,0.0018236331614436602,1.049081191698342,102.46041590677929,0,0,0,0,0,0,0.6110690635501996
L5,robust,baseline_difference_sd,0,5,0,0.02307735683326835,0.02427864598311815,0.024389605906166362,0.0304488387341,0.009272842330787283,0.003946152488440727,0.002373741895778694,6.083994955950554e-4,1.0082319516156157,676.8808129367417,0,0,0,0,0,0,0.6402234389717023
L5,robust,time_trend_mean,-0.08998628257887518,5,1,-0.004862254422324816,-0.007920441633124817,0.007368627350456528,0.038227751809999995,0.011751663730857252,0.002768354699206677,0.0034142445099076806,0.0010592324997446164,1.0082319516156157,676.8808129367417,0,0,0,0,0,0,0.6402234389717023
L5,robust,time_trend_sd,0.045528614603915496,5,0.8,-5.541987556454964e-4,0.0024321571845845047,0.009949620107506857,0.03426176642,0.010574739233227517,0.004967086772519324,0.0018863686841901982,5.574643250135635e-4,1.0082319516156157,676.8808129367417,0,0,0,0,0,0,0.6402234389717023
L5,robust,treatment_effect_mean,-0.3374485596707819,5,1,6.126859861819046e-4,-0.005208896234218108,0.03716304268713754,0.16729225679999998,0.051217426710252846,0.01857899592044968,0.006080346513379362,0.0017738956672039051,1.0082319516156157,676.8808129367417,0,0,0,0,0,0,0.6402234389717023
L5,robust,treatment_effect_sd,0.07626392697027408,5,0,0.13533072198472593,0.13653941376972595,0.13619485685912414,0.1356709422,0.04264916177982991,0.0076588955138800294,0.005066180657901316,0.00156157884436786,1.0082319516156157,676.8808129367417,0,0,0,0,0,0,0.6402234389717023
M1,full,baseline_difference_sd,0,15,0,0.023588566642063852,0.023598308822735,0.025527585683038142,0.03364598477503333,0.010340751261086183,0.0026081897742326744,0.0015634279930099094,4.508235662357186e-4,1.0134644638340065,236.86814691785094,0,0.06666666666666667,1,0.06666666666666667,0,0,0.6874944895544716
M1,full,time_trend_mean,0,15,0.8666666666666667,7.717404125536209e-4,9.547110882727e-4,0.007173143865726608,0.025282932914766663,0.00777969272107163,0.0019059757466235885,9.342267562173048e-4,2.835599232147022e-4,1.0134644638340065,236.86814691785094,0,0.06666666666666667,1,0.06666666666666667,0,0,0.6874944895544716
M1,full,time_trend_sd,0,15,0,0.016330390992786457,0.013607706804715,0.017514509582982177,0.02799758497503333,0.008665966725556022,0.001691921476460027,0.001505623979317127,4.425766037770191e-4,1.0134644638340065,236.86814691785094,0,0.06666666666666667,1,0.06666666666666667,0,0,0.6874944895544716
M1,full,treatment_effect_mean,-0.3374485596707819,15,0.9333333333333333,-3.8743293788475743e-4,-0.002837077959218115,0.01570751545565475,0.0569613099,0.017494797801933373,0.0041967328917714986,0.0017574018149014918,5.672018553669031e-4,1.0134644638340065,236.86814691785094,0,0.06666666666666667,1,0.06666666666666667,0,0,0.6874944895544716
M1,full,treatment_effect_sd,0.07626392697027408,15,0.9333333333333333,0.005658831911259253,0.01137628503522592,0.015095372570083703,0.042868300236666664,0.013249062890142256,0.003740205250572577,0.0015852763744860052,4.931943414157733e-4,1.0134644638340065,236.86814691785094,0,0.06666666666666667,1,0.06666666666666667,0,0,0.6874944895544716
M1,naive,baseline_difference_sd,0,15,0,0.023467250929777552,0.022923121384175,0.02539854988131975,0.033465534699966666,0.010316317232478486,0.002596350046187668,0.0016070362906256594,4.573536133075204e-4,1.0107798868194284,272.53368596763653,0,0,0,0,0,0,0.6271261298234653
M1,naive,time_trend_mean,0,15,0.8666666666666667,0.0010875752530083516,0.001527575919834875,0.007140838721572188,0.024843067242266665,0.007648560486158318,0.0018862047630956974,9.68994382079588e-4,3.1166414033560166e-4,1.0107798868194284,272.53368596763653,0,0,0,0,0,0,0.6271261298234653
M1,naive,time_trend_sd,0,15,0,0.01666251260807544,0.0147252760825475,0.017835189330935374,0.028739184871466664,0.008892601959090382,0.001699887644523225,0.0014114789897130126,4.0833409425068587e-4,1.0107798868194284,272.53368596763653,0,0,0,0,0,0,0.6271261298234653
M1,naive,treatment_effect_mean,-0.3374485596707819,15,0.9333333333333333,2.0077424011524236e-4,-9.439854142180848e-4,0.016434649943748204,0.053562615333333355,0.01630998847345862,0.00439201717793649,0.0023339871200076787,6.768399832211841e-4,1.0107798868194284,272.53368596763653,0,0,0,0,0,0,0.6271261298234653
M1,naive,treatment_effect_sd,0.07626392697027408,15,0.8666666666666667,0.006618388465759254,0.010659797847725916,0.015466531371809688,0.04181695958666666,0.012912627568831953,0.003736026601995744,0.0016158426531216992,4.926387962028889e-4,1.0107798868194284,272.53368596763653,0,0,0,0,0,0,0.6271261298234653
M2,full,baseline_difference_sd,0,15,0,0.026814858176140093,0.022817661795245,0.029424571608565268,0.03432265890133333,0.01062963967184846,0.0032378210854686795,0.001231127394651312,3.538376595432649e-4,1.0103567606666801,421.8825882561607,0,0,0,0,0,0,0.6680315292232137
M2,full,time_trend_mean,0,15,0.9333333333333333,-0.0019121782077780331,-0.0020488194602925,0.012739576695863248,0.04160101851993,0.012714623353022158,0.003366222860921641,0.0015323672450612302,4.623741440091233e-4,1.0103567606666801,421.8825882561607,0,0,0,0,0,0,0.6680315292232137
M2,full,time_trend_sd,0.044444444444444446,15,0.9333333333333333,0.0011977872563022202,-5.802193909444434e-4,0.01020377147924209,0.03695166498666666,0.011490411507834935,0.002708218419251645,0.0010262437552763953,3.23742070888992e-4,1.0103567606666801,421.8825882561607,0,0,0,0,0,0,0.6680315292232137
M2,full,treatment_effect_mean,-0.3374485596707819,15,1,0.0033630338007819118,0.0030025681357819245,0.00968775050448518,0.06044499416666667,0.01836858831914657,0.002428146169581572,0.002027191217011313,5.97952851002271e-4,1.0103567606666801,421.8825882561607,0,0,0,0,0,0,0.6680315292232137
M2,full,treatment_effect_sd,0.07626392697027408,15,0.8,0.005042153331559254,0.0029107831237259185,0.016109174458008944,0.04778501189666667,0.014704890288164973,0.00408902880103414,0.0015927542137532593,4.7338031051175273e-4,1.0103567606666801,421.8825882561607,0,0,0,0,0,0,0.6680315292232137
M2,naive,baseline_difference_sd,0,15,0,0.02670024126062732,0.0223378979659885,0.029301667298998132,0.0343115117195,0.010580131973245945,0.0032258423387816855,0.0011389635932688837,3.217585931593309e-4,1.015914092764822,335.02070117432316,0,0,0,0,0,0,0.6041439003931379
M2,naive,time_trend_mean,0,15,0.8666666666666667,-6.741717487518368e-4,-4.919624611277e-4,0.013909616462714306,0.04539087674353333,0.013892523608118611,0.003713132318378319,0.002803501518008413,8.425592682597163e-4,1.015914092764822,335.02070117432316,0,0,0,0,0,0,0.6041439003931379
M2,naive,time_trend_sd,0.044444444444444446,15,0.8666666666666667,0.002388979655198555,0.0020206275890555514,0.012912726246372717,0.040229808459999995,0.012569897791329193,0.0033914943537453283,0.0017860275224567993,5.626139190439835e-4,1.015914092764822,335.02070117432316,0,0,0,0,0,0,0.6041439003931379
M2,naive,treatment_effect_mean,-0.3374485596707819,15,1,0.0016861412454485802,-6.359825842180977e-4,0.01260710442367977,0.0560853463,0.01711093214539298,0.003339118892012886,0.0023871788157995375,7.338131548125796e-4,1.015914092764822,335.02070117432316,0,0,0,0,0,0,0.6041439003931379
M2,naive,treatment_effect_sd,0.07626392697027408,15,0.7333333333333333,0.01131531397442592,0.005730636332725927,0.01924709803627375,0.04466104808666666,0.013795331305718634,0.004161167869018214,0.0016531157312755086,5.091654723904949e-4,1.015914092764822,335.02070117432316,0,0,0,0,0,0,0.6041439003931379
M3,full,baseline_difference_sd,0,15,0,0.026613323952187934,0.0232154955417155,0.029205086422777752,0.03425281586356666,0.010575517966629013,0.003214565746920209,0.0011677281262633813,3.254109526314144e-4,1.0113261610098803,263.19543083635534,0,0,0,0,0,0,0.6489252193383437
M3,full,time_trend_mean,0,15,0.8666666666666667,-0.0056186580720369505,-0.0077676805205405,0.021794775114099506,0.06828982725079999,0.02079476915595045,0.005628009694781128,0.002729484258979559,8.244749313959246e-4,1.0113261610098803,263.19543083635534,0,0,0,0,0,0,0.6489252193383437
M3,full,time_trend_sd,0.08888888888888889,15,0.8666666666666667,-4.361128822224595e-6,-0.00228472949188889,0.015066051255118488,0.05541441191333332,0.017094283754373878,0.004026571400463362,0.002157943255398256,6.58173932245066e-4,1.0113261610098803,263.19543083635534,0,0,0,0,0,0,0.6489252193383437
M3,full,treatment_effect_mean,-0.3374485596707819,15,1,0.004366668209781914,0.00453145722578191,0.010217012334380188,0.06791276953333333,0.020758466243146336,0.0024686541993933935,0.0021558350177032504,7.005568871479581e-4,1.0113261610098803,263.19543083635534,0,0,0,0,0,0,0.6489252193383437
M3,full,treatment_effect_sd,0.07626392697027408,15,0.8,0.008078387935592587,0.006315809607225914,0.018950099837670046,0.05837496506,0.017925669905228047,0.004581374810965859,0.002596024221476092,7.850108990237045e-4,1.0113261610098803,263.19543083635534,0,0,0,0,0,0,0.6489252193383437
M3,naive,baseline_difference_sd,0,15,0,0.026769626726198197,0.02176027189298,0.029455630867693126,0.034495954461799996,0.010620204826759802,0.003284392472130352,0.0012411896646063571,3.576464235110078e-4,1.0297429353361276,134.57137235140573,0,0,0,0,0,0,0.6166637076658664
M3,naive,time_trend_mean,0,15,0.9333333333333333,-0.002671644253527437,-0.0020500468890114,0.024462716297760936,0.08147017836633333,0.02505938008049081,0.0064988284968871355,0.0047769467494090745,0.0014703376897203814,1.0297429353361276,134.57137235140573,0,0,0,0,0,0,0.6166637076658664
M3,naive,time_trend_sd,0.08888888888888889,15,0.9333333333333333,0.003063035067177775,0.004686533805611112,0.02111384002932264,0.06754697682333333,0.021408792218949344,0.005583215004182922,0.0037026706593714567,0.0011673986021676756,1.0297429353361276,134.57137235140573,0,0,0,0,0,0,0.6166637076658664
M3,naive,treatment_effect_mean,-0.3374485596707819,15,1,-7.857880802180972e-4,-0.004659823429218113,0.01597770331494811,0.06838681576666668,0.020745505081155573,0.004265053510914445,0.003086959366983196,9.218740429300298e-4,1.0297429353361276,134.57137235140573,0,0,0,0,0,0,0.6166637076658664
M3,naive,treatment_effect_sd,0.07626392697027408,15,0.3333333333333333,0.030172022581159256,0.030614623387725914,0.03533953117932299,0.05149215887,0.015948413746141137,0.004917399990531854,0.0021090824472776147,6.530354602583972e-4,1.0297429353361276,134.57137235140573,0,0,0,0,0,0,0.6166637076658664
M4,full,baseline_difference_sd,0,15,0,0.026655884011756475,0.023541257833161,0.029256651638435438,0.03446812666309999,0.010631543948468259,0.003222859340981819,0.0012235215013610733,3.566359351257021e-4,1.0098401063971452,318.06137202497837,0,0,0,0,0,0,0.658338044160797
M4,full,time_trend_mean,0,15,0.8666666666666667,-0.00867764196375069,-0.0110616507910625,0.03185139483468868,0.094651721271,0.02876317604034824,0.00819063002488726,0.0035719674140471023,0.0010862738672422119,1.0098401063971452,318.06137202497837,0,0,0,0,0,0,0.658338044160797
M4,full,time_trend_sd,0.13333333333333333,15,0.8666666666666667,0.001905874106666669,0.006348910326666679,0.021645208724201684,0.07538848347666666,0.02324056165356814,0.005762456721893848,0.0027421633473094665,8.323676678676377e-4,1.0098401063971452,318.06137202497837,0,0,0,0,0,0,0.658338044160797
M4,full,treatment_effect_mean,-0.3374485596707819,15,1,0.005090070284115245,0.0038085037457818993,0.01132204711048599,0.07231080366666666,0.022193940748055557,0.002702907631142422,0.003051740083644665,9.214227010816257e-4,1.0098401063971452,318.06137202497837,0,0,0,0,0,0,0.658338044160797
M4,full,treatment_effect_sd,0.07626392697027408,15,0.8666666666666667,0.008589765532059257,0.0035908133857259217,0.02083072413414953,0.06433161626333332,0.020048512014892602,0.005071876210023878,0.003031293181254489,9.055709601371163e-4,1.0098401063971452,318.06137202497837,0,0,0,0,0,0,0.658338044160797
M4,naive,baseline_difference_sd,0,15,0,0.026706841418881532,0.02119747922164,0.029359302578991643,0.034677781272933327,0.01073603647732658,0.00325919873316279,0.0012720729008687962,3.543777148029142e-4,1.0302976901366117,139.06933855743674,0,0,0,0,0,0,0.5785314046836788
M4,naive,time_trend_mean,0,15,0.9333333333333333,-0.004108701169778021,-0.00253018187671855,0.03690164832861335,0.12093736405866666,0.03709852467182567,0.009801057610811036,0.006653298429271895,0.002118037602721223,1.0302976901366117,139.06933855743674,0,0,0,0,0,0,0.5785314046836788
M4,naive,time_trend_sd,0.13333333333333333,15,0.9333333333333333,0.004366412071633336,0.009343756315666668,0.02939253407032733,0.09571260832666666,0.03027670764066832,0.00776832168257748,0.00511675843618771,0.0015965059372910742,1.0302976901366117,139.06933855743674,0,0,0,0,0,0,0.5785314046836788
M4,naive,treatment_effect_mean,-0.3374485596707819,15,0.9333333333333333,-0.001854593054884753,-0.008796794424218102,0.021534050623922642,0.0810444066,0.024743608802259037,0.005733833303137965,0.0037177579475248823,0.0011197051097106053,1.0302976901366117,139.06933855743674,0,0,0,0,0,0,0.5785314046836788
M4,naive,treatment_effect_sd,0.07626392697027408,15,0.13333333333333333,0.05568404102289259,0.059621490455725915,0.06038863321035084,0.06306112192999999,0.01935603612679608,0.006245424590250641,0.002878305993357082,8.954648197261066e-4,1.0302976901366117,139.06933855743674,0,0,0,0,0,0,0.5785314046836788
M5,full,baseline_difference_sd,0,15,0,0.02658763470270991,0.02322960733318865,0.029193707531643968,0.034506810407966666,0.010668901958475235,0.003222357614702333,0.0011883660249260497,3.5080292170158094e-4,1.0320998923062177,173.1064167767169,0,0,0,0,0,0,0.6288071578455726
M5,full,time_trend_mean,0,15,0.9333333333333333,-0.012921395236108368,-0.013112995063218,0.05142443232675537,0.14887212677266665,0.04527428682093693,0.013302818673610167,0.0050513312445100945,0.001494660465643984,1.0320998923062177,173.1064167767169,0,0,0,0,0,0,0.6288071578455726
M5,full,time_trend_sd,0.22222222222222224,15,0.8666666666666667,0.007025593667977764,0.014233330537777755,0.03379779685743761,0.11515245123333331,0.03553896975233679,0.008835529356075837,0.0036859975871262425,0.0011253430123133784,1.0320998923062177,173.1064167767169,0,0,0,0,0,0,0.6288071578455726
M5,full,treatment_effect_mean,-0.3374485596707819,15,1,0.006091961679115243,0.003287390690781933,0.012995378230215734,0.07678609916666665,0.023696067610506324,0.003067896653206236,0.00387536020568867,0.001180288783428246,1.0320998923062177,173.1064167767169,0,0,0,0,0,0,0.6288071578455726
M5,full,treatment_effect_sd,0.07626392697027408,15,0.8666666666666667,0.009631057831992586,0.0011175207482259225,0.023518826258556745,0.06949344067999999,0.021652799704340957,0.005734469172201385,0.004207119016606625,0.0012748041550706562,1.0320998923062177,173.1064167767169,0,0,0,0,0,0,0.6288071578455726
M5,naive,baseline_difference_sd,0,15,0,0.026751136249047295,0.021256313546805,0.02938476995828619,0.034390196675866666,0.010690466179608307,0.0032496309118586974,0.0012026295107748586,3.464472432378769e-4,1.018831287991824,150.94487029081904,0,0,0,0,0,0,0.6200109558507167
M5,naive,time_trend_mean,0,15,0.9333333333333333,-0.007526024832006326,-0.0094654734679195,0.05984834092174141,0.20001344969333332,0.06132238491235155,0.01586816863434695,0.010571323633413994,0.0033966110449988266,1.018831287991824,150.94487029081904,0,0,0,0,0,0,0.6200109558507167
M5,naive,time_trend_sd,0.22222222222222224,15,0.9333333333333333,0.007937666961377756,0.018781145722777753,0.04654489818473774,0.15995899089666665,0.050810267338176306,0.012257420464582301,0.008101871911739967,0.0025774236121645505,1.018831287991824,150.94487029081904,0,0,0,0,0,0,0.6200109558507167
M5,naive,treatment_effect_mean,-0.3374485596707819,15,0.8666666666666667,-0.00546270933955142,-0.0066846680692180804,0.03426207007006199,0.11522995659999999,0.03536596486118738,0.009039786075840415,0.005903523478927438,0.0017954592062423653,1.018831287991824,150.94487029081904,0,0,0,0,0,0,0.6200109558507167
M5,naive,treatment_effect_sd,0.07626392697027408,15,0,0.11508435174822593,0.11947331828472592,0.12034111147210581,0.08732674503333332,0.027195662523517208,0.009402032808434895,0.004187732756408836,0.0012982646723491463,1.018831287991824,150.94487029081904,0,0,0,0,0,0,0.6200109558507167
M6,full,baseline_difference_sd,0,15,0,0.026765955583657016,0.024282243227605,0.029319859057652217,0.034282194068799995,0.010656266995595262,0.0031986353882140174,0.0011418668802516698,3.4415390959173693e-4,1.0334063428640385,173.44204264815443,0,0,0,0,0,0,0.6552686388255473
M6,full,time_trend_mean,0,15,0.8,-0.0170317301260258,-0.0129524954680505,0.07346496249615131,0.20205535807633332,0.06202306709623157,0.019099403288126832,0.007059956245991016,0.002103955200376187,1.0334063428640385,173.44204264815443,0,0,0,0,0,0,0.6552686388255473
M6,full,time_trend_sd,0.3111111111111111,15,0.9333333333333333,0.011157989650555549,0.02141119137388886,0.041429774633813185,0.1545447466333333,0.047462029749427696,0.010663440523471658,0.004394106559134973,0.0013491209764902809,1.0334063428640385,173.44204264815443,0,0,0,0,0,0,0.6552686388255473
M6,full,treatment_effect_mean,-0.3374485596707819,15,1,0.005936990259115245,0.0022701082757818902,0.013441755994301844,0.07850254803333334,0.024067327746675613,0.003223052577842496,0.003990473853619641,0.0012315164046187287,1.0334063428640385,173.44204264815443,0,0,0,0,0,0,0.6552686388255473
M6,full,treatment_effect_sd,0.07626392697027408,15,0.8666666666666667,0.00853318095032592,0.0031331599392259157,0.02126798308680103,0.06968212069666667,0.021842177600448997,0.005206533858318586,0.004217131349497422,0.001296659149415167,1.0334063428640385,173.44204264815443,0,0,0,0,0,0,0.6552686388255473
M6,naive,baseline_difference_sd,0,15,0,0.026894768415088678,0.020901053486764,0.029564307339839727,0.035103343785933334,0.010879954194237318,0.003281111531862003,0.0012355095515333022,3.630188125377422e-4,1.0515992273699741,110.6312602390641,0.06666666666666667,0,0,0,0,0,0.6034317683497277
M6,naive,time_trend_mean,0,15,0.9333333333333333,-0.013407832866021086,-0.01827622149718,0.08227363521303124,0.27455918488,0.08468965454066683,0.02169460279984695,0.014399159544769686,0.0043432441326581835,1.0515992273699741,110.6312602390641,0.06666666666666667,0,0,0,0,0,0.6034317683497277
M6,naive,time_trend_sd,0.3111111111111111,15,0.9333333333333333,0.011110029996122216,0.028496797953888875,0.0638419629998936,0.21926442066666663,0.06933775662235765,0.016802133098349336,0.011551000626269169,0.003848228035364378,1.0515992273699741,110.6312602390641,0.06666666666666667,0,0,0,0,0,0.6034317683497277
M6,naive,treatment_effect_mean,-0.3374485596707819,15,0.8666666666666667,-0.008503639178818086,-0.006664574824218061,0.048510075519703794,0.1553130585,0.04716101024698567,0.012764111372023388,0.008120811689273076,0.002376939550501318,1.0515992273699741,110.6312602390641,0.06666666666666667,0,0,0,0,0,0.6034317683497277
M6,naive,treatment_effect_sd,0.07626392697027408,15,0,0.17932514087185927,0.18699689028972594,0.18557970172649227,0.1174867997333333,0.03626097107060084,0.012768039183226401,0.005922846004505015,0.0017947292265986404,1.0515992273699741,110.6312602390641,0.06666666666666667,0,0,0,0,0,0.6034317683497277
N1,full,baseline_difference_sd,0,5,0,0.030452675741114692,0.029909116140135,0.03145084112211176,0.047075804299,0.014673551892963547,0.003930329105012732,0.002171298737527384,6.839490018003466e-4,1.0091918396691795,376.6809531956195,0,0,0,0,0,0,0.682158610754309
N1,full,time_trend_mean,-0.08998628257887518,5,0.6,0.015176289435782184,0.01717214438337518,0.018162546129562716,0.04850300544,0.01473257005477561,0.00498894580221763,0.0061438513636681395,0.001856525823423987,1.0091918396691795,376.6809531956195,0,0,0,0,0,0,0.682158610754309
N1,full,time_trend_sd,0.045528614603915496,5,0.8,-0.006249461151159386,-0.006816742606415495,0.017783890019231575,0.04840436273299999,0.01524046415106257,0.008324827018267015,0.004820040970119208,0.0014705868201587335,1.0091918396691795,376.6809531956195,0,0,0,0,0,0,0.682158610754309
N1,full,treatment_effect_mean,-0.3374485596707819,5,0.8,-0.029182463405218094,-0.020730119254218082,0.033585644330133606,0.09682187169999999,0.029853050782653524,0.008312330218917896,0.00904227134471575,0.002686605505240557,1.0091918396691795,376.6809531956195,0,0,0,0,0,0,0.682158610754309
N1,full,treatment_effect_sd,0.07626392697027408,5,0.4,0.04279476551692592,0.03510337630022592,0.052591404277949075,0.07810650452999998,0.024504347764197947,0.015284500713778718,0.006373082714899105,0.002038092710822695,1.0091918396691795,376.6809531956195,0,0,0,0,0,0,0.682158610754309
N1,naive,baseline_difference_sd,0,5,0,0.03036588080389434,0.03000496556319,0.0312892391652483,0.046859898314,0.014424150790060476,0.003772590971195708,0.002387248509736356,7.722560789756706e-4,1.012597705285913,165.879610525595,0,0,0,0,0,0,0.69328587930046
N1,naive,time_trend_mean,-0.08998628257887518,5,0.6,0.016305695349632186,0.019757123879375185,0.018141170427176903,0.050645738350000004,0.015768826715649116,0.003975750357884065,0.008238128595203816,0.002551071100272146,1.012597705285913,165.879610525595,0,0,0,0,0,0,0.69328587930046
N1,naive,time_trend_sd,0.045528614603915496,5,0.8,-0.006050290661287446,-0.009988509875415497,0.019480643111718557,0.05095416086639999,0.016145164414470115,0.00925863703468396,0.006380266002380007,0.0020581689224442186,1.012597705285913,165.879610525595,0,0,0,0,0,0,0.69328587930046
N1,naive,treatment_effect_mean,-0.3374485596707819,5,0.2,-0.06420801153821809,-0.060434488634218075,0.06639398653530292,0.1029145085,0.031256417542493316,0.00844826464958984,0.013983712399742535,0.004235280504891434,1.012597705285913,165.879610525595,0,0,0,0,0,0,0.69328587930046
N1,naive,treatment_effect_sd,0.07626392697027408,5,0.2,0.05541027482932592,0.05198234726872593,0.06485673024968741,0.07946273792,0.024725577851291685,0.01685301829064521,0.008774616430589795,0.0028841899668792807,1.012597705285913,165.879610525595,0,0,0,0,0,0,0.69328587930046
N2,full,baseline_difference_sd,0,5,0,0.0261177634228444,0.0266905230191365,0.0274803689133794,0.0435321723584,0.013423076485900794,0.004272970553483846,0.003903376841193134,0.0011121325586596364,1.009216347548938,340.83065843251154,0,0,0,0,0,0,0.6448486029447614
N2,full,time_trend_mean,-0.08998628257887518,5,1,-0.0034090472353148133,-0.004376926538124812,0.015488486428829006,0.07146151037999998,0.022063729068290416,0.007554330029913518,0.009633100504379967,0.0028827033788934647,1.009216347548938,340.83065843251154,0,0,0,0,0,0,0.6448486029447614
N2,full,time_trend_sd,0.045528614603915496,5,1,0.012515697410184502,0.0204011413545845,0.019620853895374008,0.06513401123,0.02041478325737399,0.007555382616392009,0.009272211998089383,0.0027990510277911725,1.009216347548938,340.83065843251154,0,0,0,0,0,0,0.6448486029447614
N2,full,treatment_effect_mean,-0.3374485596707819,5,0.8,-0.017527878293218092,-0.020770479839218092,0.03900250373563043,0.08825634079999999,0.026958458391622718,0.017421027382060448,0.007774980200120155,0.002358931961694413,1.009216347548938,340.83065843251154,0,0,0,0,0,0,0.6448486029447614
N2,full,treatment_effect_sd,0.07626392697027408,5,1,0.01058455213940592,0.004641550827225921,0.01778218590165839,0.0771302408,0.02372567960281763,0.007144462741335697,0.008892998050770302,0.0026844077519759956,1.009216347548938,340.83065843251154,0,0,0,0,0,0,0.6448486029447614
N2,naive,baseline_difference_sd,0,5,0,0.02610740231316121,0.027350634520644,0.027527709375659463,0.04301223123799999,0.013383474092580087,0.004364009851315487,0.0041529228760217125,0.0011865628174240284,1.0111892391838126,302.08238762221697,0,0,0,0,0,0,0.638978345160026
N2,naive,time_trend_mean,-0.08998628257887518,5,1,0.016832003556442182,0.018124304918575182,0.020302118727691776,0.05999926452,0.01864069909098956,0.005675818908078612,0.0052296168804530346,0.0015969913079614253,1.0111892391838126,302.08238762221697,0,0,0,0,0,0,0.638978345160026
N2,naive,time_trend_sd,0.045528614603915496,5,1,0.004912003719339303,0.0043473514475845035,0.01283513891074488,0.05632557397799998,0.01805908735205807,0.005929017842765236,0.0036194454304995165,0.0012186286202695777,1.0111892391838126,302.08238762221697,0,0,0,0,0,0,0.638978345160026
N2,naive,treatment_effect_mean,-0.3374485596707819,5,0.4,-0.0746691688092181,-0.07476970125921811,0.07871184167393087,0.10000374470000004,0.03064916669912963,0.01245059485569315,0.007130582159087247,0.0022353443980311144,1.0111892391838126,302.08238762221697,0,0,0,0,0,0,0.638978345160026
N2,naive,treatment_effect_sd,0.07626392697027408,5,0,0.056688976179525924,0.057350163637225934,0.059827057501771315,0.08027118537,0.025059662363534605,0.009560815721440748,0.004571460875179528,0.0013792483096300857,1.0111892391838126,302.08238762221697,0,0,0,0,0,0,0.638978345160026
N3,full,baseline_difference_sd,0,5,0,0.027554467685838045,0.023000468378115,0.03090113398565492,0.04198486000999999,0.01331691427469418,0.006993414619295507,0.0031343976783864973,9.323310243404482e-4,1.0063203184552343,357.1764546498171,0,0.4,2,0.2,0,0,0.6453089270393892
N3,full,time_trend_mean,-0.08998628257887518,5,0.8,-0.014479170837384817,-0.014723720743424817,0.020202728103362873,0.0731335804,0.022725494944642377,0.0070445694453286686,0.011009178385203827,0.0034049240993558965,1.0063203184552343,357.1764546498171,0,0.4,2,0.2,0,0,0.6453089270393892
N3,full,time_trend_sd,0.045528614603915496,5,0.6,0.020732133337306904,0.025639774590584502,0.03414677505362691,0.062627382195,0.01946836886622972,0.013566326822754242,0.006487644026716283,0.0020474107636686296,1.0063203184552343,357.1764546498171,0,0.4,2,0.2,0,0,0.6453089270393892
N3,full,treatment_effect_mean,-0.3374485596707819,5,0.6,-0.04478213440521809,-0.035918758239218085,0.04879777541948254,0.10056589729999998,0.03105447443908587,0.009692565759426616,0.005342607778568087,0.0017901331766316398,1.0063203184552343,357.1764546498171,0,0.4,2,0.2,0,0,0.6453089270393892
N3,full,treatment_effect_sd,0.07626392697027408,5,0.8,0.03090211569502592,0.02698038145172592,0.031698749767272494,0.0764699806,0.023970536949837105,0.003530934096644642,0.003826250333496998,0.0012963032959464509,1.0063203184552343,357.1764546498171,0,0.4,2,0.2,0,0,0.6453089270393892
N3,naive,baseline_difference_sd,0,5,0,0.02730602046757534,0.024068164800915202,0.030585190866402663,0.041530550750099995,0.013053651218656637,0.0068890337957989,0.00261243368244581,8.114457073264451e-4,1.0123071552916145,199.10067004966723,0,0,0,0,0,0,0.6432733101464809
N3,naive,time_trend_mean,-0.08998628257887518,5,0.8,0.005519320796696184,0.00927033942988019,0.019017518135527774,0.07490692692999998,0.0235823655723821,0.009099493035030642,0.013702189565616545,0.0044726481977923555,1.0123071552916145,199.10067004966723,0,0,0,0,0,0,0.6432733101464809
N3,naive,time_trend_sd,0.045528614603915496,5,0.6,0.0208661101149295,0.0228008137110845,0.03653397755726288,0.06774961685099999,0.021548740969897485,0.014994473688881379,0.01017484377405656,0.0033648769476107856,1.0123071552916145,199.10067004966723,0,0,0,0,0,0,0.6432733101464809
N3,naive,treatment_effect_mean,-0.3374485596707819,5,0,-0.10635191644521809,-0.1054161800542181,0.10719999805731774,0.11693192969999998,0.03558322472602193,0.006728845590409213,0.004348383328075015,0.0013657661843763478,1.0123071552916145,199.10067004966723,0,0,0,0,0,0,0.6432733101464809
N3,naive,treatment_effect_sd,0.07626392697027408,5,0,0.07670967100542592,0.07818307279072591,0.0777448923351645,0.09046499157999999,0.028241580847791336,0.006322472982260166,0.004522821471960879,0.001393602994307054,1.0123071552916145,199.10067004966723,0,0,0,0,0,0,0.6432733101464809
N4,full,baseline_difference_sd,0,5,0,0.0232168831384987,0.021023540638078,0.02464565647158123,0.04131807792099999,0.013040532059318563,0.004134752720795057,0.0034226953935979484,0.0010595077347995707,1.0139323571091976,205.47488015139405,0,2.2,11,0.2,0.2,0,0.7239140538641262
N4,full,time_trend_mean,-0.08998628257887518,5,0.8,-0.029912958454124814,-0.03242713762262482,0.033155348029703054,0.07474497926000001,0.02320404065035072,0.007150035305726411,0.012124703765663738,0.003780337638655161,1.0139323571091976,205.47488015139405,0,2.2,11,0.2,0.2,0,0.7239140538641262
N4,full,time_trend_sd,0.045528614603915496,5,0.6,0.013589004377503504,0.013375921671084506,0.029032091592109004,0.07610347803699999,0.024154209354105907,0.012827717082949686,0.009863149272353045,0.0029320659797801643,1.0139323571091976,205.47488015139405,0,2.2,11,0.2,0.2,0,0.7239140538641262
N4,full,treatment_effect_mean,-0.3374485596707819,5,0.4,-0.0640150534392181,-0.06674948194421809,0.06686278540902726,0.1221103146,0.03716822500687562,0.009652784647806043,0.007120234249694583,0.0023161174305347068,1.0139323571091976,205.47488015139405,0,2.2,11,0.2,0.2,0,0.7239140538641262
N4,full,treatment_effect_sd,0.07626392697027408,5,0.4,0.06221639858802592,0.05634292159972591,0.07053153690500345,0.10669146392999998,0.033165672530203943,0.016611874103466994,0.006918335930334684,0.0023199906743827685,1.0139323571091976,205.47488015139405,0,2.2,11,0.2,0.2,0,0.7239140538641262
N4,naive,baseline_difference_sd,0,5,0,0.02363622837230532,0.020673254996031,0.025259451174823783,0.040594903498999996,0.012833043976043226,0.004454452322832057,0.004124971752067419,0.0011458876021504245,1.0197644613876677,247.9187815528801,0,0,0,0,0,0,0.6432871443422986
N4,naive,time_trend_mean,-0.08998628257887518,5,0.8,-0.010986415702578817,-0.009216721708009815,0.014706825674852264,0.0609613879,0.018804913619612788,0.004888491368526269,0.010520269769993823,0.003193850622983121,1.0197644613876677,247.9187815528801,0,0,0,0,0,0,0.6432871443422986
N4,naive,time_trend_sd,0.045528614603915496,5,0.8,0.003893203506675795,3.152173003845016e-4,0.02177834788275305,0.05620861515699999,0.018300214447989273,0.010713769212534651,0.006470485759464307,0.002228160230231292,1.0197644613876677,247.9187815528801,0,0,0,0,0,0,0.6432871443422986
N4,naive,treatment_effect_mean,-0.3374485596707819,5,0,-0.1351375989442181,-0.14098162721421809,0.13547642976893573,0.14635087130000002,0.044487358190264836,0.004787806766386858,0.008366622976193195,0.0026126989733552108,1.0197644613876677,247.9187815528801,0,0,0,0,0,0,0.6432871443422986
N4,naive,treatment_effect_sd,0.07626392697027408,5,0,0.12007485196472592,0.10792563305472593,0.12234780490156487,0.1118200272,0.03572509806900803,0.011736857435878385,0.006756896266935308,0.002070289786555533,1.0197644613876677,247.9187815528801,0,0,0,0,0,0,0.6432871443422986
N5,full,baseline_difference_sd,0,5,0,0.027659904591758402,0.024293031209322,0.029118927531821256,0.042367293758999995,0.013628891163124612,0.004550868559359864,0.0023773948460000553,7.241069516331235e-4,1.022749978606454,212.59308725256702,0,0,0,0,0,0,0.6896395176493616
N5,full,time_trend_mean,-0.08998628257887518,5,0.6,-0.025470220045224815,-0.02207617578412481,0.0359988294159112,0.08435263446999999,0.026056023483492535,0.012719901829060052,0.014202876491518315,0.004355108137410652,1.022749978606454,212.59308725256702,0,0,0,0,0,0,0.6896395176493616
N5,full,time_trend_sd,0.045528614603915496,5,0.6,0.014296509226677506,0.014972999070584504,0.02911476728409346,0.076212745261,0.024006965802652557,0.01268147761440326,0.00987747064819651,0.0029632098906592274,1.022749978606454,212.59308725256702,0,0,0,0,0,0,0.6896395176493616
N5,full,treatment_effect_mean,-0.3374485596707819,5,0,-0.09855768703421809,-0.0834314334542181,0.10335839570856932,0.1263045317,0.0385431130885468,0.01556711509813491,0.0028937937187116683,9.463274959177067e-4,1.022749978606454,212.59308725256702,0,0,0,0,0,0,0.6896395176493616
N5,full,treatment_effect_sd,0.07626392697027408,5,0.4,0.05605930896582592,0.05913468760572592,0.0612556935634717,0.10444655426999999,0.03243479039507028,0.012345179952273048,0.0018104789871524107,3.498464659221246e-4,1.022749978606454,212.59308725256702,0,0,0,0,0,0,0.6896395176493616
N5,naive,baseline_difference_sd,0,5,0,0.0278516588680888,0.023935185615661,0.029201703009756094,0.042455550831,0.01343636083172552,0.004388181769412265,0.0018723229798128522,5.544726244691339e-4,1.0169346832479131,213.4089629351896,0,0,0,0,0,0,0.6408369816580535
N5,naive,time_trend_mean,-0.08998628257887518,5,1,0.0011266383591681834,-0.0016058591201598138,0.015475334247328125,0.06127859828,0.01876499839549011,0.007717134443466978,0.009126770824372389,0.0028782346014038637,1.0169346832479131,213.4089629351896,0,0,0,0,0,0,0.6408369816580535
N5,naive,time_trend_sd,0.045528614603915496,5,0.6,0.0037381114028523046,0.006562042681584501,0.02120524667574526,0.055462824966999995,0.01774012785424555,0.010436582411391561,0.006288421950972129,0.002045669260227144,1.0169346832479131,213.4089629351896,0,0,0,0,0,0,0.6408369816580535
N5,naive,treatment_effect_mean,-0.3374485596707819,5,0,-0.1704112931772181,-0.18798334082921808,0.17259667532164974,0.1459579802,0.04451057761352809,0.01368944383234034,0.003187958865122672,7.694311982039482e-4,1.0169346832479131,213.4089629351896,0,0,0,0,0,0,0.6408369816580535
N5,naive,treatment_effect_sd,0.07626392697027408,5,0,0.11621252259572593,0.11413802904472593,0.11653871310676188,0.11197331350000003,0.034968676167718524,0.004356639889813204,0.0036077561735865316,0.001099648237350406,1.0169346832479131,213.4089629351896,0,0,0,0,0,0,0.6408369816580535
N6,full,baseline_difference_sd,0,5,0,0.022205544335536908,0.02126731988676,0.024451857861391143,0.039082879757899994,0.012244263706756431,0.00511876825115624,0.004939448642056192,0.0015043988907664785,1.0191010061971022,251.1105198038505,0,0.4,2,0.2,0,0,0.7047861950562258
N6,full,time_trend_mean,-0.08998628257887518,5,1,0.0013236282514611868,0.0016987134043751906,0.00966601724225781,0.09972344573999999,0.03107489658281222,0.004787481007261519,0.014720330955787128,0.004403571637685012,1.0191010061971022,251.1105198038505,0,0.4,2,0.2,0,0,0.7047861950562258
N6,full,time_trend_sd,0.045528614603915496,5,0.8,0.021589811216294504,0.0257993884640845,0.028780518564187143,0.09231064999,0.029238976248094094,0.009515754048790414,0.010935088445587358,0.003640139538722463,1.0191010061971022,251.1105198038505,0,0.4,2,0.2,0,0,0.7047861950562258
N6,full,treatment_effect_mean,-0.3374485596707819,5,0,-0.1340701999192181,-0.1321968076342181,0.13611202626240096,0.15266694959999996,0.04702375130784649,0.011743776935865011,0.006482709748274485,0.001980562113295652,1.0191010061971022,251.1105198038505,0,0.4,2,0.2,0,0,0.7047861950562258
N6,full,treatment_effect_sd,0.07626392697027408,5,0.4,0.08619158331462592,0.10819756195922593,0.09176060109329277,0.12962855418999997,0.0389601044245166,0.0157402261635618,0.005662985062274872,0.0017358101609928076,1.0191010061971022,251.1105198038505,0,0.4,2,0.2,0,0,0.7047861950562258
N6,naive,baseline_difference_sd,0,5,0,0.022100995970709962,0.0208756641804175,0.0242387706431162,0.039197332679599996,0.01232498281542409,0.004976544468611073,0.00480488381954328,0.001467328720287113,1.0075558791535455,311.7405818449938,0,0,0,0,0,0,0.6236709928093679
N6,naive,time_trend_mean,-0.08998628257887518,5,0.6,0.028538302073103185,0.030946828031955184,0.03079711179778026,0.065135853777,0.020113998486991535,0.005788510384142249,0.007406732731504975,0.002269357130262038,1.0075558791535455,311.7405818449938,0,0,0,0,0,0,0.6236709928093679
N6,naive,time_trend_sd,0.045528614603915496,5,0.8,0.009634240508179504,0.013175768959584507,0.01843253628561894,0.061702144965999996,0.019726653349535134,0.0078571592155055,0.0057792375951952225,0.0018674766557958441,1.0075558791535455,311.7405818449938,0,0,0,0,0,0,0.6236709928093679
N6,naive,treatment_effect_mean,-0.3374485596707819,5,0,-0.19332267758321808,-0.18753028612921807,0.19400971281024026,0.1607273071,0.0490247501004415,0.008156454449805632,0.012352400278672274,0.0034915192076983366,1.0075558791535455,311.7405818449938,0,0,0,0,0,0,0.6236709928093679
N6,naive,treatment_effect_sd,0.07626392697027408,5,0,0.13562787816792593,0.15023394900972592,0.1391136614159149,0.120310231,0.037429008510613156,0.015473279033611903,0.008564608583313125,0.0026097624809306138,1.0075558791535455,311.7405818449938,0,0,0,0,0,0,0.6236709928093679
N7,full,baseline_difference_sd,0,5,0,0.03131274585742967,0.027432561710932,0.03419499676989817,0.042364189199499996,0.01330623843626226,0.0068704030260489015,0.0042965217829515475,0.0012524666932772796,1.083261892683207,19.725680995235184,0.2,4,9,0.8,0,0,0.6402432862346841
N7,full,time_trend_mean,-0.08998628257887518,5,1,-0.037647007407124816,-0.03247100434312482,0.03916517065805082,0.16030376884999997,0.04989025435652366,0.005399384825193846,0.023056952922789774,0.0071979940143778185,1.083261892683207,19.725680995235184,0.2,4,9,0.8,0,0,0.6402432862346841
N7,full,time_trend_sd,0.045528614603915496,5,1,0.027382249890684506,0.02998294076758451,0.030053819785622042,0.16007754611,0.050997631439009095,0.0061936353345744205,0.023285800224021106,0.007307600384819565,1.083261892683207,19.725680995235184,0.2,4,9,0.8,0,0,0.6402432862346841
N7,full,treatment_effect_mean,-0.3374485596707819,5,0.6,-0.11986891930621808,-0.1185272955892181,0.12185853267160407,0.22020938359999997,0.0663567244221118,0.010965219665330171,0.01655526913714768,0.005148721796111093,1.083261892683207,19.725680995235184,0.2,4,9,0.8,0,0,0.6402432862346841
N7,full,treatment_effect_sd,0.07626392697027408,5,0.6,0.11887126132052593,0.12403497391322592,0.11923345070003115,0.20014001089999997,0.05807589690333693,0.0046432477293376195,0.020405926845145327,0.0054966569040274076,1.083261892683207,19.725680995235184,0.2,4,9,0.8,0,0,0.6402432862346841
N7,naive,baseline_difference_sd,0,5,0,0.03146715573158337,0.0268940839400755,0.034548331337771084,0.042401364621699994,0.013250970540303268,0.0071310116461252475,0.004442406029189575,0.001388778612942744,1.0088510199352196,251.82884892541188,0,0,0,0,0,0,0.5878006355241415
N7,naive,time_trend_mean,-0.08998628257887518,5,1,-0.004626115486974813,-0.003872531290224815,0.005304489477765164,0.06010982289999999,0.018754282821642557,0.001297754225661886,0.002460652092871199,7.65261940943078e-4,1.0088510199352196,251.82884892541188,0,0,0,0,0,0,0.5878006355241415
N7,naive,time_trend_sd,0.045528614603915496,5,1,0.005366731662134504,0.003942478540134506,0.006963186539058572,0.0578979365,0.01844632450835768,0.002218341612802767,0.0014618693003733284,4.7317512634053796e-4,1.0088510199352196,251.82884892541188,0,0,0,0,0,0,0.5878006355241415
N7,naive,treatment_effect_mean,-0.3374485596707819,5,0,-0.1992792127252181,-0.19764240904921804,0.20061843334079318,0.2040521428,0.0624453614462269,0.01157098928064882,0.005117276327142019,0.001523045272341367,1.0088510199352196,251.82884892541188,0,0,0,0,0,0,0.5878006355241415
N7,naive,treatment_effect_sd,0.07626392697027408,5,0,0.19515538777672595,0.19486063074472593,0.19531074156014214,0.15841624179999997,0.04947819000861023,0.0038942390299120354,0.0026380253826737143,8.580068187749789e-4,1.0088510199352196,251.82884892541188,0,0,0,0,0,0,0.5878006355241415
O1,full,baseline_difference_sd,0,5,0,0.03052870921301642,0.02963764405026,0.033244669459704924,0.044869325957,0.014131134960783267,0.006580386790913658,0.0032501328956516,9.62381826044655e-4,1.05364875880134,40.19953633612145,0.2,9.2,34,0.6,0.2,0,0.6636918020202202
O1,full,time_trend_mean,-0.08998628257887518,5,0.6,-0.050265336611884814,-0.048083662006624825,0.07756195434783388,0.13895130887999999,0.04242559264149853,0.029534948355928174,0.03160119791701467,0.009293978150640357,1.05364875880134,40.19953633612145,0.2,9.2,34,0.6,0.2,0,0.6636918020202202
O1,full,time_trend_sd,0.045528614603915496,5,0.6,0.04194217023866321,0.0330144666485845,0.06817380227626399,0.13374615605899998,0.04091811812717149,0.026872484405401235,0.028944186052280007,0.008329833724433565,1.05364875880134,40.19953633612145,0.2,9.2,34,0.6,0.2,0,0.6636918020202202
O1,full,treatment_effect_mean,-0.3374485596707819,5,0.2,-0.1339306403072181,-0.1398280037242181,0.14594175628508854,0.1947662833,0.05859152017674897,0.02898956628890276,0.01416042502295994,0.004055805993299502,1.05364875880134,40.19953633612145,0.2,9.2,34,0.6,0.2,0,0.6636918020202202
O1,full,treatment_effect_sd,0.07626392697027408,5,0.4,0.09663166354795293,0.10252792860222591,0.11946291967639022,0.17336423484,0.05242283575415225,0.035120189270428516,0.013623129845903153,0.0037774023516989374,1.05364875880134,40.19953633612145,0.2,9.2,34,0.6,0.2,0,0.6636918020202202
O1,naive,baseline_difference_sd,0,5,0,0.03133136972247607,0.030590152352855,0.03427630617446406,0.044298311343999995,0.014097599943611903,0.006950007846742209,0.003462067906275933,0.0010687860994534448,1.0183378159833294,276.69427287594965,0,0,0,0,0,0,0.6269282618487304
O1,naive,time_trend_mean,-0.08998628257887518,5,0.8,4.6318368931418384e-4,0.0021342249760201853,0.01729351980146228,0.058061045719999996,0.017566951715030994,0.008643657906140216,0.008142232656848925,0.002462944805284218,1.0183378159833294,276.69427287594965,0,0,0,0,0,0,0.6269282618487304
O1,naive,time_trend_sd,0.045528614603915496,5,0.8,0.002850396652598404,0.008377323010084502,0.018987806212914658,0.056160364586999995,0.017956916741778343,0.009386320148253737,0.006329670945883546,0.0020873048589413567,1.0183378159833294,276.69427287594965,0,0,0,0,0,0,0.6269282618487304
O1,naive,treatment_effect_mean,-0.3374485596707819,5,0,-0.2327580967742181,-0.2241483357692181,0.2334177798457142,0.19727022329999996,0.060388557926307686,0.008768242899036792,0.008464096979259731,0.0026628226071919443,1.0183378159833294,276.69427287594965,0,0,0,0,0,0,0.6269282618487304
O1,naive,treatment_effect_sd,0.07626392697027408,5,0,0.19125236037472593,0.18278949375972592,0.1930017624224345,0.15610726809999997,0.04798146507484026,0.012963554193023408,0.009706628571953726,0.003121961272809641,1.0183378159833294,276.69427287594965,0,0,0,0,0,0,0.6269282618487304
O2,full,baseline_difference_sd,0,5,0,0.02531475637229681,0.0214644992146575,0.02767024616809941,0.040840431172399994,0.012900327963891945,0.0055858220705299515,0.003933701291325996,0.0012294751447480606,1.0460485989052606,68.28548006842635,0,13.8,69,0.2,0.2,0,0.6031483777570719
O2,full,time_trend_mean,-0.08998628257887518,5,0.2,-0.05526813198552481,-0.05933643994112482,0.07189474112671788,0.10068898841999999,0.030912456832496944,0.02299069044476692,0.014454240166408765,0.0038363169727692313,1.0460485989052606,68.28548006842635,0,13.8,69,0.2,0.2,0,0.6031483777570719
O2,full,time_trend_sd,0.045528614603915496,5,0.8,0.036332111484784504,0.020475450403584505,0.051884795289972446,0.09274945317,0.028567757511103787,0.01852032435825259,0.012027392847080385,0.0031143262245895958,1.0460485989052606,68.28548006842635,0,13.8,69,0.2,0.2,0,0.6031483777570719
O2,full,treatment_effect_mean,-0.3374485596707819,5,0.4,-0.09316611752421809,-0.10442736172421807,0.10666253704558608,0.12938388969999998,0.039547069431294206,0.025966186447303943,0.010847485940548797,0.003048514025034818,1.0460485989052606,68.28548006842635,0,13.8,69,0.2,0.2,0,0.6031483777570719
O2,full,treatment_effect_sd,0.07626392697027408,5,0.4,0.05335086246709992,0.058927646749725934,0.07189983254029539,0.11386863898099998,0.03514960037504901,0.024100162827972282,0.0055276359545601535,0.0017031598787854289,1.0460485989052606,68.28548006842635,0,13.8,69,0.2,0.2,0,0.6031483777570719
O2,naive,baseline_difference_sd,0,5,0,0.02509528688974257,0.0212325673005615,0.027287531581214317,0.0412476310251,0.01285913484881821,0.005358076980533299,0.004013026723286052,0.0012727321484397786,1.0162669784772411,269.83150546176336,0,0,0,0,0,0,0.624561484647486
O2,naive,time_trend_mean,-0.08998628257887518,5,0.4,-0.017365644907078214,-0.02156132145562481,0.032924057565164304,0.06652724436999997,0.02071625034027881,0.013985956738059798,0.005228532837042546,0.0016515713961859702,1.0162669784772411,269.83150546176336,0,0,0,0,0,0,0.624561484647486
O2,naive,time_trend_sd,0.045528614603915496,5,1,0.012777371179914503,0.0160056905190845,0.01613270187310547,0.06273253931999999,0.020248040472053308,0.004924501382302349,0.004357731094009936,0.001339733522592473,1.0162669784772411,269.83150546176336,0,0,0,0,0,0,0.624561484647486
O2,naive,treatment_effect_mean,-0.3374485596707819,5,0,-0.18766097668121812,-0.19502207568921814,0.1890345629016292,0.1639898619,0.05001864328104435,0.011373475749098385,0.00444070356957486,0.0011934124784225913,1.0162669784772411,269.83150546176336,0,0,0,0,0,0,0.624561484647486
O2,naive,treatment_effect_sd,0.07626392697027408,5,0,0.14117943539772593,0.14373689119972594,0.14143379266359687,0.12672158809999998,0.03963924383735096,0.004239243092482466,0.003908868806316158,0.0010810896301833993,1.0162669784772411,269.83150546176336,0,0,0,0,0,0,0.624561484647486
O3,full,baseline_difference_sd,0,5,0,0.02471233158429364,0.0241773403254815,0.026084858866037605,0.04020408335729999,0.012473291948204384,0.004174941009434257,0.003042291440322242,8.309337734726736e-4,1.0072927724315617,357.69723944027777,0,0,0,0,0,0,0.667182604127438
O3,full,time_trend_mean,-0.08998628257887518,5,0.6,-0.013113473873324816,-0.023891152450624814,0.021182173205577613,0.06197501889999999,0.0190621220801622,0.00831747053924325,0.0062598274509845855,0.0017032844013520367,1.0072927724315617,357.69723944027777,0,0,0,0,0,0,0.667182604127438
O3,full,time_trend_sd,0.045528614603915496,5,1,0.0022827393429345035,-4.5095172011549306e-4,0.012568362370393684,0.05749407150999999,0.017887625189323176,0.006179660867833826,0.00407891751300357,0.0012284975220537499,1.0072927724315617,357.69723944027777,0,0,0,0,0,0,0.667182604127438
O3,full,treatment_effect_mean,-0.3374485596707819,5,0.6,-0.03309621170721809,-0.028123898499218092,0.036581494120047985,0.09879745589999997,0.030275984154871552,0.007791766210014672,0.0023628457837935584,7.29824539318984e-4,1.0072927724315617,357.69723944027777,0,0,0,0,0,0,0.667182604127438
O3,full,treatment_effect_sd,0.07626392697027408,5,0.4,0.03675969689112592,0.03536156151872592,0.037443862277534275,0.07855153687,0.02457708280946028,0.0035625660250548897,0.002905826163085257,8.377781786017542e-4,1.0072927724315617,357.69723944027777,0,0,0,0,0,0,0.667182604127438
O3,naive,baseline_difference_sd,0,5,0,0.024904776097223788,0.0246200785933755,0.026387339108453336,0.03948387568029999,0.012436864129672959,0.004360154606538096,0.002822978077518964,8.512657066867454e-4,1.0073427392215246,120.65875273834814,0,0,0,0,0,0,0.6193006109810302
O3,naive,time_trend_mean,-0.08998628257887518,5,0.8,0.001420389940281186,-0.0034730535086248127,0.016835334621967075,0.052184471399999995,0.016216930101352563,0.00838765438384223,0.005367582611906499,0.0016704093059414064,1.0073427392215246,120.65875273834814,0,0,0,0,0,0,0.6193006109810302
O3,naive,time_trend_sd,0.045528614603915496,5,1,-0.0010109987109114954,-0.005622073701465495,0.012155305031487934,0.05095928096999999,0.016177139227640584,0.006056593968870853,0.0033081023699526864,0.0012401154038784027,1.0073427392215246,120.65875273834814,0,0,0,0,0,0,0.6193006109810302
O3,naive,treatment_effect_mean,-0.3374485596707819,5,0,-0.0910449698362181,-0.0838849508942181,0.09394751140978855,0.119981279,0.036655600514804126,0.011586073187392765,0.00401375479839307,0.0011276670598050344,1.0073427392215246,120.65875273834814,0,0,0,0,0,0,0.6193006109810302
O3,naive,treatment_effect_sd,0.07626392697027408,5,0,0.08047356368302593,0.07802742179422593,0.0807524344366844,0.08953961460000001,0.028018919950328267,0.003352656245612671,0.001515100028561697,5.040854171657225e-4,1.0073427392215246,120.65875273834814,0,0,0,0,0,0,0.6193006109810302
O4,full,baseline_difference_sd,0,5,0,0.025270212741279,0.021548889161324,0.026097104356271623,0.042918330946,0.01335498335736034,0.0032586501727184473,0.0013765452131037764,3.5020951250576865e-4,1.005308590277546,271.6858061061725,0,0,0,0,0,0,0.6553051035606381
O4,full,time_trend_mean,-0.08998628257887518,5,1,-0.005281761467684817,-0.0016191180456248122,0.014293451652492855,0.05997349718000001,0.018402918741685776,0.006640891430008299,0.007209441535813772,0.002197703459395741,1.005308590277546,271.6858061061725,0,0,0,0,0,0,0.6553051035606381
O4,full,time_trend_sd,0.045528614603915496,5,0.8,0.008761929665018306,0.012399336424084507,0.021816983417138194,0.05076501073899999,0.015827168811574192,0.009990112036020354,0.0032983283144038533,9.792630966752368e-4,1.005308590277546,271.6858061061725,0,0,0,0,0,0,0.6553051035606381
O4,full,treatment_effect_mean,-0.3374485596707819,5,1,-0.014624500302218091,-0.0130533682392181,0.01820319976740233,0.07815885180000001,0.023854833145614894,0.0054194204644587955,0.004011061069157984,0.001205731511919156,1.005308590277546,271.6858061061725,0,0,0,0,0,0,0.6553051035606381
O4,full,treatment_effect_sd,0.07626392697027408,5,1,0.006732019251425922,0.007909673835725925,0.013044891831596234,0.060578143109999996,0.019091581381480538,0.0055867951389073885,0.0031948939496151485,8.895561592638505e-4,1.005308590277546,271.6858061061725,0,0,0,0,0,0,0.6553051035606381
O4,naive,baseline_difference_sd,0,5,0,0.0255562267064378,0.022198128915089,0.026479455963907873,0.042296610211999985,0.013323556352032214,0.0034655758783242504,0.0014687676630571749,4.191087320156145e-4,1.0149333163038927,263.3229875957165,0,0.2,1,0.2,0,0,0.6282329846474364
O4,naive,time_trend_mean,-0.08998628257887518,5,1,0.007861679827923181,0.01116295245668518,0.014194560452602001,0.07170426780000001,0.022416141433185658,0.005909304881409454,0.012553709899939373,0.003862901156603174,1.0149333163038927,263.3229875957165,0,0.2,1,0.2,0,0,0.6282329846474364
O4,naive,time_trend_sd,0.045528614603915496,5,0.8,0.015757281059431503,0.0189641280200845,0.030094576700845525,0.06631965711799999,0.02124039502596159,0.012819824885866768,0.008194927941250466,0.002790852760074085,1.0149333163038927,263.3229875957165,0,0.2,1,0.2,0,0,0.6282329846474364
O4,naive,treatment_effect_mean,-0.3374485596707819,5,0,-0.06983602633121808,-0.072909664119218065,0.07058298535616815,0.08882644100000002,0.02723011713816157,0.0051207237782969145,0.0054990831937061805,0.001501502620254619,1.0149333163038927,263.3229875957165,0,0.2,1,0.2,0,0,0.6282329846474364
O4,naive,treatment_effect_sd,0.07626392697027408,5,0.2,0.03886149907182592,0.04095899957022592,0.0410793103895617,0.06810424267999998,0.021379412525238055,0.006657582743992469,0.0036544078574443518,0.001284850749133864,1.0149333163038927,263.3229875957165,0,0.2,1,0.2,0,0,0.6282329846474364
O5,full,baseline_difference_sd,0,5,0,0.02951911382801502,0.02312638372463885,0.0321364178520641,0.042850646697,0.013506192665435655,0.006351599624723615,0.003072622914177538,9.276415081456291e-4,1.0094773703730497,343.7351854698234,0,0,0,0,0,0,0.6816633182263341
O5,full,time_trend_mean,-0.08998628257887518,5,1,0.0061781497685701875,0.008632961909175188,0.010955933546653671,0.06636157829,0.02034343290706034,0.004523907197208166,0.006901725044071551,0.002113249177254835,1.0094773703730497,343.7351854698234,0,0,0,0,0,0,0.6816633182263341
O5,full,time_trend_sd,0.045528614603915496,5,0.8,0.017373854344874505,0.012409907767084505,0.024315599423875237,0.060609434379999994,0.018821659283705033,0.008505844469325887,0.00264366182409115,8.795761653043928e-4,1.0094773703730497,343.7351854698234,0,0,0,0,0,0,0.6816633182263341
O5,full,treatment_effect_mean,-0.3374485596707819,5,0.8,-0.010564991021218084,-0.009045043409218079,0.03458130004036461,0.07884245409999997,0.024442750525940367,0.016463955153632602,0.006210920370530625,0.002025021414295537,1.0094773703730497,343.7351854698234,0,0,0,0,0,0,0.6816633182263341
O5,full,treatment_effect_sd,0.07626392697027408,5,0.8,0.008934774248355223,0.015742937541225924,0.02540705080402123,0.0734569868,0.022621331857894635,0.011892098634062072,0.002736097234784627,0.0010334902421239214,1.0094773703730497,343.7351854698234,0,0,0,0,0,0,0.6816633182263341
O5,naive,baseline_difference_sd,0,5,0,0.02982711259462203,0.023606799863411,0.03225935180814055,0.04445817364099999,0.013992930762440625,0.006144288676265157,0.002689158557679133,8.142400823863543e-4,1.0132667874397656,310.0535658805929,0,0,0,0,0,0,0.645926347170076
O5,naive,time_trend_mean,-0.08998628257887518,5,0.8,0.0070558479082971845,9.20804336301817e-5,0.017382266132269817,0.06976494141999998,0.021699030918534815,0.007942892832401061,0.011448099693280698,0.0036013673502663605,1.0132667874397656,310.0535658805929,0,0,0,0,0,0,0.645926347170076
O5,naive,time_trend_sd,0.045528614603915496,5,0.8,0.015941283939574506,0.006939513976084506,0.028094992401882107,0.06393043638999998,0.021003700810817028,0.011567238914491188,0.009489822164290373,0.0031330492914671436,1.0132667874397656,310.0535658805929,0,0,0,0,0,0,0.645926347170076
O5,naive,treatment_effect_mean,-0.3374485596707819,5,0.4,-0.053324491897218086,-0.04841132716421809,0.05990153947769335,0.08316108940000003,0.025717005185451974,0.01364453183239697,0.0035557735636695866,9.681293520408173e-4,1.0132667874397656,310.0535658805929,0,0,0,0,0,0,0.645926347170076
O5,naive,treatment_effect_sd,0.07626392697027408,5,0.4,0.031723796173325915,0.034126171350225915,0.03353324223059154,0.06722085728,0.02105252076925822,0.005433210166393334,0.0029841837945097983,9.940905877639438e-4,1.0132667874397656,310.0535658805929,0,0,0,0,0,0,0.645926347170076
O6,full,baseline_difference_sd,0,5,0,0.03115107066646943,0.029376232976453,0.03264390605083314,0.046250082321,0.014417730129863436,0.00487943128315811,0.002582300527901649,7.527291302079035e-4,1.010596717662336,309.25667467276423,0,0,0,0,0,0,0.5898486194054945
O6,full,time_trend_mean,-0.08998628257887518,5,1,0.011203375449592184,0.012306130140875185,0.012198553843207392,0.06246948138,0.019078007991587143,0.0024129387891689757,0.007073341017807292,0.002225649191862892,1.010596717662336,309.25667467276423,0,0,0,0,0,0,0.5898486194054945
O6,full,time_trend_sd,0.045528614603915496,5,0.8,0.010987114541457305,0.008564703918084504,0.02022180562772135,0.054628690960999995,0.016990523110314088,0.008488296897762239,0.004572764585267276,0.0014507823522652938,1.010596717662336,309.25667467276423,0,0,0,0,0,0,0.5898486194054945
O6,full,treatment_effect_mean,-0.3374485596707819,5,0.8,0.019451170282781916,0.01674712653078192,0.031579134106660155,0.08470387100000001,0.025805279051328213,0.012438786974185307,0.00634881583668628,0.0018546621176366133,1.010596717662336,309.25667467276423,0,0,0,0,0,0,0.5898486194054945
O6,full,treatment_effect_sd,0.07626392697027408,5,0.8,0.012220887046125922,0.007589891654725928,0.02149703997991446,0.06537007204999999,0.020350195314702824,0.00884268974497964,0.004643112538778653,0.00140835419236326,1.010596717662336,309.25667467276423,0,0,0,0,0,0,0.5898486194054945
O6,naive,baseline_difference_sd,0,5,0,0.03195739213685739,0.031805064038445,0.03345137124273061,0.047236390617999995,0.014484229677763428,0.00494265429273861,0.002693831471102528,6.794741448239729e-4,1.0070495026099222,417.174110486753,0,0,0,0,0,0,0.6076556855893743
O6,naive,time_trend_mean,-0.08998628257887518,5,1,0.0010420974027370855,0.003428885447375185,0.01048344510798031,0.06628368693999999,0.020537385011633234,0.005215761074264352,0.007883962583196364,0.0023519538038602166,1.0070495026099222,417.174110486753,0,0,0,0,0,0,0.6076556855893743
O6,naive,time_trend_sd,0.045528614603915496,5,0.8,0.011851511502521405,0.013873283182084507,0.019781508629695528,0.06254837954199999,0.019920595107775378,0.007919118618449931,0.004645102158071049,0.0016921343547795242,1.0070495026099222,417.174110486753,0,0,0,0,0,0,0.6076556855893743
O6,naive,treatment_effect_mean,-0.3374485596707819,5,0.8,-0.01428892327721808,-0.017560345999218074,0.029364545220063498,0.07191904670000002,0.02213933554144447,0.012826760966422206,0.005689596084731151,0.0016405376413847713,1.0070495026099222,417.174110486753,0,0,0,0,0,0,0.6076556855893743
O6,naive,treatment_effect_sd,0.07626392697027408,5,0.8,0.017523134530325925,0.017604940824725926,0.025185034486245147,0.05923851667,0.018644403086987008,0.009044690684394029,0.004996875002373443,0.0016428304086380798,1.0070495026099222,417.174110486753,0,0,0,0,0,0,0.6076556855893743
O7,full,baseline_difference_sd,0,5,0,0.0264362293753037,0.03222557798245,0.028827732682607052,0.0412887455377,0.01299290654932691,0.005748129000731035,0.004807784392803154,0.001369985913949652,1.0074147657952397,468.1174811908863,0,0,0,0,0,0,0.6775019725903493
O7,full,time_trend_mean,-0.08998628257887518,5,0.8,0.015767670217547883,0.013578212013670182,0.020859248547363273,0.06817468321999999,0.020901880346613295,0.006828045581850824,0.005142874670379799,0.001667241776035932,1.0074147657952397,468.1174811908863,0,0,0,0,0,0,0.6775019725903493
O7,full,time_trend_sd,0.045528614603915496,5,1,0.013053417807784504,0.008874149807084501,0.015659170976334714,0.05952425125999999,0.01852049789385229,0.004324867604953297,0.005860733333707961,0.0018736796800248672,1.0074147657952397,468.1174811908863,0,0,0,0,0,0,0.6775019725903493
O7,full,treatment_effect_mean,-0.3374485596707819,5,0.8,0.027966172250781917,0.02187063199078193,0.03205207703456161,0.0907379009,0.02784057918777526,0.007829892270476445,0.008346512767493128,0.0026034493297658295,1.0074147657952397,468.1174811908863,0,0,0,0,0,0,0.6775019725903493
O7,full,treatment_effect_sd,0.07626392697027408,5,0.6,0.01872293740962592,0.011467523296725915,0.033532012492321406,0.07659442054999999,0.023553763438113696,0.01390905709008009,0.006423710448920448,0.0019006147379107003,1.0074147657952397,468.1174811908863,0,0,0,0,0,0,0.6775019725903493
O7,naive,baseline_difference_sd,0,5,0,0.0269235364213093,0.032611381010505,0.029099264036354957,0.0433693553116,0.01380384652834419,0.005520198230768814,0.004475274444305144,0.0013230511639603117,1.0038085674303667,297.6729269442444,0,0,0,0,0,0,0.6215489008382886
O7,naive,time_trend_mean,-0.08998628257887518,5,1,-1.2478414941481664e-4,0.002538762101725184,0.013347469317309138,0.06539796331,0.02059385231736413,0.00667344300366317,0.005171592774567101,0.001652970441716944,1.0038085674303667,297.6729269442444,0,0,0,0,0,0,0.6215489008382886
O7,naive,time_trend_sd,0.045528614603915496,5,1,0.011418671732994505,0.008151971094084505,0.014102780217148475,0.062284637959999986,0.020379256171693314,0.00413830719338556,0.005117294952993028,0.0017402265628207179,1.0038085674303667,297.6729269442444,0,0,0,0,0,0,0.6215489008382886
O7,naive,treatment_effect_mean,-0.3374485596707819,5,1,-3.5383191021809424e-4,-0.003136881794218116,0.011854478420104456,0.07247980800000002,0.022203832574585705,0.005924598332208556,0.008054835890696499,0.002495935122939643,1.0038085674303667,297.6729269442444,0,0,0,0,0,0,0.6215489008382886
O7,naive,treatment_effect_sd,0.07626392697027408,5,0.6,0.015417154819925925,0.018174086052225924,0.027616026680591804,0.058519892519999984,0.0182416519715837,0.011455962060010424,0.0064382664738909965,0.0019173177537909433,1.0038085674303667,297.6729269442444,0,0,0,0,0,0,0.6215489008382886
O8,full,baseline_difference_sd,0,5,0,0.02888949430847102,0.02467181412898455,0.0301172896707643,0.045253857385,0.01428476337661194,0.004255827055742117,0.0011565549763958975,4.532258700078105e-4,1.0121720688009437,276.5499870013132,0,0.2,1,0.2,0,0,0.696929471205736
O8,full,time_trend_mean,-0.08998628257887518,5,0.8,0.026930966472564686,0.02103004639245519,0.0329749266174317,0.082874715255,0.02538986485806691,0.009514053162015156,0.014293346407650807,0.004239018835578851,1.0121720688009437,276.5499870013132,0,0.2,1,0.2,0,0,0.696929471205736
O8,full,time_trend_sd,0.045528614603915496,5,0.6,0.021576805232747506,0.0295779561150845,0.029788640990569045,0.07081638355,0.02238165233480802,0.010268941133499234,0.010472511520105391,0.0033045011947922033,1.0121720688009437,276.5499870013132,0,0.2,1,0.2,0,0,0.696929471205736
O8,full,treatment_effect_mean,-0.3374485596707819,5,0.2,0.056361044617781894,0.05610707507578189,0.0563864703396352,0.10832215349999999,0.03327411839626096,8.465646689648871e-4,0.0068778299063293295,0.002216426251051775,1.0121720688009437,276.5499870013132,0,0.2,1,0.2,0,0,0.696929471205736
O8,full,treatment_effect_sd,0.07626392697027408,5,0.6,0.03362099622122592,0.030580236742225916,0.035020930507383294,0.08725344799,0.02719492766513583,0.004901382118731473,0.008555044849050182,0.0026462145890725954,1.0121720688009437,276.5499870013132,0,0.2,1,0.2,0,0,0.696929471205736
O8,naive,baseline_difference_sd,0,5,0,0.029262885372034902,0.02536888342319,0.03046098864122802,0.04612243945899999,0.014388838135163217,0.004229520324580798,0.0012574956023435559,4.2258187894718917e-4,1.0077437620605931,327.9491518247989,0,0,0,0,0,0,0.6192364475741734
O8,naive,time_trend_mean,-0.08998628257887518,5,1,0.001190310828322183,-0.002024768526839818,0.008136285645596751,0.07070992684,0.022003924829161296,0.004024372753570508,0.006986359987093322,0.002107058637266642,1.0077437620605931,327.9491518247989,0,0,0,0,0,0,0.6192364475741734
O8,naive,time_trend_sd,0.045528614603915496,5,1,0.0160099909495645,0.021634829518584503,0.022234406511491243,0.06556014247,0.020984147727553273,0.007714418686996235,0.004934225638930368,0.0017112117729031642,1.0077437620605931,327.9491518247989,0,0,0,0,0,0,0.6192364475741734
O8,naive,treatment_effect_mean,-0.3374485596707819,5,0.6,0.038238927881781924,0.03577696317078194,0.042510179816419115,0.07834279740000001,0.02409078624706115,0.009285738830003889,0.0023416047542775915,6.989705558432626e-4,1.0077437620605931,327.9491518247989,0,0,0,0,0,0,0.6192364475741734
O8,naive,treatment_effect_sd,0.07626392697027408,5,0.6,0.02537513959502592,0.024206787734225924,0.026258945918024065,0.06295404556999999,0.019819116345774986,0.0033776667708146006,0.0020107450958083994,5.855613909990765e-4,1.0077437620605931,327.9491518247989,0,0,0,0,0,0,0.6192364475741734
O9,full,baseline_difference_sd,0,5,0,0.02250691707495716,0.0227816750585863,0.02307470714223868,0.04043532837199999,0.012567217207041724,0.0025436584617968324,0.002124504531285511,5.629497639883352e-4,1.0121426543546652,160.1064034272658,0,0,0,0,0,0,0.6415093726151557
O9,full,time_trend_mean,-0.08998628257887518,5,0.6,0.04069442185859479,0.03465721793226018,0.04790613801376865,0.102916895089,0.03245392276262409,0.012638849720098863,0.020665343319867767,0.006539610163707539,1.0121426543546652,160.1064034272658,0,0,0,0,0,0,0.6415093726151557
O9,full,time_trend_sd,0.045528614603915496,5,0.8,0.026947317060363504,0.02194342184058451,0.0395520303835269,0.09323742361,0.02977326719445348,0.01447588693921444,0.018298273373077854,0.0058874399051694675,1.0121426543546652,160.1064034272658,0,0,0,0,0,0,0.6415093726151557
O9,full,treatment_effect_mean,-0.3374485596707819,5,0.2,0.08570388249548191,0.10996069686178192,0.09414434903159176,0.1399487988,0.042836228508298844,0.01948077885880592,0.014003338280569976,0.004583736088022549,1.0121426543546652,160.1064034272658,0,0,0,0,0,0,0.6415093726151557
O9,full,treatment_effect_sd,0.07626392697027408,5,0.6,0.05653558109536592,0.04760887238822592,0.06610933942215456,0.11915241308999999,0.03737071396086229,0.01713310267466859,0.012439957795480463,0.004488031430241299,1.0121426543546652,160.1064034272658,0,0,0,0,0,0,0.6415093726151557
O9,naive,baseline_difference_sd,0,5,0,0.02231681723973297,0.02250269146203,0.022873906145357382,0.04097545082399999,0.012689665179405445,0.002508747228945931,0.002453422198518903,6.237561852568054e-4,1.0165684883203336,226.23799344044602,0,0,0,0,0,0,0.582871654750308
O9,naive,time_trend_mean,-0.08998628257887518,5,1,0.0042544567473371845,0.004643780553375179,0.01190639016863049,0.06412816687999999,0.019696903773679567,0.005560164670059194,0.005888204976406971,0.0016298467896546324,1.0165684883203336,226.23799344044602,0,0,0,0,0,0,0.582871654750308
O9,naive,time_trend_sd,0.045528614603915496,5,1,0.009441843155542504,0.011895509817084503,0.014452257985143225,0.05917339519999999,0.01891007418346776,0.005470817093800324,0.005146271568744674,0.0016574907180179918,1.0165684883203336,226.23799344044602,0,0,0,0,0,0,0.582871654750308
O9,naive,treatment_effect_mean,-0.3374485596707819,5,0,0.07987508976478191,0.0914721556257819,0.0819635434985751,0.0949122005,0.028975094412159355,0.009192286139895308,0.00937463497165497,0.0028914446621187985,1.0165684883203336,226.23799344044602,0,0,0,0,0,0,0.582871654750308
O9,naive,treatment_effect_sd,0.07626392697027408,5,0.4,0.04792442168372592,0.04929983364722591,0.054239338462366005,0.075374638899999985,0.023572757258935984,0.012699957117206305,0.006662768125556111,0.0021739229877147472,1.0165684883203336,226.23799344044602,0,0,0,0,0,0,0.582871654750308
P1,full,time_trend_mean,-0.08998628257887518,5,1,0.011127957808667788,0.01142148107497519,0.01786761045393684,0.06597848073,0.020537661278018413,0.006989636226981748,0.0056652525479243925,0.0017568358752429504,1.0094535973454124,133.52790705131306,0,2.2,7,0.4,0,0,0.6341780710691679
P1,full,time_trend_sd,0.045528614603915496,5,0.8,0.013195481011994505,0.013815609863584502,0.017382627616793284,0.06072393060999998,0.01942811139833195,0.005657628118880673,0.004562251111880109,0.0015122398185650442,1.0094535973454124,133.52790705131306,0,2.2,7,0.4,0,0,0.6341780710691679
P1,full,treatment_effect_mean,-0.3374485596707819,5,1,0.005775001832781923,0.009588664425781934,0.011200552030028378,0.06230133809999998,0.018862911193145933,0.004798482041456918,0.0030777606438958773,9.893341891137257e-4,1.0094535973454124,133.52790705131306,0,2.2,7,0.4,0,0,0.6341780710691679
P1,full,treatment_effect_sd,0.07626392697027408,5,0.6,1.9909543642592092e-4,0.007496257618725924,0.019123219569429306,0.049787139,0.01519917933695125,0.009561091565660772,0.0030990915808177216,8.912067685239403e-4,1.0094535973454124,133.52790705131306,0,2.2,7,0.4,0,0,0.6341780710691679
P1,naive,time_trend_mean,-0.08998628257887518,5,0.8,0.011707054569010725,0.013318932222425181,0.017684162684856626,0.06851075266,0.021294249507472718,0.006627112553417978,0.005523928243967973,0.0017785552559158508,1.0050718596384856,628.6355206602445,0,0,0,0,0,0,0.8184787100019058
P1,naive,time_trend_sd,0.045528614603915496,5,1,0.013780183980774503,0.013916993738584502,0.018076204287990543,0.06291184004,0.0207867683124674,0.005849266853999172,0.005630471266923531,0.002358560130582753,1.0050718596384856,628.6355206602445,0,0,0,0,0,0,0.8184787100019058
P1,naive,treatment_effect_mean,-0.3374485596707819,5,1,0.011375907099781913,0.017062107450781905,0.015616055386168589,0.0558801996,0.017181681611967797,0.005349063550777287,0.003177792585963489,9.508765394760095e-4,1.0050718596384856,628.6355206602445,0,0,0,0,0,0,0.8184787100019058
P1,naive,treatment_effect_sd,0.07626392697027408,5,0.8,0.0071099992255259205,0.008326658029225928,0.01667735721792568,0.044493382289999994,0.013680439662938866,0.007542913143927197,0.002360393382477555,7.016283940980444e-4,1.0050718596384856,628.6355206602445,0,0,0,0,0,0,0.8184787100019058
P1,zero_mean,time_trend_mean,-0.08998628257887518,5,0.8,0.012084732585397186,0.012713885700940189,0.01875668466733634,0.06721323092999999,0.020760218244855484,0.007172385552403914,0.00602728205806298,0.0017668230751734528,1.0136021294109903,289.005312314683,0,2.2,8,0.4,0,0,0.6794351438410545
P1,zero_mean,time_trend_sd,0.045528614603915496,5,0.8,0.0133227091242745,0.013687828154084501,0.017852285514980536,0.06303341900999998,0.020071766624816197,0.005941580591441068,0.005195381191655296,0.001744115140053341,1.0136021294109903,289.005312314683,0,2.2,8,0.4,0,0,0.6794351438410545
P1,zero_mean,treatment_effect_mean,-0.3374485596707819,5,1,0.010168968777781895,0.016534111155781905,0.014166695703963906,0.056650335699999985,0.01737531362877865,0.004931717276091727,0.004144347224279725,0.0013437434508329705,1.0136021294109903,289.005312314683,0,2.2,8,0.4,0,0,0.6794351438410545
P1,zero_mean,treatment_effect_sd,0.07626392697027408,5,0.8,0.002125648196425925,0.007052024725725928,0.018051848980399646,0.05138516736999999,0.015557410781614047,0.00896313102877821,0.0024389399440489226,7.490263699087427e-4,1.0136021294109903,289.005312314683,0,2.2,8,0.4,0,0,0.6794351438410545
P2,full,time_trend_mean,-0.08998628257887518,5,0.8,0.017024399729553684,0.011861649561575191,0.020880958912615277,0.06493074693,0.020597794645327357,0.006045334129696631,0.00391996372488153,0.001221049669972123,1.0118206325779684,441.8706945023676,0,1.2,4,0.4,0,0,0.7485358611875536
P2,full,time_trend_sd,0.045528614603915496,5,1,0.009259633059394503,0.006460614107084504,0.01261633694865301,0.05954306472,0.019674299585010317,0.004284598977947514,0.0032681282082168382,0.0010608805521501027,1.0118206325779684,441.8706945023676,0,1.2,4,0.4,0,0,0.7485358611875536
P2,full,treatment_effect_mean,-0.3374485596707819,5,0,0.041951454448781914,0.038683636670781896,0.04223221368389268,0.06324032750000003,0.019193477828723143,0.0024308096528599583,0.00197778585861895,5.732558752274278e-4,1.0118206325779684,441.8706945023676,0,1.2,4,0.4,0,0,0.7485358611875536
P2,full,treatment_effect_sd,0.07626392697027408,5,1,-7.159100499740806e-4,0.003432992784725919,0.006735949538156846,0.04865514603,0.014866171242804796,0.0033488986615356677,0.002157147748503982,7.029826749090503e-4,1.0118206325779684,441.8706945023676,0,1.2,4,0.4,0,0,0.7485358611875536
P2,naive,time_trend_mean,-0.08998628257887518,5,0.8,0.016857950055981185,0.011925632300775188,0.020899920816955943,0.06412879273,0.019668184471530462,0.0061768966735949275,0.004037157776073075,0.0012780433649519165,1.0083665690424264,810.4085020558215,0,0,0,0,0,0,0.8179764821381686
P2,naive,time_trend_sd,0.045528614603915496,5,1,0.009043373736874506,0.006514207873584504,0.012668952999010026,0.05899671974999998,0.018644902155573854,0.004436207883607731,0.004094785139949676,0.0011593566431764082,1.0083665690424264,810.4085020558215,0,0,0,0,0,0,0.8179764821381686
P2,naive,treatment_effect_mean,-0.3374485596707819,5,0,0.05315199419978193,0.053232528055781936,0.053440623117141685,0.05509484369999998,0.016783654424196222,0.002773342375849349,0.0017688734129951633,4.6928866770565877e-4,1.0083665690424264,810.4085020558215,0,0,0,0,0,0,0.8179764821381686
P2,naive,treatment_effect_sd,0.07626392697027408,5,1,0.006159863392125922,0.010820097053225924,0.010072571907578654,0.04167390260999999,0.01289195589894187,0.003984745532141594,0.0014708461641623116,4.831152616620466e-4,1.0083665690424264,810.4085020558215,0,0,0,0,0,0,0.8179764821381686
P2,zero_mean,time_trend_mean,-0.08998628257887518,5,0.8,0.01699081237196569,0.011021938067400192,0.020911239503010593,0.06358648314,0.020328132777888086,0.006094920682275703,0.002827349121145884,7.106213315612226e-4,1.0038037015936203,607.1436490304523,0,0,0,0,0,0,0.7774446161506761
P2,zero_mean,time_trend_sd,0.045528614603915496,5,1,0.009109057639184502,0.006427840351584502,0.012361628369797008,0.05935050380999998,0.01952603563557326,0.004178364658541206,0.0022618606467938816,6.809731731817212e-4,1.0038037015936203,607.1436490304523,0,0,0,0,0,0,0.7774446161506761
P2,zero_mean,treatment_effect_mean,-0.3374485596707819,5,0,0.05103804354578191,0.050651031080781894,0.05134427866816688,0.0561764842,0.016974627468354653,0.002799690294177477,0.0019327638855023037,5.643931733760605e-4,1.0038037015936203,607.1436490304523,0,0,0,0,0,0,0.7774446161506761
P2,zero_mean,treatment_effect_sd,0.07626392697027408,5,1,0.002270963853625921,0.005044662574225922,0.007341906769460441,0.046412606380000006,0.014145443234157009,0.0034909281783994622,0.0015301404475579997,5.18480914956687e-4,1.0038037015936203,607.1436490304523,0,0,0,0,0,0,0.7774446161506761
P3,full,time_trend_mean,-0.08998628257887518,5,0.8,0.006282740850634183,-4.976460641248209e-4,0.021132662861613517,0.063008703078,0.019509124673286055,0.01008856539635829,0.007157269373965783,0.002234373815271595,1.0072996040271165,190.93031306367055,0,0,0,0,0,0,0.6627210621484584
P3,full,time_trend_sd,0.045528614603915496,5,1,0.005659424544199503,0.0026060278970845008,0.01479980105977386,0.05725965407999999,0.018379750238806773,0.006837489035409778,0.004954558350616783,0.0016289815823063393,1.0072996040271165,190.93031306367055,0,0,0,0,0,0,0.6627210621484584
P3,full,treatment_effect_mean,-0.3374485596707819,5,0.2,0.06033082988378191,0.06433552002578191,0.06319662452393968,0.08493788430000002,0.025728878422062985,0.009407501219159925,0.006700183652350434,0.0019934890736856693,1.0072996040271165,190.93031306367055,0,0,0,0,0,0,0.6627210621484584
P3,full,treatment_effect_sd,0.07626392697027408,5,0.8,0.023853292366825922,0.024486514287725927,0.02525805061194794,0.061575300640000004,0.018716083566732725,0.004152997832242632,0.006922595473543559,0.001803698995053887,1.0072996040271165,190.93031306367055,0,0,0,0,0,0,0.6627210621484584
P3,naive,time_trend_mean,-0.08998628257887518,5,0.8,0.006256533554638984,-5.106592857358205e-4,0.020945466296969285,0.060634839047999996,0.01864496482093432,0.009994602872014884,0.006939900338101403,0.0020606244574546853,1.005519226698167,734.340795215293,0,0.2,1,0.2,0,0,0.8109196670126093
P3,naive,time_trend_sd,0.045528614603915496,5,1,0.0046736047345045046,0.002939377719734501,0.014026955510329075,0.05692207758,0.01824640400436141,0.006612732031361325,0.004909614211402134,0.0017473988635069852,1.005519226698167,734.340795215293,0,0.2,1,0.2,0,0,0.8109196670126093
P3,naive,treatment_effect_mean,-0.3374485596707819,5,0,0.0780858149727819,0.08199717521078193,0.07994592676245564,0.06846475929999998,0.021026869059288765,0.0085725828363508675,0.0017221088522891342,5.049501850663543e-4,1.005519226698167,734.340795215293,0,0.2,1,0.2,0,0,0.8109196670126093
P3,naive,treatment_effect_sd,0.07626392697027408,5,0.2,0.03206630814632592,0.031662734906725915,0.032716855672376775,0.05212078862999999,0.016117945588700854,0.003245940809380396,0.001365199857436227,4.7544219943655084e-4,1.005519226698167,734.340795215293,0,0.2,1,0.2,0,0,0.8109196670126093
P3,zero_mean,time_trend_mean,-0.08998628257887518,5,0.8,0.006494244617612187,-5.769834261248191e-4,0.020704301210467815,0.06353086538899999,0.019959283618923174,0.009829711026530666,0.006727653250952884,0.0021748852734106627,1.0047944631055272,630.6090162032118,0,0.2,1,0.2,0,0,0.7847509964331094
P3,zero_mean,time_trend_sd,0.045528614603915496,5,1,0.005424191313816504,0.002805098070634504,0.01453256618898284,0.05752652419999999,0.018556154169997625,0.006741172535773817,0.00478119975272585,0.0015313340562300175,1.0047944631055272,630.6090162032118,0,0.2,1,0.2,0,0,0.7847509964331094
P3,zero_mean,treatment_effect_mean,-0.3374485596707819,5,0,0.07503327830078191,0.07879689041578192,0.07679921206817904,0.07016986169999999,0.021475389423692204,0.0081872785730447,9.953606745606589e-4,3.666826987388533e-4,1.0047944631055272,630.6090162032118,0,0.2,1,0.2,0,0,0.7847509964331094
P3,zero_mean,treatment_effect_sd,0.07626392697027408,5,0.2,0.02986632022952592,0.03055331214122592,0.0306255904686592,0.05508997817,0.017007283837976676,0.00338857298510155,0.0017052747996011727,6.177848126827035e-4,1.0047944631055272,630.6090162032118,0,0.2,1,0.2,0,0,0.7847509964331094
P4,full,time_trend_mean,-0.08998628257887518,5,1,0.0028365317628164578,-2.9317019877381223e-4,0.006465787092778462,0.08076549996,0.02471155430413055,0.002905188904687349,0.008526902321982823,0.002659522015367244,1.0049986263890853,386.27741722882377,0,0.4,2,0.2,0,0,0.7124926605438835
P4,full,time_trend_sd,0.045528614603915496,5,0.6,0.021253694460354505,0.0321050651105845,0.026051397931006203,0.06896086472999999,0.022321043241839356,0.007532526235359731,0.007141220432573746,0.0023945848594226996,1.0049986263890853,386.27741722882377,0,0.4,2,0.2,0,0,0.7124926605438835
P4,full,treatment_effect_mean,-0.3374485596707819,5,0,0.0906897099827819,0.0875914873607819,0.09133384469870232,0.07778037169999998,0.023644026461317316,0.0054140486395483295,0.005250116763554875,0.0015600346593787836,1.0049986263890853,386.27741722882377,0,0.4,2,0.2,0,0,0.7124926605438835
P4,full,treatment_effect_sd,0.07626392697027408,5,0.2,0.02977429338152592,0.038235627178225914,0.03632504649237739,0.05738528458999999,0.017591932142596946,0.010404331505486074,0.003104767573580376,0.0010183759766804713,1.0049986263890853,386.27741722882377,0,0.4,2,0.2,0,0,0.7124926605438835
P4,naive,time_trend_mean,-0.08998628257887518,5,1,0.002152614972258185,1.4173205512518772e-4,0.005720197973943809,0.07662693535,0.02373370078538856,0.002649854413091442,0.008143469615098398,0.002508157471081953,1.0056500486278352,502.5374728481847,0,0.2,1,0.2,0,0,0.8288787484853902
P4,naive,time_trend_sd,0.045528614603915496,5,0.6,0.020351655277074502,0.0313902986630845,0.025090667455904967,0.06705052313,0.02132977663014993,0.0073374334897485455,0.0058765318383917995,0.0020124778305763156,1.0056500486278352,502.5374728481847,0,0.2,1,0.2,0,0,0.8288787484853902
P4,naive,treatment_effect_mean,-0.3374485596707819,5,0,0.09756319708278191,0.09279422271078192,0.09814279703118448,0.07044929809999997,0.021324690873475268,0.005325203847988545,0.005899225767362321,0.0017586377110584302,1.0056500486278352,502.5374728481847,0,0.2,1,0.2,0,0,0.8288787484853902
P4,naive,treatment_effect_sd,0.07626392697027408,5,0.2,0.032902411065925924,0.03844924397722592,0.03835660374547026,0.05339138472,0.016524061734864495,0.00985723588202923,0.004080074889007226,0.001273571758952867,1.0056500486278352,502.5374728481847,0,0.2,1,0.2,0,0,0.8288787484853902
P4,zero_mean,time_trend_mean,-0.08998628257887518,5,1,0.0027954332346221853,5.595024134241872e-4,0.006672246718579457,0.07706174845,0.02400451690848659,0.0030292090264772116,0.007518080811192779,0.002465058051011208,1.0048286536948308,482.3858384890924,0,0,0,0,0,0,0.751669420990641
P4,zero_mean,time_trend_sd,0.045528614603915496,5,0.4,0.020977296743984502,0.030484373733084505,0.025894225005815206,0.06805005285999999,0.022034220743063895,0.007590518921104845,0.006029610771662795,0.002007985278694219,1.0048286536948308,482.3858384890924,0,0,0,0,0,0,0.751669420990641
P4,zero_mean,treatment_effect_mean,-0.3374485596707819,5,0,0.09607373511678191,0.09025550104078192,0.09661986786654307,0.0709341839,0.021650470038340506,0.005129236962226097,0.005532638667762617,0.0017187723189663346,1.0048286536948308,482.3858384890924,0,0,0,0,0,0,0.751669420990641
P4,zero_mean,treatment_effect_sd,0.07626392697027408,5,0.2,0.03145433007032592,0.037555026382725926,0.03723212323441467,0.0548683122,0.01714895506607471,0.009960623981077077,0.003707290892955611,0.0011367863506607115,1.0048286536948308,482.3858384890924,0,0,0,0,0,0,0.751669420990641
P5,full,time_trend_mean,-0.08998628257887518,5,1,-2.473817949218138e-4,0.0015748027149251886,0.006705910214568624,0.06066202925999999,0.018811278567033574,0.003350672844870007,0.0025911581547218613,8.983431944248804e-4,1.0061642790017828,444.98450103411665,0,0.2,1,0.2,0,0,0.7691778726550427
P5,full,time_trend_sd,0.045528614603915496,5,1,0.004325425642844503,0.003952924511584507,0.007052832367475349,0.05499894347999999,0.01762737838143022,0.0027853696977210743,0.0023345471119442392,8.09638605509506e-4,1.0061642790017828,444.98450103411665,0,0.2,1,0.2,0,0,0.7691778726550427
P5,full,treatment_effect_mean,-0.3374485596707819,5,0,0.10284249362978191,0.1072470492107819,0.10509272670724809,0.0791517532,0.02418471565141372,0.01081552946892342,0.002951394336530718,8.299962470805671e-4,1.0061642790017828,444.98450103411665,0,0.2,1,0.2,0,0,0.7691778726550427
P5,full,treatment_effect_sd,0.07626392697027408,5,0.4,0.02412103186502592,0.021466661943725915,0.02786983489584107,0.05758682427999999,0.018002188045851835,0.0069803925191898215,0.0031706057052324943,8.878165765477201e-4,1.0061642790017828,444.98450103411665,0,0.2,1,0.2,0,0,0.7691778726550427
P5,naive,time_trend_mean,-0.08998628257887518,5,1,-6.633489578081186e-5,0.0015280986228751875,0.006787179126974339,0.057983395369999996,0.017996004727206576,0.0033934274776116066,0.002341878832429582,8.45893728629565e-4,1.0053518832948787,682.4002844996785,0,0,0,0,0,0,0.8464977710747652
P5,naive,time_trend_sd,0.045528614603915496,5,1,0.0034470907866845034,0.003938625395584504,0.0062502947281073236,0.05405454542999999,0.017270271643523783,0.002606901863158691,0.002050678198973229,7.698446521976238e-4,1.0053518832948787,682.4002844996785,0,0,0,0,0,0,0.8464977710747652
P5,naive,treatment_effect_mean,-0.3374485596707819,5,0,0.1146032272397819,0.11510375351078192,0.1167801465078047,0.0676352801,0.020711537509968115,0.011221663475296816,0.003188055562956207,9.010869155943707e-4,1.0053518832948787,682.4002844996785,0,0,0,0,0,0,0.8464977710747652
P5,naive,treatment_effect_sd,0.07626392697027408,5,0,0.03123561764912592,0.028304797013225927,0.032755277340609394,0.05142056879999999,0.01595919753575993,0.0049306283508760975,0.0018596168036091752,6.395149233853689e-4,1.0053518832948787,682.4002844996785,0,0,0,0,0,0,0.8464977710747652
P5,zero_mean,time_trend_mean,-0.08998628257887518,5,1,6.163925489451854e-4,0.0021007601871251835,0.006787659713374409,0.06125676363999999,0.019156000686416843,0.0033798071176537135,0.003646316565236433,0.0011554396868533718,1.0040025178933845,690.103253231082,0,0.2,1,0.2,0,0,0.7899047973529721
P5,zero_mean,time_trend_sd,0.045528614603915496,5,1,0.004330846672784503,0.004935707631084502,0.0072907808965768355,0.05596921267999999,0.017974108578870936,0.002932543826557462,0.0034180140557926115,0.001084378938288989,1.0040025178933845,690.103253231082,0,0.2,1,0.2,0,0,0.7899047973529721
P5,zero_mean,treatment_effect_mean,-0.3374485596707819,5,0,0.1121363372687819,0.1133070789557819,0.1144389329072439,0.0693838303,0.021241400608683198,0.011420499429651319,0.003024238638408425,9.581797054469286e-4,1.0040025178933845,690.103253231082,0,0.2,1,0.2,0,0,0.7899047973529721
P5,zero_mean,treatment_effect_sd,0.07626392697027408,5,0.4,0.02834548128672592,0.024658526723225924,0.030362347897740595,0.05540427182,0.017224656788638475,0.005440722849201732,0.0028479527815439064,8.839750287427747e-4,1.0040025178933845,690.103253231082,0,0.2,1,0.2,0,0,0.7899047973529721
P6,full,time_trend_mean,-0.08998628257887518,5,1,-0.0019487960604108179,0.008066520759535178,0.01584229526718057,0.07010419074999999,0.022216286147243077,0.007860987744034764,0.0033594859236837256,0.001119054479670802,1.0508060451040333,27.980824526955395,0.2,30.8,154,0.2,0.2,0,0.5186327436430495
P6,full,time_trend_sd,0.045528614603915496,5,1,0.012267252113284503,0.011006343840084504,0.014589743353977969,0.06203187431999999,0.02029987564829255,0.00394889657765499,0.0031403156746219163,0.0010215061415798628,1.0508060451040333,27.980824526955395,0.2,30.8,154,0.2,0.2,0,0.5186327436430495
P6,full,treatment_effect_mean,-0.3374485596707819,5,0,0.09346948327478191,0.09163150338078191,0.0945660229328634,0.0947850383,0.028709232193886155,0.007179630730130041,0.010270714855565735,0.002930500412161584,1.0508060451040333,27.980824526955395,0.2,30.8,154,0.2,0.2,0,0.5186327436430495
P6,full,treatment_effect_sd,0.07626392697027408,5,0.6,0.026286847049925923,0.027861009727225924,0.03123531471771915,0.06859645535,0.0206532813641458,0.0084357358554065,0.008158861949812996,0.00215722727493191,1.0508060451040333,27.980824526955395,0.2,30.8,154,0.2,0.2,0,0.5186327436430495
P6,naive,time_trend_mean,-0.08998628257887518,5,1,-0.0025811175024708145,0.0058165931052401865,0.01457131960764311,0.07035226610999999,0.02210263982762577,0.007170446073057856,0.004004733582948836,0.0011027572353708495,1.0066925649195988,620.9788546567711,0,0,0,0,0,0,0.8064951885201899
P6,naive,time_trend_sd,0.045528614603915496,5,1,0.012770248234084503,0.010222106501084502,0.01513826796987815,0.06421421667999999,0.02137970834944557,0.0040647237657588835,0.0031477185426452155,9.628582683366432e-4,1.0066925649195988,620.9788546567711,0,0,0,0,0,0,0.8064951885201899
P6,naive,treatment_effect_mean,-0.3374485596707819,5,0,0.12241165447988192,0.12543421447128192,0.12255242026909709,0.0735687651,0.022541056474959617,0.0029360926974214253,0.004995104340448332,0.0015213375136502354,1.0066925649195988,620.9788546567711,0,0,0,0,0,0,0.8064951885201899
P6,naive,treatment_effect_sd,0.07626392697027408,5,0.2,0.03955622898622592,0.045566178196725926,0.043088507174015765,0.05566989874,0.017238472905901976,0.008542894692000898,0.0035557129660010894,0.0011206078059044632,1.0066925649195988,620.9788546567711,0,0,0,0,0,0,0.8064951885201899
P6,zero_mean,time_trend_mean,-0.08998628257887518,5,1,-0.0014706420707726153,0.0077344666837951825,0.013998086045663093,0.07366850675999999,0.023399318608758466,0.006960309347318218,0.006486182647507248,0.0022606438833823205,1.0075291789422363,440.85191830168594,0,0.4,2,0.2,0,0,0.8027686595634251
P6,zero_mean,time_trend_sd,0.045528614603915496,5,1,0.012962878618114505,0.010302296621084506,0.01566875661798154,0.06649207103999999,0.02182971609114326,0.004400957619813274,0.005638695843722074,0.00204136183909711,1.0075291789422363,440.85191830168594,0,0.4,2,0.2,0,0,0.8027686595634251
P6,zero_mean,treatment_effect_mean,-0.3374485596707819,5,0,0.11802962038378191,0.12069784073078191,0.11823633275433301,0.074996623,0.02308096150029415,0.003494248676528873,0.0049086109308862265,0.001518704710025447,1.0075291789422363,440.85191830168594,0,0.4,2,0.2,0,0,0.8027686595634251
P6,zero_mean,treatment_effect_sd,0.07626392697027408,5,0.2,0.03827811863422592,0.042996746854225915,0.041755633944477774,0.05841229706,0.017957559348357386,0.00834144172085004,0.004142333744220031,0.001299438394123193,1.0075291789422363,440.85191830168594,0,0.4,2,0.2,0,0,0.8027686595634251
P7,full,time_trend_mean,-0.08998628257887518,5,0.6,0.015262708794628724,0.024224622589448686,0.027240584746411792,0.057145152289999994,0.01801139905243882,0.011281613111350763,0.006777101670153172,0.00226313904812875,1.0134665069295772,461.9988914668663,0,0,0,0,0,0,0.8045214397108817
P7,full,time_trend_sd,0.045528614603915496,5,1,0.0013269128515764346,0.002075708487584503,0.013016787723214737,0.05562255458599999,0.018868522268089875,0.0064744896500719485,0.004456569920842221,0.0020443054626259685,1.0134665069295772,461.9988914668663,0,0,0,0,0,0,0.8045214397108817
P7,full,treatment_effect_mean,-0.3374485596707819,5,0,0.1452910672753819,0.1529066776402819,0.1476959442117164,0.0962874495,0.02950193163365787,0.013272129695068611,0.003909362823658982,0.0010835255222480778,1.0134665069295772,461.9988914668663,0,0,0,0,0,0,0.8045214397108817
P7,full,treatment_effect_sd,0.07626392697027408,5,0,0.06873040883552592,0.07157012114322593,0.07035982719773304,0.07080086633,0.021727681243919314,0.007527220346786626,0.0018567981294025854,6.414220477024768e-4,1.0134665069295772,461.9988914668663,0,0,0,0,0,0,0.8045214397108817
P7,naive,time_trend_mean,-0.08998628257887518,5,0.6,0.01588179590987778,0.02499149840238818,0.026731396998183554,0.05732488961999999,0.018182194827429554,0.010751001629516735,0.006512929997758249,0.0020498377003828534,1.0088432052966734,600.4232178861469,0,0,0,0,0,0,0.8098249935933998
P7,naive,time_trend_sd,0.045528614603915496,5,1,0.0013246594915967038,0.0021072962965845016,0.013024317395795248,0.056529808126999995,0.01849425644587224,0.006478389476901984,0.004176989018394583,0.0015087963490039843,1.0088432052966734,600.4232178861469,0,0,0,0,0,0,0.8098249935933998
P7,naive,treatment_effect_mean,-0.3374485596707819,5,0,0.15908524503108193,0.16531296569928192,0.1602426359281751,0.0922045731,0.028181936729056854,0.009612325194903341,0.005176657733848924,0.0015774663310114583,1.0088432052966734,600.4232178861469,0,0,0,0,0,0,0.8098249935933998
P7,naive,treatment_effect_sd,0.07626392697027408,5,0,0.07441260434042593,0.07290542565822593,0.07616900378933604,0.06995886259999999,0.021603807946987078,0.008131442884493389,0.003711378299278547,0.0011102993725493873,1.0088432052966734,600.4232178861469,0,0,0,0,0,0,0.8098249935933998
P7,zero_mean,time_trend_mean,-0.08998628257887518,5,0.6,0.015758795403571883,0.02229390409821269,0.02711744448888302,0.05931508661,0.01843195188613013,0.011034221348106235,0.006777816853088566,0.002190635419719296,1.0082401141312038,432.2478627503211,0,0,0,0,0,0,0.8558046372779494
P7,zero_mean,time_trend_sd,0.045528614603915496,5,1,0.0012807705688795052,0.0016668322740845051,0.012712042242247123,0.055853285326,0.017708967541256566,0.006323678611349712,0.003815862787580593,0.0012662242515990465,1.0082401141312038,432.2478627503211,0,0,0,0,0,0,0.8558046372779494
P7,zero_mean,treatment_effect_mean,-0.3374485596707819,5,0,0.1565221870814819,0.1647428073217819,0.15774204792756746,0.09472701470000001,0.028825504157313605,0.009789773179351148,0.005086156554240457,0.0014455467822594421,1.0082401141312038,432.2478627503211,0,0,0,0,0,0,0.8558046372779494
P7,zero_mean,treatment_effect_sd,0.07626392697027408,5,0,0.07404812666472592,0.07182124390272591,0.07581254444756605,0.07033177900000001,0.022098242655410157,0.008130449450351518,0.0036294066004663723,0.0010431832077888474,1.0082401141312038,432.2478627503211,0,0,0,0,0,0,0.8558046372779494
X1,fixed_zero,baseline_difference_sd,0.10084833067590679,5,1,0.005008078708393213,0.00221253137509321,0.00877189469994209,0.08625616132999998,0.027609074083159973,0.0036008778192758314,0.003117930462058026,9.21854975289158e-4,1.0062732961594691,725.2487149771367,0,0.2,1,0.2,0,0,0.8186666332481821
X1,fixed_zero,time_trend_mean,-0.08998628257887518,5,0.8,0.004683307289914185,0.0030826161227251875,0.017057430827547338,0.05060952865,0.01577218984842002,0.008200953896724436,0.00805141964540506,0.002597426304910828,1.0062732961594691,725.2487149771367,0,0.2,1,0.2,0,0,0.8186666332481821
X1,fixed_zero,time_trend_sd,0.045528614603915496,5,0.6,-0.0059429971621261955,-0.011094020612920495,0.020814438808110416,0.049720305720999995,0.01587908979522352,0.009973986760913774,0.005635842708823775,0.0017774740573612599,1.0062732961594691,725.2487149771367,0,0.2,1,0.2,0,0,0.8186666332481821
X1,fixed_zero,treatment_effect_mean,-0.3374485596707819,5,0.6,0.022322121430781904,0.02902667307578194,0.0265286233883638,0.05718861489999999,0.01720476292862037,0.007167474340921456,0.0025518884859793032,7.767240248108304e-4,1.0062732961594691,725.2487149771367,0,0.2,1,0.2,0,0,0.8186666332481821
X1,fixed_zero,treatment_effect_sd,0.07626392697027408,5,1,0.006268769396025919,0.0022208819577259203,0.012983680073347428,0.043503491959999994,0.013465695348443182,0.005685034707600471,0.002231863348445709,6.692777213066037e-4,1.0062732961594691,725.2487149771367,0,0.2,1,0.2,0,0,0.8186666332481821
X1,shared,baseline_difference_mean,0.08998628257887518,5,0.8,-0.011645626315645185,-0.012984972537875186,0.018763107229293002,0.048804381029999996,0.014992725416554432,0.007355840886912586,0.0038038495187491697,0.001152171937892171,1.0058621064898257,268.9315499007994,0,0,0,0,0,0,0.8046710140844067
X1,shared,baseline_difference_sd,0.045528614603915496,5,1,-0.0028347744630584947,-0.002855437564365494,0.010270316025311855,0.043848424580999995,0.01353032006436029,0.004935672320043362,0.0015060237560102472,4.99713054934825e-4,1.0058621064898257,268.9315499007994,0,0,0,0,0,0,0.8046710140844067
X1,shared,time_trend_mean,-0.08998628257887518,5,0.8,0.0028140530656041844,-0.0032271721730798147,0.017422212260910157,0.04876442783000001,0.015119361581545965,0.008596723000774364,0.007986103730184557,0.0023725957976608028,1.0058621064898257,268.9315499007994,0,0,0,0,0,0,0.8046710140844067
X1,shared,time_trend_sd,0.045528614603915496,5,0.8,-0.007244847734506494,-0.0122949992088605,0.020543853845117237,0.04759978520889999,0.01522596000570698,0.009611999169181124,0.00567859100636769,0.0017750751572322687,1.0058621064898257,268.9315499007994,0,0,0,0,0,0,0.8046710140844067
X1,shared,treatment_effect_mean,-0.3374485596707819,5,0.4,-0.028875257641218087,-0.027888240284218102,0.034758875525529066,0.06251600919999999,0.019258383343538896,0.009674695395108058,0.00398804936351815,0.0012519541883779842,1.0058621064898257,268.9315499007994,0,0,0,0,0,0,0.8046710140844067
X1,shared,treatment_effect_sd,0.07626392697027408,5,1,-0.004827999124474078,-0.013150425117774076,0.012949134661324418,0.04595838373,0.01407771837117685,0.006007714060505688,0.0031652859874927502,9.010885934717841e-4,1.0058621064898257,268.9315499007994,0,0,0,0,0,0,0.8046710140844067
X1,two_pop,baseline_difference_sd,0.10084833067590679,5,1,0.003907625129493211,6.107878745932049e-4,0.008467343308977674,0.08538609010999998,0.026735492070397167,0.0037558743509149154,0.0021730706461136192,8.419117042856094e-4,1.005054583900551,589.8037362362759,0,0,0,0,0,0,0.8077746186402077
X1,two_pop,time_trend_mean,-0.08998628257887518,5,0.8,0.0049482182364751865,0.003557926496225189,0.017120096057271456,0.04946948149999999,0.015401364583966171,0.008194705993725704,0.0078085950852914915,0.0023614653687635797,1.005054583900551,589.8037362362759,0,0,0,0,0,0,0.8077746186402077
X1,two_pop,time_trend_sd,0.045528614603915496,5,0.6,-0.006218716725218598,-0.011148919444075499,0.020407006344370114,0.04839932828199999,0.015421280392972794,0.009718197752549704,0.006355522599796419,0.0019470044640596791,1.005054583900551,589.8037362362759,0,0,0,0,0,0,0.8077746186402077
X1,two_pop,treatment_effect_mean,-0.3374485596707819,5,0.6,0.022260181838781923,0.02831667071078192,0.02609527150502357,0.05526385359999998,0.016815612654283184,0.006808955489376813,0.0020916737601410318,6.834939868303034e-4,1.005054583900551,589.8037362362759,0,0,0,0,0,0,0.8077746186402077
X1,two_pop,treatment_effect_sd,0.07626392697027408,5,1,0.0049189622993259215,7.95939325225925e-4,0.012518628865370468,0.0431367274,0.013318783066699152,0.005755863935298874,0.0016078477658170573,5.210695383094711e-4,1.005054583900551,589.8037362362759,0,0,0,0,0,0,0.8077746186402077
X1,zero_mean,baseline_difference_sd,0.10084833067590679,5,1,-0.018631341340806788,-0.020627453354406786,0.019080440957698973,0.04745425902999999,0.014624873225191588,0.0020576896621320555,0.0015674534016388855,4.270767846403317e-4,1.00410986694144,470.74563828458514,0,0,0,0,0,0,0.7121803344661977
X1,zero_mean,time_trend_mean,-0.08998628257887518,5,0.8,0.005954745693120184,0.005512147904960185,0.017551208703219696,0.04989241161999999,0.015582166649080508,0.008255088289567857,0.007963176698331869,0.0024331548624380085,1.00410986694144,470.74563828458514,0,0,0,0,0,0,0.7121803344661977
X1,zero_mean,time_trend_sd,0.045528614603915496,5,0.6,-0.006602060366064716,-0.010207627637155499,0.01997015329271667,0.04872262642599999,0.015429107912108797,0.00942363811722203,0.004876113647616514,0.00153820701628327,1.00410986694144,470.74563828458514,0,0,0,0,0,0,0.7121803344661977
X1,zero_mean,treatment_effect_mean,-0.3374485596707819,5,0.8,0.0125331481177819,0.017718505980781896,0.019437953487699684,0.06414585379999999,0.019439843825292707,0.007428900222235392,0.0029323790492336286,9.506498632509324e-4,1.00410986694144,470.74563828458514,0,0,0,0,0,0,0.7121803344661977
X1,zero_mean,treatment_effect_sd,0.07626392697027408,5,1,-0.0028367010417740786,-0.0053800109272740815,0.014077371959255323,0.05161424899,0.015985855412186986,0.0068943006983817065,0.0017428278648745092,5.467424159221616e-4,1.00410986694144,470.74563828458514,0,0,0,0,0,0,0.7121803344661977
X10,free_gamma,time_trend_mean,-0.08998628257887518,5,1,-0.005067660059324813,-0.004771627807124812,0.009094600481196959,0.03989493077999999,0.012281400792086753,0.003775929668164914,0.003725999167734552,0.0011535673059637447,1.006913066542444,346.5408219501628,0,0,0,0,0,0,0.6323439906427245
X10,free_gamma,time_trend_sd,0.045528614603915496,5,0.8,0.0032338996142645044,-4.941176509154974e-4,0.012991553470942286,0.034943669469999994,0.010939745852545214,0.006291310572392935,0.0030575935779449115,0.0010334005529525213,1.006913066542444,346.5408219501628,0,0,0,0,0,0,0.6323439906427245
X10,free_gamma,treatment_effect_mean,-0.3374485596707819,5,0.8,0.007874985692781921,0.004719233650781918,0.018047797851593852,0.06924047460000003,0.02089621672533205,0.00811953828167704,0.0063749874703345815,0.0018999578337263938,1.006913066542444,346.5408219501628,0,0,0,0,0,0,0.6323439906427245
X10,free_gamma,treatment_effect_sd,0.07626392697027408,5,0.8,0.00917161356752592,0.01671561814572592,0.021142728373207444,0.05737353186999999,0.017861276471298537,0.009524920834726208,0.0043275570989041124,0.0013606527079613575,1.006913066542444,346.5408219501628,0,0,0,0,0,0,0.6323439906427245
X10,kappa_0,time_trend_mean,-0.08998628257887518,5,1,-0.005206140682224816,-0.004656062607624814,0.009411676445059509,0.041299547389999997,0.01256034454421131,0.003920323733550959,0.004164730533653613,0.0012819082477196944,1.0085221492481407,546.4673914454454,0,0,0,0,0,0,0.7250288046754348
X10,kappa_0,time_trend_sd,0.045528614603915496,5,0.8,0.0034604516578745025,-7.998256484154989e-4,0.012957256312027886,0.03509419106999999,0.010922244895663995,0.006243311730546139,0.003300646656357758,0.001114154305008123,1.0085221492481407,546.4673914454454,0,0,0,0,0,0,0.7250288046754348
X10,kappa_0,treatment_effect_mean,-0.3374485596707819,5,1,0.007018921775781917,0.005248940600781904,0.01672418927631872,0.0692672186,0.02104948918592146,0.007590013900771006,0.006010076795206442,0.0018746481571011114,1.0085221492481407,546.4673914454454,0,0,0,0,0,0,0.7250288046754348
X10,kappa_0,treatment_effect_sd,0.07626392697027408,5,0.8,0.008548257559125924,0.014070402278725927,0.02076164916870652,0.05557919426,0.017413442046180835,0.009460092083422056,0.003740296907517518,0.001233920550617343,1.0085221492481407,546.4673914454454,0,0,0,0,0,0,0.7250288046754348
X10,kappa_0.5,time_trend_mean,-0.08998628257887518,5,1,-0.004994840691224814,-0.00470194954062482,0.009084960046403452,0.040163578389999996,0.012342552401149814,0.003794340045186773,0.004346846495994611,0.0013567990006284932,1.0037894137052707,493.6630459031911,0,0,0,0,0,0,0.6891805243767184
X10,kappa_0.5,time_trend_sd,0.045528614603915496,5,0.8,0.0033189872252845044,-7.451215524154967e-4,0.013209134749699258,0.03477883506999999,0.010749540023892144,0.006392682626138083,0.0028923285346483907,9.192740593741549e-4,1.0037894137052707,493.6630459031911,0,0,0,0,0,0,0.6891805243767184
X10,kappa_0.5,treatment_effect_mean,-0.3374485596707819,5,0.8,0.0073317648317819065,0.00357508917078192,0.017510726609960055,0.06696767340000001,0.020763868653230245,0.00795095545925471,0.006657673057250221,0.0020313047791584637,1.0037894137052707,493.6630459031911,0,0,0,0,0,0,0.6891805243767184
X10,kappa_0.5,treatment_effect_sd,0.07626392697027408,5,0.8,0.00846030562012592,0.01396625225972592,0.02114777788341215,0.057436749089999996,0.01781382823945643,0.009690868617159681,0.004594282024820915,0.0013662723630323659,1.0037894137052707,493.6630459031911,0,0,0,0,0,0,0.6891805243767184
X10,kappa_1,time_trend_mean,-0.08998628257887518,5,1,-0.005083633030624812,-0.004676617677624811,0.008921875606087128,0.040986192379999994,0.012529905839663378,0.0036659425643493426,0.0049811158204628005,0.0014904032236955948,1.011797633570212,368.82991727329085,0,0,0,0,0,0,0.6795051015960071
X10,kappa_1,time_trend_sd,0.045528614603915496,5,0.8,0.003545894317384506,-5.74299980915495e-4,0.013599014332536371,0.035454042160000004,0.011085759282653087,0.006564294027282559,0.0034444208213882653,0.0011087099250863756,1.011797633570212,368.82991727329085,0,0,0,0,0,0,0.6795051015960071
X10,kappa_1,treatment_effect_mean,-0.3374485596707819,5,0.8,0.0076030182867819155,0.005304375285781926,0.019389775841777344,0.070262728,0.021437623334899857,0.0089184852991585975,0.006605195582312976,0.001988119111369544,1.011797633570212,368.82991727329085,0,0,0,0,0,0,0.6795051015960071
X10,kappa_1,treatment_effect_sd,0.07626392697027408,5,0.6,0.01012481159752592,0.018471099546225916,0.022822320229196936,0.06004028305,0.018593585300190982,0.010226760126728995,0.004880511209236263,0.0015072596294053759,1.011797633570212,368.82991727329085,0,0,0,0,0,0,0.6795051015960071
X10,kappa_2,time_trend_mean,-0.08998628257887518,5,1,-0.005417147857824817,-0.005029769555124811,0.009378285655691477,0.039889249659999994,0.012224072820508324,0.00382775230802009,0.0038687177282712465,0.001161280663823684,1.0038445106534395,549.9844085334717,0,0,0,0,0,0,0.7165476291756796
X10,kappa_2,time_trend_sd,0.045528614603915496,5,0.8,0.0031874430941145017,-1.0629032741549943e-4,0.013075971261719766,0.035090480099999995,0.01086295928914994,0.006340765548399952,0.0032437002886488565,9.824585628821314e-4,1.0038445106534395,549.9844085334717,0,0,0,0,0,0,0.7165476291756796
X10,kappa_2,treatment_effect_mean,-0.3374485596707819,5,0.8,0.007302601226781913,0.006047244665781937,0.02004236799555407,0.06965459369999998,0.021365250682057392,0.0093323165692101,0.00712451404227819,0.00218676059526727,1.0038445106534395,549.9844085334717,0,0,0,0,0,0,0.7165476291756796
X10,kappa_2,treatment_effect_sd,0.07626392697027408,5,0.8,0.01042138492132592,0.01898462103672592,0.023041933063480416,0.058039475179999994,0.018045998130913798,0.010275278775092586,0.004550953165573194,0.0012990960475988366,1.0038445106534395,549.9844085334717,0,0,0,0,0,0,0.7165476291756796
X11,free_gamma,time_trend_mean,-0.08998628257887518,5,1,-0.002133455981324811,0.00173674416887519,0.008182330361925368,0.04424547235999999,0.013494623203530672,0.003949648583337355,0.00346028165959767,9.896551523103658e-4,1.0062146888162968,647.112794018873,0,0,0,0,0,0,0.6514490838305821
X11,free_gamma,time_trend_sd,0.045528614603915496,5,0.8,0.009895233797184506,0.014648420147084507,0.014362607802623193,0.03547998553,0.01108944587001009,0.005205018035296087,0.002121729936771741,7.048405056195414e-4,1.0062146888162968,647.112794018873,0,0,0,0,0,0,0.6514490838305821
X11,free_gamma,treatment_effect_mean,-0.3374485596707819,5,1,-0.0037290102002180857,-0.00843169289921808,0.016639716750244483,0.06139985800000001,0.018787771650951832,0.008108246673218513,0.0032248984494387825,0.0010882603995629651,1.0062146888162968,647.112794018873,0,0,0,0,0,0,0.6514490838305821
X11,free_gamma,treatment_effect_sd,0.07626392697027408,5,1,-4.343620385740793e-4,-0.003945419408774076,0.01075744790069874,0.05270551413,0.016476902088765788,0.005374337516282669,0.0022836223455186423,6.949542632730204e-4,1.0062146888162968,647.112794018873,0,0,0,0,0,0,0.6514490838305821
X11,kappa_0,time_trend_mean,-0.08998628257887518,5,1,-0.0014437154047248157,0.0018660160868751857,0.008023187341868904,0.04514198616999999,0.014001210297469159,0.003946112674293705,0.0032763564066910274,0.001074465292844367,1.0048982172647571,569.2782455803531,0,0,0,0,0,0,0.6876416777351373
X11,kappa_0,time_trend_sd,0.045528614603915496,5,1,0.010420273872784505,0.015815034041584505,0.014702593275047521,0.03710948953,0.011571997955176635,0.00518613877146662,0.002337183290153425,7.562764270781841e-4,1.0048982172647571,569.2782455803531,0,0,0,0,0,0,0.6876416777351373
X11,kappa_0,treatment_effect_mean,-0.3374485596707819,5,1,-0.003462985410218089,-0.008298554799218094,0.015553897359487262,0.06407337389999998,0.019561313534110787,0.007581745430936096,0.005046298445345048,0.0014408622484737383,1.0048982172647571,569.2782455803531,0,0,0,0,0,0,0.6876416777351373
X11,kappa_0,treatment_effect_sd,0.07626392697027408,5,1,0.0022958350467259204,0.002364816212725926,0.014471726555024964,0.05169802955,0.016027013400318983,0.007144228630888707,0.0029113491016035833,9.089870020048202e-4,1.0048982172647571,569.2782455803531,0,0,0,0,0,0,0.6876416777351373
X11,kappa_0.5,time_trend_mean,-0.08998628257887518,5,1,-0.0016204663826248106,0.0015409715748751912,0.008305835416691594,0.04509644879,0.013839684736702869,0.0040731127737871214,0.0035751043089992996,0.0010448689655153359,1.0074799282110498,493.3371906527828,0,0,0,0,0,0,0.6776041249762008
X11,kappa_0.5,time_trend_sd,0.045528614603915496,5,1,0.010283755269634504,0.015243890368084503,0.014423327073469643,0.03705486702,0.011547944423203673,0.005056598199940028,0.002052411096228907,6.686709050201641e-4,1.0074799282110498,493.3371906527828,0,0,0,0,0,0,0.6776041249762008
X11,kappa_0.5,treatment_effect_mean,-0.3374485596707819,5,1,-0.003984323946218093,-0.009626636159218105,0.01612358407826937,0.0623638165,0.019076558904766006,0.007811771985609516,0.0044314658511080286,0.0013831181511830576,1.0074799282110498,493.3371906527828,0,0,0,0,0,0,0.6776041249762008
X11,kappa_0.5,treatment_effect_sd,0.07626392697027408,5,1,5.006636720259236e-4,-0.0013821156797740736,0.013183223085800616,0.05229857764,0.01636437698222895,0.006586856359780055,0.002859463742535895,7.900836456420727e-4,1.0074799282110498,493.3371906527828,0,0,0,0,0,0,0.6776041249762008
X11,kappa_1,time_trend_mean,-0.08998628257887518,5,1,-0.0019449113851248174,0.0017671851073751826,0.008559015773941839,0.04494743412999999,0.013781460771809424,0.0041675553602380944,0.003464514513893197,0.0011043568260880117,1.0070837518226665,602.0321044439185,0,0,0,0,0,0,0.7116421741636311
X11,kappa_1,time_trend_sd,0.045528614603915496,5,1,0.009833029834984503,0.014859957909084502,0.014255934598371503,0.03668721369999999,0.01147302303440031,0.0051609881693661696,0.0020653757874563405,6.915285514758543e-4,1.0070837518226665,602.0321044439185,0,0,0,0,0,0,0.7116421741636311
X11,kappa_1,treatment_effect_mean,-0.3374485596707819,5,1,-0.0036272337452180835,-0.010467038579218102,0.016692489791482006,0.062132237999999985,0.018940528178164804,0.008146815187487104,0.004294316141695216,0.0012602799262552739,1.0070837518226665,602.0321044439185,0,0,0,0,0,0,0.7116421741636311
X11,kappa_1,treatment_effect_sd,0.07626392697027408,5,1,-0.0010988495053740762,-0.0053317773532740725,0.011716482483861571,0.05101289611,0.01573738725594605,0.005832419985717209,0.0032579265759078964,9.702464226795991e-4,1.0070837518226665,602.0321044439185,0,0,0,0,0,0,0.7116421741636311
X11,kappa_2,time_trend_mean,-0.08998628257887518,5,1,-0.0016374263061248173,0.0017050485118751818,0.008356592474737677,0.04473702528999999,0.01363692943549348,0.004097300113515387,0.0033265151532876204,0.0010301691090142816,1.0064885285793768,613.9866621361174,0,0,0,0,0,0,0.6392671447638802
X11,kappa_2,time_trend_sd,0.045528614603915496,5,1,0.009838352087884505,0.014741807413084507,0.014249078734479262,0.037321328849999995,0.01148118253875477,0.005153714024279182,0.0024902628230444764,7.848021281497765e-4,1.0064885285793768,613.9866621361174,0,0,0,0,0,0,0.6392671447638802
X11,kappa_2,treatment_effect_mean,-0.3374485596707819,5,1,-0.003616024823218089,-0.008812530739218116,0.016771605444203655,0.061566972399999996,0.018839046214793525,0.008188576091939187,0.0034334254366899597,9.308454321788168e-4,1.0064885285793768,613.9866621361174,0,0,0,0,0,0,0.6392671447638802
X11,kappa_2,treatment_effect_sd,0.07626392697027408,5,1,-6.551158744740798e-4,-0.0047214013252740855,0.010756806691372632,0.05300892003,0.016618591725608384,0.005368419538993089,0.0032103442532446787,9.794513898709364e-4,1.0064885285793768,613.9866621361174,0,0,0,0,0,0,0.6392671447638802
X12,free_gamma,time_trend_mean,-0.08998628257887518,5,1,0.0017298845664751815,0.0019284806873751809,0.007788432243901208,0.04722205886,0.01445603622001457,0.0037969453579328404,0.002822206758301394,8.13575890932975e-4,1.0118619103403226,404.9000545201408,0,0,0,0,0,0,0.6385664212600268
X12,free_gamma,time_trend_sd,0.045528614603915496,5,0.8,0.012758070304584503,0.014274932975584506,0.014312017707838067,0.038870224429999996,0.011899023590577084,0.003242895811337048,0.0011918810549104164,3.632441791807015e-4,1.0118619103403226,404.9000545201408,0,0,0,0,0,0,0.6385664212600268
X12,free_gamma,treatment_effect_mean,-0.3374485596707819,5,0.8,0.002509168189781907,-0.009605608334218085,0.024066808889554776,0.07349226619999999,0.022631006261985685,0.011967825252753101,0.005103601003744277,0.001639776367741085,1.0118619103403226,404.9000545201408,0,0,0,0,0,0,0.6385664212600268
X12,free_gamma,treatment_effect_sd,0.07626392697027408,5,0.8,0.014084059358325917,0.014209716333225916,0.02024970237231635,0.060055817879999994,0.018558500394280433,0.0072747803774159845,0.003602374861421532,0.0010359118517475712,1.0118619103403226,404.9000545201408,0,0,0,0,0,0,0.6385664212600268
X12,kappa_0,time_trend_mean,-0.08998628257887518,5,1,0.0019564109888751844,0.0017568743393751862,0.007927988563552823,0.04648794665,0.01424142317463244,0.0038414013948828876,0.0022295311958510423,6.67591429564628e-4,1.0082216715642465,257.2306643996374,0,0,0,0,0,0,0.6891554696555229
X12,kappa_0,time_trend_sd,0.045528614603915496,5,0.6,0.013347267800684504,0.014886582087084502,0.014797359202532239,0.03780799596999999,0.011827302196206766,0.0031942245391321576,0.001650668707921194,5.022567205437291e-4,1.0082216715642465,257.2306643996374,0,0,0,0,0,0,0.6891554696555229
X12,kappa_0,treatment_effect_mean,-0.3374485596707819,5,0.8,4.8531098478190595e-4,-0.0075160637592180946,0.028193972353495314,0.07570535490000001,0.023294967847323066,0.014094897572505698,0.005920869594970058,0.0016779488899438637,1.0082216715642465,257.2306643996374,0,0,0,0,0,0,0.6891554696555229
X12,kappa_0,treatment_effect_sd,0.07626392697027408,5,0.6,0.021622713037725918,0.011233494792725923,0.02932672287387194,0.06245855091999999,0.019467463181338625,0.009905995096519092,0.005292527041535919,0.0016938239941397197,1.0082216715642465,257.2306643996374,0,0,0,0,0,0,0.6891554696555229
X12,kappa_0.5,time_trend_mean,-0.08998628257887518,5,1,0.0020022908367751864,0.001568115021875191,0.007789389990860945,0.045669289069999994,0.014228556182916052,0.003763822121019098,0.00205235310070129,6.465124496232817e-4,1.004445861091146,323.997025828611,0,0,0,0,0,0,0.7302788328588246
X12,kappa_0.5,time_trend_sd,0.045528614603915496,5,0.8,0.013105899432084504,0.014908795935084505,0.014635115504395564,0.03833832167,0.01197701012184807,0.003256608892048847,0.0017269709751235474,5.804866505028036e-4,1.004445861091146,323.997025828611,0,0,0,0,0,0,0.7302788328588246
X12,kappa_0.5,treatment_effect_mean,-0.3374485596707819,5,0.8,0.0019073701937819098,-0.007183137549218066,0.02697422630267482,0.0729783302,0.022541220545893356,0.013453352960988818,0.006875771685217672,0.002082346222041444,1.004445861091146,323.997025828611,0,0,0,0,0,0,0.7302788328588246
X12,kappa_0.5,treatment_effect_sd,0.07626392697027408,5,0.8,0.016473668556725923,0.007825713374225926,0.02460240877662363,0.05954572038999999,0.01833743252333385,0.009136421097662188,0.004323342126765818,0.0013123428219135602,1.004445861091146,323.997025828611,0,0,0,0,0,0,0.7302788328588246
X12,kappa_1,time_trend_mean,-0.08998628257887518,5,1,0.001888960247515184,0.002005809683375187,0.007426026486205878,0.04652962811999999,0.014371872691392262,0.0035908807609393895,0.002161553340389929,6.824341850523308e-4,1.0091965807081702,275.5062393107845,0,0,0,0,0,0,0.7011684609356573
X12,kappa_1,time_trend_sd,0.045528614603915496,5,0.6,0.012970767304484503,0.014610227025084507,0.01452357757206187,0.039168520320000004,0.01207031851704104,0.003267013201098765,0.00171050380823337,5.550636682826591e-4,1.0091965807081702,275.5062393107845,0,0,0,0,0,0,0.7011684609356573
X12,kappa_1,treatment_effect_mean,-0.3374485596707819,5,0.8,0.0020691670307818933,-0.009002842389218113,0.025433326120952116,0.0708479413,0.021649158315952138,0.012674508130233597,0.006372015912313514,0.0019368833925002024,1.0091965807081702,275.5062393107845,0,0,0,0,0,0,0.7011684609356573
X12,kappa_1,treatment_effect_sd,0.07626392697027408,5,0.8,0.01361300817862592,0.011592035547225918,0.020739001805175673,0.058883768339999996,0.01815379080294606,0.00782291832061002,0.004184885081678303,0.001165935111445153,1.0091965807081702,275.5062393107845,0,0,0,0,0,0,0.7011684609356573
X12,kappa_2,time_trend_mean,-0.08998628257887518,5,1,0.0014216064321251858,0.001980485757125186,0.007851811452943627,0.04649370413,0.014302741771254,0.0038610224761297693,0.0020078903568181107,6.281855510354864e-4,1.0096820917976788,413.3092721031089,0,0,0,0,0,0,0.7090152540263314
X12,kappa_2,time_trend_sd,0.045528614603915496,5,0.8,0.012735008641284504,0.013637941781084503,0.014411243329792706,0.03836472776,0.011872477197546296,0.0033728137073111434,0.001711148850420294,4.955695156382755e-4,1.0096820917976788,413.3092721031089,0,0,0,0,0,0,0.7090152540263314
X12,kappa_2,treatment_effect_mean,-0.3374485596707819,5,0.8,0.0026157804617819025,-0.010315229329218079,0.02437293316625435,0.07037663669999997,0.021437434711624407,0.012116079849754016,0.00553720138881142,0.001643128771301715,1.0096820917976788,413.3092721031089,0,0,0,0,0,0,0.7090152540263314
X12,kappa_2,treatment_effect_sd,0.07626392697027408,5,0.8,0.013751749818225922,0.014393393668725926,0.02000030192302,0.05889836514999999,0.0182843253693023,0.007261223277604139,0.00304832166007111,0.0010240914712491434,1.0096820917976788,413.3092721031089,0,0,0,0,0,0,0.7090152540263314
X13,kappa_0,baseline_difference_sd,0,5,0,0.03048261498412026,0.02639030271282,0.032414014312050196,0.044545899518999996,0.013790790111912189,0.005510864441076415,0.0023698324176776035,7.923810117816629e-4,1.0035327646244365,641.2851828233295,0,0,0,0,0,0,0.792456511116349
X13,kappa_0,time_trend_mean,-0.08998628257887518,5,1,0.0012987719303351824,0.0063364403415751835,0.008292737854398059,0.06556830256999999,0.02011225376272058,0.004095201234211206,0.004433184275902466,0.0013328853214713183,1.0035327646244365,641.2851828233295,0,0,0,0,0,0,0.792456511116349
X13,kappa_0,time_trend_sd,0.045528614603915496,5,1,0.011545186094184503,0.009592883606584501,0.014731751962582501,0.05781848199,0.018546091634432268,0.004575292174760595,0.003088860744928227,0.0010103358097412877,1.0035327646244365,641.2851828233295,0,0,0,0,0,0,0.792456511116349
X13,kappa_0,treatment_effect_mean,-0.3374485596707819,5,0.6,0.025176424536781893,0.023812791220781893,0.0349699180367753,0.04989823720000001,0.015273587763397874,0.012135102132270138,0.002846838512840938,8.822404050999867e-4,1.0035327646244365,641.2851828233295,0,0,0,0,0,0,0.792456511116349
X13,kappa_0,treatment_effect_sd,0.07626392697027408,5,0.8,-0.004581906153974082,-0.0025813201382740847,0.010058724997569154,0.03923782642,0.012242286289483977,0.004477278318713754,0.001993805829495275,6.478150437396117e-4,1.0035327646244365,641.2851828233295,0,0,0,0,0,0,0.792456511116349
X13,kappa_0.5,baseline_difference_sd,0,5,0,0.0309746928087812,0.026944712335704,0.032805046350198645,0.045460243957999996,0.014199828697383116,0.0054023020889320756,0.003079966739087939,9.948577304596529e-4,1.0033426537054677,560.8573282143461,0,0,0,0,0,0,0.8589601879136024
X13,kappa_0.5,time_trend_mean,-0.08998628257887518,5,1,0.0014005445420721852,0.005943011469775189,0.00783516461917101,0.06525443368999999,0.020500631840096158,0.003854486982569178,0.004293700349697064,0.0013588582570336694,1.0033426537054677,560.8573282143461,0,0,0,0,0,0,0.8589601879136024
X13,kappa_0.5,time_trend_sd,0.045528614603915496,5,1,0.011439377034444502,0.010313099710084504,0.014377829607525532,0.05734336492999999,0.018275580834974804,0.0043549580160680505,0.0026264889540104247,9.485151583704061e-4,1.0033426537054677,560.8573282143461,0,0,0,0,0,0,0.8589601879136024
X13,kappa_0.5,treatment_effect_mean,-0.3374485596707819,5,0.6,0.024755142026781907,0.0233001447257819,0.03429318147564308,0.05136315029999999,0.015566505223928913,0.011865972768332627,0.002868526527730112,8.848828360662682e-4,1.0033426537054677,560.8573282143461,0,0,0,0,0,0,0.8589601879136024
X13,kappa_0.5,treatment_effect_sd,0.07626392697027408,5,0.8,-0.006422129941174077,-0.005396905533774074,0.011275414515857592,0.039813185359999996,0.012441249896701439,0.004633875794707049,0.0020156238342862952,6.057497664980334e-4,1.0033426537054677,560.8573282143461,0,0,0,0,0,0,0.8589601879136024
X13,kappa_1,baseline_difference_sd,0,5,0,0.0307337512818684,0.0265469737560355,0.03256495924613886,0.045875098981,0.014230194219348485,0.005383147379715166,0.002893948758909175,8.281418624826361e-4,1.0066735496173906,611.7075248725369,0,0,0,0,0,0,0.8365004631167735
X13,kappa_1,time_trend_mean,-0.08998628257887518,5,1,0.0021510813299411846,0.007228253949025182,0.007767169508414234,0.06684835658999999,0.020631202029132347,0.0037316809645392473,0.004581586110940643,0.0014096611603811803,1.0066735496173906,611.7075248725369,0,0,0,0,0,0,0.8365004631167735
X13,kappa_1,time_trend_sd,0.045528614603915496,5,1,0.011668755731484504,0.009497019948084502,0.014512015669775091,0.05709015518,0.0184256245597838,0.004313894368165072,0.002648498770804919,8.427167020958031e-4,1.0066735496173906,611.7075248725369,0,0,0,0,0,0,0.8365004631167735
X13,kappa_1,treatment_effect_mean,-0.3374485596707819,5,0.6,0.023664530013781902,0.019937060725781885,0.033215157517569024,0.05051881970000001,0.015444320668360711,0.011653719450713336,0.0027832323258548553,8.543363439551181e-4,1.0066735496173906,611.7075248725369,0,0,0,0,0,0,0.8365004631167735
X13,kappa_1,treatment_effect_sd,0.07626392697027408,5,0.8,-0.010485835057174077,-0.009149196244774074,0.01423127089016046,0.042725342529999995,0.013184578641328009,0.004810829821945161,0.0017090596490289688,5.327678063853416e-4,1.0066735496173906,611.7075248725369,0,0,0,0,0,0,0.8365004631167735
X13,kappa_2,baseline_difference_sd,0,5,0,0.030923080191954798,0.026602427327362,0.03286989960569812,0.043626640736,0.013633575544552861,0.005572104887980078,0.0031205204068481527,9.411449447579308e-4,1.0053743143339415,329.3014818778001,0,0,0,0,0,0,0.7830694408750186
X13,kappa_2,time_trend_mean,-0.08998628257887518,5,1,0.003455609687029182,0.007729418302325181,0.008405550342620785,0.06574991138,0.02049824356724651,0.003831189053454635,0.004494118119198532,0.0014746747631267665,1.0053743143339415,329.3014818778001,0,0,0,0,0,0,0.7830694408750186
X13,kappa_2,time_trend_sd,0.045528614603915496,5,1,0.011179076191914505,0.008853598365084502,0.014085601539043134,0.05689996925999999,0.018092344821048878,0.004284636105087124,0.0023733473801563283,8.091252680319848e-4,1.0053743143339415,329.3014818778001,0,0,0,0,0,0,0.7830694408750186
X13,kappa_2,treatment_effect_mean,-0.3374485596707819,5,0.6,0.018927055746781905,0.011931377620781891,0.028783554653590847,0.05380291279999998,0.016564661806155068,0.01084273465568605,0.0035724929128836415,0.0010449002014554657,1.0053743143339415,329.3014818778001,0,0,0,0,0,0,0.7830694408750186
X13,kappa_2,treatment_effect_sd,0.07626392697027408,5,0.8,-0.01699578934307408,-0.01759622635027408,0.020421364086808554,0.04700709361999999,0.014476662731949272,0.005660725566829833,0.0012466341585934948,4.8800343535157004e-4,1.0053743143339415,329.3014818778001,0,0,0,0,0,0,0.7830694408750186
X14,kappa_0.5,baseline_difference_sd,0,5,0,0.027505367859146656,0.02396438231800489,0.030102871358595143,0.05116313092429999,0.01636928719630161,0.006116322485063019,0.0053948343143598344,0.0017982149522244052,1.0076579500640461,687.1247011274907,0,0,0,0,0,0,0.8240846383857532
X14,kappa_0.5,time_trend_mean,-0.08998628257887518,5,0.6,0.007733392734325183,-0.0027508583606248166,0.01745565592673311,0.05803347805999999,0.018097170500930536,0.007824553671762676,0.00944906140363535,0.0029692123717076887,1.0076579500640461,687.1247011274907,0,0,0,0,0,0,0.8240846383857532
X14,kappa_0.5,time_trend_sd,0.045528614603915496,5,0.8,0.003029420999156586,7.198273539845007e-4,0.021447300986698437,0.055651931159,0.017728424381387223,0.010616135455332897,0.008210278413632284,0.0025994375819479603,1.0076579500640461,687.1247011274907,0,0,0,0,0,0,0.8240846383857532
X14,kappa_0.5,treatment_effect_mean,-0.3374485596707819,5,0.4,0.025920737972781917,0.028146076790781904,0.031912011915638756,0.05494234629999998,0.016746700139549292,0.009307145741985719,0.003333389702723593,9.41617329888242e-4,1.0076579500640461,687.1247011274907,0,0,0,0,0,0,0.8240846383857532
X14,kappa_0.5,treatment_effect_sd,0.07626392697027408,5,1,0.0038640708986259235,0.0030219704572259226,0.009919364809287257,0.0445488866,0.013609223073968776,0.004567897610228327,0.001811547615988262,5.145038060241832e-4,1.0076579500640461,687.1247011274907,0,0,0,0,0,0,0.8240846383857532
X14,kappa_1,baseline_difference_sd,0,5,0,0.0267699580384179,0.0247333426828965,0.029198075468252618,0.0499702562261,0.0161864183223496,0.005828742524574234,0.0052848819573195075,0.0016801112875163516,1.0095421362774109,599.5776286671785,0,0,0,0,0,0,0.8613435874291225
X14,kappa_1,time_trend_mean,-0.08998628257887518,5,0.6,0.008072705538958185,-0.001470280647174818,0.017191568127188906,0.06012261847000001,0.018787169730197853,0.007589160690633902,0.009770844089256058,0.0030171700478040537,1.0095421362774109,599.5776286671785,0,0,0,0,0,0,0.8613435874291225
X14,kappa_1,time_trend_sd,0.045528614603915496,5,0.8,0.0034206549918455163,2.377143810845042e-4,0.021610391115062424,0.056079381236999994,0.017888689945745235,0.010668975156648497,0.007919879191377743,0.0025012552438817464,1.0095421362774109,599.5776286671785,0,0,0,0,0,0,0.8613435874291225
X14,kappa_1,treatment_effect_mean,-0.3374485596707819,5,0.4,0.02605045266978191,0.029960868285781928,0.03243841225203987,0.055432201500000014,0.017061083524295483,0.009664684489582973,0.002636951249589717,8.573488833744653e-4,1.0095421362774109,599.5776286671785,0,0,0,0,0,0,0.8613435874291225
X14,kappa_1,treatment_effect_sd,0.07626392697027408,5,1,4.372073412259203e-4,-0.0030200599902740766,0.008630788083173807,0.04524733446,0.013967306771711364,0.0043098536134488705,0.002364642455896445,7.522344408253577e-4,1.0095421362774109,599.5776286671785,0,0,0,0,0,0,0.8613435874291225
X14,kappa_est,baseline_difference_sd,0,5,0,0.02651332820301552,0.0231638205773505,0.02906281682955369,0.0507999323633,0.01601111234543498,0.005951696179816539,0.005511761717508524,0.0014959450679751835,1.0054907636300598,628.0207673091761,0,0.2,1,0.2,0,0,0.8309853453024341
X14,kappa_est,kappa,1,5,0.4,-0.5901130607331679,-0.5662206516691051,0.5957768541534676,0.87764239363,0.27725317160635854,0.04097754109611354,0.05880647021060343,0.018560824938441144,1.0054907636300598,628.0207673091761,0,0.2,1,0.2,0,0,0.8309853453024341
X14,kappa_est,time_trend_mean,-0.08998628257887518,5,0.6,0.007218558059435186,-0.0019290529691248087,0.017040874412300504,0.05827539692,0.0181714630911001,0.0077182222739171176,0.009517822700845816,0.002987719173503359,1.0054907636300598,628.0207673091761,0,0.2,1,0.2,0,0,0.8309853453024341
X14,kappa_est,time_trend_sd,0.045528614603915496,5,0.8,0.0034178382518395035,-4.2369180041549465e-4,0.02171233301826745,0.0567244253,0.01793351744842783,0.010720818378048497,0.008834380240106646,0.0028233770978313023,1.0054907636300598,628.0207673091761,0,0.2,1,0.2,0,0,0.8309853453024341
X14,kappa_est,treatment_effect_mean,-0.3374485596707819,5,0.6,0.026137463988781917,0.028750448050781918,0.032302828668637734,0.054612474999999994,0.016831428916603695,0.00949086029070195,0.002878629686546387,8.496139083823282e-4,1.0054907636300598,628.0207673091761,0,0.2,1,0.2,0,0,0.8309853453024341
X14,kappa_est,treatment_effect_sd,0.07626392697027408,5,1,0.003523169940725923,0.0019411098987259234,0.009460701643721212,0.04332949686,0.013249004695674802,0.0043901067515572595,0.002608006930914796,7.826966825320595e-4,1.0054907636300598,628.0207673091761,0,0.2,1,0.2,0,0,0.8309853453024341
X15,kappa_0.5,time_trend_mean,-0.08998628257887518,5,1,0.003030526654654181,0.003136800569375181,0.011116176148516869,0.0632070148,0.019757620096195312,0.005347552719709407,0.004772202930624071,0.0015513312136806172,1.0040281803333748,691.5511456133409,0,0,0,0,0,0,0.8449536838379714
X15,kappa_0.5,time_trend_sd,0.045528614603915496,5,1,0.009639852628972505,0.008913092775084501,0.013589082338743043,0.054839798679999996,0.01753855271577149,0.004788956047533479,0.003449605161634094,0.0010830136450562398,1.0040281803333748,691.5511456133409,0,0,0,0,0,0,0.8449536838379714
X15,kappa_0.5,treatment_effect_mean,-0.3374485596707819,5,0.6,0.023701808351781917,0.02840219947078193,0.031816361187627186,0.05779174119999999,0.017818925102853586,0.010612552945415049,0.0032804801469892924,9.58310939699026e-4,1.0040281803333748,691.5511456133409,0,0,0,0,0,0,0.8449536838379714
X15,kappa_0.5,treatment_effect_sd,0.07626392697027408,5,1,0.005955793696725923,0.009846607027725926,0.0119274813725544,0.04396747324999999,0.0137263506384007,0.0051670429970794695,0.0020952798219124437,7.149677216483955e-4,1.0040281803333748,691.5511456133409,0,0,0,0,0,0,0.8449536838379714
X15,kappa_1,time_trend_mean,-0.08998628257887518,5,1,0.0037727519815881822,0.0036408912580701835,0.011373316158550353,0.06503181117,0.019925506658985258,0.005364668277903234,0.004744543952630765,0.0014475935340283277,1.0058019032439747,774.2314674848001,0,0,0,0,0,0,0.9031249048187695
X15,kappa_1,time_trend_sd,0.045528614603915496,5,1,0.009689462910604506,0.008756117369584503,0.013398727389310574,0.0544849179,0.01730732790949776,0.004627099635762154,0.003040023005470245,9.720229756931338e-4,1.0058019032439747,774.2314674848001,0,0,0,0,0,0,0.9031249048187695
X15,kappa_1,treatment_effect_mean,-0.3374485596707819,5,0.4,0.024510735397781914,0.029212077330781905,0.032456211408081505,0.05663533550000001,0.017399806565083036,0.010637545642980818,0.0026134135782406426,8.197966586813325e-4,1.0058019032439747,774.2314674848001,0,0,0,0,0,0,0.9031249048187695
X15,kappa_1,treatment_effect_sd,0.07626392697027408,5,1,0.0015128691031259232,0.007915954858725927,0.011361859028144192,0.04533926811,0.014057337824327283,0.005630343409869168,9.99581152502325e-4,3.6577760444166124e-4,1.0058019032439747,774.2314674848001,0,0,0,0,0,0,0.9031249048187695
X15,kappa_est,kappa,1,5,0.6,-0.07964381137622997,-0.11029292330999996,0.3412321480507436,0.77477576225,0.23569946400431982,0.16590376892403025,0.027127320029419,0.008121564570444564,1.0092123712769974,706.017489588013,0,0,0,0,0,0,0.8605718359034403
X15,kappa_est,time_trend_mean,-0.08998628257887518,5,1,0.003536521573726184,0.0026652918416251864,0.011421453539367962,0.0635288222,0.01961908920533191,0.005430069431197684,0.005160563271699118,0.0015400929231609087,1.0092123712769974,706.017489588013,0,0,0,0,0,0,0.8605718359034403
X15,kappa_est,time_trend_sd,0.045528614603915496,5,1,0.009534797832164503,0.008200878911084501,0.013568244048527932,0.05488954297999999,0.017394584399693595,0.004826615710313094,0.004186191272393259,0.0013957229852547002,1.0092123712769974,706.017489588013,0,0,0,0,0,0,0.8605718359034403
X15,kappa_est,treatment_effect_mean,-0.3374485596707819,5,0.6,0.024007672807781932,0.028535691410781938,0.03223853107179748,0.057546241899999996,0.017469631220850927,0.010758189113667544,0.0029659556995730754,8.783867318049963e-4,1.0092123712769974,706.017489588013,0,0,0,0,0,0,0.8605718359034403
X15,kappa_est,treatment_effect_sd,0.07626392697027408,5,1,0.0021843599725259203,0.0059239772497259174,0.01105058870169106,0.04514211336,0.013988882680106327,0.005416273676716508,0.0017438868635561184,4.901230095134432e-4,1.0092123712769974,706.017489588013,0,0,0,0,0,0,0.8605718359034403
X16,kappa_0,time_trend_mean,-0.08998628257887518,5,1,-0.0018147471506548163,0.003201534051525179,0.009906514144013613,0.07402210795999999,0.02256365211396963,0.004869438244416187,0.006104095993501481,0.001861988538554015,1.003262039085437,211.22213319608846,0,0.4,2,0.2,0,0,0.6844038612850936
X16,kappa_0,time_trend_sd,0.045528614603915496,5,0.8,0.020442036810484503,0.0156194777770845,0.024863460194643135,0.07117070451999999,0.022650294895800355,0.007076630269581,0.011721199147895128,0.003780381412793623,1.003262039085437,211.22213319608846,0,0.4,2,0.2,0,0,0.6844038612850936
X16,kappa_0,treatment_effect_mean,-0.3374485596707819,5,0.4,0.03218913888978191,0.027922449315781916,0.03330206137810419,0.05460948969999997,0.016742977694274918,0.004268683332286091,0.003407053361386849,0.0010330447759586356,1.003262039085437,211.22213319608846,0,0.4,2,0.2,0,0,0.6844038612850936
X16,kappa_0,treatment_effect_sd,0.07626392697027408,5,0.8,8.257002307259203e-4,0.005957298410725925,0.014220433720412885,0.04502120541999999,0.01374672747092438,0.007098220803934514,0.0019771971399289066,5.330907035104201e-4,1.003262039085437,211.22213319608846,0,0.4,2,0.2,0,0,0.6844038612850936
X16,kappa_0.5,time_trend_mean,-0.08998628257887518,5,1,-0.002377536703240815,0.0024697085436851812,0.010204085392685755,0.07014790384,0.021476944310314258,0.004961619642968554,0.0047276370114875095,0.0014650063418179243,1.013739300409829,389.9055302099574,0,0.4,2,0.2,0,0,0.7732351417557831
X16,kappa_0.5,time_trend_sd,0.045528614603915496,5,0.8,0.016561539303044503,0.015013265826584507,0.019430478343876786,0.06335641584,0.02000998004354915,0.005080819436507681,0.005979946112826867,0.0018899787940750063,1.013739300409829,389.9055302099574,0,0.4,2,0.2,0,0,0.7732351417557831
X16,kappa_0.5,treatment_effect_mean,-0.3374485596707819,5,0.4,0.03325559684078191,0.02865703907078193,0.03432861576517284,0.05403487250000003,0.016463792805513664,0.004257908498202191,0.003568862339401367,0.0011056850307180493,1.013739300409829,389.9055302099574,0,0.4,2,0.2,0,0,0.7732351417557831
X16,kappa_0.5,treatment_effect_sd,0.07626392697027408,5,0.8,-0.0025750890391040768,0.0017402373327259218,0.015141952535800309,0.04397000374,0.013500167020476014,0.007460691037650524,0.001046772293643731,2.928664880577239e-4,1.013739300409829,389.9055302099574,0,0.4,2,0.2,0,0,0.7732351417557831
X16,kappa_1,time_trend_mean,-0.08998628257887518,5,1,-0.001961096286745817,0.0024947729003451796,0.010089608249886972,0.0670166985,0.020618261877665897,0.004948593133161662,0.005634408236277573,0.001703400157934459,1.0122609675207779,114.59270298993653,0,2,10,0.2,0,0,0.5210232377575773
X16,kappa_1,time_trend_sd,0.045528614603915496,5,0.8,0.013072477277984506,0.0076397703710845075,0.01685154323741996,0.057139476919999994,0.018058080114934424,0.005317067972558117,0.0035108668745844804,0.001207018481432772,1.0122609675207779,114.59270298993653,0,2,10,0.2,0,0,0.5210232377575773
X16,kappa_1,treatment_effect_mean,-0.3374485596707819,5,0.4,0.031559127352781914,0.026137108385781926,0.03304565222716789,0.053844720599999986,0.01649984781223947,0.0048999135668350985,0.004367395215263126,0.0013405569995036824,1.0122609675207779,114.59270298993653,0,2,10,0.2,0,0,0.5210232377575773
X16,kappa_1,treatment_effect_sd,0.07626392697027408,5,0.8,-0.008208042046254077,-0.0027980796847740796,0.022025313297750974,0.04690732255000001,0.014311481682675854,0.010219374633887965,0.0014530177790431271,3.9827535336816244e-4,1.0122609675207779,114.59270298993653,0,2,10,0.2,0,0,0.5210232377575773
X17,kappa_0,time_trend_mean,-0.08998628257887518,5,1,0.0026760194217271853,7.717544382801894e-4,0.01438842741848522,0.07881790805,0.024158808801578405,0.007068694427395276,0.011283705328123207,0.0033781938559652312,1.0046472794250247,395.36307531143325,0,0,0,0,0,0,0.8589241024083171
X17,kappa_0,time_trend_sd,0.045528614603915496,5,0.6,0.024125135290774504,0.02781442770558451,0.03380679874685029,0.06935950008,0.022177320893019672,0.01184142610406222,0.007003441072765042,0.0022485670071801353,1.0046472794250247,395.36307531143325,0,0,0,0,0,0,0.8589241024083171
X17,kappa_0,treatment_effect_mean,-0.3374485596707819,5,0.8,0.022953148576781914,0.022426039295781908,0.024302713189101995,0.054955511199999994,0.01674669450932025,0.003992957511792687,0.002349814765333955,6.742512571023483e-4,1.0046472794250247,395.36307531143325,0,0,0,0,0,0,0.8589241024083171
X17,kappa_0,treatment_effect_sd,0.07626392697027408,5,1,0.0011194467370259226,-0.0014388131142740734,0.008216982819767335,0.04183421765,0.01294927069937185,0.0040701856733849845,0.0014089834605921926,4.179685101422788e-4,1.0046472794250247,395.36307531143325,0,0,0,0,0,0,0.8589241024083171
X17,kappa_0.5,time_trend_mean,-0.08998628257887518,5,1,0.003405566616828881,0.0019100623712236808,0.014788837003736498,0.07783826909899999,0.024156075110761697,0.007195689958951585,0.011372090840696203,0.0035374072155259103,1.0195055463272082,367.0334344255577,0,0,0,0,0,0,0.8441778427567493
X17,kappa_0.5,time_trend_sd,0.045528614603915496,5,0.6,0.023333258226424503,0.026560618376084505,0.03327699432427465,0.06579527078999999,0.020999926269582397,0.011862940316346538,0.006720185833214236,0.0021371078323430405,1.0195055463272082,367.0334344255577,0,0,0,0,0,0,0.8441778427567493
X17,kappa_0.5,treatment_effect_mean,-0.3374485596707819,5,0.8,0.022427825450781914,0.019172058560781913,0.023358056515257294,0.05443849599999999,0.01674021088709886,0.0032631062547522406,0.0029486185602878336,8.619540288852069e-4,1.0195055463272082,367.0334344255577,0,0,0,0,0,0,0.8441778427567493
X17,kappa_0.5,treatment_effect_sd,0.07626392697027408,5,1,-0.0019457718735740829,-0.00514416501527408,0.010863088059675372,0.04525066707,0.013864943976301594,0.0053437031637308795,0.0018108445588602652,5.418032622096572e-4,1.0195055463272082,367.0334344255577,0,0,0,0,0,0,0.8441778427567493
X17,kappa_1,time_trend_mean,-0.08998628257887518,5,1,0.0038537892642251824,0.0017871108334251845,0.013870772611182873,0.0757418252,0.023365478950819973,0.006662331445111458,0.010717830444362215,0.0031750980375517966,1.009107984638528,521.9295505092435,0,0,0,0,0,0,0.8619279688798666
X17,kappa_1,time_trend_sd,0.045528614603915496,5,0.6,0.022015950924084503,0.026859068779084505,0.031103631874110645,0.06601883727999999,0.020912973787272474,0.010985602175899306,0.006843922351735411,0.0020376314876804236,1.009107984638528,521.9295505092435,0,0,0,0,0,0,0.8619279688798666
X17,kappa_1,treatment_effect_mean,-0.3374485596707819,5,0.8,0.019686266846781895,0.017609382175781896,0.020598970093973726,0.05534260790000001,0.016882935599468653,0.0030318503661015306,0.003402166695651075,0.0010434834939008879,1.009107984638528,521.9295505092435,0,0,0,0,0,0,0.8619279688798666
X17,kappa_1,treatment_effect_sd,0.07626392697027408,5,0.8,-0.010213860040674079,-0.014331643353274082,0.01715434157848915,0.048768724339999986,0.014987923150199707,0.006891090226898116,0.0012869173969260164,4.590213620019629e-4,1.009107984638528,521.9295505092435,0,0,0,0,0,0,0.8619279688798666
X18,kappa_0,time_trend_mean,-0.08998628257887518,5,1,0.014169800866268184,0.021242821408605186,0.018596092994469113,0.07131729030999999,0.02186020084929445,0.006021449536225655,0.010062438063449003,0.0029888708205397098,1.0064128407978943,415.8199084549246,0,0,0,0,0,0,0.8218143865965659
X18,kappa_0,time_trend_sd,0.045528614603915496,5,0.8,0.016729566421276505,0.014140621988584505,0.026725855049070144,0.068187843438,0.02147095700183263,0.0104210476375939,0.008808540202221663,0.0028209969378439593,1.0064128407978943,415.8199084549246,0,0,0,0,0,0,0.8218143865965659
X18,kappa_0,treatment_effect_mean,-0.3374485596707819,5,1,0.010299590889781907,0.012743816915781914,0.02128847905022507,0.05973420130000001,0.01820155664739738,0.009315548397370296,0.0014397658918429903,4.338684936669877e-4,1.0064128407978943,415.8199084549246,0,0,0,0,0,0,0.8218143865965659
X18,kappa_0,treatment_effect_sd,0.07626392697027408,5,0.8,0.011063992587425922,0.012499673086225918,0.013197303198608732,0.046016850209999995,0.014330258476828029,0.0035971127220797696,5.814607236300147e-4,2.287767842199698e-4,1.0064128407978943,415.8199084549246,0,0,0,0,0,0,0.8218143865965659
X18,kappa_0.5,time_trend_mean,-0.08998628257887518,5,1,0.015237173905499186,0.02350286799203019,0.020340978194417818,0.06922193893999999,0.02134904253464793,0.006737653992291304,0.008495663219802847,0.0026781400775592063,1.0045437836096698,525.7846547478613,0,0,0,0,0,0,0.9093133726496941
X18,kappa_0.5,time_trend_sd,0.045528614603915496,5,0.8,0.016655473639614504,0.013374287334584505,0.026480891626324502,0.06840805854,0.02143182410137616,0.01029360018610167,0.008841778343113347,0.002817957645132339,1.0045437836096698,525.7846547478613,0,0,0,0,0,0,0.9093133726496941
X18,kappa_0.5,treatment_effect_mean,-0.3374485596707819,5,1,0.010280489958781901,0.013187563525781931,0.02060663470854012,0.060415919499999984,0.018319683068804497,0.008929514547535532,0.0020377170930697274,4.665817986966563e-4,1.0045437836096698,525.7846547478613,0,0,0,0,0,0,0.9093133726496941
X18,kappa_0.5,treatment_effect_sd,0.07626392697027408,5,1,0.009706876989225921,0.011984087768225918,0.012038117717483608,0.04798685458,0.014801973605014356,0.0035599444270953537,0.0011266318153098582,3.660042227042993e-4,1.0045437836096698,525.7846547478613,0,0,0,0,0,0,0.9093133726496941
X18,kappa_1,time_trend_mean,-0.08998628257887518,5,1,0.015805527147053595,0.021581895255775183,0.020243074724536316,0.07010797998599999,0.021960433758616525,0.006323910694872931,0.009555504498140396,0.003019736791402424,1.004170795170997,563.8859256875378,0,0,0,0,0,0,0.8141153679252898
X18,kappa_1,time_trend_sd,0.045528614603915496,5,0.8,0.015820171570202504,0.013667911030084502,0.025210127260200083,0.06581983071,0.021062756016928447,0.009814182186571124,0.007749457083418988,0.0023461207017360956,1.004170795170997,563.8859256875378,0,0,0,0,0,0,0.8141153679252898
X18,kappa_1,treatment_effect_mean,-0.3374485596707819,5,1,0.009784166978781905,0.013791220440781904,0.02029816563394988,0.05953079870000001,0.018273954404197996,0.008892210139141135,0.0018821424418677963,4.542170856877371e-4,1.004170795170997,563.8859256875378,0,0,0,0,0,0,0.8141153679252898
X18,kappa_1,treatment_effect_sd,0.07626392697027408,5,1,0.004892416610825917,0.00747055791422592,0.00918700725324495,0.049979472879999993,0.015341852304714179,0.0038879738289142956,8.32398084623105e-4,2.5746133797677553e-4,1.004170795170997,563.8859256875378,0,0,0,0,0,0,0.8141153679252898
X19,mu_gamma_est,time_trend_mean,-0.08998628257887518,5,1,-6.809160694028149e-4,5.213146189018969e-5,0.010093498692387678,0.077104584,0.023612191956633242,0.005035252455430133,0.008057150424125343,0.0024026238527008474,1.0428334991466615,52.05775796209291,0,19.4,97,0.2,0.2,0,0.46030474575432834
X19,mu_gamma_est,time_trend_sd,0.045528614603915496,5,0.6,0.024027161144354506,0.02108165741958451,0.028792297933954516,0.06382346325999999,0.0200926821935466,0.007932401081337581,0.0053424127526253045,0.0017256822249159085,1.0428334991466615,52.05775796209291,0,19.4,97,0.2,0.2,0,0.46030474575432834
X19,mu_gamma_est,treatment_effect_mean,-0.3374485596707819,5,0.8,-0.00899209566321808,-0.01135347632921807,0.01702113898998422,0.07906167790000003,0.024029912744870572,0.007226018753433588,0.008357527656021624,0.002522187961221815,1.0428334991466615,52.05775796209291,0,19.4,97,0.2,0.2,0,0.46030474575432834
X19,mu_gamma_est,treatment_effect_sd,0.07626392697027408,5,0.8,-0.011490062694834081,-0.006993583945774082,0.021512207898066217,0.04739458835999999,0.014509952001439296,0.009093315510835484,0.002657368103053572,8.441600951155757e-4,1.0428334991466615,52.05775796209291,0,19.4,97,0.2,0.2,0,0.46030474575432834
X19,mu_gamma_zero,time_trend_mean,-0.08998628257887518,5,1,0.0018598379702291835,0.0033746255886251825,0.009417132343755514,0.07697232349,0.023786613221991073,0.004615825611532025,0.0070735732912838925,0.00221477653314702,1.0080711119633634,273.93034200262804,0,3,15,0.2,0.2,0,0.6636143236540143
X19,mu_gamma_zero,time_trend_sd,0.045528614603915496,5,0.6,0.023122865346684507,0.0207515572825845,0.027851398585811933,0.06177570716999999,0.019614291529077506,0.007762626832214464,0.004740461102913924,0.0014232265692044226,1.0080711119633634,273.93034200262804,0,3,15,0.2,0.2,0,0.6636143236540143
X19,mu_gamma_zero,treatment_effect_mean,-0.3374485596707819,5,1,-0.0052278521112181005,-0.006995886839218091,0.01614659642657166,0.07946420539999999,0.024291053774292075,0.00763842487797401,0.008519938326393568,0.0026218553667120606,1.0080711119633634,273.93034200262804,0,3,15,0.2,0.2,0,0.6636143236540143
X19,mu_gamma_zero,treatment_effect_sd,0.07626392697027408,5,0.8,-0.01116588064077408,-0.008398900314774083,0.023071158537093808,0.049027559639999996,0.015280595223630927,0.010094571136998628,0.0030419762099322427,8.676019622951034e-4,1.0080711119633634,273.93034200262804,0,3,15,0.2,0.2,0,0.6636143236540143
X2,fixed_zero,baseline_difference_sd,0.18642858491803838,5,1,-0.0064993005283383865,-0.01264357737953839,0.019806684640100273,0.1380691304,0.0433212250726752,0.00935499664717637,0.007596213129540473,0.0018946973691337853,1.0097356368645285,367.7152151829248,0,0,0,0,0,0,0.8098439577646808
X2,fixed_zero,time_trend_mean,-0.08998628257887518,5,0.6,0.014659469323182184,0.01846963868737518,0.021617362028295076,0.06324399047999998,0.01958557388031494,0.007943712926350219,0.009566851854095379,0.0028694757912257817,1.0097356368645285,367.7152151829248,0,0,0,0,0,0,0.8098439577646808
X2,fixed_zero,time_trend_sd,0.045528614603915496,5,0.8,0.008828640694897505,0.0014459385595845045,0.021870611603336955,0.05592746377999999,0.01781431171152741,0.01000473332208831,0.00577806538733137,0.001862069459844523,1.0097356368645285,367.7152151829248,0,0,0,0,0,0,0.8098439577646808
X2,fixed_zero,treatment_effect_mean,-0.3374485596707819,5,0.4,0.028294863074781917,0.02458337065078192,0.029825464288428423,0.053341032099999984,0.01630617385105026,0.004715905098696908,0.0031396926121863727,9.869564144455501e-4,1.0097356368645285,367.7152151829248,0,0,0,0,0,0,0.8098439577646808
X2,fixed_zero,treatment_effect_sd,0.07626392697027408,5,1,-2.5608660474080168e-5,-1.8539618774085498e-5,0.011412290375411749,0.040703730759999994,0.012615685067313259,0.005706130821520489,0.0018928837801830685,5.985134134284292e-4,1.0097356368645285,367.7152151829248,0,0,0,0,0,0,0.8098439577646808
X2,shared,baseline_difference_mean,0.17997256515775037,5,0.2,-0.06949813711268636,-0.08218876780840037,0.07768993372428047,0.08343022578,0.0257046940824695,0.017361845667651078,0.007617317314713476,0.0024035386619541336,1.0122614966803158,217.3383189431,0,0,0,0,0,0,0.6673395121819541
X2,shared,baseline_difference_sd,0.048636334823684464,5,0.6,0.017311272193482233,0.022222270359815534,0.024269687057651115,0.062184805669999996,0.01897858524153821,0.008504962741239476,0.005814581912343076,0.0018138629330721604,1.0122614966803158,217.3383189431,0,0,0,0,0,0,0.6673395121819541
X2,shared,time_trend_mean,-0.08998628257887518,5,0.8,0.008636811070017184,0.02047714911237518,0.025141395839268735,0.061952161619999994,0.01901909544798181,0.011805668969690236,0.00895561460236111,0.0026353964386912035,1.0122614966803158,217.3383189431,0,0,0,0,0,0,0.6673395121819541
X2,shared,time_trend_sd,0.045528614603915496,5,0.8,0.008013893273792505,9.745658565845014e-4,0.021530617665311114,0.05481566691999999,0.017384550037436868,0.009991809291190338,0.00558165755925675,0.001618477137892977,1.0122614966803158,217.3383189431,0,0,0,0,0,0,0.6673395121819541
X2,shared,treatment_effect_mean,-0.3374485596707819,5,0.6,-0.03352520463621809,-0.03733663494921807,0.03856103171480133,0.0891532291,0.02729621426727883,0.009526460793621305,0.008252768508977206,0.002455317863778346,1.0122614966803158,217.3383189431,0,0,0,0,0,0,0.6673395121819541
X2,shared,treatment_effect_sd,0.07626392697027408,5,1,0.0074475342535259195,0.001938185927725919,0.01447105582111513,0.057767823690000004,0.017768302448338748,0.006203742622812222,0.0054952699593334145,0.0016980678891600313,1.0122614966803158,217.3383189431,0,0,0,0,0,0,0.6673395121819541
X2,two_pop,baseline_difference_sd,0.18642858491803838,5,1,-0.003614568212338376,-0.01226854086453838,0.01898356264144509,0.13816814409999997,0.0450297170685382,0.009318134834826424,0.00627339109722873,0.002656877343128368,1.007224895100092,347.6635427333779,0,0,0,0,0,0,0.8280648693711281
X2,two_pop,time_trend_mean,-0.08998628257887518,5,0.6,0.014628617219040185,0.01904070575437518,0.02199662824778898,0.06237020728,0.019681074952091596,0.008213635195974877,0.009295494525886148,0.002996337142276398,1.007224895100092,347.6635427333779,0,0,0,0,0,0,0.8280648693711281
X2,two_pop,time_trend_sd,0.045528614603915496,5,0.8,0.008808638091557507,0.0021769618440845018,0.021914674261977872,0.05479252921999999,0.017618567630259048,0.01003320540730326,0.005916322708756325,0.002094281511710118,1.007224895100092,347.6635427333779,0,0,0,0,0,0,0.8280648693711281
X2,two_pop,treatment_effect_mean,-0.3374485596707819,5,0.4,0.02819842602378191,0.0237933738907819,0.029810229734077782,0.05321539279999998,0.016321928595316504,0.004834732841114243,0.003323145988158609,0.0010194368488856472,1.007224895100092,347.6635427333779,0,0,0,0,0,0,0.8280648693711281
X2,two_pop,treatment_effect_sd,0.07626392697027408,5,0.8,-0.0017264537913740774,-0.002045826249274074,0.011537478330737394,0.041358289750000006,0.012611338315135043,0.005703787415798492,0.0024859676941046036,6.877624401662993e-4,1.007224895100092,347.6635427333779,0,0,0,0,0,0,0.8280648693711281
X2,zero_mean,baseline_difference_sd,0.18642858491803838,5,0,-0.06374353994863838,-0.06899102457053838,0.06487290303486677,0.058142246880000005,0.017969743544440597,0.006026082122481632,0.0022343967508128186,7.863055755698681e-4,1.0127701075770417,384.59168303141786,0,0,0,0,0,0,0.7420750325657178
X2,zero_mean,time_trend_mean,-0.08998628257887518,5,0.4,0.018080374814784285,0.020877926736375188,0.022588452465993995,0.06551461958999999,0.0200638376447303,0.00677012243916948,0.012498930403133003,0.0037672051203624505,1.0127701075770417,384.59168303141786,0,0,0,0,0,0,0.7420750325657178
X2,zero_mean,time_trend_sd,0.045528614603915496,5,0.8,0.010256321408484502,-3.1445287441549813e-4,0.02558693989048414,0.05787698990999999,0.01828257107675145,0.011720701388196773,0.009739337249349707,0.003153873716345993,1.0127701075770417,384.59168303141786,0,0,0,0,0,0,0.7420750325657178
X2,zero_mean,treatment_effect_mean,-0.3374485596707819,5,0.8,0.02547602216778192,0.026365044695781936,0.028478878652368367,0.06889347469999998,0.02095234388209906,0.006364330754348936,0.00453176156225124,0.0013292764206041788,1.0127701075770417,384.59168303141786,0,0,0,0,0,0,0.7420750325657178
X2,zero_mean,treatment_effect_sd,0.07626392697027408,5,1,-0.00381268145297408,-0.009208849111274078,0.01231257739373436,0.052547170600000005,0.016431564722421514,0.005853695888386367,0.002931540746204733,9.630766851691562e-4,1.0127701075770417,384.59168303141786,0,0,0,0,0,0,0.7420750325657178
X20,normalised,baseline_difference_sd,0,5,0,0.0462616352328505,0.05200620283675,0.04822257135508187,0.04908190243599999,0.015326555073592008,0.0068058337784331745,0.0027883998210610967,7.43799656007841e-4,1.0074497261504973,413.61379802832187,0,0,0,0,0,0,0.6239343429199127
X20,normalised,time_trend_mean,-0.08998628257887518,5,1,-0.004631437751124815,-0.0052527981246248134,0.008565034942191775,0.04763906930999999,0.014596949994996378,0.0036024161308218536,0.002547907798962675,7.087210723971329e-4,1.0074497261504973,413.61379802832187,0,0,0,0,0,0,0.6239343429199127
X20,normalised,time_trend_sd,0.045528614603915496,5,1,0.0014591472979133048,0.003238293499864507,0.010234842728090904,0.04941885190399999,0.015061215244642772,0.005065147945315802,0.0011526081682108882,3.576233431445886e-4,1.0074497261504973,413.61379802832187,0,0,0,0,0,0,0.6239343429199127
X20,normalised,treatment_effect_mean,-0.3374485596707819,5,0.8,0.0039608531717819084,0.016679380770781904,0.03125779416807259,0.07882904679999998,0.02381818420955659,0.015502913745528433,0.005514907127719381,0.0016562777804939551,1.0074497261504973,413.61379802832187,0,0,0,0,0,0,0.6239343429199127
X20,normalised,treatment_effect_sd,0.07626392697027408,5,1,0.008026269223849922,0.021694922416725923,0.02238461183862688,0.07479941846,0.022998129762142952,0.010448084148688147,0.0012361760230093107,4.149311895144632e-4,1.0074497261504973,413.61379802832187,0,0,0,0,0,0,0.6239343429199127
X20,raw,baseline_control_mean,0.45,5,0.8,0.008768533052999983,0.006957138264999996,0.014121836062080685,0.04438572809999998,0.013476970593210444,0.005534868604193086,0.0036829210812299477,0.0010083700821551663,1.0040780922213064,291.5885294652437,0,0,0,0,0,0,0.6515523120088379
X20,raw,baseline_difference_sd,0,5,0,0.030836852754072202,0.03116376926652595,0.032597014280661724,0.057797922658999995,0.017836741009874122,0.00528331932210552,0.006266344600778193,0.001770943950261756,1.0040780922213064,291.5885294652437,0,0,0,0,0,0,0.6515523120088379
X20,raw,time_trend_mean,-0.04,5,1,-0.003797713955200001,-0.0031484978764999977,0.00576756571502059,0.020523464840000002,0.006255900932922783,0.002170379171456,0.0012553943301305897,3.786003919148083e-4,1.0040780922213064,291.5885294652437,0,0,0,0,0,0,0.6515523120088379
X20,raw,time_trend_sd,0.02,5,0.8,-0.0019226338166715908,0.0011473816842294988,0.005537360233050977,0.021913125495999997,0.006655146142833689,0.0025964320498313253,0.001414258337946291,3.948249057475334e-4,1.0040780922213064,291.5885294652437,0,0,0,0,0,0,0.6515523120088379
X20,raw,treatment_effect_mean,-0.15,5,0.8,4.1025001299999087e-4,0.0055328246799999925,0.00979697103346176,0.030166295200000005,0.009180156500090639,0.0048941888080999245,0.003634161170720298,0.0010698146741700502,1.0040780922213064,291.5885294652437,0,0,0,0,0,0,0.6515523120088379
X20,raw,treatment_effect_sd,0.03,5,0.8,-0.0015477641551812256,-0.00884060985221,0.012370291785129172,0.031304770031,0.009456380260581466,0.006136541064988696,0.0014196746757682587,4.818212364322444e-4,1.0040780922213064,291.5885294652437,0,0,0,0,0,0,0.6515523120088379
X21,normalised,baseline_difference_sd,0,5,0,0.02180699144935716,0.024284655041835,0.02292516231329324,0.029110449280999994,0.008987072101820452,0.0035361769970727,0.0015312265862870717,4.286357269173582e-4,1.0157339008473771,291.3172580554725,0,0,0,0,0,0,0.6216394857212728
X21,normalised,time_trend_mean,-0.08998628257887518,5,1,0.005758504130175185,0.00791772074687519,0.008939153930168227,0.04104916475999999,0.012560408775233801,0.003418629227117113,0.002380705477731963,7.229030877133923e-4,1.0157339008473771,291.3172580554725,0,0,0,0,0,0,0.6216394857212728
X21,normalised,time_trend_sd,0.045528614603915496,5,1,0.004570702070884504,0.006995829324584507,0.008512996992368335,0.03548308986,0.010888452212177067,0.0035909539251877225,0.001769587513839462,4.935122549471724e-4,1.0157339008473771,291.3172580554725,0,0,0,0,0,0,0.6216394857212728
X21,normalised,treatment_effect_mean,-0.3374485596707819,5,1,-0.009250502209218104,-0.011289388154218094,0.01784339700039563,0.07594425730000001,0.02285356932171798,0.007629138637339386,0.006085575699803383,0.0017845854001763825,1.0157339008473771,291.3172580554725,0,0,0,0,0,0,0.6216394857212728
X21,normalised,treatment_effect_sd,0.07626392697027408,5,0.6,0.01695699651692592,0.017909954663225924,0.02561120507391983,0.06121840803,0.018920440185382952,0.009596797570848034,0.004560197839475521,0.0014982803689892767,1.0157339008473771,291.3172580554725,0,0,0,0,0,0,0.6216394857212728
X21,raw,baseline_control_mean,0.45,5,1,-0.0016879005329999974,0.004079827235,0.008323715339198868,0.04110762790000001,0.012585266824221765,0.004075390436470868,0.0018504476531287014,5.561290835515918e-4,1.0101880376245143,190.55867603428737,0,0,0,0,0,0,0.658743668279869
X21,raw,baseline_difference_sd,0,5,0,0.012682320461914287,0.012801350591862,0.012800028245596593,0.0289392522999,0.009234119701753788,8.659490154421333e-4,0.0015868228858878393,5.047262315158215e-4,1.0101880376245143,190.55867603428737,0,0,0,0,0,0,0.658743668279869
X21,raw,time_trend_mean,-0.04,5,1,0.0023023319451000003,0.0033730158164999996,0.0037119081523787254,0.01767091052,0.0054297761699877,0.0014558098902559093,9.326505851628993e-4,2.727255624517805e-4,1.0101880376245143,190.55867603428737,0,0,0,0,0,0,0.658743668279869
X21,raw,time_trend_sd,0.02,5,1,4.5326287697999916e-4,7.269371129500005e-4,0.0027358662372394473,0.015191532059999999,0.004727171200960517,0.00134902898712542,5.41772838799409e-4,2.0715070443437072e-4,1.0101880376245143,190.55867603428737,0,0,0,0,0,0,0.658743668279869
X21,raw,treatment_effect_mean,-0.15,5,1,-0.0021579284280000056,-0.0018393847150000031,0.007607460533146488,0.0270313245,0.0083035656742354,0.003647492311952517,0.0016997536476159583,4.985226251322126e-4,1.0101880376245143,190.55867603428737,0,0,0,0,0,0,0.658743668279869
X21,raw,treatment_effect_sd,0.03,5,1,0.003937856291900001,0.0054621462855,0.006430480265879104,0.02250503479,0.006965853492756199,0.0025418676339556004,0.0010557270702131905,3.205620702582234e-4,1.0101880376245143,190.55867603428737,0,0,0,0,0,0,0.658743668279869
X22,normalised,baseline_difference_sd,0,5,0,0.010343645089921409,0.009362118954039045,0.010530996325428307,0.015805431768999997,0.00481898330518651,9.887984956412034e-4,3.739416875286336e-4,1.0334556266041668e-4,1.0198302992981516,195.4961594648346,0,0,0,0,0,0,0.5865484017665169
X22,normalised,time_trend_mean,-0.08998628257887518,5,1,0.0028235493520751857,0.0029105466773751837,0.009312672960302006,0.03155663727,0.0095523766593601,0.004437156936652565,0.0028175664065182393,8.255976941259006e-4,1.0198302992981516,195.4961594648346,0,0,0,0,0,0,0.5865484017665169
X22,normalised,time_trend_sd,0.045528614603915496,5,0.8,-0.0047822224341154945,-0.0031014958384154925,0.008848562036909622,0.02490670111,0.00781629223012867,0.0037224789694396063,0.0020638710158297153,6.81872828973912e-4,1.0198302992981516,195.4961594648346,0,0,0,0,0,0,0.5865484017665169
X22,normalised,treatment_effect_mean,-0.3374485596707819,5,0.8,-0.0067060078952180914,-0.005395274924218096,0.023477512989525513,0.061463930300000004,0.019217411861806897,0.011249700821384226,0.005635624215794412,0.0018756491502487252,1.0198302992981516,195.4961594648346,0,0,0,0,0,0,0.5865484017665169
X22,normalised,treatment_effect_sd,0.07626392697027408,5,0.8,0.0071530487615259234,0.008917036491225924,0.0174496852376079,0.049957811419999984,0.015668731326321645,0.007958099778006423,0.00453991870914451,0.0014865762947009916,1.0198302992981516,195.4961594648346,0,0,0,0,0,0,0.5865484017665169
X22,raw,baseline_control_mean,0.45,5,0.8,0.008076744391000002,0.009104720904999974,0.01566687136660337,0.037746903500000005,0.011362387674499092,0.006712247359494185,0.004434044906663775,0.001263296998417302,1.0144093241053749,203.5779472065503,0,0,0,0,0,0,0.681790428723761
X22,raw,baseline_difference_sd,0,5,0,0.00638236669370783,0.0061778520098104,0.0064371539638373165,0.014599534346599998,0.004643736842770137,4.1903058993212553e-4,7.800694532274786e-4,2.1286635960348355e-4,1.0144093241053749,203.5779472065503,0,0,0,0,0,0,0.681790428723761
X22,raw,time_trend_mean,-0.04,5,1,7.211086157000001e-4,7.384752205000025e-4,0.003131741575134861,0.01426050129,0.004365262160527208,0.0015237952337659585,0.001181931813984459,3.5786952426721566e-4,1.0144093241053749,203.5779472065503,0,0,0,0,0,0,0.681790428723761
X22,raw,time_trend_sd,0.02,5,0.8,-0.0019275958664200007,-9.548520245000018e-4,0.0037069577962710056,0.011269070904999998,0.0035526986654926657,0.0015831858923618946,8.425995616845275e-4,2.716366767657746e-4,1.0144093241053749,203.5779472065503,0,0,0,0,0,0,0.681790428723761
X22,raw,treatment_effect_mean,-0.15,5,0.8,-0.006132602087000005,-0.004688748810000004,0.010087465474376004,0.02678059969999999,0.008238130475622012,0.004004627053148991,0.0014506316500466276,4.2083399950125933e-4,1.0144093241053749,203.5779472065503,0,0,0,0,0,0,0.681790428723761
X22,raw,treatment_effect_sd,0.03,5,0.8,0.0053148814764000015,0.006372639658000001,0.006487397210681434,0.020859297429999996,0.006489079387722218,0.0018599971411925205,0.0012197336983238865,3.983117699035436e-4,1.0144093241053749,203.5779472065503,0,0,0,0,0,0,0.681790428723761
X23,kappa_0,time_trend_mean,-0.08998628257887518,15,0.9333333333333333,-0.0055374206503171495,-0.0028755583216248104,0.017525708236313327,0.06635435044333332,0.02069816228347909,0.004443996124193227,0.004200474740960786,0.0012914383674428825,1.0075158527626005,400.6293884172118,0,0.06666666666666667,1,0.06666666666666667,0,0,0.7759420008199007
X23,kappa_0,time_trend_sd,0.045528614603915496,15,1,0.0071700333492930425,0.008590714063834506,0.019519106407999615,0.06525247040033333,0.02123595634937799,0.004851996177840012,0.0028002027655710826,9.886813725618676e-4,1.0075158527626005,400.6293884172118,0,0.06666666666666667,1,0.06666666666666667,0,0,0.7759420008199007
X23,kappa_0,treatment_effect_mean,-0.3374485596707819,15,0.9333333333333333,0.0018034739050152404,0.0027347221607819105,0.02530891079736266,0.10929678833333333,0.03418530962689762,0.006746895834502545,0.00607022749383516,0.0018161202162476524,1.0075158527626005,400.6293884172118,0,0.06666666666666667,1,0.06666666666666667,0,0,0.7759420008199007
X23,kappa_0,treatment_effect_sd,0.07626392697027408,15,0.8666666666666667,0.016385009069475386,0.010956249289725925,0.02839958844917923,0.10182885608966666,0.03307445221672412,0.006199470610324974,0.00463145200492491,0.001521124006093551,1.0075158527626005,400.6293884172118,0,0.06666666666666667,1,0.06666666666666667,0,0,0.7759420008199007
X23,kappa_0.5,time_trend_mean,-0.08998628257887518,15,0.9333333333333333,-0.005389758908282815,-0.003004841291124813,0.017355878769431014,0.06726407065666666,0.0210063893218341,0.004409219454488614,0.004235092377573438,0.0013471810957422779,1.0088914907532653,483.93781237219537,0,0.13333333333333333,1,0.13333333333333333,0,0,0.8060040449453274
X23,kappa_0.5,time_trend_sd,0.045528614603915496,15,1,0.007237871139143405,0.008068284128534504,0.019445110644400646,0.06553107986666666,0.021362869458986886,0.0048234956895991206,0.002874975101755425,0.0010704310091444126,1.0088914907532653,483.93781237219537,0,0.13333333333333333,1,0.13333333333333333,0,0,0.8060040449453274
X23,kappa_0.5,treatment_effect_mean,-0.3374485596707819,15,0.9333333333333333,0.0017620510707819041,0.003241806875781905,0.02512614623905016,0.1064332395,0.033029089000612695,0.006698712034254318,0.005295120278616228,0.0017145246132479238,1.0088914907532653,483.93781237219537,0,0.13333333333333333,1,0.13333333333333333,0,0,0.8060040449453274
X23,kappa_0.5,treatment_effect_sd,0.07626392697027408,15,0.9333333333333333,0.011514754015830261,0.014159080568225915,0.024612556158339863,0.09963074615399999,0.03239048656704914,0.005813705239729124,0.004212971932242216,0.0014391448238322503,1.0088914907532653,483.93781237219537,0,0.13333333333333333,1,0.13333333333333333,0,0,0.8060040449453274
X23,kappa_1,time_trend_mean,-0.08998628257887518,15,0.8666666666666667,-0.005578649299111149,-0.003371638935124821,0.017957776890740376,0.06563129939,0.020375276829796347,0.0045619577787795055,0.004084757081179458,0.0012833186896573773,1.0057329639412218,473.96199519018813,0,0,0,0,0,0,0.759526740000081
X23,kappa_1,time_trend_sd,0.045528614603915496,15,0.8666666666666667,0.007026915955600065,0.008502888333234503,0.02009091350342758,0.06574908367099999,0.020930578040518344,0.00503038806764265,0.00307776596199609,0.0010769646759109413,1.0057329639412218,473.96199519018813,0,0,0,0,0,0,0.759526740000081
X23,kappa_1,treatment_effect_mean,-0.3374485596707819,15,0.9333333333333333,0.002257518134915241,0.006701669060781901,0.024259773226205764,0.10444038949999998,0.03258726661434138,0.006455563541060969,0.0053428663922865565,0.0017144979669886451,1.0057329639412218,473.96199519018813,0,0,0,0,0,0,0.759526740000081
X23,kappa_1,treatment_effect_sd,0.07626392697027408,15,0.9333333333333333,0.00886438817662042,0.01119626951172592,0.024931825748894725,0.10040912484933333,0.03272119674238019,0.006227924198017014,0.004694262975592,0.0016435393740946694,1.0057329639412218,473.96199519018813,0,0,0,0,0,0,0.759526740000081
X24,normalised,baseline_difference_sd,0.044444444444444446,5,0.8,-0.0037683445110415956,0.0012915276734555559,0.01636960372017016,0.048281241962,0.015036784800195121,0.007964978116754486,0.0037673520687671993,0.0010912273441349527,1.004515107598983,530.9277014226652,0,0,0,0,0,0,0.6694646541809334
X24,normalised,time_trend_mean,-0.08998628257887518,5,1,0.009530826026575184,0.011925920086275188,0.012248730496692907,0.06276271833,0.01899882460821537,0.003846906355494371,0.0035518776333564282,0.0010655404266609711,1.004515107598983,530.9277014226652,0,0,0,0,0,0,0.6694646541809334
X24,normalised,time_trend_sd,0.045528614603915496,5,1,0.0127537019532745,0.0131221747190845,0.014888908997779463,0.05523849012999999,0.01728946921300022,0.0038413115478700905,0.0016961256698057757,5.034613759090283e-4,1.004515107598983,530.9277014226652,0,0,0,0,0,0,0.6694646541809334
X24,normalised,treatment_effect_mean,-0.3374485596707819,5,1,0.004902836392781907,0.0025146447757818935,0.012788802239591175,0.0834794737,0.025492630602464095,0.005905837324820791,0.004324231480132453,0.00134312523344173,1.004515107598983,530.9277014226652,0,0,0,0,0,0,0.6694646541809334
X24,normalised,treatment_effect_sd,0.07626392697027408,5,1,0.014906730421425924,0.008527392520225927,0.018477819187434054,0.06691532470999999,0.02084985005867676,0.0054593770264207125,0.002830278260100757,7.985514861916371e-4,1.004515107598983,530.9277014226652,0,0,0,0,0,0,0.6694646541809334
X24,raw,baseline_control_mean,0.45,5,1,0.0010183839059999978,-0.0018978032549999968,0.008580186063090368,0.059766665699999985,0.01853213311756402,0.004259767807558598,0.009032231444128215,0.0028132150399306894,1.0076270078886398,414.7703448239467,0,0,0,0,0,0,0.6905451011868623
X24,raw,baseline_difference_sd,0.02,5,1,0.008413381875335761,0.006920996327535001,0.01473572992569678,0.05075764828399999,0.01594026412528223,0.00604889952517909,0.006013021346451012,0.0017530880747334905,1.0076270078886398,414.7703448239467,0,0,0,0,0,0,0.6905451011868623
X24,raw,time_trend_mean,-0.04,5,1,0.005035438728840002,0.005472029927100004,0.005981789292574049,0.02376841975,0.0073277229435676884,0.0016144782399316908,0.0012459499599689991,3.987280059302641e-4,1.0076270078886398,414.7703448239467,0,0,0,0,0,0,0.6905451011868623
X24,raw,time_trend_sd,0.02,5,1,8.69292689444999e-4,7.341370251499994e-4,0.0028987499160506728,0.021240156399,0.006639004087280549,0.0013826678285005101,0.0014362473406293284,4.1835310747323056e-4,1.0076270078886398,414.7703448239467,0,0,0,0,0,0,0.6905451011868623
X24,raw,treatment_effect_mean,-0.15,5,1,0.0038491822029999958,0.004189376519999982,0.006783128994423758,0.031767128199999994,0.009703062612837413,0.0027926078906239395,0.002239244887956353,7.011370543365706e-4,1.0076270078886398,414.7703448239467,0,0,0,0,0,0,0.6905451011868623
X24,raw,treatment_effect_sd,0.03,5,1,0.003218268145310001,0.001362484332000001,0.0070629191944227435,0.026011349979999997,0.008006941886320984,0.0031435480627719113,0.0019225971839996682,5.808077042688634e-4,1.0076270078886398,414.7703448239467,0,0,0,0,0,0,0.6905451011868623
X25,normalised,baseline_difference_sd,0.10084833067590679,5,1,0.015386254216593212,0.017499648697593212,0.019355877753667247,0.09326815487999998,0.029522553049351075,0.005871822221365321,0.004732873409907786,0.0013861214473462537,1.0330429567678856,153.8017630660684,0,1,5,0.2,0,0,0.7110005769701211
X25,normalised,time_trend_mean,-0.08998628257887518,5,1,0.010326146961666182,0.0047693662833751815,0.015195837595129151,0.060450286049999996,0.018500601209729805,0.005574140497503018,0.005003737723841075,0.0016112031128503973,1.0330429567678856,153.8017630660684,0,1,5,0.2,0,0,0.7110005769701211
X25,normalised,time_trend_sd,0.045528614603915496,5,0.8,0.012611906666344503,0.013278698946584504,0.01866484775382962,0.05552171715999999,0.017232049006089392,0.006879613941077174,0.003702831179976568,0.0011622417078535983,1.0330429567678856,153.8017630660684,0,1,5,0.2,0,0,0.7110005769701211
X25,normalised,treatment_effect_mean,-0.3374485596707819,5,0.8,0.02273169623478192,0.02627254601578194,0.02555993228070676,0.0715792317,0.02196440258716475,0.005843374976927228,0.007078037727519708,0.0022817043603520467,1.0330429567678856,153.8017630660684,0,1,5,0.2,0,0,0.7110005769701211
X25,normalised,treatment_effect_sd,0.07626392697027408,5,0.8,-0.0037095943084567485,-0.008298454130774083,0.024536837131198624,0.06758426343200001,0.020829657984687076,0.012127399623060508,0.0032882961874491816,0.0011191812310630395,1.0330429567678856,153.8017630660684,0,1,5,0.2,0,0,0.7110005769701211
X25,raw,baseline_control_mean,0.45,5,1,0.0011669963279999918,0.0014132281450000006,0.004660767271596566,0.056577648,0.017560377933937714,0.0022561510992407086,0.009195084742027425,0.0027636402850123466,1.0048895262293087,343.9816658866638,0,0,0,0,0,0,0.7172231536840382
X25,raw,baseline_difference_sd,0.044721359549995794,5,0,0.06746355680990421,0.06969112382900419,0.06840237360600407,0.09510597675999999,0.030292208358459284,0.005646973027476528,0.0037870201279148596,0.0012163898590053502,1.0048895262293087,343.9816658866638,0,0,0,0,0,0,0.7172231536840382
X25,raw,time_trend_mean,-0.04,5,1,7.447612283700014e-4,-0.0015137290542499987,0.004555619948834169,0.025505435489999995,0.007875477527421518,0.0022471650935641466,0.0018734979590305963,5.435496646822417e-4,1.0048895262293087,343.9816658866638,0,0,0,0,0,0,0.7172231536840382
X25,raw,time_trend_sd,0.02,5,1,0.0032486294914584996,0.001799728391257499,0.006005217312582436,0.025177409951,0.007856142859608983,0.002525323810849111,0.001586961482848054,5.273177549014811e-4,1.0048895262293087,343.9816658866638,0,0,0,0,0,0,0.7172231536840382
X25,raw,treatment_effect_mean,-0.15,5,1,0.006888039264099993,0.007477807924999996,0.008343167332548062,0.031407167100000015,0.009609275385322105,0.0023538986933975066,0.0014984996803574873,4.115422674164587e-4,1.0048895262293087,343.9816658866638,0,0,0,0,0,0,0.7172231536840382
X25,raw,treatment_effect_sd,0.03,5,1,0.0012719247409840005,-0.0013400603826999972,0.005505860114077498,0.029999471387999996,0.009192273713925326,0.002678465187801694,0.0015764616959788502,4.402123295534412e-4,1.0048895262293087,343.9816658866638,0,0,0,0,0,0,0.7172231536840382
X26,normalised,baseline_difference_sd,0.18642858491803838,5,1,8.997269410616238e-4,0.002419942331961633,0.006899642774982639,0.1446080243,0.04610765147129493,0.0034203640834675046,0.0028398952376398542,5.128649317810157e-4,1.0070793394125046,487.2944831767715,0,0,0,0,0,0,0.5848695889584333
X26,normalised,time_trend_mean,-0.08998628257887518,5,1,0.021657747916544085,0.02033578903020969,0.02345758685538426,0.06448736538,0.01955081600335289,0.004505561459499991,0.003301085065578474,9.507094397646995e-4,1.0070793394125046,487.2944831767715,0,0,0,0,0,0,0.5848695889584333
X26,normalised,time_trend_sd,0.045528614603915496,5,1,0.012007214059754502,0.011869041180584503,0.013724857354013058,0.05338323447,0.016538243063550766,0.003324098370657829,0.003172533279126965,0.0010426649127316682,1.0070793394125046,487.2944831767715,0,0,0,0,0,0,0.5848695889584333
X26,normalised,treatment_effect_mean,-0.3374485596707819,5,0.8,0.017619400934781905,0.0023243622257819174,0.029576877953981284,0.07988204719999999,0.024719779770423746,0.011878009305057294,0.004807231138857071,0.0016247406837075627,1.0070793394125046,487.2944831767715,0,0,0,0,0,0,0.5848695889584333
X26,normalised,treatment_effect_sd,0.07626392697027408,5,1,0.004360824905225921,0.00587764583572592,0.0149796366539235,0.06457055612,0.019993496214630407,0.007165415557201301,0.0036427764492156897,0.0011423735463606851,1.0070793394125046,487.2944831767715,0,0,0,0,0,0,0.5848695889584333
X26,raw,baseline_control_mean,0.45,5,0.8,0.005025421838999988,0.002872435814999963,0.019466671928707182,0.0630225585,0.019642395292196673,0.009403409638530298,0.010593801367985121,0.003255367200549734,1.0092774604186394,291.94998060100727,0,0,0,0,0,0,0.6738207123501978
X26,raw,baseline_difference_sd,0.08246211251235322,5,0,0.10048871636204679,0.10211193912064678,0.10073348393803692,0.1456295104,0.0463270928158933,0.003509012332653429,0.003706066324567434,0.0013398122325674058,1.0092774604186394,291.94998060100727,0,0,0,0,0,0,0.6738207123501978
X26,raw,time_trend_mean,-0.04,5,1,0.004398687735031001,0.006389406701500004,0.006392965570123292,0.026362995459999997,0.008126805278200012,0.0023195664999342905,0.0010837312036331018,3.4411728689253145e-4,1.0092774604186394,291.94998060100727,0,0,0,0,0,0,0.6738207123501978
X26,raw,time_trend_sd,0.02,5,1,0.00449711644354,0.004235254819850001,0.005520447149161623,0.022479734439999996,0.006977634724328482,0.0016008810402344726,0.0017298799582137192,5.378478683091053e-4,1.0092774604186394,291.94998060100727,0,0,0,0,0,0,0.6738207123501978
X26,raw,treatment_effect_mean,-0.15,5,1,-0.002753221745300005,-0.006320269225000008,0.008053031124840251,0.0306424598,0.009441243335740352,0.0037838829368405753,0.0024429312256279007,7.631336992662825e-4,1.0092774604186394,291.94998060100727,0,0,0,0,0,0,0.6738207123501978
X26,raw,treatment_effect_sd,0.03,5,0.8,-1.33745257027304e-4,0.003649159164799999,0.009844666359176853,0.027464775650999997,0.008514686600453292,0.004921878907737652,0.0016348002163813849,5.442264128086839e-4,1.0092774604186394,291.94998060100727,0,0,0,0,0,0,0.6738207123501978
X27,normalised,baseline_difference_sd,0.27519266535511244,5,1,0.005344991691887546,0.005469711294887547,0.0129821341146882,0.21340667499999996,0.06711737660789632,0.005915379742362367,0.004836165675177769,0.001346684999089509,1.0074582203773506,360.6423140165116,0,0,0,0,0,0,0.6670489943668045
X27,normalised,time_trend_mean,-0.08998628257887518,5,0.8,0.010714552952555186,0.004732344128475188,0.02387317443783818,0.063447015946,0.019565763283832045,0.010666850668851856,0.009341540960307627,0.002922399782753836,1.0074582203773506,360.6423140165116,0,0,0,0,0,0,0.6670489943668045
X27,normalised,time_trend_sd,0.045528614603915496,5,0.6,0.010659071022965401,0.0037512887455845023,0.026224379401197165,0.052885135604999994,0.01645311483145655,0.011980215773362696,0.005504206359420603,0.0017104610130653814,1.0074582203773506,360.6423140165116,0,0,0,0,0,0,0.6670489943668045
X27,normalised,treatment_effect_mean,-0.3374485596707819,5,0.2,0.046351209589781915,0.05592671767078189,0.05152098275639029,0.07671788140000001,0.02336049073728421,0.011246966632701177,0.006523351325630922,0.0019261497273020752,1.0074582203773506,360.6423140165116,0,0,0,0,0,0,0.6670489943668045
X27,normalised,treatment_effect_sd,0.07626392697027408,5,1,7.545727108659208e-4,4.207972752259259e-4,0.01654090458470161,0.06312790865,0.019539324492364677,0.008261842175087512,0.005300318489175148,0.0016122001226131037,1.0074582203773506,360.6423140165116,0,0,0,0,0,0,0.6670489943668045
X27,raw,baseline_control_mean,0.45,5,1,-0.00517200362600001,-0.0043153937050000035,0.008258388413020177,0.056665143100000016,0.017504458384516357,0.0032191364398293475,0.008915858421488095,0.0026955979394646945,1.014248587207903,250.65326164478077,0,0,0,0,0,0,0.6552819742418041
X27,raw,baseline_difference_sd,0.1216552506059644,5,0,0.15672530521603562,0.15297529050903563,0.15735110938280902,0.21505878439999998,0.06910507140826225,0.007009820413912363,0.00643969897181196,0.002061382912879065,1.014248587207903,250.65326164478077,0,0,0,0,0,0,0.6552819742418041
X27,raw,time_trend_mean,-0.04,5,0.8,-0.002224155388759,-0.002720282146499997,0.007012859118564743,0.02667992385,0.008099703773594508,0.003325406960940682,0.0028184756629036282,8.899843727779146e-4,1.014248587207903,250.65326164478077,0,0,0,0,0,0,0.6552819742418041
X27,raw,time_trend_sd,0.02,5,0.8,0.0035903691666172004,0.0010615065767000005,0.009526033342024037,0.023060156409999998,0.007167655544352962,0.004411761566561542,0.0014367047466051547,4.539497706256136e-4,1.014248587207903,250.65326164478077,0,0,0,0,0,0,0.6552819742418041
X27,raw,treatment_effect_mean,-0.15,5,1,0.008054599793899987,0.009202628624999987,0.010768752833376912,0.0302712584,0.00925509020255127,0.003573844559660841,0.0018091456196362543,5.450415606172516e-4,1.014248587207903,250.65326164478077,0,0,0,0,0,0,0.6552819742418041
X27,raw,treatment_effect_sd,0.03,5,1,-8.240710217299995e-4,-4.780723688000005e-4,0.0037000107601890143,0.02560681876,0.007937234296566172,0.0018035372588790176,0.0013199251442027402,4.0571342528060054e-4,1.014248587207903,250.65326164478077,0,0,0,0,0,0,0.6552819742418041
X3,fixed_zero,baseline_difference_sd,0.27519266535511244,5,1,0.005710029226887558,0.01020588354488755,0.018998914732764858,0.20804248549999999,0.06604365473844846,0.009060274930306466,0.0040054354258796145,0.0020275957732193758,1.0037495940731431,470.5379519934793,0,0,0,0,0,0,0.7897377502309719
X3,fixed_zero,time_trend_mean,-0.08998628257887518,5,0.8,2.5997298307518514e-4,-0.004131919534624814,0.016947687205592216,0.05160815502,0.01607979366329669,0.008472846565155435,0.007443880605518365,0.0022890338090560134,1.0037495940731431,470.5379519934793,0,0,0,0,0,0,0.7897377502309719
X3,fixed_zero,time_trend_sd,0.045528614603915496,5,0.8,-0.0033023483413080965,-4.2145872391549655e-4,0.018633091888274705,0.04996135973399999,0.016000337592942695,0.009169059503972427,0.005132869944127471,0.0016047422734970476,1.0037495940731431,470.5379519934793,0,0,0,0,0,0,0.7897377502309719
X3,fixed_zero,treatment_effect_mean,-0.3374485596707819,5,0.6,0.023418774088781902,0.023831767305781903,0.025943072909452667,0.05902071440000001,0.018051613756053606,0.005581309258672518,0.0035904299331242723,0.0010547620806243782,1.0037495940731431,470.5379519934793,0,0,0,0,0,0,0.7897377502309719
X3,fixed_zero,treatment_effect_sd,0.07626392697027408,5,0.6,0.01308711951322592,0.002515747967725926,0.01959603236538164,0.04674578280999999,0.014500604363929434,0.007292663904768032,0.002707124738059058,8.257434940158089e-4,1.0037495940731431,470.5379519934793,0,0,0,0,0,0,0.7897377502309719
X3,shared,baseline_difference_mean,0.26995884773662554,5,0,-0.14267805726158814,-0.14498897930997554,0.14401682971307805,0.11508661994999998,0.03475060885946749,0.009795652309375583,0.005780369056741723,0.0018193789704964972,1.0066618393327313,265.2778116051189,0,0,0,0,0,0,0.6891275881838073
X3,shared,baseline_difference_sd,0.05341557445131835,5,0,0.06824645765278166,0.07066184007318164,0.07062508203037983,0.08276243978999999,0.025306686128479024,0.009087398275152248,0.005588046820629299,0.0016170216927873372,1.0066618393327313,265.2778116051189,0,0,0,0,0,0,0.6891275881838073
X3,shared,time_trend_mean,-0.08998628257887518,5,0.6,5.799628394081852e-4,-0.0025262197441248135,0.01835523762388069,0.05312942956999999,0.016428137749498653,0.009173036456567025,0.007654110827904367,0.0022228934786544647,1.0066618393327313,265.2778116051189,0,0,0,0,0,0,0.6891275881838073
X3,shared,time_trend_sd,0.045528614603915496,5,0.8,-0.004185454622645439,-0.0021023068359154948,0.01793737618630082,0.049279381011999995,0.015471701828054718,0.008721115669033516,0.004458011171585168,0.0014188505516877041,1.0066618393327313,265.2778116051189,0,0,0,0,0,0,0.6891275881838073
X3,shared,treatment_effect_mean,-0.3374485596707819,5,0.6,-0.03983264138921808,-0.043543673359218105,0.05041616449205914,0.1077681746,0.03291848020333588,0.015452753169324839,0.006562464008889066,0.0020966088738203687,1.0066618393327313,265.2778116051189,0,0,0,0,0,0,0.6891275881838073
X3,shared,treatment_effect_sd,0.07626392697027408,5,0.8,0.018319811910125917,0.018760919702225917,0.02516856027729583,0.06967401617999999,0.021470904290862503,0.008629034100197455,0.003996224803739418,0.0011320779330328736,1.0066618393327313,265.2778116051189,0,0,0,0,0,0,0.6891275881838073
X3,two_pop,baseline_difference_sd,0.27519266535511244,5,1,0.01031233335288756,0.011284487474887583,0.018090464400732288,0.21550249249999995,0.06859737604732044,0.007431700395149906,0.0068354481008960945,0.001853102536098598,1.0090676707310497,467.78690860059965,0,0,0,0,0,0,0.8248355802474284
X3,two_pop,time_trend_mean,-0.08998628257887518,5,0.8,-2.7397839144815973e-5,-0.004526055549874813,0.017566730560176644,0.05266003199999999,0.016343427207560893,0.008783354597365609,0.0074205573895882206,0.0023100698817238694,1.0090676707310497,467.78690860059965,0,0,0,0,0,0,0.8248355802474284
X3,two_pop,time_trend_sd,0.045528614603915496,5,0.8,-0.003731161559976627,-0.002019086251415496,0.018481018488987835,0.049584563372,0.015797442312955916,0.009050227591111492,0.004678331029837027,0.0015334305960817433,1.0090676707310497,467.78690860059965,0,0,0,0,0,0,0.8248355802474284
X3,two_pop,treatment_effect_mean,-0.3374485596707819,5,0.6,0.02403116103878189,0.02407665984078189,0.026653999886332127,0.059624699500000024,0.018232363475447842,0.005764958999609717,0.0033236410207520086,0.001003540212741439,1.0090676707310497,467.78690860059965,0,0,0,0,0,0,0.8248355802474284
X3,two_pop,treatment_effect_sd,0.07626392697027408,5,0.8,0.011484862146625923,0.0011628814372259266,0.018747772367181982,0.0475384004,0.01462501377361043,0.007409063878194587,0.002856940259082241,8.526258551921751e-4,1.0090676707310497,467.78690860059965,0,0,0,0,0,0,0.8248355802474284
X3,zero_mean,baseline_difference_sd,0.27519266535511244,5,0,-0.09329542935111244,-0.08782942119011244,0.093866034363841,0.08247401359999999,0.025441102002520435,0.005167089833391881,0.0034360987145596353,0.0010563527861817315,1.0056431983967762,455.6331196467436,0,0,0,0,0,0,0.7702826247823832
X3,zero_mean,time_trend_mean,-0.08998628257887518,5,0.8,0.003727514958713185,6.578382093751778e-4,0.017913251810655263,0.054169187769999995,0.016619478089592077,0.008760568227354226,0.008935391395045306,0.0026384062520711836,1.0056431983967762,455.6331196467436,0,0,0,0,0,0,0.7702826247823832
X3,zero_mean,time_trend_sd,0.045528614603915496,5,0.8,-0.0030144321209387972,-3.2299333696549776e-4,0.019166969718543318,0.050607945939999996,0.016229728466994126,0.009464221140429475,0.006621656094486502,0.0021389317296083175,1.0056431983967762,455.6331196467436,0,0,0,0,0,0,0.7702826247823832
X3,zero_mean,treatment_effect_mean,-0.3374485596707819,5,0.8,0.014202855452781915,0.013674603400781915,0.024872669211600598,0.08318922869999999,0.025449523212042895,0.010209414413876627,0.006748773439202061,0.002037777378869976,1.0056431983967762,455.6331196467436,0,0,0,0,0,0,0.7702826247823832
X3,zero_mean,treatment_effect_sd,0.07626392697027408,5,0.8,0.01315846268122592,0.006680502962725918,0.026057536203007433,0.06491379053,0.020053722349790467,0.011245555264612633,0.0045715770208868325,0.0014430809363992472,1.0056431983967762,455.6331196467436,0,0,0,0,0,0,0.7702826247823832
X4,fixed_zero,baseline_difference_sd,0.09938079899999065,5,1,0.008984141664309345,0.002044169515509342,0.019898949017131306,0.08766627924999999,0.02757973040650196,0.00887768791045861,0.006823747040161572,0.002260708148293419,1.0081968973096764,647.5764147002686,0,0,0,0,0,0,0.7876053870691504
X4,fixed_zero,time_trend_mean,-0.08998628257887518,5,1,0.006967478539166186,0.011093523558735191,0.015677586170571484,0.06722346203,0.02095377831382242,0.007022124873247999,0.004211936802340248,0.0013632003582322227,1.0081968973096764,647.5764147002686,0,0,0,0,0,0,0.7876053870691504
X4,fixed_zero,time_trend_sd,0.045528614603915496,5,0.8,0.012115679864634504,0.008004219925584505,0.016550295726316697,0.059221294139999985,0.018926597987772614,0.00563743270572312,0.0027374329750010883,8.854813184500975e-4,1.0081968973096764,647.5764147002686,0,0,0,0,0,0,0.7876053870691504
X4,fixed_zero,treatment_effect_mean,-0.3374485596707819,5,0.6,0.023943278333781914,0.017485358200781898,0.02700990322120423,0.0512910334,0.015805557810961057,0.006250085892407165,0.003353647125254675,0.0010149179478701736,1.0081968973096764,647.5764147002686,0,0,0,0,0,0,0.7876053870691504
X4,fixed_zero,treatment_effect_sd,0.07626392697027408,5,0.8,-0.004256190808274082,-0.005983941708274085,0.013789798524592107,0.040012706769999996,0.012211183860864807,0.00655826545575135,0.002033337792982142,6.107505705531575e-4,1.0081968973096764,647.5764147002686,0,0,0,0,0,0,0.7876053870691504
X4,shared,baseline_difference_mean,0,5,0.8,-9.755036735488361e-4,-0.00783437682121673,0.023374301064299437,0.06534368863,0.020103491159291186,0.01167696817272577,0.005526330243109602,0.0016567826417303684,1.0082682687366369,335.42689431592913,0,0.2,1,0.2,0,0,0.71933000489463506
X4,shared,baseline_difference_sd,0.09938079899999065,5,0.4,-0.023186828473790652,-0.025717958734490648,0.027174314469323318,0.04664030828,0.014389687735448763,0.007085449036664608,0.004223495729092259,0.0012299426561691743,1.0082682687366369,335.42689431592913,0,0.2,1,0.2,0,0,0.71933000489463506
X4,shared,time_trend_mean,-0.08998628257887518,5,1,0.008206863892248183,0.01222678490322518,0.016353351370252,0.06781953081999999,0.021043285096758322,0.00707247280116785,0.006097183599945497,0.0017326304573298168,1.0082682687366369,335.42689431592913,0,0.2,1,0.2,0,0,0.71933000489463506
X4,shared,time_trend_sd,0.045528614603915496,5,0.8,0.012517332584734501,0.007623851720584503,0.01729884237388719,0.05838516795999999,0.018454236539590056,0.005970057211613196,0.002798193193362555,9.215099064654869e-4,1.0082682687366369,335.42689431592913,0,0.2,1,0.2,0,0,0.71933000489463506
X4,shared,treatment_effect_mean,-0.3374485596707819,5,0.6,0.016259681137781923,0.01105885928078193,0.02536497952586956,0.07128852209999999,0.021551309034696868,0.009734024805359813,0.0056198137825677775,0.0017520193970897958,1.0082682687366369,335.42689431592913,0,0.2,1,0.2,0,0,0.71933000489463506
X4,shared,treatment_effect_sd,0.07626392697027408,5,0.8,-0.00831626150717408,-0.014631192159274081,0.018079825665251775,0.04882318315999999,0.015232157686411448,0.008026828306220823,0.0031712211533150006,0.0010413179972310943,1.0082682687366369,335.42689431592913,0,0.2,1,0.2,0,0,0.71933000489463506
X4,two_pop,baseline_difference_sd,0.09938079899999065,5,1,0.00865979497210935,5.375539170093535e-4,0.019092238420228246,0.08587000770999999,0.0270807766296593,0.008507665939255447,0.005360868354441692,0.0015542240054750678,1.0043180988321014,728.0188867826879,0,0,0,0,0,0,0.8507572683723004
X4,two_pop,time_trend_mean,-0.08998628257887518,5,1,0.006240765827180186,0.012303462042775187,0.014747423615107199,0.06523807431999999,0.020261548645203506,0.006680930795437892,0.005122380261183055,0.0015155121916096293,1.0043180988321014,728.0188867826879,0,0,0,0,0,0,0.8507572683723004
X4,two_pop,time_trend_sd,0.045528614603915496,5,0.8,0.011985707555754503,0.009278805412584502,0.016296991782091326,0.058342241919999996,0.01843259940273944,0.005521203571991382,0.0024364916830233907,8.806967580870395e-4,1.0043180988321014,728.0188867826879,0,0,0,0,0,0,0.8507572683723004
X4,two_pop,treatment_effect_mean,-0.3374485596707819,5,0.6,0.023853120020781902,0.016993535285781902,0.026996474061217423,0.051722591400000004,0.01577644691388834,0.006321358181043032,0.0036930465430777583,0.001014560029676607,1.0043180988321014,728.0188867826879,0,0,0,0,0,0,0.8507572683723004
X4,two_pop,treatment_effect_sd,0.07626392697027408,5,0.8,-0.0055150494887740795,-0.008147741265774083,0.014882678380192173,0.041103890899999995,0.012668791061738257,0.006911554544829482,0.001717234927684786,5.571637406758751e-4,1.0043180988321014,728.0188867826879,0,0,0,0,0,0,0.8507572683723004
X4,zero_mean,baseline_difference_sd,0.09938079899999065,5,0.4,-0.019912307526990657,-0.025991332982990653,0.023791717619358662,0.043773151669999996,0.013565373997422197,0.006510488388551444,0.0025712114688161082,7.88781769205579e-4,1.0191842920838436,340.9365894423376,0,0,0,0,0,0,0.7303216102207012
X4,zero_mean,time_trend_mean,-0.08998628257887518,5,1,0.008276193273800182,0.01299705539027518,0.016538564383650492,0.06696248057,0.020515692635286527,0.007159412279769497,0.004948787643361475,0.0014451825957787936,1.0191842920838436,340.9365894423376,0,0,0,0,0,0,0.7303216102207012
X4,zero_mean,time_trend_sd,0.045528614603915496,5,0.8,0.012277215787684504,0.006221777410084506,0.016583347787733342,0.05805840085999999,0.020670157116894954,0.005573988615694121,0.002066267888222975,0.0019289319454052012,1.0191842920838436,340.9365894423376,0,0,0,0,0,0,0.7303216102207012
X4,zero_mean,treatment_effect_mean,-0.3374485596707819,5,0.8,0.014128940629781928,0.007294147940781925,0.020762965435537312,0.05837351409999998,0.017958510237979782,0.007607131035374218,0.0044945660127935555,0.0014184707444689858,1.0191842920838436,340.9365894423376,0,0,0,0,0,0,0.7303216102207012
X4,zero_mean,treatment_effect_sd,0.07626392697027408,5,0.8,-0.01089628259013408,-0.014939465694774078,0.020326931230990275,0.04675191817,0.014543583865853863,0.00857984788596728,0.002379422762985513,7.495642263684065e-4,1.0191842920838436,340.9365894423376,0,0,0,0,0,0,0.7303216102207012
X5,fixed_zero,baseline_difference_sd,0.18324913891634048,5,1,0.02409630877465952,0.01858240687865953,0.027583853440204288,0.1546619993,0.048990529847165266,0.0067126163685804485,0.004136191787039848,0.0017420689452011012,1.015454030234734,334.3974524109642,0,0,0,0,0,0,0.8135294468059953
X5,fixed_zero,time_trend_mean,-0.08998628257887518,5,0.8,0.013835109979805183,0.01774189570336518,0.022607449011307987,0.06477050494,0.020409141924602428,0.008939889298050415,0.011055353209268566,0.0036889723401652324,1.015454030234734,334.3974524109642,0,0,0,0,0,0,0.8135294468059953
X5,fixed_zero,time_trend_sd,0.045528614603915496,5,0.8,0.008463095488979505,0.005729637592084502,0.021569484065925397,0.05828087592999999,0.018477958420581683,0.009919912519959844,0.009220994821755233,0.003110767655800416,1.015454030234734,334.3974524109642,0,0,0,0,0,0,0.8135294468059953
X5,fixed_zero,treatment_effect_mean,-0.3374485596707819,5,0.8,0.020596039242781906,0.022556539765781924,0.024484007449071945,0.05450110640000001,0.016407663152825575,0.006619474833323228,0.004568008346182782,0.0013008748565951915,1.015454030234734,334.3974524109642,0,0,0,0,0,0,0.8135294468059953
X5,fixed_zero,treatment_effect_sd,0.07626392697027408,5,0.8,0.0011533001764259172,-0.006413966626774084,0.013601243198714096,0.04109561346999999,0.012685938428182128,0.0067761293385977805,0.0030734977521036373,9.490321778362082e-4,1.015454030234734,334.3974524109642,0,0,0,0,0,0,0.8135294468059953
X5,shared,baseline_difference_mean,0,5,0.8,0.03075999439606166,0.01625637175786,0.0507804365491316,0.08833945118999999,0.02694931597930726,0.020201952138807253,0.001689285027764589,5.271234973501662e-4,1.0058379831976894,503.2705828514752,0,0,0,0,0,0,0.7847303689392452
X5,shared,baseline_difference_sd,0.18324913891634048,5,0.2,-0.054760396918340476,-0.051478614424340485,0.05739798109579836,0.06224348055999999,0.019448950033741096,0.008599813416863084,0.002836713696262987,8.625477853179283e-4,1.0058379831976894,503.2705828514752,0,0,0,0,0,0,0.7847303689392452
X5,shared,time_trend_mean,-0.08998628257887518,5,0.8,0.013787493470620285,0.01880356883746369,0.022864594193140537,0.06398454631999999,0.019632451105688727,0.009119960134433138,0.008580057629053058,0.0025082943435557254,1.0058379831976894,503.2705828514752,0,0,0,0,0,0,0.7847303689392452
X5,shared,time_trend_sd,0.045528614603915496,5,0.8,0.008298126994674504,0.005973232739084504,0.01961580746023255,0.057963649199999995,0.018521564449160737,0.008887083192718087,0.0061530047987961,0.0018947703817717445,1.0058379831976894,503.2705828514752,0,0,0,0,0,0,0.7847303689392452
X5,shared,treatment_effect_mean,-0.3374485596707819,5,0.8,-0.006821128638218099,-0.004834616329218111,0.030355623297072032,0.080929222,0.024800979117082785,0.014789659139535833,0.0022316688091219197,7.582135700691899e-4,1.0058379831976894,503.2705828514752,0,0,0,0,0,0,0.7847303689392452
X5,shared,treatment_effect_sd,0.07626392697027408,5,1,0.0037898373920259216,0.004686722416725922,0.009415767960423859,0.05571686016,0.01741374277747277,0.004309693110493676,0.0012610461464719423,3.6265637484900475e-4,1.0058379831976894,503.2705828514752,0,0,0,0,0,0,0.7847303689392452
X5,two_pop,baseline_difference_sd,0.18324913891634048,5,1,0.025152737305659516,0.02203712402865951,0.02838693640357336,0.15892355849999995,0.050768098550635035,0.006579474986900598,0.004732368002807451,0.001963037287302989,1.005433383441018,454.43996887871805,0,0,0,0,0,0,0.806688247436782
X5,two_pop,time_trend_mean,-0.08998628257887518,5,0.8,0.014509232564216185,0.018277400144590186,0.02327357744366143,0.06727546576999999,0.020637013926920116,0.009098647941089855,0.010795019329810477,0.003391046189912352,1.005433383441018,454.43996887871805,0,0,0,0,0,0,0.806688247436782
X5,two_pop,time_trend_sd,0.045528614603915496,5,0.8,0.008801123734384502,0.005778090030084504,0.021478142477841546,0.05790676246999999,0.018303580935517923,0.009796055651517544,0.008360459495569031,0.0026919750941972083,1.005433383441018,454.43996887871805,0,0,0,0,0,0,0.806688247436782
X5,two_pop,treatment_effect_mean,-0.3374485596707819,5,0.8,0.019741789989781912,0.021584262635781892,0.02362692910340719,0.054768568700000006,0.016544835293581053,0.006490252438402847,0.003972862978814337,0.0012238372531099566,1.005433383441018,454.43996887871805,0,0,0,0,0,0,0.806688247436782
X5,two_pop,treatment_effect_sd,0.07626392697027408,5,0.8,9.018315897259211e-4,-0.007051004212774076,0.013747873078750477,0.04280827337,0.01329186981698865,0.006859131030480548,0.0030781936961816808,9.863272835030413e-4,1.005433383441018,454.43996887871805,0,0,0,0,0,0,0.806688247436782
X5,zero_mean,baseline_difference_sd,0.18324913891634048,5,0.2,-0.04610662379354048,-0.046820256996840476,0.04668484916728076,0.06570701319999998,0.020241090175097263,0.003662457649334726,0.002108218465665366,7.113658803443758e-4,1.0058728948649591,430.5378977798495,0,0.2,1,0.2,0,0,0.793543924944412
X5,zero_mean,time_trend_mean,-0.08998628257887518,5,0.8,0.016804307897527484,0.01879970857908668,0.02458002470639319,0.06911043958999999,0.021479708473048167,0.00896929276269867,0.011195756662102686,0.00368464814942002,1.0058728948649591,430.5378977798495,0,0.2,1,0.2,0,0,0.793543924944412
X5,zero_mean,time_trend_sd,0.045528614603915496,5,0.8,0.010523581909553803,0.006400495205584507,0.022819754134742503,0.06334705844999998,0.02069310138200888,0.010124171602691863,0.00907936746669951,0.003663150273138818,1.0058728948649591,430.5378977798495,0,0.2,1,0.2,0,0,0.793543924944412
X5,zero_mean,treatment_effect_mean,-0.3374485596707819,5,1,0.004839621549781925,4.426897707819344e-4,0.016371653733498148,0.076004158,0.02314111522443163,0.00781999215511835,0.0036169138687687685,0.0011271453184225667,1.0058728948649591,430.5378977798495,0,0.2,1,0.2,0,0,0.793543924944412
X5,zero_mean,treatment_effect_sd,0.07626392697027408,5,1,0.006737007179425919,0.007486292934225924,0.012469302005596504,0.057465004070000006,0.018019779383490062,0.005246337455099905,0.003006986446327779,0.0010462908721909333,1.0058728948649591,430.5378977798495,0,0.2,1,0.2,0,0,0.793543924944412
X6,fixed_zero,baseline_difference_sd,0.27034500134658757,5,1,0.015119153139412433,0.00332335604341244,0.03365810875401009,0.20412186119999995,0.06448112039702653,0.015035620150527262,0.010845261092471636,0.003237624708649385,1.0116997854965097,200.97875793380118,0,1.8,9,0.2,0,0,0.7470961885888682
X6,fixed_zero,time_trend_mean,-0.08998628257887518,5,1,0.011779759254357005,0.0026086694653751907,0.02262741496635373,0.08497032287899998,0.0276723741633655,0.009659673648329937,0.00677574036472974,0.0028750278066236538,1.0116997854965097,200.97875793380118,0,1.8,9,0.2,0,0,0.7470961885888682
X6,fixed_zero,time_trend_sd,0.045528614603915496,5,0.6,0.030430297419284505,0.024121371922584497,0.032947143011081745,0.08228048439999999,0.028745114636063794,0.006314887797232815,0.009914822031536758,0.0042007023139499925,1.0116997854965097,200.97875793380118,0,1.8,9,0.2,0,0,0.7470961885888682
X6,fixed_zero,treatment_effect_mean,-0.3374485596707819,5,0.8,0.011361104053781912,0.012294069890781911,0.01737568150598371,0.05364482839999999,0.016457348592264824,0.006573424192848895,0.0015716207814992127,4.870246998863248e-4,1.0116997854965097,200.97875793380118,0,1.8,9,0.2,0,0,0.7470961885888682
X6,fixed_zero,treatment_effect_sd,0.07626392697027408,5,1,-0.005601958868074078,-0.005901863155774081,0.007895240490713789,0.043845843190000004,0.01357323747398073,0.0027817655925065237,0.002176065055079493,6.607352578234921e-4,1.0116997854965097,200.97875793380118,0,1.8,9,0.2,0,0,0.7470961885888682
X6,shared,baseline_difference_mean,0,5,0.8,0.02278765563687223,0.0205018035483295,0.032168179423053604,0.09532468032,0.02949385414895921,0.011352472395574175,0.0028731317595084085,0.0010969254238041883,1.1625580242753875,13.03152661319369,0.2,46.6,228,0.6,0.2,0,0.22972028757681434
X6,shared,baseline_difference_sd,0.27034500134658757,5,0,-0.09094427730358756,-0.09514475727658755,0.0926112723625204,0.0815803828,0.024998491783598403,0.008746230535680827,0.003909576969371852,0.001303639479300204,1.1625580242753875,13.03152661319369,0.2,46.6,228,0.6,0.2,0,0.22972028757681434
X6,shared,time_trend_mean,-0.08998628257887518,5,1,0.012911072584831785,0.009553307404925188,0.023827516979821616,0.077347751141,0.023670610761289054,0.010013175946383002,0.003385683674286998,9.89685517051154e-4,1.1625580242753875,13.03152661319369,0.2,46.6,228,0.6,0.2,0,0.22972028757681434
X6,shared,time_trend_sd,0.045528614603915496,5,0.6,0.024015858781884503,0.021446512023084507,0.02511322197443674,0.06571171284999999,0.02142002206293928,0.0036712547210018486,0.0033741314223362964,0.001031675440791253,1.1625580242753875,13.03152661319369,0.2,46.6,228,0.6,0.2,0,0.22972028757681434
X6,shared,treatment_effect_mean,-0.3374485596707819,5,0.6,-0.011331503587218095,-0.023955484554218087,0.026771386067662512,0.06421985669999994,0.019939016455175727,0.012127490862052812,0.003922801235670107,0.0010966137656606403,1.1625580242753875,13.03152661319369,0.2,46.6,228,0.6,0.2,0,0.22972028757681434
X6,shared,treatment_effect_sd,0.07626392697027408,5,0.8,-0.02202663823626408,-0.02349959275077408,0.026045921309071473,0.057132687530000004,0.01778989116820626,0.006950129942078288,0.0017571781231113758,4.53969969877271e-4,1.1625580242753875,13.03152661319369,0.2,46.6,228,0.6,0.2,0,0.22972028757681434
X6,two_pop,baseline_difference_sd,0.27034500134658757,5,1,0.014762002470412433,0.004465483898412448,0.033198546187119864,0.21015301539999998,0.06688567257307995,0.014867975248851707,0.00992278593618571,0.0030078705930113407,1.00742088158046,239.60126016943025,0,0,0,0,0,0,0.7078531707990181
X6,two_pop,time_trend_mean,-0.08998628257887518,5,1,0.010873171059156986,0.00412442319287519,0.022471281564342648,0.083417453405,0.0258533634224727,0.009832759610890992,0.007073206503761529,0.0022247960346495708,1.00742088158046,239.60126016943025,0,0,0,0,0,0,0.7078531707990181
X6,two_pop,time_trend_sd,0.045528614603915496,5,0.6,0.028057360132184506,0.019425121332584505,0.030573515449418096,0.07793573109999999,0.024453031117414526,0.00607298092679185,0.008214866781968333,0.0025501409578304645,1.00742088158046,239.60126016943025,0,0,0,0,0,0,0.7078531707990181
X6,two_pop,treatment_effect_mean,-0.3374485596707819,5,1,0.011620996414781915,0.013237672625781904,0.017520438039259015,0.05352199509999998,0.016376200621521245,0.0065558788772967,0.0017017010927325206,5.466440933126493e-4,1.00742088158046,239.60126016943025,0,0,0,0,0,0,0.7078531707990181
X6,two_pop,treatment_effect_sd,0.07626392697027408,5,1,-0.00678286775684408,-0.00702225557227408,0.008859587000205256,0.04533639531999999,0.013874198510022426,0.002849780114647923,0.0023019118365944042,7.230181331835905e-4,1.00742088158046,239.60126016943025,0,0,0,0,0,0,0.7078531707990181
X6,zero_mean,baseline_difference_sd,0.27034500134658757,5,0,-0.09016056422968757,-0.09563884758658756,0.09203102713306685,0.080579893,0.024886174940409584,0.009230149144944381,0.004654937612537966,0.0014006281236887013,1.0991031479006996,17.625338858821898,0.2,49.2,245,0.4,0.2,0,0.2893681470843692
X6,zero_mean,time_trend_mean,-0.08998628257887518,5,1,0.014421092617411185,0.010576734473825178,0.023045966458855052,0.07777073210999999,0.024296415255484455,0.008988168024446372,0.0035326796021779494,0.0013023286046879284,1.0991031479006996,17.625338858821898,0.2,49.2,245,0.4,0.2,0,0.2893681470843692
X6,zero_mean,time_trend_sd,0.045528614603915496,5,0.6,0.0233655604659845,0.018300848117084503,0.024702695524019345,0.06504203512999998,0.020884126023735974,0.004008545567373143,0.003491571876692211,0.001120074854222224,1.0991031479006996,17.625338858821898,0.2,49.2,245,0.4,0.2,0,0.2893681470843692
X6,zero_mean,treatment_effect_mean,-0.3374485596707819,5,0.8,-0.007300907020218073,-0.013799159694218077,0.022606064444528378,0.061007645099999994,0.01890491851429594,0.01069732333754922,0.0034929811170474868,9.895973762754492e-4,1.0991031479006996,17.625338858821898,0.2,49.2,245,0.4,0.2,0,0.2893681470843692
X6,zero_mean,treatment_effect_sd,0.07626392697027408,5,0.8,-0.02287324877054408,-0.02261448714127408,0.02706702112783572,0.056215513089999995,0.017690879537693757,0.007235988588567374,0.0014982711313580564,4.272395989086735e-4,1.0991031479006996,17.625338858821898,0.2,49.2,245,0.4,0.2,0,0.2893681470843692
X7,kappa_0.5,baseline_difference_sd,0,5,0,0.027552375374638758,0.028919451311925,0.028211402485757934,0.043505746202,0.013724253932252094,0.0030310823738570972,0.002152658671564053,5.077667909876065e-4,1.0037533977190187,531.1105958294346,0,0,0,0,0,0,0.8210225565298009
X7,kappa_0.5,time_trend_mean,-0.08998628257887518,5,1,-0.0019359005264748153,-0.006907671698624815,0.012670766287080405,0.05220152537999999,0.016145922407217444,0.006261002464729748,0.00590958697778756,0.0018518548609515841,1.0037533977190187,531.1105958294346,0,0,0,0,0,0,0.8210225565298009
X7,kappa_0.5,time_trend_sd,0.045528614603915496,5,0.8,-0.0019320166579564952,7.44476615084505e-4,0.014041234619628872,0.048426815497999987,0.015510469548219337,0.006953840328855037,0.0028537142463158963,0.001199832801111907,1.0037533977190187,531.1105958294346,0,0,0,0,0,0,0.8210225565298009
X7,kappa_0.5,treatment_effect_mean,-0.3374485596707819,5,0.6,0.028041925775781917,0.021408928160781937,0.03056459810655819,0.049781630199999996,0.01528725447429927,0.006079577621039112,0.0025198408650277744,8.031884528949437e-4,1.0037533977190187,531.1105958294346,0,0,0,0,0,0,0.8210225565298009
X7,kappa_0.5,treatment_effect_sd,0.07626392697027408,5,0.8,-0.004737877763174083,-0.0014210480737740783,0.010628471231929913,0.0391713542,0.012157699758817133,0.00475701889393931,0.0020188509868821593,6.756425594079462e-4,1.0037533977190187,531.1105958294346,0,0,0,0,0,0,0.8210225565298009
X7,kappa_1,baseline_difference_sd,0,5,0,0.026753441890141498,0.02756637771864,0.027437335286008908,0.045115210894999994,0.014002731919532987,0.0030438755981351913,0.0023332604371261163,6.069068037722842e-4,1.0061256096463367,629.8233996253095,0,0.2,1,0.2,0,0,0.7892852576205719
X7,kappa_1,time_trend_mean,-0.08998628257887518,5,1,-0.0017529157003848134,-0.006966205259624811,0.012364501149287416,0.052902656879999996,0.01652336852334784,0.006119807497341608,0.005500416240505597,0.0018884456975162408,1.0061256096463367,629.8233996253095,0,0.2,1,0.2,0,0,0.7892852576205719
X7,kappa_1,time_trend_sd,0.045528614603915496,5,0.8,-0.002234906678607776,-3.2021375711549505e-4,0.013795626239101591,0.048092893166,0.01524992002360411,0.006806696986551236,0.0029825022137156642,9.432297477954417e-4,1.0061256096463367,629.8233996253095,0,0.2,1,0.2,0,0,0.7892852576205719
X7,kappa_1,treatment_effect_mean,-0.3374485596707819,5,0.6,0.027683681303781904,0.0205007474757819,0.030062763515209107,0.05020368309999997,0.015328257924929438,0.005860536230628219,0.003036407918954221,8.981496939282496e-4,1.0061256096463367,629.8233996253095,0,0.2,1,0.2,0,0,0.7892852576205719
X7,kappa_1,treatment_effect_sd,0.07626392697027408,5,0.8,-0.007597028753774079,-0.005040506198774081,0.012640874728191668,0.04102338094,0.012693875637816446,0.005051654877566475,0.00172358067704802,4.94085966980048e-4,1.0061256096463367,629.8233996253095,0,0.2,1,0.2,0,0,0.7892852576205719
X7,kappa_2,baseline_difference_sd,0,5,0,0.026983082197317487,0.02863147980867455,0.027629762689379632,0.044978876598999996,0.013756455708249182,0.00297140797452331,0.0023953837777330907,5.984023271878737e-4,1.0059897471832018,463.19094764790214,0,0,0,0,0,0,0.7547968208210939
X7,kappa_2,time_trend_mean,-0.08998628257887518,5,1,-2.920338887148155e-4,-0.005218970911124818,0.012887274074174558,0.05449030401,0.01666335500768053,0.00644198240588124,0.006774451583417236,0.0019922522975420916,1.0059897471832018,463.19094764790214,0,0,0,0,0,0,0.7547968208210939
X7,kappa_2,time_trend_sd,0.045528614603915496,5,0.8,-0.0020481235073880654,7.896014525845055e-4,0.014156100990738059,0.05006051309799999,0.015514139396314384,0.007003577395846702,0.003915382999862242,0.0011305714310932663,1.0059897471832018,463.19094764790214,0,0,0,0,0,0,0.7547968208210939
X7,kappa_2,treatment_effect_mean,-0.3374485596707819,5,0.6,0.025400963024781908,0.02144560677078189,0.02792999433708112,0.05736942579999997,0.017216883970465773,0.005806799055483272,0.0030115871297435536,8.273208687680395e-4,1.0059897471832018,463.19094764790214,0,0,0,0,0,0,0.7547968208210939
X7,kappa_2,treatment_effect_sd,0.07626392697027408,5,0.8,-0.009243423719634079,-0.006517142157774075,0.013872919586347641,0.04593299516,0.014163109157446537,0.005172451444638559,0.0015597705865435165,4.5983540819839297e-4,1.0059897471832018,463.19094764790214,0,0,0,0,0,0,0.7547968208210939
X7,kappa_unanchored,baseline_difference_sd,0,5,0,0.0269259579053407,0.028077038938787,0.027625486523988486,0.04507021871699999,0.013959007348433472,0.003088701044407265,0.0024759036333076236,6.248695991420482e-4,1.003456606846569,688.2451496250237,0,0,0,0,0,0,0.7476928161310666
X7,kappa_unanchored,kappa,0,5,0,0.36180779107037997,0.362720074935875,0.3622927966006024,0.84233151807,0.26730557320482023,0.009370069229436147,0.01365553130378708,0.004519432569239684,1.003456606846569,688.2451496250237,0,0,0,0,0,0,0.7476928161310666
X7,kappa_unanchored,time_trend_mean,-0.08998628257887518,5,1,-0.002198469594312613,-0.006792290583124819,0.012791934404388361,0.05363447466,0.016626328330260745,0.006300799894637535,0.005771515908306294,0.001799135760999112,1.003456606846569,688.2451496250237,0,0,0,0,0,0,0.7476928161310666
X7,kappa_unanchored,time_trend_sd,0.045528614603915496,5,0.8,-0.0021212978345844964,7.932865115845011e-4,0.013774868236637969,0.049760449336,0.015755595484858876,0.006805275351404319,0.0026819708777466944,8.485197944180357e-4,1.003456606846569,688.2451496250237,0,0,0,0,0,0,0.7476928161310666
X7,kappa_unanchored,treatment_effect_mean,-0.3374485596707819,5,0.6,0.028436013871781907,0.020940179895781896,0.03077846797189772,0.05091478510000004,0.01544378302765767,0.005888701167935095,0.002781829458705194,8.49574609763094e-4,1.003456606846569,688.2451496250237,0,0,0,0,0,0,0.7476928161310666
X7,kappa_unanchored,treatment_effect_sd,0.07626392697027408,5,0.8,-0.00493396605027408,-0.0022097386557740767,0.010563785233962295,0.03933440428999999,0.012218592896933313,0.0046703730440946205,0.0017893734394566288,5.850016306397679e-4,1.003456606846569,688.2451496250237,0,0,0,0,0,0,0.7476928161310666
X8,kappa_0.5,baseline_difference_sd,0,5,0,0.03362116446274123,0.02955374309176645,0.0349477053552902,0.046754490100999996,0.014365699561961499,0.004768632135358253,0.002344861640273346,7.185524652814065e-4,1.0064602470206383,549.6028268599873,0,0,0,0,0,0,0.8147473116981135
X8,kappa_0.5,time_trend_mean,-0.08998628257887518,5,0.8,0.009263552540822185,0.0027934640318751786,0.020746156407013286,0.062065088289999994,0.018826082343440218,0.009281562368315007,0.009285340940913381,0.0028231654332999466,1.0064602470206383,549.6028268599873,0,0,0,0,0,0,0.8147473116981135
X8,kappa_0.5,time_trend_sd,0.045528614603915496,5,0.6,0.0064355039209977,0.013811221618584502,0.021121534427394326,0.057850146719,0.01842254816319476,0.010058621996208364,0.006039889150272958,0.0019562729260001726,1.0064602470206383,549.6028268599873,0,0,0,0,0,0,0.8147473116981135
X8,kappa_0.5,treatment_effect_mean,-0.3374485596707819,5,0,0.046359599826781915,0.04659915203578191,0.04744169513809876,0.06193893140000001,0.01886104319772545,0.005037408596613587,0.002086170391894398,6.654705982379933e-4,1.0064602470206383,549.6028268599873,0,0,0,0,0,0,0.8147473116981135
X8,kappa_0.5,treatment_effect_sd,0.07626392697027408,5,0.6,0.015747087919825924,0.017205457024725923,0.017978868667221412,0.047958651070000004,0.014764349712176321,0.004337883717853337,0.0020183331312396964,6.050494203371033e-4,1.0064602470206383,549.6028268599873,0,0,0,0,0,0,0.8147473116981135
X8,kappa_1,baseline_difference_sd,0,5,0,0.033337179550083,0.030299783114925,0.03462895747788156,0.04612940059099999,0.014702672294149573,0.004685006820978416,0.001638172620245888,6.087000010186523e-4,1.0084284226391451,575.0151171580031,0,0,0,0,0,0,0.8301741391213047
X8,kappa_1,time_trend_mean,-0.08998628257887518,5,0.8,0.009502265214163287,0.00517339735972519,0.021096790984255005,0.05985597091999999,0.01860409413293082,0.009417822806161805,0.008257145416338547,0.0025804349139221293,1.0084284226391451,575.0151171580031,0,0,0,0,0,0,0.8301741391213047
X8,kappa_1,time_trend_sd,0.045528614603915496,5,0.6,0.005890500057474703,0.013109900617584505,0.02049475933980799,0.05632891312,0.017996542928224973,0.009815003431858,0.005660625347056729,0.0017365904391819602,1.0084284226391451,575.0151171580031,0,0,0,0,0,0,0.8301741391213047
X8,kappa_1,treatment_effect_mean,-0.3374485596707819,5,0,0.04481297962378191,0.0453440486857819,0.04600483086713,0.060713039600000004,0.018474668623396157,0.005201954448852482,0.0025703379471181185,7.585315103920642e-4,1.0084284226391451,575.0151171580031,0,0,0,0,0,0,0.8301741391213047
X8,kappa_1,treatment_effect_sd,0.07626392697027408,5,1,0.012493996928125925,0.012948942072225925,0.015366659887970402,0.05017226057999999,0.015464523758223003,0.00447309392011107,0.0014707481871180277,4.40256586228867e-4,1.0084284226391451,575.0151171580031,0,0,0,0,0,0,0.8301741391213047
X8,kappa_2,baseline_difference_sd,0,5,0,0.0335494695602885,0.03145728862858,0.03476416661245099,0.04675135121699999,0.014379040158462255,0.004554678157716737,0.0014785172137829602,4.7790644366418276e-4,1.005438743169751,685.2005917053574,0,0.2,1,0.2,0,0,0.8238126970568781
X8,kappa_2,time_trend_mean,-0.08998628257887518,5,0.8,0.011033043800035185,0.00605998601287519,0.020902373065021074,0.06082340778,0.019044546786476515,0.0088766708885682985,0.009132898650741676,0.0028923183669766414,1.005438743169751,685.2005917053574,0,0.2,1,0.2,0,0,0.8238126970568781
X8,kappa_2,time_trend_sd,0.045528614603915496,5,0.6,0.006016688692388902,0.013441881460084501,0.020887025166727982,0.054777864489999994,0.017581610940839792,0.010000840933321651,0.005377826337371255,0.0018914171976365532,1.005438743169751,685.2005917053574,0,0.2,1,0.2,0,0,0.8238126970568781
X8,kappa_2,treatment_effect_mean,-0.3374485596707819,5,0.2,0.04010898893978192,0.038690761815781904,0.0412594170125455,0.06260434010000002,0.019307822421637616,0.004837574248618321,0.002921749214959136,8.619634858243087e-4,1.005438743169751,685.2005917053574,0,0.2,1,0.2,0,0,0.8238126970568781
X8,kappa_2,treatment_effect_sd,0.07626392697027408,5,1,0.005084792514625921,8.366341327259164e-4,0.011488024659416392,0.05307499113,0.016297922923740205,0.005150718291135795,0.0012269759911381268,4.23108268844665e-4,1.005438743169751,685.2005917053574,0,0.2,1,0.2,0,0,0.8238126970568781
X8,kappa_unanchored,baseline_difference_sd,0,5,0,0.03336786379318792,0.030198431967115,0.03465611487003531,0.04589949571199999,0.014198730440910863,0.004680597284651312,0.0014131901876721653,6.104253745061683e-4,1.0063437007071339,632.1686778403883,0,0,0,0,0,0,0.8132417615613446
X8,kappa_unanchored,kappa,0,5,0,0.3986807922296794,0.389108791731588,0.3990312622905979,0.94851718391,0.30118996729311837,0.00836023612619726,0.021150718049829466,0.006268953153130242,1.0063437007071339,632.1686778403883,0,0,0,0,0,0,0.8132417615613446
X8,kappa_unanchored,time_trend_mean,-0.08998628257887518,5,0.8,0.009575959555911187,0.004177645579275191,0.02080813870119926,0.06100615303999999,0.01883391119154739,0.009236877648749867,0.009025932723070671,0.0027892431110558284,1.0063437007071339,632.1686778403883,0,0,0,0,0,0,0.8132417615613446
X8,kappa_unanchored,time_trend_sd,0.045528614603915496,5,0.6,0.006409982520922203,0.014222912066584506,0.02117920116674587,0.055869638879999996,0.017774764372906666,0.010092951577003644,0.005871288238367031,0.001967886399725437,1.0063437007071339,632.1686778403883,0,0,0,0,0,0,0.8132417615613446
X8,kappa_unanchored,treatment_effect_mean,-0.3374485596707819,5,0,0.04598612317878191,0.045204227905781935,0.04698805030697224,0.0613408511,0.01890799157477646,0.004825799069492308,0.0018291304189624038,5.544719707174758e-4,1.0063437007071339,632.1686778403883,0,0,0,0,0,0,0.8132417615613446
X8,kappa_unanchored,treatment_effect_sd,0.07626392697027408,5,0.6,0.01619873536012592,0.016941865218725927,0.018468007555436233,0.04889664230999999,0.01498099412708739,0.004434756921192409,0.0022521990953634427,6.056369867509002e-4,1.0063437007071339,632.1686778403883,0,0,0,0,0,0,0.8132417615613446
X9,kappa_0.5,baseline_difference_sd,0,5,0,0.0446720366603158,0.0446319058655,0.046533448201885576,0.051206461929999995,0.016100615429834004,0.006514808941499529,0.0030864458471996266,0.0010871505967497222,1.0077901757957073,584.4024564854993,0,0,0,0,0,0,0.8769239860587023
X9,kappa_0.5,time_trend_mean,-0.08998628257887518,5,0.8,-2.72408905273136e-5,0.002635769770275187,0.019923580878881783,0.06639639372999999,0.020768022364694744,0.009961781128031609,0.005211728666473854,0.0015439131107960516,1.0077901757957073,584.4024564854993,0,0,0,0,0,0,0.8769239860587023
X9,kappa_0.5,time_trend_sd,0.045528614603915496,5,1,0.010166671313054505,0.015246129309084505,0.014123051824213376,0.058532223779999996,0.019196540528443082,0.004901514746528142,0.0032053673312054227,0.0010918686995054884,1.0077901757957073,584.4024564854993,0,0,0,0,0,0,0.8769239860587023
X9,kappa_0.5,treatment_effect_mean,-0.3374485596707819,5,0,0.06619600069678191,0.07271104323078192,0.0668837404034875,0.059718390199999985,0.018255918614261124,0.004783414630594888,0.003582847241530515,0.0011154083996848625,1.0077901757957073,584.4024564854993,0,0,0,0,0,0,0.8769239860587023
X9,kappa_0.5,treatment_effect_sd,0.07626392697027408,5,0.8,0.01234775079332592,0.01784329780722592,0.019433065550191326,0.04566677322999999,0.014140522886579444,0.007502950869890326,0.00296591964507235,9.475252186851653e-4,1.0077901757957073,584.4024564854993,0,0,0,0,0,0,0.8769239860587023
X9,kappa_1,baseline_difference_sd,0,5,0,0.0442645299042874,0.0441894042381,0.04606081949938095,0.049835499283,0.015830290234166988,0.0063688791264043965,0.002736002288874639,9.711105836142603e-4,1.004803976062509,615.7206988575575,0,0,0,0,0,0,0.7797842895956121
X9,kappa_1,time_trend_mean,-0.08998628257887518,5,0.8,4.332314182391828e-4,0.001600656292780181,0.020247954300097803,0.06570901501,0.02035334740020947,0.010121659496805595,0.005457138170118225,0.0016691447826246812,1.004803976062509,615.7206988575575,0,0,0,0,0,0,0.7797842895956121
X9,kappa_1,time_trend_sd,0.045528614603915496,5,1,0.010352538241504505,0.016023716020084504,0.01443900240644321,0.06030485203999999,0.019303661753112926,0.005032637043624833,0.0039512511262858475,0.001175632815608425,1.004803976062509,615.7206988575575,0,0,0,0,0,0,0.7797842895956121
X9,kappa_1,treatment_effect_mean,-0.3374485596707819,5,0,0.0636006747667819,0.06920892741078188,0.064293330552565,0.0600486154,0.018353222798372665,0.004706020685022056,0.004184422128476472,0.001193140548538851,1.004803976062509,615.7206988575575,0,0,0,0,0,0,0.7797842895956121
X9,kappa_1,treatment_effect_sd,0.07626392697027408,5,0.8,0.00910614830942592,0.014346845172725928,0.01690322725346413,0.04797317444,0.014694310621255145,0.007120343294901448,0.002517195244592007,8.370465060217702e-4,1.004803976062509,615.7206988575575,0,0,0,0,0,0,0.7797842895956121
X9,kappa_2,baseline_difference_sd,0,5,0,0.044188858408116,0.04410019838895,0.04587740156374419,0.049518760361999994,0.015465410913994023,0.006166051549178645,0.002543078883377844,9.632528461264285e-4,1.0037075832814795,626.3948781263789,0,0.2,1,0.2,0,0,0.8301655908391689
X9,kappa_2,time_trend_mean,-0.08998628257887518,5,0.8,0.0022368169748331833,0.004440446351740179,0.019918219450209045,0.06775453091999999,0.020753570199720173,0.009896111810804586,0.003644847406106614,0.0012105276038318073,1.0037075832814795,626.3948781263789,0,0.2,1,0.2,0,0,0.8301655908391689
X9,kappa_2,time_trend_sd,0.045528614603915496,5,1,0.010616928253634503,0.015590003222584504,0.014478599827263417,0.060011975479999986,0.019144888570678014,0.004922161299043583,0.0024506527219052402,8.316031947846209e-4,1.0037075832814795,626.3948781263789,0,0.2,1,0.2,0,0,0.8301655908391689
X9,kappa_2,treatment_effect_mean,-0.3374485596707819,5,0,0.05392306679878191,0.05882172166578192,0.05482312831330787,0.06263323970000001,0.019318118628030182,0.004946672241808722,0.0031217621330747753,9.224307794683359e-4,1.0037075832814795,626.3948781263789,0,0.2,1,0.2,0,0,0.8301655908391689
X9,kappa_2,treatment_effect_sd,0.07626392697027408,5,1,4.6859674732592364e-4,-0.0023964853597740754,0.011502532425550103,0.053842998989999995,0.016539774427068932,0.005746491740384455,0.0033656832411603746,0.001032409731325444,1.0037075832814795,626.3948781263789,0,0.2,1,0.2,0,0,0.8301655908391689
X9,kappa_unanchored,baseline_difference_sd,0,5,0,0.044099230733935,0.04408417052445,0.04604280546001409,0.04999301352799999,0.01600253395690026,0.006618114975275548,0.0029734139906613367,0.0010837112521147308,1.006204899798493,651.208353500535,0,0,0,0,0,0,0.8309011480931463
X9,kappa_unanchored,kappa,0,5,0,0.3920499989985974,0.3981381901577835,0.39371151696856327,0.9292619209199999,0.29394185312797283,0.01806624531333955,0.04022605534554695,0.012383835513160711,1.006204899798493,651.208353500535,0,0,0,0,0,0,0.8309011480931463
X9,kappa_unanchored,time_trend_mean,-0.08998628257887518,5,0.8,-2.0914618016281417e-4,2.7164794707518203e-4,0.020014498444381152,0.06559566959999999,0.02036817797397301,0.010006702826798879,0.005235054220275677,0.0015812576199214386,1.006204899798493,651.208353500535,0,0,0,0,0,0,0.8309011480931463
X9,kappa_unanchored,time_trend_sd,0.045528614603915496,5,1,0.009892925173594505,0.016363142199584506,0.01392485725346253,0.060369677319999995,0.019082107011927293,0.004899787777010556,0.0035995021168744265,0.001134456049344131,1.006204899798493,651.208353500535,0,0,0,0,0,0,0.8309011480931463
X9,kappa_unanchored,treatment_effect_mean,-0.3374485596707819,5,0,0.06627721271878192,0.07196174007578193,0.0670070940757303,0.05982098409999997,0.018218268264296993,0.004931575070479575,0.004348691876335586,0.0012952182548642555,1.006204899798493,651.208353500535,0,0,0,0,0,0,0.8309011480931463
X9,kappa_unanchored,treatment_effect_sd,0.07626392697027408,5,0.8,0.012613126072225922,0.01767252212222592,0.019326893079547842,0.047063026019999996,0.014492626965717766,0.00732184824334691,0.002600826613055092,8.077930212060012e-4,1.006204899798493,651.208353500535,0,0,0,0,0,0,0.8309011480931463
